time_s,visible_count,visible_uav1,visible_uav2,visible_uav3,uav1_actual_yaw_rad,uav1_target_bearing_rad,uav1_relative_bearing_rad,uav1_fov_margin_deg,uav1_commanded_yaw_rad,uav1_commanded_yaw_dot_rad_s,uav1_vertical_angle_rad,uav1_vertical_fov_margin_deg,uav1_range_valid,uav1_static_los_clear,uav1_dynamic_los_clear,uav1_camera_fov_valid,uav1_planned_visible,uav1_planned_yaw_rad,uav1_planned_camera_fov_valid,uav1_fov_mismatch,uav2_actual_yaw_rad,uav2_target_bearing_rad,uav2_relative_bearing_rad,uav2_fov_margin_deg,uav2_commanded_yaw_rad,uav2_commanded_yaw_dot_rad_s,uav2_vertical_angle_rad,uav2_vertical_fov_margin_deg,uav2_range_valid,uav2_static_los_clear,uav2_dynamic_los_clear,uav2_camera_fov_valid,uav2_planned_visible,uav2_planned_yaw_rad,uav2_planned_camera_fov_valid,uav2_fov_mismatch,uav3_actual_yaw_rad,uav3_target_bearing_rad,uav3_relative_bearing_rad,uav3_fov_margin_deg,uav3_commanded_yaw_rad,uav3_commanded_yaw_dot_rad_s,uav3_vertical_angle_rad,uav3_vertical_fov_margin_deg,uav3_range_valid,uav3_static_los_clear,uav3_dynamic_los_clear,uav3_camera_fov_valid,uav3_planned_visible,uav3_planned_yaw_rad,uav3_planned_camera_fov_valid,uav3_fov_mismatch
0.034633,3,1,1,1,0.457734185,0.427373017,-0.027912814,40.900714,0.428599480,0.000000000,0.105057321,21.248880,1,1,1,1,1,0.428599480,1,0,-0.000000148,-0.000376515,-0.000377504,42.478371,-0.000379075,0.000000000,0.077627394,22.820499,1,1,1,1,1,-0.000379075,1,0,-0.518455481,-0.464683302,0.004079751,42.266247,-0.473108323,0.000000000,0.126362349,20.028192,1,1,1,1,1,-0.473108323,1,0
0.063437,3,1,1,1,0.476670336,0.420241873,-0.053857490,39.414193,0.421382932,-0.476145516,0.109139667,21.014979,1,1,1,1,1,0.421382932,1,0,-0.000000673,-0.003476683,-0.003487037,42.300207,-0.003499580,0.000000000,0.079534060,22.711255,1,1,1,1,1,-0.003499580,1,0,-0.518455481,-0.461668618,0.006882680,42.105651,-0.480320281,0.000000000,0.127527840,19.961414,1,1,1,1,1,-0.480320281,1,0
0.096930,3,1,1,1,0.466794861,0.413522445,-0.050805967,39.589033,0.418300872,-0.320628072,0.111048369,20.905618,1,1,1,1,1,0.418300872,1,0,-0.000089366,-0.006501705,-0.006434169,42.131349,-0.006536513,0.000000000,0.081266640,22.611986,1,1,1,1,1,-0.006536513,1,0,-0.549112707,-0.471631115,0.022919047,41.186835,-0.487161355,-0.463593220,0.144611238,18.982608,1,1,1,1,1,-0.487161355,1,0
0.130281,3,1,1,1,0.435391551,0.407190262,-0.026000175,41.010300,0.407709170,0.000000000,0.108760342,21.036713,1,1,1,1,1,0.407709170,1,0,-0.000946834,-0.009477905,-0.008565879,42.009211,-0.009510878,0.000000000,0.081733406,22.585242,1,1,1,1,1,-0.009510878,1,0,-0.560142540,-0.488038705,0.009425355,41.959967,-0.498905696,-0.465280459,0.168353902,17.622253,1,1,1,1,1,-0.498905696,1,0
0.163820,3,1,1,1,0.435391551,0.399887784,-0.033345816,40.589426,0.401042452,0.000000000,0.108835674,21.032396,1,1,1,1,1,0.401042452,1,0,-0.000946834,-0.012329680,-0.011427205,41.845269,-0.012427035,0.000000000,0.081731349,22.585360,1,1,1,1,1,-0.012427035,1,0,-0.557085957,-0.504728202,-0.015751129,41.597527,-0.507292889,-0.156437884,0.187468849,16.527047,1,1,1,1,1,-0.507292889,1,0
0.197150,3,1,1,1,0.408508047,0.393778772,-0.012849018,41.763806,0.398005872,-0.320127208,0.103696462,21.326851,1,1,1,1,1,0.398005872,1,0,-0.003235935,-0.015239506,-0.012061700,41.808915,-0.015332582,0.000000000,0.079662889,22.703874,1,1,1,1,1,-0.015332582,1,0,-0.555963032,-0.506624523,-0.019551589,41.379776,-0.518955697,-0.625196573,0.192379118,16.245710,1,1,1,1,1,-0.518955697,1,0
0.233951,3,1,1,1,0.396537131,0.387889287,-0.007014149,42.098119,0.388208151,0.000000000,0.098442655,21.627872,1,1,1,1,1,0.388208151,1,0,-0.006957889,-0.018057008,-0.011168512,41.860091,-0.018153624,0.000000000,0.075096538,22.965506,1,1,1,1,1,-0.018153624,1,0,-0.553903653,-0.528799826,-0.042721134,40.052259,-0.531233605,-0.308330401,0.206202697,15.453677,1,1,1,1,1,-0.531233605,1,0
0.263565,3,1,1,1,0.396537131,0.380928345,-0.014009121,41.697336,0.385261763,-0.316404515,0.098475122,21.626012,1,1,1,1,1,0.385261763,1,0,-0.006957889,-0.020709074,-0.013828071,41.707710,-0.020902525,0.000000000,0.075093129,22.965702,1,1,1,1,1,-0.020902525,1,0,-0.559410476,-0.552102430,-0.054060932,39.402537,-0.547799009,-0.784528602,0.213953119,15.009610,1,1,1,1,1,-0.547799009,1,0
0.296230,3,1,1,1,0.393194431,0.375334193,-0.016539037,41.552383,0.379050803,-0.314239235,0.092270589,21.981506,1,1,1,1,1,0.379050803,1,0,-0.011463575,-0.023478729,-0.012096489,41.806922,-0.023651058,0.000000000,0.068795434,23.326533,1,1,1,1,1,-0.023651058,1,0,-0.559410476,-0.548245329,-0.050244568,39.621198,-0.558870779,-0.161546051,0.214942486,14.952924,1,1,1,1,1,-0.558870779,1,0
0.330016,3,1,1,1,0.392148403,0.369806496,-0.021297945,41.279718,0.371839608,-0.358491536,0.085218323,22.385571,1,1,1,1,1,0.371839608,1,0,-0.016560160,-0.026245364,-0.009763406,41.940598,-0.026366229,0.000000000,0.060937899,23.776737,1,1,1,1,1,-0.026366229,1,0,-0.571941274,-0.574498152,-0.054303875,39.388617,-0.577979216,-0.791458390,0.220358727,14.642596,1,1,1,1,1,-0.577979216,1,0
0.364863,3,1,1,1,0.392148403,0.363074446,-0.028054818,40.892577,0.363796678,0.000000000,0.085205852,22.386285,1,1,1,1,1,0.363796678,1,0,-0.020426991,-0.028942240,-0.008586645,42.008022,-0.028987903,0.000000000,0.054229704,24.161088,1,1,1,1,1,-0.028987903,1,0,-0.585547168,-0.598818698,-0.056009226,39.290908,-0.592309617,-0.157126929,0.225035196,14.374654,1,1,1,1,1,-0.592309617,1,0
0.403458,3,1,1,1,0.389507720,0.357364568,-0.031310961,40.706014,0.358178949,0.000000000,0.079365970,22.720886,1,1,1,1,1,0.358178949,1,0,-0.020426991,-0.031400158,-0.011048178,41.866986,-0.031696942,0.000000000,0.054225753,24.161314,1,1,1,1,1,-0.031696942,1,0,-0.599418490,-0.625684963,-0.060131984,39.054691,-0.604321099,-0.634066797,0.230609655,14.055261,1,1,1,1,1,-0.604321099,1,0
0.436616,3,1,1,1,0.381628640,0.352012760,-0.028987281,40.839151,0.352259664,0.000000000,0.070968040,23.202052,1,1,1,1,1,0.352259664,1,0,-0.023670888,-0.034044630,-0.010440574,41.901799,-0.034288360,0.000000000,0.048554253,24.486267,1,1,1,1,1,-0.034288360,1,0,-0.599418490,-0.621060243,-0.055417770,39.324796,-0.627923420,-0.162951615,0.231190251,14.021995,1,1,1,1,1,-0.627923420,1,0
0.465389,3,1,1,1,0.381628640,0.345566163,-0.035450382,40.468843,0.349433359,-0.309441080,0.070929926,23.204236,1,1,1,1,1,0.349433359,1,0,-0.027327410,-0.036664971,-0.009314595,41.966313,-0.036726474,0.000000000,0.050410360,24.379920,1,1,1,1,1,-0.036726474,1,0,-0.610962233,-0.646227993,-0.061420928,38.980840,-0.639718204,-0.630156567,0.236330678,13.727471,1,1,1,1,1,-0.639718204,1,0
0.496756,3,1,1,1,0.369435415,0.340471006,-0.028501501,40.866984,0.343624407,-0.312514327,0.062472216,23.688827,1,1,1,1,1,0.343624407,1,0,-0.027327410,-0.038985559,-0.011638135,41.833184,-0.039025560,0.000000000,0.050410521,24.379911,1,1,1,1,1,-0.039025560,1,0,-0.625096399,-0.681503809,-0.072637903,38.338155,-0.665140976,0.000000000,0.241412567,13.436300,1,1,1,1,1,-0.665140976,1,0
0.531333,3,1,1,1,0.356215237,0.335385333,-0.020276556,41.338239,0.335423677,0.000000000,0.053385058,24.209483,1,1,1,1,1,0.335423677,1,0,-0.030084489,-0.041593440,-0.010388771,41.904767,-0.041167287,0.000000000,0.094650385,21.845154,1,1,1,1,1,-0.041167287,1,0,-0.625096399,-0.676264796,-0.067248879,38.646923,-0.677475252,-0.622489117,0.241688528,13.420489,1,1,1,1,1,-0.677475252,1,0
0.564328,3,1,1,1,0.356215237,0.329362659,-0.026308123,40.992656,0.335274005,-0.163111114,0.053361659,24.210823,1,1,1,1,1,0.335274005,1,0,-0.027753076,-0.043963440,-0.006992759,42.099344,-0.041543697,-0.156819210,0.219586826,14.686823,1,1,1,1,1,-0.041543697,1,0,-0.638452951,-0.711401120,-0.076238764,38.131841,-0.702967936,-1.090123383,0.240754873,13.473983,1,1,1,1,1,-0.702967936,1,0
0.599143,3,1,1,1,0.347722643,0.330445713,-0.016066678,41.579447,0.331708804,0.000000000,0.048453233,24.492055,1,1,1,1,1,0.331708804,1,0,-0.013314046,-0.043796290,0.001965543,42.387383,-0.042011402,0.000000000,0.383594321,5.289885,1,1,1,1,1,-0.042011402,1,0,-0.650981263,-0.752586284,-0.086074511,37.568294,-0.717335600,-0.463505177,0.220217114,14.650710,1,1,1,1,1,-0.717335600,1,0
0.632077,3,1,1,1,0.340066999,0.325753755,-0.011433017,41.844936,0.327549008,0.000000000,0.046777192,24.588085,1,1,1,1,1,0.327549008,1,0,-0.010902797,-0.045950693,0.000739613,42.457623,-0.042817971,0.000000000,0.400675152,4.311226,1,1,1,1,1,-0.042817971,1,0,-0.663684677,-0.779632471,-0.086381557,37.550701,-0.738749757,-0.942116026,0.192792137,16.222045,1,1,1,1,1,-0.738749757,1,0
0.663235,3,1,1,1,0.340066999,0.313404579,-0.023782001,41.137392,0.323246205,0.000000000,0.047376413,24.553753,1,1,1,1,1,0.323246205,1,0,0.004020309,-0.049481731,0.002746083,42.342661,-0.045547842,-0.316021444,0.461469363,0.827974,1,1,1,1,1,-0.045547842,1,0,-0.663684677,-0.767289492,-0.073985969,38.260916,-0.749668444,-0.157606808,0.190717321,16.340924,1,1,1,1,1,-0.749668444,1,0
0.696344,3,1,1,1,0.335689332,0.309400357,-0.021345127,41.277014,0.325415563,-0.009118331,0.048551676,24.486415,1,1,1,1,1,0.325415563,1,0,0.006784646,-0.049903632,0.001712202,42.401898,-0.045455853,-0.152350766,0.412033304,3.660452,1,1,1,1,1,-0.045455853,1,0,-0.680747599,-0.796171343,-0.076643855,38.108631,-0.761457956,-0.628663933,0.164882752,17.821135,1,1,1,1,1,-0.761457956,1,0
0.729561,3,1,1,1,0.332655660,0.306257897,-0.019857945,41.362224,0.317804030,-0.489087433,0.048245504,24.503957,1,1,1,1,1,0.317804030,1,0,0.006327342,-0.051733765,-0.000754467,42.456772,-0.046356596,0.000000000,0.401084960,4.287746,1,1,1,1,1,-0.046356596,1,0,-0.698783599,-0.826922562,-0.082398364,37.778922,-0.784821341,-0.158210182,0.158447344,18.189857,1,1,1,1,1,-0.784821341,1,0
0.763416,3,1,1,1,0.330824534,0.303105628,-0.020772232,41.309839,0.309563276,-0.477351903,0.046402093,24.609577,1,1,1,1,1,0.309563276,1,0,0.002155354,-0.051385741,-0.004398319,42.247995,-0.044829631,-0.158444403,0.329598045,8.383644,1,1,1,1,1,-0.044829631,1,0,-0.698783599,-0.820401537,-0.076149447,38.136958,-0.796668990,-0.630266098,0.156340571,18.310566,1,1,1,1,1,-0.796668990,1,0
0.795919,3,1,1,1,0.330824534,0.297265600,-0.026558494,40.978310,0.310663408,0.009748535,0.047239580,24.561593,1,1,1,1,1,0.310663408,1,0,0.001108214,-0.049829560,-0.006088126,42.151176,-0.041990575,0.000000000,0.297143244,10.243167,1,1,1,1,1,-0.041990575,1,0,-0.717297563,-0.848949223,-0.083329651,37.725563,-0.822531072,-1.099871180,0.160389846,18.078560,1,1,1,1,1,-0.822531072,1,0
0.834435,3,1,1,1,0.326967370,0.302335679,-0.017966343,41.470604,0.309667091,0.004992258,0.041446480,24.893513,1,1,1,1,1,0.309667091,1,0,0.006076749,-0.044743806,-0.002156933,42.376417,-0.040442964,0.314081542,0.320510443,8.904325,1,1,1,1,1,-0.040442964,1,0,-0.746853756,-0.882505067,-0.097029190,36.940637,-0.832417565,-0.315483290,0.145413643,18.936633,1,1,1,1,1,-0.832417565,1,0
0.862520,3,1,1,1,0.320952676,0.303133295,-0.011778807,41.825124,0.308732726,0.132994534,0.035964886,25.207585,1,1,1,1,1,0.308732726,1,0,0.006076749,-0.046995250,-0.004505255,42.241868,-0.037581297,0.000000000,0.320830375,8.885995,1,1,1,1,1,-0.037581297,1,0,-0.746853756,-0.875295409,-0.090082382,37.338660,-0.845990098,0.000000000,0.143240599,19.061139,1,1,1,1,1,-0.845990098,1,0
0.896974,3,1,1,1,0.320952676,0.291442239,-0.023321712,41.163764,0.313574337,-0.018183931,0.037870732,25.098388,1,1,1,1,1,0.313574337,1,0,0.013217671,-0.044389798,-0.002382736,42.363479,-0.035330866,-0.168026858,0.367023895,6.239301,1,1,1,1,1,-0.035330866,1,0,-0.781181264,-0.887008716,-0.082316959,37.783586,-0.853153469,-0.474387983,0.103683891,21.327572,1,1,1,1,1,-0.853153469,1,0
0.929224,3,1,1,1,0.315095777,0.299815195,-0.009636171,41.947888,0.311396032,-0.160781246,0.032584772,25.401251,1,1,1,1,1,0.311396032,1,0,0.015284100,-0.037081876,0.003698692,42.288081,-0.032841802,0.316274343,0.379553958,5.521381,1,1,1,1,1,-0.032841802,1,0,-0.821186405,-0.915645579,-0.084826676,37.639789,-0.865444914,-0.293477784,0.054386947,24.152079,1,1,1,1,1,-0.865444914,1,0
0.963099,3,1,1,1,0.312876062,0.295813733,-0.011543628,41.838599,0.307804772,0.001831156,0.031539773,25.461125,1,1,1,1,1,0.307804772,1,0,0.015284100,-0.041818251,-0.001354173,42.422412,-0.030623076,0.312535455,0.380196440,5.484570,1,1,1,1,1,-0.030623076,1,0,-0.821186405,-0.900743660,-0.070277550,38.473393,-0.881635514,-0.771214579,0.051072407,24.341988,1,1,1,1,1,-0.881635514,1,0
0.997079,3,1,1,1,0.312470279,0.300171802,-0.007074363,42.094669,0.305181932,0.000000000,0.029443666,25.581223,1,1,1,1,1,0.305181932,1,0,0.012128965,-0.035031384,0.002103156,42.379498,-0.026004508,0.000000000,0.357503957,6.784753,1,1,1,1,1,-0.026004508,1,0,-0.854677873,-0.922241914,-0.066461613,38.692030,-0.892320111,-0.323515871,0.012188559,26.569868,1,1,1,1,1,-0.892320111,1,0
1.032642,3,1,1,1,0.312470279,0.300171802,-0.007074363,42.094669,0.306573634,0.000000000,0.029443666,25.581223,1,1,1,1,1,0.306573634,1,0,0.010598977,-0.024265635,0.008862792,41.992199,-0.016397953,0.000000000,0.351277810,7.141485,1,1,1,1,1,-0.016397953,1,0,-0.872044099,-0.942999408,-0.072037309,38.372566,-0.909112320,-0.795113397,0.000957610,27.213354,1,1,1,1,1,-0.909112320,1,0
1.063648,3,1,1,1,0.314274127,0.305654639,-0.001878983,42.392342,0.317167344,0.000000000,0.037217937,25.135790,1,1,1,1,1,0.317167344,1,0,0.008564721,-0.013487623,0.012885563,41.761712,-0.013302483,0.323856655,0.354785119,6.940531,1,1,1,1,1,-0.013302483,1,0,-0.884725161,-0.952668574,-0.069738728,38.504265,-0.914081737,-0.163841927,-0.003973167,27.040575,1,1,1,1,1,-0.914081737,1,0
1.097327,3,1,1,1,0.323131900,0.306776907,-0.000642698,42.463176,0.317680873,0.153661266,0.080096008,22.679058,1,1,1,1,1,0.317680873,1,0,0.008564721,-0.019246205,0.006768121,42.112215,-0.006491845,-0.155363459,0.355296964,6.911205,1,1,1,1,1,-0.006491845,1,0,-0.884725161,-0.936851943,-0.054197723,39.394699,-0.923478401,0.000000000,-0.006915050,26.872018,1,1,1,1,1,-0.923478401,1,0
1.131480,3,1,1,1,0.323131900,0.300983225,-0.006349348,42.136209,0.320855985,0.161684752,0.081197361,22.615955,1,1,1,1,1,0.320855985,1,0,0.000714967,-0.009632407,0.007408433,42.075528,-0.003139882,0.317161026,0.300587479,10.045827,1,1,1,1,1,-0.003139882,1,0,-0.900992843,-0.950256015,-0.051725053,39.536373,-0.936034752,0.000000000,-0.012185327,26.570053,1,1,1,1,1,-0.936034752,1,0
1.164389,3,1,1,1,0.346464942,0.311143079,0.003312721,42.310195,0.333980437,0.170262792,0.167477114,17.672489,1,1,1,1,1,0.333980437,1,0,-0.006875498,0.000979637,0.009862488,41.934921,0.002056469,0.312508767,0.175810330,17.195031,1,1,1,1,1,0.002056469,1,0,-0.912295488,-0.956538397,-0.046999636,39.807119,-0.939095458,-0.163114161,-0.018241066,26.223085,1,1,1,1,1,-0.939095458,1,0
1.196568,3,1,1,1,0.380729481,0.324797042,0.013255309,41.740527,0.333573405,0.007089318,0.259841090,12.380423,1,1,1,1,1,0.333573405,1,0,-0.006584133,0.011647672,0.017300822,41.508736,0.010829644,0.000000000,0.028120152,25.657055,1,1,1,1,1,0.010829644,1,0,-0.912295488,-0.948608290,-0.039144056,40.257211,-0.949825494,0.000000000,-0.019336084,26.160345,1,1,1,1,1,-0.949825494,1,0
1.249323,3,1,1,1,0.404729135,0.337664302,0.016129559,41.575844,0.335842053,0.320837459,0.303808133,9.861297,1,1,1,1,1,0.335842053,1,0,0.005249966,0.026706471,0.031638937,40.687222,0.020572462,0.158696626,-0.123003293,20.220652,1,1,1,1,1,0.020572462,1,0,-0.939534086,-0.976621702,-0.039928752,40.212251,-0.961287091,-0.167123304,-0.035577529,25.229779,1,1,1,1,1,-0.961287091,1,0
1.263384,3,1,1,1,0.404729135,0.337664302,0.016129559,41.575844,0.345319696,0.632997320,0.303808133,9.861297,1,1,1,1,1,0.345319696,1,0,0.005249966,0.026706471,0.031638937,40.687222,0.026920783,0.473944076,-0.123003293,20.220652,1,1,1,1,1,0.026920783,1,0,-0.942261111,-0.980615748,-0.041135417,40.143114,-0.967624113,-0.476459440,-0.036583647,25.172133,1,1,1,1,1,-0.967624113,1,0
1.296707,3,1,1,1,0.413925141,0.345613322,0.010814953,41.880349,0.354043880,0.313121440,0.310126848,9.499262,1,1,1,1,1,0.354043880,1,0,0.025591500,0.040452194,0.038584288,40.289283,0.028896501,0.154275211,-0.194479708,16.125355,1,1,1,1,1,0.028896501,1,0,-0.952552331,-0.979417457,-0.029436712,40.813401,-0.976295664,-0.151187073,-0.039537886,25.002867,1,1,1,1,1,-0.976295664,1,0
1.330693,3,1,1,1,0.409894141,0.365546212,0.017289942,41.509359,0.366606791,0.313277357,0.284897620,10.944790,1,1,1,1,1,0.366606791,1,0,0.025591500,0.036213128,0.034308037,40.534294,0.040617551,0.626121772,-0.195093650,16.090178,1,1,1,1,1,0.040617551,1,0,-0.952552331,-0.971226941,-0.021260124,41.281885,-0.988798451,-0.140666947,-0.040116099,24.969738,1,1,1,1,1,-0.988798451,1,0
1.363089,3,1,1,1,0.409894141,0.358925693,0.010541708,41.896005,0.375361984,0.000000000,0.286278575,10.865667,1,1,1,1,1,0.375361984,1,0,0.040152022,0.047610928,0.034355433,40.531579,0.039592673,0.164586154,-0.194260350,16.137923,1,1,1,1,1,0.039592673,1,0,-0.962599853,-0.977278967,-0.017003051,41.525797,-0.992359208,-0.303555636,-0.039493514,25.005409,1,1,1,1,1,-0.992359208,1,0
1.397251,3,1,1,1,0.397685032,0.381096466,0.021535289,41.266119,0.382439472,0.471535637,0.234270199,13.845527,1,1,1,1,1,0.382439472,1,0,0.053931947,0.059733174,0.032052581,40.663522,0.050710784,0.000000000,-0.177812083,17.080339,1,1,1,1,1,0.050710784,1,0,-0.974251206,-0.984921146,-0.012490120,41.784369,-0.988901808,0.003659704,-0.036841828,25.157340,1,1,1,1,1,-0.988901808,1,0
1.430427,3,1,1,1,0.385093241,0.410174875,0.040828440,40.160703,0.389506767,0.155955508,0.153891345,18.450897,1,1,1,1,1,0.389506767,1,0,0.065647575,0.076151413,0.036428308,40.412812,0.057839802,0.473249093,-0.170097504,17.522352,1,1,1,1,1,0.057839802,1,0,-0.974251206,-0.984921146,-0.012490120,41.784369,-0.999194820,0.000000000,-0.036841828,25.157340,1,1,1,1,1,-0.999194820,1,0
1.463086,3,1,1,1,0.385093241,0.402890370,0.033493426,40.580968,0.408124925,0.780531114,0.154620636,18.409111,1,1,1,1,1,0.408124925,1,0,0.065647575,0.070736038,0.031019264,40.722727,0.065651925,0.463608849,-0.171062593,17.467057,1,1,1,1,1,0.065651925,1,0,-0.984393649,-0.991475550,-0.008206214,42.029819,-1.006229040,-0.470092060,-0.033967736,25.322013,1,1,1,1,1,-1.006229040,1,0
1.496799,3,1,1,1,0.379876921,0.414862060,0.038227927,40.309701,0.419552556,0.320875142,0.072693243,23.103205,1,1,1,1,1,0.419552556,1,0,0.076843365,0.076115451,0.026846084,40.961833,0.069566293,0.314638562,-0.179790692,16.966973,1,1,1,1,1,0.069566293,1,0,-0.992426940,-0.990989373,0.001129163,42.435304,-1.010929136,-0.313459570,-0.031491723,25.463878,1,1,1,1,1,-1.010929136,1,0
1.529766,3,1,1,1,0.384973859,0.438207975,0.053329791,39.444428,0.435863838,0.784471095,-0.008669690,26.771484,1,1,1,1,1,0.435863838,1,0,0.087858534,0.087304776,0.029370716,40.817182,0.084625493,0.474031224,-0.192815804,16.220689,1,1,1,1,1,0.084625493,1,0,-0.999700164,-1.001395623,-0.001260911,42.427755,-1.021275130,-0.158948142,-0.028887425,25.613094,1,1,1,1,1,-1.021275130,1,0
1.563551,3,1,1,1,0.401190573,0.462002283,0.063788902,38.845165,0.448803048,0.000000000,-0.058212424,23.932895,1,1,1,1,1,0.448803048,1,0,0.087858534,0.081425195,0.023476613,41.154889,0.091049921,-0.151249041,-0.193881525,16.159628,1,1,1,1,1,0.091049921,1,0,-0.999700164,-0.992876434,0.007261336,42.083956,-1.020040877,0.144675243,-0.028796037,25.618330,1,1,1,1,1,-1.020040877,1,0
1.596351,3,1,1,1,0.401190573,0.454104390,0.055889694,39.297756,0.456003554,0.475615985,-0.058651003,23.907766,1,1,1,1,1,0.456003554,1,0,0.094856365,0.087971971,0.022217686,41.227020,0.079756709,0.000000000,-0.192783090,16.222564,1,1,1,1,1,0.079756709,1,0,-1.005971083,-0.998566140,0.008087600,42.036615,-1.018117310,-0.015443143,-0.026562871,25.746281,1,1,1,1,1,-1.018117310,1,0
1.633497,3,1,1,1,0.426396906,0.488376133,0.067988307,38.604557,0.465592486,0.155511067,-0.077854509,22.807486,1,1,1,1,1,0.465592486,1,0,0.100737498,0.102575506,0.023834342,41.134393,0.082001249,0.000000000,-0.162392786,17.963800,1,1,1,1,1,0.082001249,1,0,-1.013432398,-1.014040054,-0.000198115,42.488649,-1.026187621,-0.158089246,-0.019953715,26.124957,1,1,1,1,1,-1.026187621,1,0
1.663557,3,1,1,1,0.453538883,0.516135558,0.070685821,38.450001,0.484333271,0.782906629,-0.085570952,22.365367,1,1,1,1,1,0.484333271,1,0,0.100840757,0.109329796,0.020792275,41.308690,0.089123858,0.473036345,-0.114312588,20.718592,1,1,1,1,1,0.089123858,1,0,-1.013432398,-1.005374040,0.008468377,42.014798,-1.038058649,-0.630818155,-0.019807423,26.133339,1,1,1,1,1,-1.038058649,1,0
1.697882,3,1,1,1,0.453538883,0.498900260,0.053468744,39.436467,0.502997609,0.151010233,-0.087255259,22.268863,1,1,1,1,1,0.502997609,1,0,0.100840757,0.095825981,0.007317219,42.080754,0.094296380,0.486525731,-0.116130348,20.614442,1,1,1,1,1,0.094296380,1,0,-1.019828340,-1.005104884,0.014704836,41.657475,-1.039253724,-0.320037342,-0.002968394,27.098145,1,1,1,1,1,-1.039253724,1,0
1.731665,3,1,1,1,0.479524333,0.528575618,0.060662058,39.024320,0.521610869,0.779459359,-0.103667860,21.328490,1,1,1,1,1,0.521610869,1,0,0.097840527,0.097843466,0.006978337,42.100171,0.091989990,0.000000000,-0.082790737,22.524661,1,1,1,1,1,0.091989990,1,0,-1.024082776,-1.012004847,0.012972382,41.756737,-1.045348300,-0.306796786,0.020486658,26.094422,1,1,1,1,1,-1.045348300,1,0
1.764478,3,1,1,1,0.498245466,0.547331390,0.064660166,38.795245,0.546359140,0.645164583,-0.121117287,20.328712,1,1,1,1,1,0.546359140,1,0,0.094369385,0.100881129,0.010106338,41.920949,0.093028992,0.000000000,-0.056963608,24.004447,1,1,1,1,1,0.093028992,1,0,-1.027932599,-1.019512491,0.012208559,41.800501,-1.059976986,-0.455390254,0.047201814,24.563756,1,1,1,1,1,-1.059976986,1,0
1.797620,3,1,1,1,0.498245466,0.538101463,0.055442188,39.323397,0.558630606,0.175265150,-0.122331100,20.259165,1,1,1,1,1,0.558630606,1,0,0.093275395,0.102716610,0.011742526,41.827203,0.094122717,-0.136135263,-0.046633472,24.596320,1,1,1,1,1,0.094122717,1,0,-1.032472038,-1.025861063,0.013933754,41.701655,-1.066566871,0.018787070,0.069500552,23.286133,1,1,1,1,1,-1.066566871,1,0
1.829749,3,1,1,1,0.522102188,0.560067813,0.058546219,39.145549,0.556839041,0.000000000,-0.140185631,19.236176,1,1,1,1,1,0.556839041,1,0,0.093275395,0.095656809,0.004693950,42.231056,0.095856124,0.000000000,-0.047185759,24.564676,1,1,1,1,1,0.095856124,1,0,-1.032472038,-1.017299562,0.022466056,41.212790,-1.053422103,0.642890353,0.068581014,23.338818,1,1,1,1,1,-1.053422103,1,0
1.862679,3,1,1,1,0.549360540,0.591436469,0.065779091,38.731136,0.563493509,0.457226719,-0.145909254,18.908237,1,1,1,1,1,0.563493509,1,0,0.093773053,0.103855041,0.011783638,41.824847,0.102870985,0.469444719,-0.042783422,24.816912,1,1,1,1,1,0.102870985,1,0,-1.039431259,-1.031324142,0.018314108,41.450679,-1.052475439,-0.002159028,0.085168892,22.388403,1,1,1,1,1,-1.052475439,1,0
1.897076,3,1,1,1,0.568907440,0.611508098,0.061599842,38.970589,0.584398144,0.930480918,-0.126239753,20.035216,1,1,1,1,1,0.584398144,1,0,0.095231918,0.105642804,0.011387625,41.847537,0.109884793,-0.005750324,-0.036752946,25.162432,1,1,1,1,1,0.109884793,1,0,-1.045669196,-1.035875465,0.022173852,41.229532,-1.051702486,-0.158109839,0.095571750,21.792363,1,1,1,1,1,-1.051702486,1,0
1.929746,3,1,1,1,0.568907440,0.591864536,0.042021518,40.092344,0.586650967,0.309992037,-0.129202415,19.865468,1,1,1,1,1,0.586650967,1,0,0.095231918,0.090729790,-0.003518445,42.298408,0.107526125,-0.146423759,-0.037575843,25.115284,1,1,1,1,1,0.107526125,1,0,-1.045669196,-1.018586612,0.039390080,40.243115,-1.059385048,0.000000000,0.093304231,21.922282,1,1,1,1,1,-1.059385048,1,0
1.962973,3,1,1,1,0.576251849,0.623643394,0.052980841,39.464421,0.611434820,0.935255447,-0.065477911,23.516613,1,1,1,1,1,0.611434820,1,0,0.097725385,0.097102378,-0.000253838,42.485456,0.102862250,0.149552502,-0.030122947,25.542303,1,1,1,1,1,0.102862250,1,0,-1.046762391,-1.032571591,0.028516412,40.866130,-1.059979742,0.163782503,0.102966914,21.368652,1,1,1,1,1,-1.059979742,1,0
1.996774,3,1,1,1,0.581059454,0.632095992,0.051044691,39.575355,0.622388118,0.001168547,0.004890535,26.988014,1,1,1,1,1,0.622388118,1,0,0.102112797,0.089049870,-0.013186114,41.744491,0.100252239,-0.323050899,-0.022642143,25.970922,1,1,1,1,1,0.100252239,1,0,-1.043651188,-1.028631924,0.030000845,40.781078,-1.053453687,0.160519378,0.105973506,21.196386,1,1,1,1,1,-1.053453687,1,0
2.036708,3,1,1,1,0.594415458,0.650975000,0.061477530,38.977597,0.621807644,0.167508668,0.061105531,23.767132,1,1,1,1,1,0.621807644,1,0,0.105449885,0.089706085,-0.016142490,41.575103,0.098751580,-0.174915711,-0.017840607,26.246030,1,1,1,1,1,0.098751580,1,0,-1.041904571,-1.029476199,0.026572942,40.977483,-1.046821346,-0.162323972,0.104797300,21.263778,1,1,1,1,1,-1.046821346,1,0
2.064533,3,1,1,1,0.594415458,0.650975000,0.061477530,38.977597,0.640889832,0.792176605,0.061105531,23.767132,1,1,1,1,1,0.640889832,1,0,0.105449885,0.089706085,-0.016142490,41.575103,0.100386516,0.286284008,-0.017840607,26.246030,1,1,1,1,1,0.100386516,1,0,-1.041904571,-1.029476199,0.026572942,40.977483,-1.051737009,0.169613582,0.104797300,21.263778,1,1,1,1,1,-1.051737009,1,0
2.096079,3,1,1,1,0.613873401,0.669225398,0.067316368,38.643056,0.658372659,-0.152982179,0.092347571,21.977095,1,1,1,1,1,0.658372659,1,0,0.104605417,0.090751820,-0.014435395,41.672913,0.102901773,0.324599202,-0.017964616,26.238924,1,1,1,1,1,0.102901773,1,0,-1.040451607,-1.030477195,0.022255160,41.224873,-1.050936107,-0.159714816,0.100003484,21.538444,1,1,1,1,1,-1.050936107,1,0
2.130490,3,1,1,1,0.636967015,0.679291053,0.058923992,39.123904,0.661032408,0.327050492,0.109942808,20.968962,1,1,1,1,1,0.661032408,1,0,0.100637044,0.085470970,-0.015956010,41.585788,0.113296601,0.168783966,-0.020321606,26.103879,1,1,1,1,1,0.113296601,1,0,-1.040062466,-1.022784557,0.026855815,40.961275,-1.056275348,0.001812526,0.089611024,22.133888,1,1,1,1,1,-1.056275348,1,0
2.162736,3,1,1,1,0.636967015,0.668725343,0.048403878,39.726662,0.686304567,0.949162948,0.111463160,20.881852,1,1,1,1,1,0.686304567,1,0,0.100637044,0.077521795,-0.023908323,41.130154,0.107703891,-0.451871906,-0.020212956,26.110104,1,1,1,1,1,0.107703891,1,0,-1.040062466,-1.014035071,0.035588996,40.460901,-1.050203460,0.301247100,0.088667898,22.187925,1,1,1,1,1,-1.050203460,1,0
2.196323,3,1,1,1,0.660802823,0.692794771,0.048777445,39.705258,0.693975164,0.156665524,0.114371117,20.715239,1,1,1,1,1,0.693975164,1,0,0.099883185,0.078441679,-0.022363432,41.218670,0.096354040,0.158545971,-0.019170638,26.169824,1,1,1,1,1,0.096354040,1,0,-1.043355719,-1.014026091,0.034866314,40.502307,-1.041394013,0.153613875,0.069985134,23.258368,1,1,1,1,1,-1.041394013,1,0
2.247984,3,1,1,1,0.680413117,0.723387034,0.052310152,39.502849,0.719244038,0.000000000,0.089295272,22.151979,1,1,1,1,1,0.719244038,1,0,0.102390884,0.080548319,-0.022748028,41.196634,0.102456503,0.322235028,-0.014203046,26.454447,1,1,1,1,1,0.102456503,1,0,-1.047282209,-1.011617190,0.037908390,40.328009,-1.035003515,-0.346466399,0.048468078,24.491205,1,1,1,1,1,-1.035003515,1,0
2.263451,3,1,1,1,0.680413117,0.723387034,0.052310152,39.502849,0.722267624,0.308202444,0.089295272,22.151979,1,1,1,1,1,0.722267624,1,0,0.102390884,0.080548319,-0.022748028,41.196634,0.111943324,0.633934300,-0.014203046,26.454447,1,1,1,1,1,0.111943324,1,0,-1.048418097,-1.018170176,0.030423777,40.756846,-1.038712580,-0.059289503,0.024196789,25.881847,1,1,1,1,1,-1.038712580,1,0
2.299919,3,1,1,1,0.692485822,0.745813842,0.056173953,39.281470,0.739045524,0.788721764,0.055060337,24.113496,1,1,1,1,1,0.739045524,1,0,0.103802366,0.082785997,-0.021724368,41.255285,0.110339365,0.322291686,-0.008609159,26.774953,1,1,1,1,1,0.110339365,1,0,-1.044704907,-1.015711011,0.028908283,40.843677,-1.033519629,0.154599534,0.003631828,27.060133,1,1,1,1,1,-1.033519629,1,0
2.330812,3,1,1,1,0.707418540,0.774255406,0.066735930,38.676313,0.769576406,1.257472851,0.019236741,26.166037,1,1,1,1,1,0.769576406,1,0,0.103806931,0.087402728,-0.016895056,41.531985,0.113945629,0.158191222,-0.004944400,26.984928,1,1,1,1,1,0.113945629,1,0,-1.044704907,-1.006921742,0.037694853,40.340244,-1.031444891,-0.158164158,0.003852085,27.047513,1,1,1,1,1,-1.031444891,1,0
2.364412,3,1,1,1,0.707418540,0.751353282,0.043830507,39.988697,0.780703475,0.158598216,0.019050062,26.176733,1,1,1,1,1,0.780703475,1,0,0.104575330,0.084168421,-0.020797273,41.308404,0.128853479,0.278636633,-0.003271670,27.080768,1,1,1,1,1,0.128853479,1,0,-1.038182526,-0.996619843,0.042098380,40.087940,-1.029103165,0.313979928,-0.009146687,26.744155,1,1,1,1,1,-1.029103165,1,0
2.398873,3,1,1,1,0.722556971,0.770262899,0.047688401,39.767656,0.787265620,0.157566689,0.001341825,27.191340,1,1,1,1,1,0.787265620,1,0,0.106854817,0.087055156,-0.020225839,41.341145,0.130064765,-0.198959011,-0.003610064,27.061380,1,1,1,1,1,0.130064765,1,0,-1.032295390,-0.994979216,0.038455200,40.296679,-1.031329021,0.160695606,-0.015531600,26.378326,1,1,1,1,1,-1.031329021,1,0
2.434319,3,1,1,1,0.746718926,0.794972772,0.048858444,39.700617,0.799734280,0.645400470,-0.008249775,26.795544,1,1,1,1,1,0.799734280,1,0,0.106854817,0.078334950,-0.028921927,40.842896,0.122417476,0.000000000,-0.002945205,27.099473,1,1,1,1,1,0.122417476,1,0,-1.032295390,-0.986277722,0.047138249,39.799177,-1.023581976,0.000000000,-0.014950065,26.411645,1,1,1,1,1,-1.023581976,1,0
2.463933,3,1,1,1,0.771677984,0.816424389,0.045983763,39.865324,0.819240832,0.149424702,-0.013501182,26.494660,1,1,1,1,1,0.819240832,1,0,0.113625978,0.086292233,-0.027797552,40.907318,0.126827921,0.158726942,-0.003672246,27.057817,1,1,1,1,1,0.126827921,1,0,-1.028024397,-0.984541124,0.045299631,39.904522,-1.016518411,0.471071593,-0.020800353,26.076449,1,1,1,1,1,-1.016518411,1,0
2.498850,3,1,1,1,0.795373696,0.840431106,0.047357568,39.786611,0.830664161,0.617415743,-0.020461498,26.095864,1,1,1,1,1,0.830664161,1,0,0.123027726,0.103976688,-0.019532068,41.380895,0.138570542,0.000000000,-0.004498410,27.010481,1,1,1,1,1,0.138570542,1,0,-1.024539671,-0.985993722,0.041187653,40.140121,-1.017866643,-0.154107545,-0.027977949,25.665203,1,1,1,1,1,-1.017866643,1,0
2.530586,3,1,1,1,0.795373696,0.840431106,0.047357568,39.786611,0.855889728,1.083368252,-0.020461498,26.095864,1,1,1,1,1,0.855889728,1,0,0.123027726,0.103976688,-0.019532068,41.380895,0.145420125,0.463881429,-0.004498410,27.010481,1,1,1,1,1,0.145420125,1,0,-1.024539671,-0.985993722,0.041187653,40.140121,-1.016474801,0.000000000,-0.027977949,25.665203,1,1,1,1,1,-1.016474801,1,0
2.564519,3,1,1,1,0.819810612,0.855602946,0.039967016,40.210059,0.873748028,-0.315292925,-0.031175066,25.482021,1,1,1,1,1,0.873748028,1,0,0.127651700,0.102862775,-0.025335091,41.048406,0.159627960,0.318461268,-0.006206672,26.912605,1,1,1,1,1,0.159627960,1,0,-1.020378409,-0.978523904,0.044077408,39.974551,-1.017453713,0.145958960,-0.027779737,25.676559,1,1,1,1,1,-1.017453713,1,0
2.596674,3,1,1,1,0.841401337,0.876359695,0.040271446,40.192616,0.877368827,0.000000000,-0.035688796,25.223404,1,1,1,1,1,0.877368827,1,0,0.134698943,0.121242009,-0.013969672,41.699597,0.169642706,0.150761246,-0.014545449,26.434828,1,1,1,1,1,0.169642706,1,0,-1.017585524,-0.978426692,0.040179253,40.197898,-1.005509496,0.629716335,-0.020544428,26.091112,1,1,1,1,1,-1.005509496,1,0
2.640555,3,1,1,1,0.861790083,0.893779400,0.037409260,40.356607,0.885224801,0.417091145,-0.035073384,25.258664,1,1,1,1,1,0.885224801,1,0,0.147531445,0.144588679,-0.002297724,42.368350,0.176309699,0.000000000,-0.025029444,25.834140,1,1,1,1,1,0.176309699,1,0,-1.015004481,-0.980257483,0.034802773,40.505948,-1.000890361,-0.163122942,-0.007584422,26.833666,1,1,1,1,1,-1.000890361,1,0
2.666594,3,1,1,1,0.861790083,0.881155709,0.024912670,41.072609,0.899316920,0.785291019,-0.036915481,25.153120,1,1,1,1,1,0.899316920,1,0,0.147531445,0.132706946,-0.014175922,41.687779,0.177348356,0.093730783,-0.025463491,25.809271,1,1,1,1,1,0.177348356,1,0,-1.015004481,-0.971126951,0.043933388,39.982802,-1.005436648,-0.154911557,-0.007527444,26.836930,1,1,1,1,1,-1.005436648,1,0
2.696534,3,1,1,1,0.878477231,0.909237210,0.035611435,40.459615,0.917493517,0.153138442,-0.031401589,25.469043,1,1,1,1,1,0.917493517,1,0,0.159886958,0.159094923,0.001199495,42.431274,0.185225010,0.000000000,-0.031115015,25.485462,1,1,1,1,1,0.185225010,1,0,-1.009893633,-0.983476172,0.026621725,40.974688,-1.002938278,0.320134685,0.007100639,26.861384,1,1,1,1,1,-1.002938278,1,0
2.730968,3,1,1,1,0.893293217,0.926003375,0.036590676,40.403509,0.921243044,0.303303382,-0.025884470,25.785150,1,1,1,1,1,0.921243044,1,0,0.173149822,0.175707506,0.005789630,42.168279,0.192383763,0.474235051,-0.036361921,25.184837,1,1,1,1,1,0.192383763,1,0,-1.005489794,-0.983468476,0.022841728,41.191265,-1.001256319,0.000000000,0.021565809,26.032591,1,1,1,1,1,-1.001256319,1,0
2.764611,3,1,1,1,0.893293217,0.900929818,0.011749407,41.826809,0.945693954,0.000000000,-0.029357208,25.586177,1,1,1,1,1,0.945693954,1,0,0.173149822,0.149975523,-0.019839135,41.363301,0.205526599,0.317381817,-0.038868268,25.041233,1,1,1,1,1,0.205526599,1,0,-1.005489794,-0.965291185,0.041009334,40.150338,-1.002029915,0.159347030,0.020858278,26.073130,1,1,1,1,1,-1.002029915,1,0
2.797370,3,1,1,1,0.907437134,0.916700179,0.012046244,41.809801,0.951361707,0.176833025,-0.022100515,26.001955,1,1,1,1,1,0.951361707,1,0,0.185606580,0.165638906,-0.015787508,41.595442,0.220443494,0.469608333,-0.044375077,24.725716,1,1,1,1,1,0.220443494,1,0,-1.001110483,-0.966851366,0.035903455,40.442884,-0.994133061,0.000000000,0.047610424,24.540345,1,1,1,1,1,-0.994133061,1,0
2.853330,3,1,1,1,0.921723088,0.918667266,-0.001570174,42.410036,0.959021322,0.009858239,-0.014970616,26.410468,1,1,1,1,1,0.959021322,1,0,0.197048158,0.166511660,-0.025734320,41.025532,0.220376331,-0.471849545,-0.051424249,24.321829,1,1,1,1,1,0.220376331,1,0,-0.998412905,-0.959085988,0.041347986,40.130935,-0.985927557,-0.315838305,0.077743244,22.813861,1,1,1,1,1,-0.985927557,1,0
2.866159,3,1,1,1,0.939164611,0.948737355,0.009875575,41.934171,0.958833844,0.000000000,-0.003946790,27.042087,1,1,1,1,1,0.958833844,1,0,0.208253786,0.189503562,-0.013408960,41.731723,0.214586054,-0.636041586,-0.055384249,24.094937,1,1,1,1,1,0.214586054,1,0,-0.998412905,-0.959085988,0.041347986,40.130935,-0.988379011,-0.150795002,0.077743244,22.813861,1,1,1,1,1,-0.988379011,1,0
2.897128,3,1,1,1,0.939164611,0.935977978,-0.002850966,42.336652,0.964532232,0.000000000,-0.004862678,26.989610,1,1,1,1,1,0.964532232,1,0,0.208253786,0.175390776,-0.027466751,40.926271,0.219723373,-0.006195566,-0.056861274,24.010310,1,1,1,1,1,0.219723373,1,0,-0.995545994,-0.958108774,0.039656840,40.227830,-0.985968964,0.313772174,0.099470834,21.568962,1,1,1,1,1,-0.985968964,1,0
2.929207,3,1,1,1,0.951283967,0.959487032,0.008127608,42.034322,0.971556550,0.469761046,0.001691710,27.171293,1,1,1,1,1,0.971556550,1,0,0.222176457,0.203384141,-0.012603899,41.777850,0.219006785,0.165208629,-0.059939039,23.833967,1,1,1,1,1,0.219006785,1,0,-0.990569193,-0.967269678,0.025871769,41.017657,-0.982459751,0.000000000,0.115511542,20.649897,1,1,1,1,1,-0.982459751,1,0
2.962720,3,1,1,1,0.962070365,0.963031782,0.000786560,42.454933,0.983094000,0.468423780,0.004979047,26.982943,1,1,1,1,1,0.983094000,1,0,0.230683207,0.202641532,-0.021147195,41.288355,0.227213415,0.480459347,-0.062865081,23.666317,1,1,1,1,1,0.227213415,1,0,-0.985762481,-0.957752567,0.030795001,40.735576,-0.983269844,0.156676472,0.120300118,20.375532,1,1,1,1,1,-0.983269844,1,0
2.996948,3,1,1,1,0.962070365,0.950498594,-0.011738460,41.827436,0.998671770,0.336566298,0.004523757,27.009029,1,1,1,1,1,0.998671770,1,0,0.230683207,0.187771312,-0.035944830,40.440513,0.234560032,-0.006354924,-0.064611723,23.566242,1,1,1,1,1,0.234560032,1,0,-0.985762481,-0.948649444,0.039961066,40.210400,-0.974541671,0.000000000,0.120059761,20.389304,1,1,1,1,1,-0.974541671,1,0
3.040472,3,1,1,1,0.971295445,0.968930642,-0.002518366,42.355708,1.003925181,-0.005424447,0.005822888,26.934594,1,1,1,1,1,1.003925181,1,0,0.232115503,0.193491142,-0.031603959,40.689227,0.240076414,-0.023453419,-0.065203411,23.532341,1,1,1,1,1,0.240076414,1,0,-0.982902359,-0.947960626,0.036039819,40.435070,-0.963255083,0.000000000,0.102098292,21.418420,1,1,1,1,1,-0.963255083,1,0
3.067982,3,1,1,1,0.980743124,0.980364880,-0.000503297,42.471163,1.000991444,0.000000000,0.006061007,26.920951,1,1,1,1,1,1.000991444,1,0,0.233625059,0.197670213,-0.029307995,40.820776,0.232521526,-0.487743679,-0.068105055,23.366089,1,1,1,1,1,0.232521526,1,0,-0.980268046,-0.947578857,0.031465703,40.697148,-0.968878140,-0.190439624,0.049919508,24.408044,1,1,1,1,1,-0.968878140,1,0
3.096170,3,1,1,1,0.980743124,0.980364880,-0.000503297,42.471163,1.005433708,0.000000000,0.006061007,26.920951,1,1,1,1,1,1.005433708,1,0,0.233625059,0.197670213,-0.029307995,40.820776,0.210729753,-0.960469996,-0.068105055,23.366089,1,1,1,1,1,0.210729753,1,0,-0.974269251,-0.955520013,0.019513620,41.381952,-0.967500237,0.282055550,-0.011073310,26.633767,1,1,1,1,1,-0.967500237,1,0
3.130471,3,1,1,1,0.992337726,0.992529379,0.000088225,42.494945,1.012320663,0.465145214,0.006670464,26.886032,1,1,1,1,1,1.012320663,1,0,0.237566717,0.201935461,-0.029872901,40.788409,0.208697935,-0.011418794,-0.073993432,23.028710,1,1,1,1,1,0.208697935,1,0,-0.974269251,-0.945890395,0.029123869,40.831325,-0.963893183,-0.313491159,-0.010454136,26.669243,1,1,1,1,1,-0.963893183,1,0
3.165203,3,1,1,1,1.002096913,0.991948780,-0.010248829,41.912785,1.023901770,0.296793531,0.007419178,26.843134,1,1,1,1,1,1.023901770,1,0,0.236749555,0.181613770,-0.050089930,39.630058,0.206189014,-0.019961287,-0.078807349,22.752893,1,1,1,1,1,0.206189014,1,0,-0.963134740,-0.936604373,0.035225874,40.481706,-0.974130365,-0.160334386,-0.076723498,22.872288,1,1,1,1,1,-0.974130365,1,0
3.196165,3,1,1,1,1.009777673,1.003248988,-0.006648826,42.119050,1.038551040,0.457771754,0.008125745,26.802650,1,1,1,1,1,1.038551040,1,0,0.229952618,0.177414106,-0.048293341,39.732995,0.203580523,0.000000000,-0.080844711,22.636160,1,1,1,1,1,0.203580523,1,0,-0.951569344,-0.937182173,0.031956271,40.669041,-0.971723647,0.318302335,-0.123251333,20.206440,1,1,1,1,1,-0.971723647,1,0
3.238978,3,1,1,1,1.011724747,0.996471136,-0.015378889,41.618855,1.044331615,-0.167191084,0.008084382,26.805020,1,1,1,1,1,1.044331615,1,0,0.229952618,0.162629426,-0.063102313,38.884504,0.202286249,-0.306004775,-0.081703025,22.586983,1,1,1,1,1,0.202286249,1,0,-0.947795707,-0.940698821,0.025460321,41.041231,-0.956226509,0.317623091,-0.134429288,19.565990,1,1,1,1,1,-0.956226509,1,0
3.265284,3,1,1,1,1.020379592,1.006139040,-0.014383988,41.675858,1.034414645,0.000000000,0.008133857,26.802185,1,1,1,1,1,1.034414645,1,0,0.220175597,0.156879180,-0.059834799,39.071719,0.198449912,-0.312469905,-0.081033984,22.625316,1,1,1,1,1,0.198449912,1,0,-0.947795707,-0.931226713,0.034930351,40.498638,-0.950690162,0.000000000,-0.133150564,19.639256,1,1,1,1,1,-0.950690162,1,0
3.299179,3,1,1,1,1.030782962,1.015825363,-0.015103054,41.634659,1.037545562,0.000000000,0.007723667,26.825688,1,1,1,1,1,1.037545562,1,0,0.208459666,0.151544804,-0.054607865,39.371200,0.182252183,-0.778783729,-0.076925002,22.860743,1,1,1,1,1,0.182252183,1,0,-0.953312124,-0.935235838,0.026973054,40.954558,-0.957152934,-0.007145584,-0.100557027,21.506728,1,1,1,1,1,-0.957152934,1,0
3.331162,3,1,1,1,1.031921292,1.018497361,-0.013568289,41.722594,1.044627030,0.471668181,0.007710877,26.826420,1,1,1,1,1,1.044627030,1,0,0.208459666,0.151544804,-0.054607865,39.371200,0.156264781,0.000000000,-0.076925002,22.860743,1,1,1,1,1,0.156264781,1,0,-0.957359307,-0.951362240,0.006884833,42.105528,-0.956494471,-0.158666435,-0.047911778,24.523078,1,1,1,1,1,-0.956494471,1,0
3.363799,3,1,1,1,1.039857516,1.029751243,-0.010223927,41.914212,1.054237016,0.328301160,0.007948496,26.812806,1,1,1,1,1,1.054237016,1,0,0.197440286,0.146952132,-0.049773791,39.648172,0.162300537,-0.161151906,-0.069447987,23.289145,1,1,1,1,1,0.162300537,1,0,-0.957477019,-0.943012826,0.014993797,41.640919,-0.955557530,0.020276876,-0.042861933,24.812413,1,1,1,1,1,-0.955557530,1,0
3.396647,3,1,1,1,1.044475079,1.026900814,-0.017633326,41.489685,1.064678730,0.171060930,0.009305309,26.735066,1,1,1,1,1,1.064678730,1,0,0.186230436,0.125692818,-0.060894741,39.010988,0.156742065,0.000000000,-0.064195730,23.590077,1,1,1,1,1,0.156742065,1,0,-0.957270843,-0.936194978,0.020709374,41.313440,-0.960698939,-0.154393524,-0.012671154,26.542217,1,1,1,1,1,-0.960698939,1,0
3.434245,3,1,1,1,1.044475079,1.014176066,-0.030358305,40.760597,1.063806083,-0.139208055,0.009217536,26.740095,1,1,1,1,1,1.063806083,1,0,0.171562462,0.118776334,-0.053920234,39.410598,0.149454062,-0.478497014,-0.059393101,23.865247,1,1,1,1,1,0.149454062,1,0,-0.956603039,-0.940941921,0.015768967,41.596505,-0.958048853,0.000000000,0.001477706,27.183555,1,1,1,1,1,-0.958048853,1,0
3.464117,3,1,1,1,1.049052071,1.022818328,-0.026191852,40.999317,1.063065542,-0.169915473,0.011481360,26.610388,1,1,1,1,1,1.063065542,1,0,0.171562462,0.106053386,-0.066665521,38.680347,0.151753775,-0.003488849,-0.059258748,23.872945,1,1,1,1,1,0.151753775,1,0,-0.956603039,-0.930930669,0.025763000,41.023889,-0.950880450,0.474554535,0.000890526,27.217198,1,1,1,1,1,-0.950880450,1,0
3.496729,3,1,1,1,1.055566249,1.033629914,-0.021757754,41.253373,1.064377923,0.000000000,0.013499527,26.494755,1,1,1,1,1,1.064377923,1,0,0.158288074,0.100097774,-0.059788841,39.074352,0.139026024,-0.632349807,-0.054963936,24.119020,1,1,1,1,1,0.139026024,1,0,-0.956959968,-0.934870663,0.022388293,41.217245,-0.949682282,0.012617736,0.003630618,27.060202,1,1,1,1,1,-0.949682282,1,0
3.530636,3,1,1,1,1.061787849,1.044400305,-0.017092348,41.520681,1.071806709,0.000000000,0.014369098,26.444932,1,1,1,1,1,1.071806709,1,0,0.148789911,0.094182301,-0.056436262,39.266440,0.113360563,-1.098257940,-0.050460311,24.377058,1,1,1,1,1,0.113360563,1,0,-0.955148396,-0.940896719,0.015469007,41.613691,-0.950238721,-0.005344415,0.014313165,26.448137,1,1,1,1,1,-0.950238721,1,0
3.563566,3,1,1,1,1.061787849,1.044400305,-0.017092348,41.520681,1.079078409,0.477961482,0.014369098,26.444932,1,1,1,1,1,1.079078409,1,0,0.148789911,0.094182301,-0.056436262,39.266440,0.115672890,-0.155448612,-0.050460311,24.377058,1,1,1,1,1,0.115672890,1,0,-0.955148396,-0.940896719,0.015469007,41.613691,-0.948822209,-0.145372865,0.014313165,26.448137,1,1,1,1,1,-0.948822209,1,0
3.596817,3,1,1,1,1.066892885,1.045672673,-0.020878095,41.303773,1.093964668,0.312166050,0.013973716,26.467586,1,1,1,1,1,1.093964668,1,0,0.139683388,0.079063877,-0.062539599,38.916745,0.113778818,0.154436626,-0.043781867,24.759705,1,1,1,1,1,0.113778818,1,0,-0.950117687,-0.933264816,0.020297743,41.337025,-0.954091003,0.009677016,0.037429599,25.123663,1,1,1,1,1,-0.954091003,1,0
3.631168,3,1,1,1,1.072755217,1.059452358,-0.012989163,41.755776,1.096271878,-0.158001549,0.012294746,26.563784,1,1,1,1,1,1.096271878,1,0,0.126346294,0.077247221,-0.050853324,39.586319,0.111310912,-0.318405788,-0.033833445,25.329708,1,1,1,1,1,0.111310912,1,0,-0.944305722,-0.934544850,0.016023117,41.581943,-0.951368890,0.154191991,0.069495595,23.286417,1,1,1,1,1,-0.951368890,1,0
3.663307,3,1,1,1,1.072755217,1.046613101,-0.025825257,41.020322,1.087272658,0.000000000,0.012621345,26.545071,1,1,1,1,1,1.087272658,1,0,0.126346294,0.066401475,-0.061698024,38.964964,0.113028342,-0.149983246,-0.033417053,25.353565,1,1,1,1,1,0.113028342,1,0,-0.944305722,-0.924285866,0.026262280,40.995282,-0.940862829,-0.171433161,0.068544194,23.340928,1,1,1,1,1,-0.940862829,1,0
3.696661,3,1,1,1,1.081420115,1.058307253,-0.022850210,41.190779,1.090504106,0.000000000,0.011146844,26.629554,1,1,1,1,1,1.090504106,1,0,0.116775151,0.063849566,-0.054358373,39.385495,0.101136000,-0.629367870,-0.024485505,25.865305,1,1,1,1,1,0.101136000,1,0,-0.940793117,-0.925755304,0.022880765,41.189029,-0.939016588,0.295619203,0.098584038,21.619772,1,1,1,1,1,-0.939016588,1,0
3.730916,3,1,1,1,1.090069803,1.085235278,-0.004660329,42.232983,1.102656129,0.617873018,0.009783121,26.707690,1,1,1,1,1,1.102656129,1,0,0.110017061,0.073055967,-0.037970814,40.324433,0.086297076,0.000000000,-0.016014480,26.350659,1,1,1,1,1,0.086297076,1,0,-0.938874953,-0.936008773,0.010290907,41.910374,-0.933375382,0.025820467,0.114582733,20.703114,1,1,1,1,1,-0.933375382,1,0
3.763730,3,1,1,1,1.094090888,1.094148898,0.000151105,42.491342,1.106379364,0.315811853,0.009332787,26.733492,1,1,1,1,1,1.106379364,1,0,0.105283789,0.073501093,-0.032361290,40.645835,0.092682564,0.011375299,-0.008488594,26.781861,1,1,1,1,1,0.092682564,1,0,-0.938874953,-0.925563865,0.020779827,41.309404,-0.931577964,0.000000000,0.113869896,20.743957,1,1,1,1,1,-0.931577964,1,0
3.796965,3,1,1,1,1.094090888,1.068832502,-0.025165235,41.058138,1.116857947,0.179931263,0.009577151,26.719491,1,1,1,1,1,1.116857947,1,0,0.105283789,0.053200091,-0.052641131,39.483885,0.092355322,0.156621793,-0.007512405,26.837792,1,1,1,1,1,0.092355322,1,0,-0.935249631,-0.915654815,0.025715011,41.026638,-0.926692763,0.000000000,0.118457974,20.481079,1,1,1,1,1,-0.926692763,1,0
3.834537,3,1,1,1,1.097804456,1.080530723,-0.017267393,41.510651,1.115853720,-0.146048668,0.008861427,26.760499,1,1,1,1,1,1.115853720,1,0,0.099266529,0.055064104,-0.044439408,39.953809,0.093609373,0.158570020,-0.002563406,27.121349,1,1,1,1,1,0.093609373,1,0,-0.931322324,-0.912814793,0.023135780,41.174417,-0.924739808,0.328224757,0.125682293,20.067156,1,1,1,1,1,-0.924739808,1,0
3.863158,3,1,1,1,1.103571987,1.092126122,-0.011496247,41.841314,1.113590247,0.000000000,0.007905384,26.815276,1,1,1,1,1,1.113590247,1,0,0.093553265,0.058233472,-0.035384564,40.472614,0.098943314,-0.000399092,-0.000126409,27.260978,1,1,1,1,1,0.098943314,1,0,-0.931322324,-0.902585622,0.033437237,40.584187,-0.927892155,-0.003097139,0.125260275,20.091336,1,1,1,1,1,-0.927892155,1,0
3.899026,3,1,1,1,1.110184389,1.102932929,-0.007313230,42.080983,1.115732967,0.000000000,0.007224813,26.854270,1,1,1,1,1,1.115732967,1,0,0.090607145,0.062224971,-0.028364626,40.874827,0.091794594,-0.473902749,0.001069977,27.206916,1,1,1,1,1,0.091794594,1,0,-0.927815113,-0.899515130,0.030239885,40.767382,-0.915440647,0.625448026,0.142518142,19.102533,1,1,1,1,1,-0.915440647,1,0
3.933350,3,1,1,1,1.110184389,1.090517208,-0.019728793,41.369623,1.124332007,0.000000000,0.007116242,26.860490,1,1,1,1,1,1.124332007,1,0,0.091055579,0.067962444,-0.023004146,41.181960,0.082324547,0.165397863,0.002454431,27.127593,1,1,1,1,1,0.082324547,1,0,-0.927053519,-0.896645875,0.027841656,40.904791,-0.901145398,0.000000000,0.162732191,17.944353,1,1,1,1,1,-0.901145398,1,0
3.963018,3,1,1,1,1.115635778,1.116687043,0.001033625,42.440778,1.130757208,0.449281255,0.007961224,26.812077,1,1,1,1,1,1.130757208,1,0,0.091151197,0.069759394,-0.021294179,41.279933,0.088177910,0.015356435,0.002622122,27.117985,1,1,1,1,1,0.088177910,1,0,-0.927685758,-0.904506630,0.015505881,41.611578,-0.901942584,0.157273924,0.175051095,17.238532,1,1,1,1,1,-0.901942584,1,0
3.996551,3,1,1,1,1.119014186,1.112577690,-0.006360546,42.135568,1.145324192,0.308021960,0.009639277,26.715931,1,1,1,1,1,1.145324192,1,0,0.091017561,0.064643556,-0.026195990,40.999080,0.091824491,0.313870474,0.004820569,26.992023,1,1,1,1,1,0.091824491,1,0,-0.927685758,-0.883266481,0.037061737,40.376519,-0.901506136,-0.159036813,0.175856242,17.192401,1,1,1,1,1,-0.901506136,1,0
4.031135,3,1,1,1,1.119014186,1.100074567,-0.018863886,41.419179,1.143966213,-0.370863473,0.009735176,26.710437,1,1,1,1,1,1.143966213,1,0,0.089602425,0.071988485,-0.017364465,41.505089,0.098244280,0.321237965,0.006914040,26.872076,1,1,1,1,1,0.098244280,1,0,-0.923263566,-0.882161553,0.030130612,40.773643,-0.900792930,0.000000000,0.174773146,17.254457,1,1,1,1,1,-0.900792930,1,0
4.064500,3,1,1,1,1.124397434,1.109687804,-0.014477162,41.670520,1.138886172,-0.317736330,0.011793943,26.592478,1,1,1,1,1,1.138886172,1,0,0.089602425,0.061696026,-0.027654394,40.915520,0.108518383,0.164422760,0.007180731,26.856796,1,1,1,1,1,0.108518383,1,0,-0.916687661,-0.878685493,0.026636359,40.973849,-0.901759957,0.146908349,0.162262177,17.971283,1,1,1,1,1,-0.901759957,1,0
4.097515,3,1,1,1,1.133580548,1.122781958,-0.010423128,41.902799,1.136419823,0.153211500,0.012756422,26.537332,1,1,1,1,1,1.136419823,1,0,0.089391619,0.070347122,-0.018759062,41.425185,0.109066358,-0.159430722,0.008663921,26.771815,1,1,1,1,1,0.109066358,1,0,-0.916687661,-0.868951489,0.036479775,40.409863,-0.902475721,-0.142953697,0.162892048,17.935194,1,1,1,1,1,-0.902475721,1,0
4.129926,3,1,1,1,1.141114722,1.145988482,0.005301156,42.196266,1.148181703,0.626884441,0.011886778,26.587159,1,1,1,1,1,1.148181703,1,0,0.093157962,0.088828191,-0.004032766,42.268940,0.104201109,0.000000000,0.009797271,26.706879,1,1,1,1,1,0.104201109,1,0,-0.911411975,-0.878916626,0.020713618,41.313197,-0.895566143,0.487346472,0.149179786,18.720849,1,1,1,1,1,-0.895566143,1,0
4.162963,3,1,1,1,1.141114722,1.133392483,-0.007287817,42.082439,1.159746494,0.306867959,0.012334155,26.561526,1,1,1,1,1,1.159746494,1,0,0.100171565,0.098307024,-0.001522565,42.412763,0.102421678,-0.320409370,0.012641926,26.543892,1,1,1,1,1,0.102421678,1,0,-0.914456444,-0.878561607,0.017951921,41.471431,-0.891421983,0.322308965,0.163915187,17.876573,1,1,1,1,1,-0.891421983,1,0
4.196814,3,1,1,1,1.145838330,1.134810214,-0.010590368,41.893217,1.170217103,0.160832391,0.011112429,26.631526,1,1,1,1,1,1.170217103,1,0,0.100171565,0.078415603,-0.021413884,41.273075,0.104746431,-0.001039349,0.012970424,26.525071,1,1,1,1,1,0.104746431,1,0,-0.926338095,-0.867429428,0.025744764,41.024934,-0.881971204,0.154447167,0.206545900,15.434013,1,1,1,1,1,-0.881971204,1,0
4.233046,3,1,1,1,1.151466934,1.150277009,-0.000821798,42.452914,1.166636117,0.000000000,0.008820544,26.762841,1,1,1,1,1,1.166636117,1,0,0.106620009,0.089956284,-0.016207476,41.571380,0.107826024,0.000000000,0.019029977,26.177884,1,1,1,1,1,0.107826024,1,0,-0.926338095,-0.855937453,0.037347319,40.360156,-0.884139189,-0.311049466,0.208322529,15.332219,1,1,1,1,1,-0.884139189,1,0
4.263171,3,1,1,1,1.151466934,1.137667667,-0.013420714,41.731050,1.169149370,0.164596019,0.009345795,26.732747,1,1,1,1,1,1.169149370,1,0,0.109139336,0.104434768,-0.004097957,42.265204,0.114958953,0.473378904,0.027205438,25.709464,1,1,1,1,1,0.114958953,1,0,-0.940067338,-0.857511030,0.030046705,40.778451,-0.887873404,0.000000000,0.249559271,12.969528,1,1,1,1,1,-0.887873404,1,0
4.296480,3,1,1,1,1.158213543,1.147416891,-0.010507573,41.897960,1.174010687,0.000000000,0.008045204,26.807265,1,1,1,1,1,1.174010687,1,0,0.109139336,0.094574001,-0.013961965,41.700038,0.117907743,0.311756135,0.027331805,25.702224,1,1,1,1,1,0.117907743,1,0,-0.946500960,-0.862351620,0.020829832,41.306539,-0.888778807,0.150679392,0.263391252,12.177014,1,1,1,1,1,-0.888778807,1,0
4.331522,3,1,1,1,1.165960310,1.172727543,0.006944111,42.102132,1.180838968,0.463159570,0.007089130,26.862044,1,1,1,1,1,1.180838968,1,0,0.109668790,0.115073867,0.006088991,42.151127,0.133166568,0.471312600,0.032630658,25.398622,1,1,1,1,1,0.133166568,1,0,-0.946500960,-0.862351620,0.020829832,41.306539,-0.881568987,0.309120858,0.263391252,12.177014,1,1,1,1,1,-0.881568987,1,0
4.363779,3,1,1,1,1.165960310,1.160091586,-0.005688371,42.174080,1.191327312,0.319590278,0.007399224,26.844277,1,1,1,1,1,1.191327312,1,0,0.112080582,0.126068184,0.014728494,41.656119,0.139506688,-0.151508552,0.036968875,25.150061,1,1,1,1,1,0.139506688,1,0,-0.939935837,-0.875721568,0.009700523,41.944201,-0.878778706,-0.157844752,0.231760875,13.989301,1,1,1,1,1,-0.878778706,1,0
4.397113,3,1,1,1,1.172640676,1.160216001,-0.012353259,41.792210,1.201544406,0.160292869,0.007528970,26.836843,1,1,1,1,1,1.201544406,1,0,0.112080582,0.105444118,-0.005909037,42.161437,0.127920585,-0.622047409,0.037205492,25.136503,1,1,1,1,1,0.127920585,1,0,-0.922764592,-0.882114381,0.006342792,42.136585,-0.887027703,0.000000000,0.172801545,17.367422,1,1,1,1,1,-0.887027703,1,0
4.434672,3,1,1,1,1.180344490,1.175877986,-0.004499070,42.242222,1.200058568,-0.158296167,0.007317509,26.848959,1,1,1,1,1,1.200058568,1,0,0.119680858,0.116194529,-0.002660806,42.347547,0.135161620,0.000000000,0.041825215,24.871813,1,1,1,1,1,0.135161620,1,0,-0.922764592,-0.868117367,0.020283671,41.337831,-0.899560213,-0.627471447,0.175522639,17.211515,1,1,1,1,1,-0.899560213,1,0
4.463491,3,1,1,1,1.189402066,1.189603010,0.000118792,42.493194,1.197292035,0.154690656,0.006690714,26.884871,1,1,1,1,1,1.197292035,1,0,0.129306803,0.126267291,-0.002066076,42.381623,0.142243797,0.471691806,0.046856327,24.583551,1,1,1,1,1,0.142243797,1,0,-0.909672529,-0.880456376,0.007096828,42.093382,-0.908970772,-0.325767921,0.131600601,19.728062,1,1,1,1,1,-0.908970772,1,0
4.496366,3,1,1,1,1.189796495,1.178316677,-0.011562095,41.837541,1.205514216,0.000000000,0.006516937,26.894828,1,1,1,1,1,1.205514216,1,0,0.137568908,0.140475510,0.004060357,42.267359,0.146861994,0.313932584,0.052326861,24.270113,1,1,1,1,1,0.146861994,1,0,-0.899216248,-0.899937005,-0.012717912,41.771317,-0.918734189,-0.144705779,0.086262395,22.325750,1,1,1,1,1,-0.918734189,1,0
4.530589,3,1,1,1,1.197563319,1.203480964,0.005846799,42.165003,1.212595398,0.471658662,0.006696984,26.884512,1,1,1,1,1,1.212595398,1,0,0.137568908,0.140475510,0.004060357,42.267359,0.157120109,0.142294230,0.052326861,24.270113,1,1,1,1,1,0.157120109,1,0,-0.896958348,-0.945033873,-0.052420872,39.496505,-0.931114272,0.000000000,0.038127494,25.083677,1,1,1,1,1,-0.931114272,1,0
4.562436,3,1,1,1,1.203292071,1.215872918,0.012593753,41.778431,1.222900771,0.312922546,0.008014229,26.809040,1,1,1,1,1,1.222900771,1,0,0.141757397,0.149453915,0.008948668,41.987279,0.156189354,0.004888004,0.055641451,24.080201,1,1,1,1,1,0.156189354,1,0,-0.896958348,-0.926894139,-0.034364836,40.531040,-0.933604803,-0.156728623,0.040005746,24.976061,1,1,1,1,1,-0.933604803,1,0
4.596847,3,1,1,1,1.203292071,1.190927362,-0.012352578,41.792249,1.233203568,0.158758814,0.008051417,26.806909,1,1,1,1,1,1.233203568,1,0,0.146203763,0.149034420,0.004090285,42.265644,0.158846114,0.148425299,0.057615502,23.967096,1,1,1,1,1,0.158846114,1,0,-0.905550181,-0.947015554,-0.040735687,40.166017,-0.945145914,-0.622204614,-0.011796455,26.592334,1,1,1,1,1,-0.945145914,1,0
4.632916,3,1,1,1,1.209366819,1.203223857,-0.005969385,42.157979,1.232415203,-0.004828565,0.010125320,26.688083,1,1,1,1,1,1.232415203,1,0,0.151637743,0.161548508,0.010690347,41.887488,0.165327570,0.157574543,0.049834900,24.412892,1,1,1,1,1,0.165327570,1,0,-0.921903994,-0.995734333,-0.071625857,38.396141,-0.983318912,-1.259515247,-0.068837936,23.324098,1,1,1,1,1,-0.983318912,1,0
4.664373,3,1,1,1,1.217222729,1.214045017,-0.002863234,42.335949,1.230192782,0.168570039,0.011182877,26.627489,1,1,1,1,1,1.230192782,1,0,0.156704890,0.172923627,0.016117838,41.576516,0.173203639,0.000000000,0.021203422,26.053355,1,1,1,1,1,0.173203639,1,0,-0.921903994,-0.973897498,-0.049744750,39.649836,-0.998847034,-0.311638640,-0.068278787,23.356135,1,1,1,1,1,-0.998847034,1,0
4.696548,3,1,1,1,1.226248285,1.226681362,0.000795221,42.454437,1.239050910,0.000000000,0.010703733,26.654942,1,1,1,1,1,1.239050910,1,0,0.156704890,0.161779195,0.004971393,42.215160,0.180348938,0.473789180,0.021083558,26.060222,1,1,1,1,1,0.180348938,1,0,-0.939181727,-1.010728188,-0.071292106,38.415263,-1.015594294,-0.789461421,-0.107569505,21.104942,1,1,1,1,1,-1.015594294,1,0
4.730146,3,1,1,1,1.226248285,1.226681362,0.000795221,42.454437,1.251408660,0.623081197,0.010703733,26.654942,1,1,1,1,1,1.251408660,1,0,0.164087370,0.185894410,0.023098157,41.176573,0.186963694,0.156377817,-0.029975252,25.550766,1,1,1,1,1,0.186963694,1,0,-0.967191354,-1.089848018,-0.128561095,35.133992,-1.055086062,0.000000000,-0.136142180,19.467849,1,1,1,1,1,-1.055086062,1,0
4.763484,3,1,1,1,1.233232665,1.239314316,0.006400617,42.133272,1.256701961,0.312898136,0.008923418,26.756947,1,1,1,1,1,1.256701961,1,0,0.175865904,0.197942972,0.029168867,40.828747,0.199622445,0.163357870,-0.083385745,22.490570,1,1,1,1,1,0.199622445,1,0,-1.002739323,-1.150167146,-0.161982022,33.219114,-1.061939128,-0.463999365,-0.146999612,18.845764,1,1,1,1,1,-1.061939128,1,0
4.796190,3,1,1,1,1.239333226,1.240082907,0.001000860,42.442655,1.266783456,0.150930499,0.007467107,26.840387,1,1,1,1,1,1.266783456,1,0,0.191068439,0.196598200,0.019378665,41.389684,0.198287636,0.000000000,-0.120861722,20.343355,1,1,1,1,1,0.198287636,1,0,-1.002739323,-1.088886922,-0.100367883,36.749344,-1.082701165,-0.931425814,-0.153638459,18.465386,1,1,1,1,1,-1.082701165,1,0
4.834148,3,1,1,1,1.248339806,1.256703354,0.008547185,42.010282,1.269193491,-0.008387770,0.006810158,26.878028,1,1,1,1,1,1.269193491,1,0,0.191068439,0.184863942,0.007640946,42.062206,0.190722402,0.000000000,-0.122257441,20.263386,1,1,1,1,1,0.190722402,1,0,-1.049778619,-1.161709433,-0.137072123,34.646346,-1.132968039,-1.564204103,-0.154530739,18.414262,1,1,1,1,1,-1.132968039,1,0
4.863365,3,1,1,1,1.248339806,1.244196103,-0.003955987,42.273339,1.263404349,-0.173712905,0.007141219,26.859059,1,1,1,1,1,1.263404349,1,0,0.206814164,0.194931466,0.005097021,42.207962,0.191542418,-0.156139323,-0.134529321,19.560259,1,1,1,1,1,0.191542418,1,0,-1.088502807,-1.218569591,-0.162646330,33.181052,-1.166581717,-1.871560658,-0.149282025,18.714991,1,1,1,1,1,-1.166581717,1,0
4.896450,3,1,1,1,1.259231733,1.260460544,0.001353902,42.422427,1.265339305,0.301603372,0.007898929,26.815646,1,1,1,1,1,1.265339305,1,0,0.213122058,0.200341792,0.001958448,42.387789,0.194085959,0.322935242,-0.122473013,20.251034,1,1,1,1,1,0.194085959,1,0,-1.135425116,-1.290565427,-0.193174612,31.431910,-1.193990123,-0.313675586,-0.137692394,19.379028,1,1,1,1,1,-1.193990123,1,0
4.931361,3,1,1,1,1.259231733,1.248063412,-0.011042090,41.867335,1.289540344,0.922638968,0.008094004,26.804469,1,1,1,1,1,1.289540344,1,0,0.213122058,0.188958195,-0.009423072,41.960098,0.195495328,0.311710362,-0.123889368,20.169883,1,1,1,1,1,0.195495328,1,0,-1.135425116,-1.248952204,-0.152508337,33.761916,-1.219283025,-0.944982698,-0.148248732,18.774194,1,1,1,1,1,-1.219283025,1,0
4.963581,3,1,1,1,1.266573912,1.274062269,0.007549506,42.067445,1.293570609,0.318038473,0.008587726,26.776181,1,1,1,1,1,1.293570609,1,0,0.209504834,0.205211568,0.004469627,42.243909,0.206832379,0.010396834,-0.087963359,22.228292,1,1,1,1,1,0.206832379,1,0,-1.186703170,-1.365328269,-0.218241271,29.995696,-1.254866551,-1.418055626,-0.121077763,20.330976,1,1,1,1,1,-1.254866551,1,0
4.996206,3,1,1,1,1.271945470,1.287454600,0.015524918,41.610488,1.303570350,0.146480606,0.008311798,26.791990,1,1,1,1,1,1.303570350,1,0,0.203176473,0.204898909,0.005932623,42.160086,0.199881730,-0.467406846,-0.053658706,24.193804,1,1,1,1,1,0.199881730,1,0,-1.239027728,-1.453334632,-0.251124621,28.111619,-1.276248468,-0.154850987,-0.095433382,21.800291,1,1,1,1,1,-1.276248468,1,0
5.037654,3,1,1,1,1.280172117,1.289638695,0.009458081,41.958092,1.305952056,-0.028107924,0.006960660,26.869405,1,1,1,1,1,1.305952056,1,0,0.198751415,0.193451438,-0.004180243,42.260490,0.192887293,0.000207204,-0.019866484,26.129955,1,1,1,1,1,0.192887293,1,0,-1.274940827,-1.455280378,-0.215357219,30.160940,-1.295480344,-0.792569273,-0.092001022,21.996951,1,1,1,1,1,-1.295480344,1,0
5.063341,3,1,1,1,1.280172117,1.277221190,-0.002959713,42.330421,1.300024661,-0.159048060,0.006945030,26.870300,1,1,1,1,1,1.300024661,1,0,0.198751415,0.182644695,-0.014967691,41.642414,0.185594816,-0.478643899,-0.020551026,26.090734,1,1,1,1,1,0.185594816,1,0,-1.274940827,-1.401379708,-0.163665430,33.122662,-1.325831059,-1.257641397,-0.108119681,21.073420,1,1,1,1,1,-1.325831059,1,0
5.096805,3,1,1,1,1.291963792,1.292194847,0.000200076,42.488536,1.302058595,0.298653982,0.005890995,26.930692,1,1,1,1,1,1.302058595,1,0,0.196605740,0.181596995,-0.015159324,41.631435,0.186234480,-0.010649936,0.003323242,27.077813,1,1,1,1,1,0.186234480,1,0,-1.309764976,-1.469559900,-0.190513134,31.584401,-1.371030463,-1.732525045,-0.081945001,22.573118,1,1,1,1,1,-1.371030463,1,0
5.129956,3,1,1,1,1.302189677,1.307786096,0.005514703,42.184031,1.318384349,0.775940006,0.006561281,26.892287,1,1,1,1,1,1.318384349,1,0,0.193557343,0.180931500,-0.013194363,41.744019,0.184185064,0.158450090,0.018809856,26.190496,1,1,1,1,1,0.184185064,1,0,-1.340998590,-1.537405126,-0.219815860,29.905479,-1.421821708,-0.157806660,-0.056351785,24.039502,1,1,1,1,1,-1.421821708,1,0
5.165060,3,1,1,1,1.302189677,1.295402990,-0.006867686,42.106511,1.327910517,0.466796827,0.006405741,26.901199,1,1,1,1,1,1.327910517,1,0,0.189931981,0.177680525,-0.012875631,41.762281,0.182732368,0.159849905,0.028083156,25.659175,1,1,1,1,1,0.182732368,1,0,-1.340998590,-1.475580037,-0.160386133,33.310551,-1.433738047,-0.631874814,-0.073822806,23.038486,1,1,1,1,1,-1.433738047,1,0
5.197472,3,1,1,1,1.307676028,1.318621151,0.010783425,41.882155,1.336571765,0.158731199,0.008056784,26.806601,1,1,1,1,1,1.336571765,1,0,0.189931981,0.177680525,-0.012875631,41.762281,0.180410148,-0.313857735,0.028083156,25.659175,1,1,1,1,1,0.180410148,1,0,-1.370082320,-1.565768155,-0.214532669,30.208183,-1.459486823,-1.099175804,-0.045365359,24.668978,1,1,1,1,1,-1.459486823,1,0
5.239797,3,1,1,1,1.314699292,1.333498382,0.018528507,41.438395,1.348983410,0.158944137,0.009596552,26.718379,1,1,1,1,1,1.348983410,1,0,0.185092879,0.175852322,-0.009693650,41.944595,0.183185913,-0.157377660,0.043595276,24.770396,1,1,1,1,1,0.183185913,1,0,-1.410641174,-1.602285973,-0.205297678,30.737309,-1.497028865,-0.159796686,-0.033244235,25.363467,1,1,1,1,1,-1.497028865,1,0
5.265953,3,1,1,1,1.324409035,1.333789279,0.009063533,41.980698,1.346548735,-0.318984013,0.009265573,26.737343,1,1,1,1,1,1.346548735,1,0,0.182002866,0.164257583,-0.017571146,41.493247,0.171570911,-0.624230549,0.063846623,23.610079,1,1,1,1,1,0.171570911,1,0,-1.452174061,-1.559128911,-0.118083009,35.734342,-1.508803878,-0.628854439,-0.040240238,24.962625,1,1,1,1,1,-1.508803878,1,0
5.296243,3,1,1,1,1.325959313,1.324645482,-0.001625809,42.406848,1.345150239,0.000000000,0.008783907,26.764940,1,1,1,1,1,1.345150239,1,0,0.182002866,0.154813060,-0.027035016,40.951008,0.163136844,-0.319935099,0.063784548,23.613636,1,1,1,1,1,0.163136844,1,0,-1.452174061,-1.488012476,-0.048576149,39.716792,-1.534577204,-1.097793613,-0.055633026,24.080684,1,1,1,1,1,-1.534577204,1,0
5.331588,3,1,1,1,1.337706722,1.336290237,-0.001706424,42.402229,1.348914192,0.158775480,0.007477291,26.839804,1,1,1,1,1,1.348914192,1,0,0.180956377,0.150920082,-0.029186870,40.827716,0.163177866,-0.167460680,0.078028411,22.797522,1,1,1,1,1,0.163177866,1,0,-1.493471302,-1.509966134,-0.024913484,41.072563,-1.567480110,0.000000000,-0.044723714,24.705741,1,1,1,1,1,-1.567480110,1,0
5.363318,3,1,1,1,1.346857701,1.347490510,0.000402566,42.476935,1.356402709,0.000000000,0.005725183,26.940192,1,1,1,1,1,1.356402709,1,0,0.177451487,0.149366161,-0.026180826,40.999949,0.164083617,0.314739785,0.094134805,21.874694,1,1,1,1,1,0.164083617,1,0,-1.527845278,-1.522039952,0.000440625,42.474754,-1.568064418,0.171053091,-0.036427049,25.181105,1,1,1,1,1,-1.568064418,1,0
5.397089,3,1,1,1,1.346857701,1.335155828,-0.011922277,41.816904,1.363433360,0.469972758,0.005228031,26.968677,1,1,1,1,1,1.363433360,1,0,0.177451487,0.140593267,-0.034992580,40.495073,0.166415060,-0.160675672,0.094224500,21.869555,1,1,1,1,1,0.166415060,1,0,-1.531045343,-1.453001090,0.072223062,38.361923,-1.563758241,0.326696828,-0.045950439,24.635455,1,1,1,1,1,-1.563758241,1,0
5.445371,3,1,1,1,1.352217333,1.334765598,-0.017588246,41.492268,1.376629839,0.467021970,0.002962331,27.098492,1,1,1,1,1,1.376629839,1,0,0.170802221,0.131805406,-0.036272774,40.421723,0.161105578,0.313634714,0.105297940,21.235094,1,1,1,1,1,0.161105578,1,0,-1.555086087,-1.363265334,0.187425576,31.761306,-1.560083448,-0.176691150,-0.049423997,24.436435,1,1,1,1,1,-1.560083448,1,0
5.463597,3,1,1,1,1.355524194,1.354978017,-0.000630669,42.463865,1.382914749,0.143747169,0.002030031,27.151909,1,1,1,1,1,1.382914749,1,0,0.167439579,0.137301804,-0.026724470,40.968801,0.164236354,-0.003241747,0.111878372,20.858063,1,1,1,1,1,0.164236354,1,0,-1.571167511,-1.423334718,0.145416355,34.168257,-1.566367486,-0.478161727,-0.033956349,25.322666,1,1,1,1,1,-1.566367486,1,0
5.496228,3,1,1,1,1.360927330,1.364063998,0.003125437,42.320926,1.381688819,-0.016138707,0.000340680,27.248702,1,1,1,1,1,1.381688819,1,0,0.165697783,0.136019446,-0.024643886,41.088009,0.157226401,-0.469291692,0.127361002,19.970973,1,1,1,1,1,0.157226401,1,0,-1.571167511,-1.343856431,0.224631660,29.629554,-1.588540538,-0.961886493,-0.040952799,24.921799,1,1,1,1,1,-1.588540538,1,0
5.530727,3,1,1,1,1.360927330,1.351748816,-0.009179649,41.974045,1.377964668,-0.017945406,-0.000157857,27.259177,1,1,1,1,1,1.377964668,1,0,0.165697783,0.127704327,-0.033023596,40.607887,0.148598183,-0.153686713,0.127606860,19.956887,1,1,1,1,1,0.148598183,1,0,-1.575248909,-1.310349634,0.263308827,27.413516,-1.607678402,-0.151347027,-0.033751125,25.334424,1,1,1,1,1,-1.607678402,1,0
5.563462,3,1,1,1,1.369208458,1.359500992,-0.009627689,41.948374,1.381481726,0.000000000,-0.002277667,27.137720,1,1,1,1,1,1.381481726,1,0,0.166984947,0.127008722,-0.031648036,40.686701,0.148305513,-0.065520098,0.154717329,18.403571,1,1,1,1,1,0.148305513,1,0,-1.575953748,-1.266245054,0.308934458,24.799359,-1.612949958,0.012072245,-0.025342646,25.816194,1,1,1,1,1,-1.612949958,1,0
5.599298,3,1,1,1,1.377053714,1.368025832,-0.008874564,41.991525,1.388544516,0.471045753,-0.004529519,27.008699,1,1,1,1,1,1.388544516,1,0,0.167804490,0.127192309,-0.028536615,40.864972,0.147545658,0.163279849,0.179194035,17.001159,1,1,1,1,1,0.147545658,1,0,-1.583189883,-1.243672401,0.339350441,23.056652,-1.605322093,0.489675602,-0.011372503,26.616625,1,1,1,1,1,-1.605322093,1,0
5.633225,3,1,1,1,1.377053714,1.368025832,-0.008874564,41.991525,1.392472928,0.313846190,-0.004529519,27.008699,1,1,1,1,1,1.392472928,1,0,0.167804490,0.127192309,-0.028536615,40.864972,0.146993073,0.002116538,0.179194035,17.001159,1,1,1,1,1,0.146993073,1,0,-1.583189883,-1.243672401,0.339350441,23.056652,-1.584289551,0.948967321,-0.011372503,26.616625,1,1,1,1,1,-1.584289551,1,0
5.668896,3,1,1,1,1.384144354,1.381665286,-0.002248075,42.371195,1.411327422,0.300673036,-0.007756110,26.823829,1,1,1,1,1,1.411327422,1,0,0.167003869,0.127823803,-0.023871187,41.132282,0.154473302,0.056625024,0.196511406,16.008947,1,1,1,1,1,0.154473302,1,0,-1.595368286,-1.208792108,0.386481696,20.356230,-1.547280150,1.436392569,0.001494965,27.182566,1,1,1,1,1,-1.547280150,1,0
5.699790,3,1,1,1,1.388569537,1.376550171,-0.011750507,41.826746,1.413335869,-0.165248418,-0.010596645,26.661078,1,1,1,1,1,1.413335869,1,0,0.164892692,0.122688500,-0.025515313,41.038080,0.149326887,0.000000000,0.201734823,15.709667,1,1,1,1,1,0.149326887,1,0,-1.599180736,-1.088648003,0.510174969,13.269127,-1.479114849,2.050536437,0.015076043,26.404427,1,1,1,1,1,-1.479114849,1,0
5.733044,3,1,1,1,1.388569537,1.364568334,-0.023729109,41.140422,1.401102742,0.000000000,-0.010903318,26.643507,1,1,1,1,1,1.401102742,1,0,0.163585687,0.126121472,-0.021574995,41.263844,0.142282026,-0.470447484,0.188190108,16.485722,1,1,1,1,1,0.142282026,1,0,-1.599180736,-1.022268113,0.576545405,9.466382,-1.422410304,-0.157130385,0.016479316,26.324026,1,1,1,1,1,-1.422410304,1,0
5.764064,3,1,1,1,1.395877821,1.372973862,-0.022622341,41.203835,1.402196538,0.000000000,-0.013091033,26.518160,1,1,1,1,1,1.402196538,1,0,0.163214528,0.120592610,-0.027258347,40.938212,0.144825350,-0.154941543,0.182333649,16.821273,1,1,1,1,1,0.144825350,1,0,-1.574866698,-0.985216643,0.588642236,8.773284,-1.427866984,-0.000929550,0.033131932,25.369901,1,1,1,1,1,-1.427866984,1,0
5.796443,3,1,1,1,1.405063452,1.386837522,-0.017949362,41.471577,1.409188498,0.468677825,-0.014943668,26.412012,1,1,1,1,1,1.409188498,1,0,0.160013740,0.125878696,-0.021642625,41.259969,0.147202107,0.314125603,0.138974955,19.305543,1,1,1,1,1,0.147202107,1,0,-1.524849305,-0.948544227,0.574416621,9.588352,-1.425538997,0.151636446,0.048033581,24.516100,1,1,1,1,1,-1.425538997,1,0
5.838071,3,1,1,1,1.408278598,1.404334433,-0.003669428,42.289757,1.411560287,0.306462662,-0.015421133,26.384655,1,1,1,1,1,1.411560287,1,0,0.160013740,0.125878696,-0.021642625,41.259969,0.152935584,0.305839778,0.138974955,19.305543,1,1,1,1,1,0.152935584,1,0,-1.524849305,-0.948544227,0.574416621,9.588352,-1.414050140,0.619618204,0.048033581,24.516100,1,1,1,1,1,-1.414050140,1,0
5.885116,3,1,1,1,1.409696244,1.385918096,-0.023497957,41.153666,1.421182732,0.467900877,-0.015919574,26.356097,1,1,1,1,1,1.421182732,1,0,0.149834108,0.131950717,-0.014450209,41.672064,0.168664990,0.634726045,0.031165171,25.482588,1,1,1,1,1,0.168664990,1,0,-1.407651747,-0.831030206,0.572133049,9.719191,-1.347599347,1.572113204,0.082411637,22.546382,1,1,1,1,1,-1.347599347,1,0
5.902406,3,1,1,1,1.409696244,1.385918096,-0.023497957,41.153666,1.432593547,0.485968082,-0.015919574,26.356097,1,1,1,1,1,1.432593547,1,0,0.149834108,0.131950717,-0.014450209,41.672064,0.173870870,0.489213269,0.031165171,25.482588,1,1,1,1,1,0.173870870,1,0,-1.407651747,-0.831030206,0.572133049,9.719191,-1.311986269,1.894823947,0.082411637,22.546382,1,1,1,1,1,-1.311986269,1,0
5.931744,3,1,1,1,1.411549336,1.392902488,-0.018369869,41.447484,1.440090737,0.025175797,-0.015501379,26.380058,1,1,1,1,1,1.440090737,1,0,0.149304504,0.141515837,-0.008295454,42.024705,0.181482985,0.013710067,-0.003633237,27.060052,1,1,1,1,1,0.181482985,1,0,-1.378149381,-0.803333097,0.569899817,9.847146,-1.250846994,2.347574227,0.091171401,22.044485,1,1,1,1,1,-1.250846994,1,0
5.963640,3,1,1,1,1.411549336,1.381321393,-0.029950539,40.783961,1.428342967,-0.608030345,-0.015707514,26.368247,1,1,1,1,1,1.428342967,1,0,0.149304504,0.133082502,-0.016672596,41.544731,0.172475231,0.000000000,-0.002659422,27.115847,1,1,1,1,1,0.172475231,1,0,-1.372482046,-0.762887196,0.604983019,7.837026,-1.173125127,2.820072558,0.091665825,22.016156,1,1,1,1,1,-1.173125127,1,0
5.996908,3,1,1,1,1.418294570,1.390852123,-0.027189651,40.942148,1.423773277,-0.007378392,-0.014723877,26.424605,1,1,1,1,1,1.423773277,1,0,0.156653775,0.147931372,-0.011931177,41.816394,0.178758159,0.000000000,-0.024652766,25.855722,1,1,1,1,1,0.178758159,1,0,-1.344856990,-0.738064577,0.603198876,7.939250,-1.081055910,3.293212560,0.089118108,22.162130,1,1,1,1,1,-1.081055910,1,0
6.034450,3,1,1,1,1.428433285,1.401481120,-0.026743165,40.967729,1.425089422,0.308851749,-0.012883295,26.530063,1,1,1,1,1,1.425089422,1,0,0.165200572,0.160932908,-0.008938761,41.987847,0.191062444,0.621731868,-0.036907267,25.153591,1,1,1,1,1,0.191062444,1,0,-1.286184499,-0.717866914,0.566349694,10.050553,-0.998211015,0.167672816,0.082223133,22.557183,1,1,1,1,1,-0.998211015,1,0
6.064051,3,1,1,1,1.432135117,1.416764045,-0.015197564,41.629244,1.430782051,0.312698896,-0.010848499,26.646648,1,1,1,1,1,1.430782051,1,0,0.171754900,0.187204881,0.009345404,41.964548,0.200566156,0.314412713,-0.051332793,24.327069,1,1,1,1,1,0.200566156,1,0,-1.286184499,-0.717866914,0.566349694,10.050553,-0.986350333,0.633031202,0.082223133,22.557183,1,1,1,1,1,-0.986350333,1,0
6.096668,3,1,1,1,1.432135117,1.392836691,-0.039123340,40.258398,1.440882806,0.154582192,-0.011229448,26.624821,1,1,1,1,1,1.440882806,1,0,0.171754900,0.166728486,-0.011025388,41.868292,0.202503645,0.147691344,-0.049014275,24.459910,1,1,1,1,1,0.202503645,1,0,-1.187420698,-0.658412765,0.528490592,12.219720,-0.960626203,1.099488911,0.071841168,23.152025,1,1,1,1,1,-0.960626203,1,0
6.129812,3,1,1,1,1.432090967,1.401205030,-0.030762984,40.737411,1.438338158,-0.322239237,-0.007755499,26.823864,1,1,1,1,1,1.438338158,1,0,0.177527184,0.186304261,0.001306028,42.425170,0.214084764,0.621002688,-0.064527104,23.571090,1,1,1,1,1,0.214084764,1,0,-1.071845629,-0.638117701,0.434055436,17.630455,-0.903348791,1.734444826,0.070332791,23.238449,1,1,1,1,1,-0.903348791,1,0
6.163296,3,1,1,1,1.431510029,1.412089848,-0.019378522,41.389692,1.425906325,0.159316824,-0.002590972,27.119769,1,1,1,1,1,1.425906325,1,0,0.183119498,0.202664096,0.011093442,41.864393,0.223905358,0.316177283,-0.076209022,22.901766,1,1,1,1,1,0.223905358,1,0,-0.970712688,-0.617903189,0.353781613,22.229807,-0.845221645,2.198730766,0.075133135,22.963410,1,1,1,1,1,-0.845221645,1,0
6.196529,3,1,1,1,1.431510029,1.400256519,-0.031210162,40.711789,1.429380958,0.000000000,-0.002793286,27.108178,1,1,1,1,1,1.429380958,1,0,0.194089893,0.232276381,0.029073256,40.834225,0.240259275,0.783416572,-0.087882669,22.232915,1,1,1,1,1,0.240259275,1,0,-0.970712688,-0.585666770,0.385901713,20.389461,-0.771524455,2.673889021,0.067981403,23.373174,1,1,1,1,1,-0.771524455,1,0
6.234314,3,1,1,1,1.431979859,1.417173070,-0.014844641,41.649465,1.436439718,0.470911340,0.002062025,27.150076,1,1,1,1,1,1.436439718,1,0,0.194089893,0.232276381,0.029073256,40.834225,0.271253303,1.259939535,-0.087882669,22.232915,1,1,1,1,1,0.271253303,1,0,-0.898128382,-0.595641276,0.304122529,25.075063,-0.696781377,0.156505836,0.081931543,22.573890,1,1,1,1,1,-0.696781377,1,0
6.263393,3,1,1,1,1.431767400,1.424125373,-0.007783682,42.054028,1.438242321,0.154625970,0.008247965,26.795648,1,1,1,1,1,1.438242321,1,0,0.208785902,0.261745071,0.044117860,39.972233,0.274747546,0.461059101,-0.093060067,21.936272,1,1,1,1,1,0.274747546,1,0,-0.838658225,-0.569328992,0.271544406,26.941652,-0.685135119,0.624797638,0.087253650,22.268955,1,1,1,1,1,-0.685135119,1,0
6.296925,3,1,1,1,1.432390395,1.421202516,-0.011478287,41.842343,1.450744686,0.153664800,0.016355526,26.331119,1,1,1,1,1,1.450744686,1,0,0.229267299,0.278563224,0.041371378,40.129595,0.286029483,0.155209034,-0.093792921,21.894283,1,1,1,1,1,0.286029483,1,0,-0.838658225,-0.513771759,0.326515907,23.792017,-0.658678677,1.105226543,0.068227989,23.359045,1,1,1,1,1,-0.658678677,1,0
6.329642,3,1,1,1,1.432390395,1.409537584,-0.023142912,41.174009,1.448334222,-0.315182184,0.016148070,26.343005,1,1,1,1,1,1.448334222,1,0,0.229267299,0.265869244,0.028661401,40.857823,0.297693823,0.624928705,-0.092793240,21.951560,1,1,1,1,1,0.297693823,1,0,-0.772829196,-0.488557587,0.286157721,26.104370,-0.603186299,1.721879837,0.070359090,23.236942,1,1,1,1,1,-0.603186299,1,0
6.364568,3,1,1,1,1.436867932,1.419426089,-0.017988567,41.469331,1.434161536,0.152095637,0.026875708,25.728356,1,1,1,1,1,1.434161536,1,0,0.251107203,0.292529882,0.034647767,40.514829,0.316259775,0.315092538,-0.093296618,21.922719,1,1,1,1,1,0.316259775,1,0,-0.705471707,-0.460637810,0.246774483,28.360864,-0.543812388,2.197761726,0.072101774,23.137094,1,1,1,1,1,-0.543812388,1,0
6.396780,3,1,1,1,1.441454986,1.423867990,-0.018417090,41.444778,1.436847184,0.000000000,0.036204634,25.193848,1,1,1,1,1,1.436847184,1,0,0.274547494,0.323714236,0.043767872,39.992286,0.333488376,0.800334787,-0.092784020,21.952088,1,1,1,1,1,0.333488376,1,0,-0.645662498,-0.430586269,0.216835729,30.076228,-0.471096651,2.667318663,0.072823461,23.095744,1,1,1,1,1,-0.471096651,1,0
6.435056,3,1,1,1,1.443245128,1.439712272,-0.004695057,42.230993,1.449577943,0.632414901,0.046743269,24.590029,1,1,1,1,1,1.449577943,1,0,0.296453517,0.370199264,0.069683368,38.507437,0.373609070,0.000000000,-0.090972273,22.055894,1,1,1,1,1,0.373609070,1,0,-0.645662498,-0.430586269,0.216835729,30.076228,-0.433397238,0.286608048,0.072823461,23.095744,1,1,1,1,1,-0.433397238,1,0
6.463296,3,1,1,1,1.443245128,1.427962605,-0.016453770,41.557268,1.461451074,0.164143849,0.046447848,24.606955,1,1,1,1,1,1.461451074,1,0,0.296453517,0.354891187,0.054323174,39.387511,0.376530896,0.302971755,-0.090389695,22.089273,1,1,1,1,1,0.376530896,1,0,-0.588702258,-0.399829025,0.190325023,31.595179,-0.417597573,0.760595352,0.072169565,23.133210,1,1,1,1,1,-0.417597573,1,0
6.497080,3,1,1,1,1.442651569,1.420065591,-0.024137586,41.117018,1.459198892,-0.312566164,0.056846350,24.011165,1,1,1,1,1,1.459198892,1,0,0.320511720,0.374116964,0.050676691,39.596439,0.401123815,0.929731805,-0.085078713,22.393570,1,1,1,1,1,0.401123815,1,0,-0.522573555,-0.356651452,0.166854662,32.939932,-0.387551332,1.233870254,0.062866319,23.666246,1,1,1,1,1,-0.387551332,1,0
6.531879,3,1,1,1,1.444250472,1.438981954,-0.007270532,42.083429,1.450334655,0.000000000,0.072009501,23.142381,1,1,1,1,1,1.450334655,1,0,0.345464002,0.419818612,0.072537632,38.343900,0.436401531,1.404522462,-0.079096743,22.736312,1,1,1,1,1,0.436401531,1,0,-0.522573555,-0.356651452,0.166854662,32.939932,-0.326107070,1.858161514,0.062866319,23.666246,1,1,1,1,1,-0.326107070,1,0
6.562949,3,1,1,1,1.444250472,1.415870485,-0.030431916,40.756380,1.448832441,-0.310028087,0.071344982,23.180455,1,1,1,1,1,1.448832441,1,0,0.345464002,0.388769041,0.041395861,40.128192,0.437799060,0.471829188,-0.078560092,22.767059,1,1,1,1,1,0.437799060,1,0,-0.452308423,-0.317179878,0.135682513,34.725965,-0.297991836,0.158398835,0.057965047,23.947069,1,1,1,1,1,-0.297991836,1,0
6.595960,3,1,1,1,1.448987888,1.425073542,-0.026572437,40.977512,1.446686693,-0.010604996,0.089274681,22.153159,1,1,1,1,1,1.446686693,1,0,0.379055701,0.426734383,0.046942432,39.810397,0.458901610,0.941052047,-0.069496960,23.286339,1,1,1,1,1,0.458901610,1,0,-0.378362855,-0.280900770,0.097514496,36.912831,-0.285807755,0.638642590,0.075907205,22.919059,1,1,1,1,1,-0.285807755,1,0
6.640138,3,1,1,1,1.450527682,1.440747288,-0.013025850,41.753674,1.446286182,0.005535596,0.103007216,21.366342,1,1,1,1,1,1.446286182,1,0,0.416573000,0.486222091,0.069900181,38.495015,0.477293688,0.000000000,-0.057839248,23.954276,1,1,1,1,1,0.477293688,1,0,-0.332972319,-0.256029885,0.075972977,38.147069,-0.248248738,1.260085588,0.104429571,21.284847,1,1,1,1,1,-0.248248738,1,0
6.663922,3,1,1,1,1.450527682,1.429163061,-0.024665409,41.086776,1.449726863,0.314799129,0.102630180,21.387945,1,1,1,1,1,1.449726863,1,0,0.441569919,0.512023870,0.071099856,38.426278,0.490306024,0.639370481,-0.048664552,24.479948,1,1,1,1,1,0.490306024,1,0,-0.332972319,-0.253720856,0.078352556,38.010729,-0.221431593,0.156834196,0.096969376,21.712285,1,1,1,1,1,-0.221431593,1,0
6.696907,3,1,1,1,1.448197466,1.423535912,-0.028978551,40.839651,1.460285845,0.172259211,0.116753321,20.578749,1,1,1,1,1,1.460285845,1,0,0.441569919,0.478008927,0.037049275,40.377233,0.515927466,1.101687774,-0.049260178,24.445821,1,1,1,1,1,0.515927466,1,0,-0.292401585,-0.225033459,0.064936314,38.779423,-0.209817794,0.624063495,0.118417654,20.483389,1,1,1,1,1,-0.209817794,1,0
6.730586,3,1,1,1,1.444251407,1.430839046,-0.018852473,41.419833,1.454423233,-0.462442014,0.132028090,19.703569,1,1,1,1,1,1.454423233,1,0,0.467160394,0.509158498,0.042805904,40.047402,0.521977800,0.159590409,-0.038255621,25.076335,1,1,1,1,1,0.521977800,1,0,-0.258381419,-0.199521999,0.054776980,39.361510,-0.176567403,0.000000000,0.143102649,19.069043,1,1,1,1,1,-0.176567403,1,0
6.763569,3,1,1,1,1.444251407,1.419195331,-0.030587252,40.747480,1.441320539,0.000000000,0.131529523,19.732135,1,1,1,1,1,1.441320539,1,0,0.490624593,0.540216201,0.050364138,39.614347,0.540682262,0.782998788,-0.026641430,25.741780,1,1,1,1,1,0.540682262,1,0,-0.230610775,-0.177253933,0.048236469,39.736254,-0.169506515,0.470982340,0.159092405,18.152898,1,1,1,1,1,-0.169506515,1,0
6.796400,3,1,1,1,1.444093020,1.423268140,-0.027269629,40.937565,1.446728358,0.146068759,0.144816276,18.970860,1,1,1,1,1,1.446728358,1,0,0.510742107,0.566795828,0.056635484,39.255026,0.559194629,0.155805261,-0.015852078,26.359964,1,1,1,1,1,0.559194629,1,0,-0.230610775,-0.180288234,0.045329488,39.902812,-0.148334755,0.941782782,0.154135456,18.436910,1,1,1,1,1,-0.148334755,1,0
6.830493,3,1,1,1,1.444049582,1.438520709,-0.012662004,41.774521,1.445712911,-0.001377039,0.157917702,18.220203,1,1,1,1,1,1.445712911,1,0,0.513061139,0.572007219,0.059494633,39.091209,0.571183290,0.633174695,-0.014482733,26.438422,1,1,1,1,1,0.571183290,1,0,-0.199681039,-0.151035252,0.042892742,40.042427,-0.135945601,0.142659534,0.172433304,17.388521,1,1,1,1,1,-0.135945601,1,0
6.863962,3,1,1,1,1.444049582,1.427056119,-0.024257951,41.110122,1.448237552,0.000000000,0.157383624,18.250804,1,1,1,1,1,1.448237552,1,0,0.531624097,0.595916698,0.064514974,38.803564,0.608760394,1.257549097,-0.004088261,27.033981,1,1,1,1,1,0.608760394,1,0,-0.178771418,-0.134500754,0.038311787,40.304896,-0.120993282,0.000000000,0.177796504,17.081232,1,1,1,1,1,-0.120993282,1,0
6.896656,3,1,1,1,1.442344173,1.417496783,-0.033051666,40.606279,1.453180409,-0.033844378,0.167013173,17.699071,1,1,1,1,1,1.453180409,1,0,0.552109847,0.602647397,0.050290746,39.618553,0.616051897,0.309424571,0.006449865,26.898671,1,1,1,1,1,0.616051897,1,0,-0.178771418,-0.145190632,0.027754406,40.909790,-0.113970789,0.469700052,0.169437878,17.560146,1,1,1,1,1,-0.113970789,1,0
6.929873,3,1,1,1,1.439763883,1.421113327,-0.027746973,40.910216,1.446478135,0.000000000,0.176830894,17.136557,1,1,1,1,1,1.446478135,1,0,0.552109847,0.585682656,0.033346197,40.589404,0.625027132,0.000000000,0.005616206,26.946436,1,1,1,1,1,0.625027132,1,0,-0.154965078,-0.127461226,0.021445880,41.271242,-0.101291438,0.148210210,0.175406457,17.218171,1,1,1,1,1,-0.101291438,1,0
6.962847,3,1,1,1,1.438566922,1.423923615,-0.024516150,41.095328,1.435140526,0.000000000,0.184283820,16.709536,1,1,1,1,1,1.435140526,1,0,0.577777440,0.611401516,0.032701488,40.626343,0.637902844,0.636005034,0.018619505,26.201402,1,1,1,1,1,0.637902844,1,0,-0.133917373,-0.110216426,0.017536927,41.495208,-0.089105196,0.636245523,0.180332062,16.935955,1,1,1,1,1,-0.089105196,1,0
6.996172,3,1,1,1,1.438566922,1.411801204,-0.036827125,40.389961,1.440682639,0.137886716,0.183603169,16.748534,1,1,1,1,1,1.440682639,1,0,0.603441031,0.634515926,0.029345600,40.818621,0.645487016,0.151401848,0.031475967,25.464781,1,1,1,1,1,0.645487016,1,0,-0.116838977,-0.094485337,0.016386709,41.561111,-0.079282420,0.330579616,0.181705985,16.857235,1,1,1,1,1,-0.079282420,1,0
7.036365,3,1,1,1,1.437365905,1.426112608,-0.021733641,41.254754,1.439541079,-0.005755351,0.189253265,16.424808,1,1,1,1,1,1.439541079,1,0,0.603441031,0.634515926,0.029345600,40.818621,0.657187154,0.624894540,0.031475967,25.464781,1,1,1,1,1,0.657187154,1,0,-0.116838977,-0.094485337,0.016386709,41.561111,-0.063696888,0.000000000,0.181705985,16.857235,1,1,1,1,1,-0.063696888,1,0
7.077521,3,1,1,1,1.434314014,1.417263597,-0.027576957,40.919957,1.439845123,0.012115474,0.187781833,16.509115,1,1,1,1,1,1.439845123,1,0,0.640285178,0.672276313,0.028558259,40.863732,0.679941822,0.151457077,0.053839045,24.183471,1,1,1,1,1,0.679941822,1,0,-0.103551948,-0.090243954,0.007759568,42.055410,-0.056247567,0.181246476,0.176546965,17.152825,1,1,1,1,1,-0.056247567,1,0
7.096496,3,1,1,1,1.434314014,1.417263597,-0.027576957,40.919957,1.438278254,0.000000000,0.187781833,16.509115,1,1,1,1,1,1.438278254,1,0,0.640285178,0.672276313,0.028558259,40.863732,0.686072692,0.464269557,0.053839045,24.183471,1,1,1,1,1,0.686072692,1,0,-0.087134587,-0.065110989,0.017336346,41.506701,-0.049912971,0.481515833,0.173816778,17.309253,1,1,1,1,1,-0.049912971,1,0
7.130773,3,1,1,1,1.433417432,1.405907557,-0.034237725,40.538323,1.443662921,0.151114000,0.153869465,18.452150,1,1,1,1,1,1.443662921,1,0,0.654149990,0.671109960,0.012942699,41.758438,0.706934412,0.933239770,0.063640198,23.621906,1,1,1,1,1,0.706934412,1,0,-0.071627442,-0.060962790,0.006906049,42.104313,-0.049438806,0.134946296,0.161427816,18.019089,1,1,1,1,1,-0.049438806,1,0
7.163494,3,1,1,1,1.435033161,1.405831521,-0.030277451,40.765230,1.437277904,-0.472680308,0.079431168,22.717150,1,1,1,1,1,1.437277904,1,0,0.654149990,0.654244279,-0.003920612,42.275365,0.724055541,-0.323983277,0.062540193,23.684932,1,1,1,1,1,0.724055541,1,0,-0.071627442,-0.070566147,-0.002759136,42.341913,-0.038886561,0.000000000,0.158965005,18.160197,1,1,1,1,1,-0.038886561,1,0
7.198954,3,1,1,1,1.436151319,1.408562054,-0.028712256,40.854909,1.420213880,0.000000000,-0.032577945,25.401642,1,1,1,1,1,1.420213880,1,0,0.671768463,0.676052753,0.000820107,42.453011,0.713269314,-0.168994453,0.079085575,22.736951,1,1,1,1,1,0.713269314,1,0,-0.057632540,-0.057602035,-0.001703517,42.402396,-0.032025317,0.464276139,0.144882486,18.967066,1,1,1,1,1,-0.032025317,1,0
7.236027,3,1,1,1,1.432540505,1.408409168,-0.031587313,40.690180,1.424934370,0.128979516,-0.106552836,21.163193,1,1,1,1,1,1.424934370,1,0,0.697614203,0.700830712,0.002991504,42.328599,0.715200145,0.298693739,0.098539372,21.622331,1,1,1,1,1,0.715200145,1,0,-0.046694085,-0.046092303,0.001943894,42.388623,-0.011760973,0.000000000,0.125626256,20.070367,1,1,1,1,1,-0.011760973,1,0
7.272649,3,1,1,1,1.431195780,1.397948015,-0.042189132,40.082741,1.423329920,-0.029847345,-0.116693587,20.582171,1,1,1,1,1,1.423329920,1,0,0.697614203,0.684055236,-0.013865514,41.705565,0.730301684,0.119016976,0.098465824,21.626545,1,1,1,1,1,0.730301684,1,0,-0.046694085,-0.056656088,-0.008716317,42.000592,-0.004255486,0.173680531,0.123843667,20.172502,1,1,1,1,1,-0.004255486,1,0
7.300718,3,1,1,1,1.431195780,1.397948015,-0.042189132,40.082741,1.424389338,0.000000000,-0.116693587,20.582171,1,1,1,1,1,1.424389338,1,0,0.712297296,0.709028011,-0.000797848,42.454287,0.740837418,0.587498828,0.107715362,21.096585,1,1,1,1,1,0.740837418,1,0,-0.029152030,-0.017238022,0.017220626,41.513331,0.002243974,0.484098631,0.089766108,22.125002,1,1,1,1,1,0.002243974,1,0
7.338339,3,1,1,1,1.410387736,1.413952662,-0.016999996,41.525972,1.431053123,-0.113481992,-0.180543071,16.923865,1,1,1,1,1,1.431053123,1,0,0.726896997,0.726942773,0.005778237,42.168931,0.774908148,0.000000000,0.115270978,20.663681,1,1,1,1,1,0.774908148,1,0,-0.014592450,0.004394084,0.024961494,41.069812,0.013609820,0.308632120,0.067933190,23.375936,1,1,1,1,1,0.013609820,1,0
7.363433,3,1,1,1,1.410387736,1.387207714,-0.043995428,39.979248,1.433150395,0.053736864,-0.177438429,17.101748,1,1,1,1,1,1.433150395,1,0,0.739347730,0.730743927,-0.000729434,42.458207,0.775649250,-0.156289663,0.118888264,20.456425,1,1,1,1,1,0.775649250,1,0,-0.014592450,-0.024929684,-0.004629929,42.234725,0.022971286,0.623981515,0.066754533,23.443468,1,1,1,1,1,0.022971286,1,0
7.411859,3,1,1,1,1.401218549,1.377114453,-0.048747756,39.706959,1.415690277,-0.742572177,-0.192562941,16.235177,1,1,1,1,1,1.415690277,1,0,0.757683448,0.740064817,-0.008980648,41.985447,0.771778201,-0.008385256,0.116754916,20.578657,1,1,1,1,1,0.771778201,1,0,0.000766653,-0.015749424,-0.011380465,41.847947,0.072675108,0.000000000,0.050625671,24.367584,1,1,1,1,1,0.072675108,1,0
7.445712,3,1,1,1,1.396504631,1.395868620,-0.028590817,40.861867,1.415238859,0.305494125,-0.213826137,15.016886,1,1,1,1,1,1.415238859,1,0,0.757683448,0.740064817,-0.008980648,41.985447,0.772523718,0.153269179,0.116754916,20.578657,1,1,1,1,1,0.772523718,1,0,0.016780004,0.030552595,0.017888992,41.475036,0.079734381,0.470928446,0.036439298,25.180403,1,1,1,1,1,0.079734381,1,0
7.475975,3,1,1,1,1.393754020,1.400171572,-0.024108113,41.118707,1.418332485,0.085245279,-0.229486965,14.119587,1,1,1,1,1,1.418332485,1,0,0.771546404,0.754932982,-0.008081676,42.036954,0.799671221,0.936138549,0.111463005,20.881861,1,1,1,1,1,0.799671221,1,0,0.034207100,0.063107748,0.031798202,40.678097,0.088601913,0.312458046,0.024357415,25.872644,1,1,1,1,1,0.088601913,1,0
7.516832,3,1,1,1,1.393754020,1.386273848,-0.038247818,40.308561,1.426466026,0.252340623,-0.227621891,14.226447,1,1,1,1,1,1.426466026,1,0,0.783949338,0.774747706,-0.001043912,42.440188,0.817373266,-0.177072289,0.103158690,21.357664,1,1,1,1,1,0.817373266,1,0,0.034207100,0.042951324,0.011597242,41.835527,0.104883044,0.780459391,0.025093441,25.830473,1,1,1,1,1,0.104883044,1,0
7.534867,3,1,1,1,1.390389672,1.406806753,-0.015395604,41.617897,1.429155061,0.152947417,-0.238890905,13.580781,1,1,1,1,1,1.429155061,1,0,0.783949338,0.774747706,-0.001043912,42.440188,0.818655408,0.149012274,0.103158690,21.357664,1,1,1,1,1,0.818655408,1,0,0.057021760,0.107135755,0.051539286,39.547016,0.135141084,1.248879982,0.010252117,26.680818,1,1,1,1,1,0.135141084,1,0
7.564374,3,1,1,1,1.390389672,1.379518279,-0.043211295,40.024175,1.428274082,0.004187507,-0.235200747,13.792211,1,1,1,1,1,1.428274082,1,0,0.798000378,0.784097650,-0.006490254,42.128136,0.837199698,0.777682914,0.092884864,21.946310,1,1,1,1,1,0.837199698,1,0,0.083113885,0.138614226,0.055340717,39.329210,0.180236761,1.725231492,-0.004347007,27.019156,1,1,1,1,1,0.180236761,1,0
7.599152,3,1,1,1,1.390451369,1.392301027,-0.028666771,40.857515,1.433844729,0.156933753,-0.231187939,14.022128,1,1,1,1,1,1.433844729,1,0,0.810685585,0.802043222,-0.002874235,42.335318,0.866981845,0.934735404,0.080219751,22.671968,1,1,1,1,1,0.866981845,1,0,0.083113885,0.113363507,0.030102967,40.775227,0.260855962,2.347157982,-0.002939365,27.099808,1,1,1,1,1,0.260855962,1,0
7.668329,3,1,1,1,1.395071016,1.386616694,-0.036190237,40.426452,1.431382946,-0.150557278,-0.217074533,14.830767,1,1,1,1,1,1.431382946,1,0,0.828959645,0.809690903,-0.016788228,41.538105,0.894792014,0.006931971,0.059874217,23.837681,1,1,1,1,1,0.894792014,1,0,0.153670627,0.228318845,0.072584887,38.341192,0.286815430,0.802311540,-0.027034370,25.719266,1,1,1,1,1,0.286815430,1,0
7.670960,3,1,1,1,1.395071016,1.386616694,-0.036190237,40.426452,1.431382946,-0.150557278,-0.217074533,14.830767,1,1,1,1,1,1.431382946,1,0,0.828959645,0.809690903,-0.016788228,41.538105,0.894792014,0.006931971,0.059874217,23.837681,1,1,1,1,1,0.894792014,1,0,0.153670627,0.228318845,0.072584887,38.341192,0.286815430,0.802311540,-0.027034370,25.719266,1,1,1,1,1,0.286815430,1,0
7.697475,3,1,1,1,1.402046773,1.397696391,-0.029861587,40.789057,1.431190668,0.000000000,-0.204198560,15.568505,1,1,1,1,1,1.431190668,1,0,0.852687826,0.831989793,-0.020700634,41.313941,0.882328532,-0.625779433,0.038106734,25.084866,1,1,1,1,1,0.882328532,1,0,0.209690650,0.303857459,0.091916603,37.233567,0.317539234,1.268432328,-0.034335693,25.300931,1,1,1,1,1,0.317539234,1,0
7.732112,3,1,1,1,1.405714146,1.422409628,-0.010408736,41.903623,1.439553838,0.000000000,-0.202580273,15.661226,1,1,1,1,1,1.439553838,1,0,0.852687826,0.831989793,-0.020700634,41.313941,0.882426934,0.162672689,0.038106734,25.084866,1,1,1,1,1,0.882426934,1,0,0.209690650,0.303857459,0.091916603,37.233567,0.382069552,1.906882354,-0.034335693,25.300931,1,1,1,1,1,0.382069552,1,0
7.769538,3,1,1,1,1.405097995,1.424158463,-0.013082991,41.750400,1.446482745,0.466559779,-0.203276244,15.621350,1,1,1,1,1,1.446482745,1,0,0.879927403,0.842737700,-0.038044298,40.320222,0.890675328,0.482451965,0.020514644,26.092819,1,1,1,1,1,0.890675328,1,0,0.267667333,0.347088031,0.077440710,38.062974,0.467664239,2.515002329,-0.033479860,25.349966,1,1,1,1,1,0.467664239,1,0
7.815658,3,1,1,1,1.406122544,1.424663587,-0.015359998,41.619937,1.464169413,-0.015685972,-0.195459335,16.069226,1,1,1,1,1,1.464169413,1,0,0.892364931,0.843590627,-0.049629393,39.656445,0.905714258,0.140858710,0.016115086,26.344895,1,1,1,1,1,0.905714258,1,0,0.322150679,0.386512113,0.062774286,38.903298,0.555851906,0.000000000,-0.027136679,25.713404,1,1,1,1,1,0.555851906,1,0
7.837662,3,1,1,1,1.406122544,1.424663587,-0.015359998,41.619937,1.463073589,-0.165269215,-0.195459335,16.069226,1,1,1,1,1,1.463073589,1,0,0.896264581,0.881225527,-0.015785849,41.595538,0.911378737,0.000000000,0.020239698,26.108572,1,1,1,1,1,0.911378737,1,0,0.383672892,0.524851744,0.139948033,34.481568,0.559174959,0.323104950,-0.023517884,25.920746,1,1,1,1,1,0.559174959,1,0
7.868446,3,1,1,1,1.415238165,1.439279904,-0.005423756,42.189242,1.461502935,0.000000000,-0.174619087,17.263284,1,1,1,1,1,1.461502935,1,0,0.897430767,0.904336380,0.006571099,42.123504,0.909605152,0.108068588,0.023873454,25.900373,1,1,1,1,1,0.909605152,1,0,0.383672892,0.481463166,0.096577005,36.966545,0.576271884,0.800944790,-0.021786583,26.019942,1,1,1,1,1,0.576271884,1,0
7.897083,3,1,1,1,1.415238165,1.426167283,-0.018547070,41.437331,1.466605056,0.000000000,-0.172416188,17.389501,1,1,1,1,1,1.466605056,1,0,0.897430767,0.889119488,-0.008648013,42.004505,0.919851158,0.577552231,0.023623741,25.914680,1,1,1,1,1,0.919851158,1,0,0.465968935,0.598819904,0.131979849,34.938112,0.606672735,1.263559828,-0.017435477,26.269242,1,1,1,1,1,0.606672735,1,0
7.931929,3,1,1,1,1.430256987,1.453751752,0.002043672,42.382906,1.478256442,0.000000000,-0.142177158,19.122070,1,1,1,1,1,1.478256442,1,0,0.901061661,0.931678420,0.030665774,40.742981,0.956130914,1.213807540,0.022821825,25.960627,1,1,1,1,1,0.956130914,1,0,0.465968935,0.598819904,0.131979849,34.938112,0.669428113,1.888941975,-0.017435477,26.269242,1,1,1,1,1,0.669428113,1,0
7.964558,3,1,1,1,1.448748376,1.473477557,0.012589024,41.778702,1.485589038,0.479958640,-0.098126648,21.645978,1,1,1,1,1,1.485589038,1,0,0.901061661,0.915990692,0.014973989,41.642054,0.958340575,0.318076611,0.022821862,25.960625,1,1,1,1,1,0.958340575,1,0,0.542932322,0.707053277,0.163584426,33.127303,0.732089767,2.353014177,-0.013360696,26.502710,1,1,1,1,1,0.732089767,1,0
7.996570,3,1,1,1,1.464293349,1.478923887,0.008895968,41.990299,1.497685895,0.143109331,-0.056810530,24.013218,1,1,1,1,1,1.497685895,1,0,0.912474265,0.932248236,0.019830002,41.363825,0.964892124,0.000000000,0.016954716,26.296787,1,1,1,1,1,0.964892124,1,0,0.610620482,0.762315291,0.151554272,33.816580,0.811478211,2.833855542,-0.006643005,26.887605,1,1,1,1,1,0.811478211,1,0
8.050144,3,1,1,1,1.479145144,1.484470452,0.003690608,42.288544,1.511160243,0.144212957,-0.020404016,26.099157,1,1,1,1,1,1.511160243,1,0,0.928410117,0.935603775,0.007187697,42.088175,0.984728286,0.789412051,0.012564579,26.548324,1,1,1,1,1,0.984728286,1,0,0.681441155,0.821722793,0.140497078,34.450110,0.972505439,3.617949253,0.001166963,27.201359,1,1,1,1,1,0.972505439,1,0
8.068850,3,1,1,1,1.479145144,1.484470452,0.003690608,42.288544,1.511814503,-0.015594819,-0.020404016,26.099157,1,1,1,1,1,1.511814503,1,0,0.952144510,0.978193640,0.026030778,41.008546,0.983879589,0.156637312,0.009241679,26.738712,1,1,1,1,1,0.983879589,1,0,0.681441155,0.821722793,0.140497078,34.450110,0.990780002,0.162178359,0.001166963,27.201359,1,1,1,1,1,0.990780002,1,0
8.096950,3,1,1,1,1.496156244,1.506086728,0.010864864,41.877489,1.513522518,0.129129982,0.016414787,26.327723,1,1,1,1,1,1.513522518,1,0,0.952144510,0.962544906,0.010381547,41.905181,0.995673827,0.628539699,0.009178014,26.742360,1,1,1,1,1,0.995673827,1,0,0.767951906,0.916376181,0.148834840,33.972392,1.002788889,0.635273279,0.008472704,26.782771,1,1,1,1,1,1.002788889,1,0
8.131542,3,1,1,1,1.496156244,1.493853661,-0.001350881,42.422600,1.522734860,0.159070601,0.017096619,26.288657,1,1,1,1,1,1.522734860,1,0,0.973441966,0.989283039,0.015853376,41.591668,1.017678950,0.000000000,0.007228837,26.854039,1,1,1,1,1,1.017678950,1,0,0.885599945,1.016747888,0.131587446,34.960595,1.040451909,1.259678846,0.014940174,26.412212,1,1,1,1,1,1.040451909,1,0
8.163411,3,1,1,1,1.511666157,1.530702676,0.020531298,41.323643,1.534657770,0.632354880,0.056179275,24.049386,1,1,1,1,1,1.534657770,1,0,0.987307422,1.023421078,0.036141837,40.429225,1.020836433,0.314952753,0.005174687,26.971733,1,1,1,1,1,1.020836433,1,0,0.885599945,1.016747888,0.131587446,34.960595,1.084407303,1.722698536,0.014940174,26.412212,1,1,1,1,1,1.084407303,1,0
8.197200,3,1,1,1,1.520129251,1.535446523,0.015988327,41.583936,1.544039074,0.311600344,0.084917793,22.402790,1,1,1,1,1,1.544039074,1,0,1.000156375,1.024142723,0.024001985,41.124788,1.027306643,0.160690359,0.002456647,27.127466,1,1,1,1,1,1.027306643,1,0,0.978363718,1.039568268,0.061552432,38.973305,1.128138701,0.000000000,0.019001905,26.179492,1,1,1,1,1,1.128138701,1,0
8.231040,3,1,1,1,1.520129251,1.523822609,0.004322722,42.252326,1.554159804,0.143873979,0.085010385,22.397485,1,1,1,1,1,1.554159804,1,0,1.000156375,1.008593996,0.008453400,42.015656,1.033609128,0.473095956,0.002524863,27.123557,1,1,1,1,1,1.033609128,1,0,1.051531054,1.112538567,0.061198210,38.993601,1.134958985,0.462888246,0.021819695,26.018045,1,1,1,1,1,1.134958985,1,0
8.263036,3,1,1,1,1.529372210,1.544246555,0.015109849,41.634269,1.560344662,0.000000000,0.108764241,21.036489,1,1,1,1,1,1.560344662,1,0,1.014475159,1.030346956,0.015872790,41.590556,1.052737666,0.157197490,-0.000804834,27.222108,1,1,1,1,1,1.052737666,1,0,1.105281108,1.185052691,0.079761412,37.930008,1.165871113,1.088760152,0.026916829,25.726000,1,1,1,1,1,1.165871113,1,0
8.296516,3,1,1,1,1.542518805,1.566404038,0.025127826,41.060282,1.561324953,0.159891201,0.124126498,20.156297,1,1,1,1,1,1.561324953,1,0,1.027153861,1.049240044,0.022140787,41.231426,1.064223366,0.620922672,-0.002496615,27.125176,1,1,1,1,1,1.064223366,1,0,1.105281108,1.138972377,0.033676985,40.570451,1.206294907,1.566955526,0.026439378,25.753356,1,1,1,1,1,1.206294907,1,0
8.329293,3,1,1,1,1.542518805,1.566404038,0.025127826,41.060282,1.573007398,0.626562082,0.124126498,20.156297,1,1,1,1,1,1.573007398,1,0,1.041209234,1.086581792,0.045484785,39.893914,1.090099163,1.094740660,-0.001192216,27.199912,1,1,1,1,1,1.090099163,1,0,1.135302606,1.231935355,0.096522077,36.969692,1.267334947,0.000000000,0.035019164,25.261771,1,1,1,1,1,1.267334947,1,0
8.362834,3,1,1,1,1.552785053,1.579135205,0.028360780,40.875047,1.586532287,0.472602711,0.131494220,19.734157,1,1,1,1,1,1.586532287,1,0,1.041209234,1.070625867,0.029549120,40.806960,1.099131230,0.150845880,-0.001995673,27.153878,1,1,1,1,1,1.099131230,1,0,1.164513358,1.282097772,0.117708268,35.755813,1.269573651,0.148516279,0.047887348,24.524478,1,1,1,1,1,1.269573651,1,0
8.397228,3,1,1,1,1.564129408,1.583802974,0.021552408,41.265138,1.594602991,0.314290301,0.138973275,19.305639,1,1,1,1,1,1.594602991,1,0,1.057814343,1.074807756,0.017145039,41.517662,1.109166017,0.299509658,-0.001321127,27.192526,1,1,1,1,1,1.109166017,1,0,1.164513358,1.197086979,0.032623597,40.630806,1.281229558,0.623087638,0.047384761,24.553274,1,1,1,1,1,1.281229558,1,0
8.440367,3,1,1,1,1.575438080,1.598943363,0.024224937,41.112013,1.613656991,0.314974493,0.145394761,18.937715,1,1,1,1,1,1.613656991,1,0,1.076584862,1.091534638,0.015033345,41.638653,1.112268104,-0.002641545,-0.000158998,27.259111,1,1,1,1,1,1.112268104,1,0,1.203782317,1.248377771,0.045454927,39.895625,1.318311161,1.246270890,0.063323481,23.640053,1,1,1,1,1,1.318311161,1,0
8.463377,3,1,1,1,1.575438080,1.587776720,0.012939369,41.758629,1.615134000,-0.156252577,0.145460288,18.933961,1,1,1,1,1,1.615134000,1,0,1.095268627,1.107014478,0.011800732,41.823868,1.113663426,-0.010157743,0.000104251,27.262248,1,1,1,1,1,1.113663426,1,0,1.250897609,1.302930530,0.054219935,39.393427,1.363433902,1.723590387,0.077813331,22.809846,1,1,1,1,1,1.363433902,1,0
8.497087,3,1,1,1,1.589206602,1.605593715,0.015040051,41.638269,1.612782984,-0.000189909,0.150425009,18.649503,1,1,1,1,1,1.612782984,1,0,1.096895117,1.093951118,-0.002804227,42.339330,1.118638910,0.000000000,-0.001466151,27.184217,1,1,1,1,1,1.118638910,1,0,1.297079569,1.355140507,0.061335046,38.985761,1.415655289,1.560779296,0.088133616,22.218537,1,1,1,1,1,1.415655289,1,0
8.532454,3,1,1,1,1.604086834,1.636134862,0.028920358,40.842986,1.625385687,0.629226215,0.152056469,18.556027,1,1,1,1,1,1.625385687,1,0,1.111969649,1.126843818,0.014850889,41.649107,1.131197292,0.628118788,0.001023205,27.209596,1,1,1,1,1,1.131197292,1,0,1.301838102,1.363938052,0.065463288,38.749230,1.465363923,0.935087812,0.088862845,22.176755,1,1,1,1,1,1.465363923,1,0
8.563439,3,1,1,1,1.604086834,1.625437895,0.018100661,41.462908,1.639821499,0.160704983,0.151852876,18.567692,1,1,1,1,1,1.639821499,1,0,1.119693474,1.143865461,0.023191939,41.171200,1.139798728,0.304692406,0.011048962,26.635162,1,1,1,1,1,1.139798728,1,0,1.341483896,1.392786779,0.055089615,39.343598,1.486381312,0.462718585,0.095286672,21.808697,1,1,1,1,1,1.486381312,1,0
8.598506,3,1,1,1,1.612196287,1.626143937,0.009288058,41.967833,1.642196982,0.313752743,0.149817334,18.684320,1,1,1,1,1,1.642196982,1,0,1.119693474,1.111673282,-0.008840248,41.993491,1.150097145,0.169367077,0.007829542,26.819621,1,1,1,1,1,1.150097145,1,0,1.398595367,1.396650055,0.002081818,42.380721,1.493190038,-0.014354361,0.104378936,21.287749,1,1,1,1,1,1.493190038,1,0
8.646415,3,1,1,1,1.619970588,1.640667947,0.014433659,41.673012,1.663554545,0.156448738,0.145979302,18.904223,1,1,1,1,1,1.663554545,1,0,1.122833833,1.119674085,-0.005262185,42.198499,1.148640056,-0.162503294,0.025397540,25.813049,1,1,1,1,1,1.148640056,1,0,1.455258363,1.434850334,-0.015957691,41.585692,1.488186790,-0.160634800,0.112829533,20.803565,1,1,1,1,1,1.488186790,1,0
8.663666,3,1,1,1,1.627451759,1.652216524,0.016621940,41.547633,1.664333528,0.001933053,0.141589033,19.155767,1,1,1,1,1,1.664333528,1,0,1.128087457,1.129607325,-0.001410756,42.419170,1.143601215,0.000000000,0.052438010,24.263744,1,1,1,1,1,1.143601215,1,0,1.455258363,1.400893809,-0.050107239,39.629067,1.486862550,0.158920794,0.113991336,20.736999,1,1,1,1,1,1.486862550,1,0
8.696699,3,1,1,1,1.628479003,1.644368019,0.007415474,42.075125,1.659779120,0.000000000,0.140486323,19.218948,1,1,1,1,1,1.659779120,1,0,1.136659190,1.141563308,0.002709500,42.344757,1.152782190,0.000000000,0.080393425,22.662017,1,1,1,1,1,1.152782190,1,0,1.494757693,1.434755722,-0.055279750,39.332704,1.497157585,0.325255323,0.122601115,20.243695,1,1,1,1,1,1.497157585,1,0
8.730417,3,1,1,1,1.638516472,1.657494550,0.008086513,42.036677,1.664202440,0.000000000,0.135196695,19.522021,1,1,1,1,1,1.664202440,1,0,1.136659190,1.125935853,-0.012961875,41.757339,1.159787148,0.469113281,0.079946370,22.687632,1,1,1,1,1,1.159787148,1,0,1.514713200,1.478433239,-0.028730654,40.853855,1.506151496,0.000000000,0.138467043,19.334644,1,1,1,1,1,1.506151496,1,0
8.764079,3,1,1,1,1.646996841,1.680023483,0.020071907,41.349964,1.677004749,0.634189555,0.130255989,19.805103,1,1,1,1,1,1.677004749,1,0,1.145829957,1.155759032,0.009508728,41.955190,1.168524684,0.472674559,0.099275175,21.580173,1,1,1,1,1,1.168524684,1,0,1.515363681,1.484294271,-0.023020657,41.181014,1.507976656,0.111392849,0.140092962,19.241486,1,1,1,1,1,1.507976656,1,0
8.797009,3,1,1,1,1.646996841,1.669528655,0.009540149,41.953390,1.681450149,0.318851925,0.129216802,19.864644,1,1,1,1,1,1.681450149,1,0,1.152338218,1.163383734,0.011718288,41.828592,1.173651291,0.317036509,0.104468772,21.282601,1,1,1,1,1,1.173651291,1,0,1.519528258,1.515303728,0.012553120,41.780759,1.518233507,0.578478043,0.163135598,17.921240,1,1,1,1,1,1.518233507,1,0
8.838039,3,1,1,1,1.654565192,1.672689813,0.005327312,42.194768,1.700608327,0.320150754,0.117735898,20.522451,1,1,1,1,1,1.700608327,1,0,1.160531535,1.159536306,0.000453799,42.473999,1.192380240,0.321895641,0.105258493,21.237354,1,1,1,1,1,1.192380240,1,0,1.527153942,1.524971585,0.030583040,40.747721,1.555822924,1.231074016,0.194688301,16.113403,1,1,1,1,1,1.555822924,1,0
8.864264,3,1,1,1,1.660908967,1.689343166,0.017944964,41.471829,1.703151216,-0.150363929,0.107494723,21.109227,1,1,1,1,1,1.703151216,1,0,1.160531535,1.159536306,0.000453799,42.473999,1.195678431,0.001037919,0.105258493,21.237354,1,1,1,1,1,1.195678431,1,0,1.527153942,1.524971585,0.030583040,40.747721,1.581454082,1.523407302,0.194688301,16.113403,1,1,1,1,1,1.581454082,1,0
8.897475,3,1,1,1,1.672556056,1.688869593,0.009797497,41.938645,1.692959412,0.000000000,0.089650596,22.131620,1,1,1,1,1,1.692959412,1,0,1.168101877,1.150187711,-0.016713504,41.542387,1.183062906,-0.629547035,0.108645648,21.043284,1,1,1,1,1,1.183062906,1,0,1.543719425,1.536636933,0.032266940,40.651240,1.629055829,-0.315801894,0.222152876,14.539799,1,1,1,1,1,1.629055829,1,0
8.941905,3,1,1,1,1.686330022,1.698589421,0.009073003,41.980155,1.696766049,0.168512344,0.072483724,23.115210,1,1,1,1,1,1.696766049,1,0,1.178134314,1.161258882,-0.018859610,41.419424,1.188145983,0.155261342,0.127283595,19.975408,1,1,1,1,1,1.188145983,1,0,1.565738472,1.564578749,0.028011521,40.895058,1.612810752,-0.303441989,0.237981148,13.632906,1,1,1,1,1,1.612810752,1,0
8.967704,3,1,1,1,1.686330022,1.698589421,0.009073003,41.980155,1.708542392,0.631158546,0.072483724,23.115210,1,1,1,1,1,1.708542392,1,0,1.181559293,1.187730139,-0.004988476,42.214181,1.194477827,0.472257167,0.163124921,17.921852,1,1,1,1,1,1.194477827,1,0,1.565738472,1.564578749,0.028011521,40.895058,1.614557253,0.156858355,0.237981148,13.632906,1,1,1,1,1,1.614557253,1,0
8.999902,3,1,1,1,1.697232287,1.710111887,0.011521832,41.839848,1.711125726,0.317347244,0.056919150,24.006994,1,1,1,1,1,1.711125726,1,0,1.181278401,1.174966855,-0.019087582,41.406362,1.197057381,0.309670652,0.166424844,17.732780,1,1,1,1,1,1.197057381,1,0,1.594010568,1.596243672,0.009472268,41.957279,1.626455678,0.631192994,0.252586213,12.796097,1,1,1,1,1,1.626455678,1,0
9.031675,3,1,1,1,1.702488023,1.706477271,0.002960819,42.330358,1.732103525,0.147503100,0.049440163,24.435508,1,1,1,1,1,1.732103525,1,0,1.173695620,1.169768141,-0.032095616,40.661057,1.206917517,-0.161701025,0.199966470,15.810986,1,1,1,1,1,1.206917517,1,0,1.614987757,1.607229506,-0.028514815,40.866221,1.678050879,0.157723471,0.266805664,11.981383,1,1,1,1,1,1.678050879,1,0
9.076001,3,1,1,1,1.707346982,1.703262413,-0.005794990,42.167972,1.729446638,-0.324385134,0.055403620,24.093828,1,1,1,1,1,1.729446638,1,0,1.162807990,1.162592669,-0.041680564,40.111880,1.197065070,0.000000000,0.218583381,14.744316,1,1,1,1,1,1.197065070,1,0,1.617782190,1.622834555,-0.036105056,40.431333,1.684193195,0.466736823,0.280553968,11.193663,1,1,1,1,1,1.684193195,1,0
9.096517,3,1,1,1,1.707346982,1.703262413,-0.005794990,42.167972,1.719938472,-0.635557687,0.055403620,24.093828,1,1,1,1,1,1.719938472,1,0,1.162807990,1.162592669,-0.041680564,40.111880,1.193955721,-0.312542900,0.218583381,14.744316,1,1,1,1,1,1.193955721,1,0,1.617782190,1.622834555,-0.036105056,40.431333,1.696957139,0.786660267,0.280553968,11.193663,1,1,1,1,1,1.696957139,1,0
9.132996,3,1,1,1,1.712962542,1.711763663,-0.005920814,42.160762,1.724761742,0.000000000,0.085480617,22.370543,1,1,1,1,1,1.724761742,1,0,1.156177540,1.167712898,-0.035876429,40.444432,1.197962198,0.312528449,0.223497103,14.462780,1,1,1,1,1,1.197962198,1,0,1.618024572,1.657102103,-0.005342455,42.193900,1.738936703,1.103648992,0.284759970,10.952677,1,1,1,1,1,1.738936703,1,0
9.162604,3,1,1,1,1.712962542,1.711763663,-0.005920814,42.160762,1.727827487,0.310343691,0.085480617,22.370543,1,1,1,1,1,1.727827487,1,0,1.152263608,1.187722668,-0.013029500,41.753465,1.201064217,-0.014874656,0.222635687,14.512136,1,1,1,1,1,1.201064217,1,0,1.630870810,1.707225675,0.041804450,40.104781,1.765039574,0.630868624,0.261929092,12.260790,1,1,1,1,1,1.765039574,1,0
9.196842,3,1,1,1,1.714678000,1.716871761,-0.008380837,42.019813,1.732693776,0.313528732,0.127322349,19.973188,1,1,1,1,1,1.732693776,1,0,1.150494632,1.188491922,-0.009709723,41.943674,1.198420195,-0.326570316,0.214956536,14.952119,1,1,1,1,1,1.198420195,1,0,1.664074095,1.730572782,0.047653253,39.769670,1.776894982,0.159833019,0.195486339,16.067679,1,1,1,1,1,1.776894982,1,0
9.235334,3,1,1,1,1.711593550,1.713993184,-0.016940659,41.529372,1.747822209,0.470936394,0.173061566,17.352524,1,1,1,1,1,1.747822209,1,0,1.150494632,1.158000768,-0.040118118,40.201401,1.194119820,-0.169674576,0.208187256,15.339970,1,1,1,1,1,1.194119820,1,0,1.664074095,1.676484687,-0.007198205,42.087573,1.774640464,-0.310442211,0.190318731,16.363761,1,1,1,1,1,1.774640464,1,0
9.265275,3,1,1,1,1.706052225,1.722096930,-0.012220034,41.799844,1.754144584,-0.152176895,0.213270434,15.048725,1,1,1,1,1,1.754144584,1,0,1.151048803,1.157285617,-0.040200646,40.196673,1.187220522,0.000000000,0.200232600,15.795738,1,1,1,1,1,1.187220522,1,0,1.703500318,1.693539013,-0.018307910,41.451034,1.764070137,0.164622785,0.120382511,20.370811,1,1,1,1,1,1.764070137,1,0
9.296565,3,1,1,1,1.706052225,1.711533501,-0.022931597,41.186116,1.742388340,-0.626491098,0.211872063,15.128846,1,1,1,1,1,1.742388340,1,0,1.152669818,1.153468624,-0.043284891,40.019958,1.174857281,-0.623219600,0.189992635,16.382445,1,1,1,1,1,1.174857281,1,0,1.746260209,1.714228175,-0.034036451,40.549855,1.768449049,0.332906782,0.052225437,24.275924,1,1,1,1,1,1.768449049,1,0
9.331077,3,1,1,1,1.705246110,1.716681505,-0.021774374,41.252420,1.738956166,0.001017201,0.231358907,14.012332,1,1,1,1,1,1.738956166,1,0,1.153360176,1.146741980,-0.046213461,39.852164,1.170092458,0.017627712,0.175689219,17.201970,1,1,1,1,1,1.170092458,1,0,1.777653664,1.741115932,-0.036609521,40.402429,1.794053918,0.956675297,0.004806808,26.992811,1,1,1,1,1,1.794053918,1,0
9.364230,3,1,1,1,1.707820993,1.732569579,-0.010628362,41.891040,1.740268035,0.304400583,0.241823867,13.412734,1,1,1,1,1,1.740268035,1,0,1.153360176,1.146741980,-0.046213461,39.852164,1.163983453,0.149472109,0.175689219,17.201970,1,1,1,1,1,1.163983453,1,0,1.777653664,1.741115932,-0.036609521,40.402429,1.828618454,1.149437611,0.004806808,26.992811,1,1,1,1,1,1.828618454,1,0
9.396636,3,1,1,1,1.707820993,1.722191387,-0.021201904,41.285220,1.743319303,0.311191089,0.240314096,13.499238,1,1,1,1,1,1.743319303,1,0,1.151337704,1.137154235,-0.047759588,39.763577,1.161423698,-0.320560449,0.158526820,18.185303,1,1,1,1,1,1.161423698,1,0,1.789437742,1.764837441,-0.024538531,41.094046,1.855726422,0.685262646,-0.014184097,26.455532,1,1,1,1,1,1.855726422,1,0
9.454518,3,1,1,1,1.706886407,1.742201406,-0.001787446,42.397587,1.751985009,-0.009533760,0.244203027,13.276418,1,1,1,1,1,1.751985009,1,0,1.147254039,1.124824694,-0.049348615,39.672533,1.144943267,0.000000000,0.139863616,19.254626,1,1,1,1,1,1.144943267,1,0,1.797628471,1.793600216,-0.004179864,42.260511,1.868478575,-0.262610317,-0.020414715,26.098544,1,1,1,1,1,1.868478575,1,0
9.475986,3,1,1,1,1.706886407,1.720626063,-0.023756349,41.138861,1.751985009,-0.009533760,0.240930547,13.463918,1,1,1,1,1,1.751985009,1,0,1.142347883,1.092137269,-0.070660018,38.451479,1.141688971,-0.319744766,0.118459101,20.481015,1,1,1,1,1,1.141688971,1,0,1.797628471,1.734487382,-0.063286636,38.873943,1.868478575,-0.262610317,-0.019646874,26.142538,1,1,1,1,1,1.868478575,1,0
9.499100,3,1,1,1,1.707442752,1.731348320,-0.012851645,41.763655,1.744428875,0.000000000,0.238648171,13.594688,1,1,1,1,1,1.744428875,1,0,1.142347883,1.092137269,-0.070660018,38.451479,1.132034781,-0.636813978,0.118459101,20.481015,1,1,1,1,1,1.132034781,1,0,1.815442624,1.791788482,-0.024294555,41.108025,1.852975198,0.000000000,-0.025480919,25.808272,1,1,1,1,1,1.852975198,1,0
9.533670,3,1,1,1,1.707666278,1.710982212,-0.033647477,40.572142,1.738924252,-0.470988010,0.234916547,13.808494,1,1,1,1,1,1.738924252,1,0,1.137261291,1.056780280,-0.095542466,37.025820,1.081086250,-1.416378251,0.098973738,21.597444,1,1,1,1,1,1.081086250,1,0,1.840581385,1.791400206,-0.050831514,39.587569,1.857543200,0.477972289,-0.034355156,25.299816,1,1,1,1,1,1.857543200,1,0
9.568627,3,1,1,1,1.711867085,1.712017453,-0.034241396,40.538113,1.738286897,-0.156903861,0.226163576,14.310003,1,1,1,1,1,1.738286897,1,0,1.129285159,1.032451126,-0.106997726,36.369482,1.078469681,-0.152229579,0.081969005,22.571743,1,1,1,1,1,1.078469681,1,0,1.858562327,1.815194915,-0.046291426,39.847697,1.862784199,0.626983542,-0.043608391,24.769644,1,1,1,1,1,1.862784199,1,0
9.600043,3,1,1,1,1.715686075,1.713086786,-0.033410606,40.585713,1.735197799,0.154951219,0.216419088,14.868321,1,1,1,1,1,1.735197799,1,0,1.129285159,1.016560887,-0.122822254,35.462803,1.066777002,-0.624908128,0.080039449,22.682299,1,1,1,1,1,1.066777002,1,0,1.865462748,1.851302575,-0.017935566,41.472368,1.899069196,0.941358368,-0.048623713,24.482288,1,1,1,1,1,1.899069196,1,0
9.640695,3,1,1,1,1.715686075,1.713086786,-0.033410606,40.585713,1.734434604,0.159148686,0.216419088,14.868321,1,1,1,1,1,1.734434604,1,0,1.113669575,1.008841389,-0.111517152,36.110538,1.037515826,0.000000000,0.069347182,23.294920,1,1,1,1,1,1.037515826,1,0,1.865462748,1.851302575,-0.017935566,41.472368,1.917505307,0.000000000,-0.048623713,24.482288,1,1,1,1,1,1.917505307,1,0
9.671134,3,1,1,1,1.716901721,1.712261740,-0.031093741,40.718460,1.734525822,-0.149875301,0.203634396,15.600830,1,1,1,1,1,1.734525822,1,0,1.090155857,0.980936730,-0.113112316,36.019142,1.030491203,-0.469771272,0.057415853,23.978535,1,1,1,1,1,1.030491203,1,0,1.869209212,1.876766804,0.003905942,42.276206,1.910252562,-0.477338143,-0.045879443,24.639523,1,1,1,1,1,1.910252562,1,0
9.706012,3,1,1,1,1.716244462,1.698345285,-0.040160656,40.198964,1.734674122,-0.135350446,0.187385706,16.531811,1,1,1,1,1,1.734674122,1,0,1.090155857,0.946339040,-0.147680540,34.038528,1.017820437,-0.786605949,0.055006015,24.116609,1,1,1,1,1,1.017820437,1,0,1.877491623,1.867759394,-0.012851275,41.763676,1.906450288,-0.329241172,-0.038717703,25.049860,1,1,1,1,1,1.906450288,1,0
9.732465,3,1,1,1,1.716244462,1.698345285,-0.040160656,40.198964,1.728806532,-0.450172776,0.187385706,16.531811,1,1,1,1,1,1.728806532,1,0,1.063109247,0.933265445,-0.131653335,34.956820,0.973429153,-1.418922910,0.044614145,24.712019,1,1,1,1,1,0.973429153,1,0,1.877491623,1.867759394,-0.012851275,41.763676,1.909706417,0.459014223,-0.038717703,25.049860,1,1,1,1,1,1.909706417,1,0
9.771177,3,1,1,1,1.716023043,1.683126170,-0.050940030,39.581351,1.705525187,0.000000000,0.168254900,17.627925,1,1,1,1,1,1.705525187,1,0,1.034628434,0.882930926,-0.152099064,33.785366,0.924529448,-0.166109701,0.032931728,25.381372,1,1,1,1,1,0.924529448,1,0,1.891934635,1.874840735,-0.020001674,41.353989,1.952037649,1.241196573,-0.037400165,25.125349,1,1,1,1,1,1.952037649,1,0
9.801012,3,1,1,1,1.716378841,1.678113438,-0.052148708,39.512099,1.710960410,-0.024969645,0.147476468,18.818442,1,1,1,1,1,1.710960410,1,0,1.001584107,0.846511621,-0.154750777,33.633434,0.905462239,-0.791584776,0.023013036,25.949671,1,1,1,1,1,0.905462239,1,0,1.902390595,1.904489554,-0.001326101,42.424020,1.996467197,1.713582310,-0.047300832,24.558083,1,1,1,1,1,1.996467197,1,0
9.834651,3,1,1,1,1.716378841,1.665881248,-0.064456116,38.806937,1.707448370,-0.333102771,0.146293753,18.886207,1,1,1,1,1,1.707448370,1,0,1.001584107,0.829499006,-0.171766984,32.658477,0.886957857,-1.099062675,0.023191073,25.939471,1,1,1,1,1,0.886957857,1,0,1.913694629,1.939432193,0.021506952,41.267742,2.031921075,-0.159730493,-0.063220590,23.645948,1,1,1,1,1,2.031921075,1,0
9.863802,3,1,1,1,1.713580295,1.671805177,-0.052027776,39.519028,1.698076432,-0.470092264,0.125726693,20.064612,1,1,1,1,1,1.698076432,1,0,0.962991691,0.808842276,-0.154047672,33.673719,0.857719997,-0.304115279,0.005635390,26.945337,1,1,1,1,1,0.857719997,1,0,1.937886408,2.005621297,0.063240459,38.876589,2.021669095,-0.313166648,-0.077830704,22.808850,1,1,1,1,1,2.021669095,1,0
9.897806,3,1,1,1,1.708224299,1.651896666,-0.063357962,38.869856,1.695767836,-0.308389605,0.102110565,21.417717,1,1,1,1,1,1.695767836,1,0,0.917592891,0.751071927,-0.168840190,32.826170,0.841539981,-0.775110516,-0.027022346,25.719955,1,1,1,1,1,0.841539981,1,0,1.937886408,1.949408532,0.006999470,42.098960,2.023377821,0.155760148,-0.074088759,23.023248,1,1,1,1,1,2.023377821,1,0
9.930074,3,1,1,1,1.702506412,1.643509907,-0.063561448,38.858197,1.680105320,0.000000000,0.082499250,22.541362,1,1,1,1,1,1.680105320,1,0,0.917592891,0.735062545,-0.184815551,31.910849,0.811330796,-1.244928047,-0.025896516,25.784460,1,1,1,1,1,0.811330796,1,0,1.977475794,1.990668721,0.009433995,41.959472,2.035363381,0.633086636,-0.075972021,22.915345,1,1,1,1,1,2.035363381,1,0
9.964390,3,1,1,1,1.695186551,1.634598224,-0.063053927,38.887276,1.667557226,-0.627861445,0.062432965,23.691076,1,1,1,1,1,1.667557226,1,0,0.863783116,0.688705260,-0.184401025,31.934600,0.748987990,-1.873073099,-0.074891286,22.977267,1,1,1,1,1,0.748987990,1,0,2.016431357,2.035548361,0.016721146,41.541949,2.060979662,1.097979014,-0.068506940,23.343063,1,1,1,1,1,2.060979662,1,0
9.998347,3,1,1,1,1.695186551,1.621031624,-0.076635332,38.109119,1.660305162,-0.147525688,0.061876611,23.722952,1,1,1,1,1,1.660305162,1,0,0.819961729,0.647728713,-0.190290992,31.597129,0.734596969,-0.310972355,-0.109643660,20.986102,1,1,1,1,1,0.734596969,1,0,2.016431357,2.008548085,-0.010311136,41.909215,2.102234897,1.581653985,-0.067308225,23.411744,1,1,1,1,1,2.102234897,1,0
10.042758,3,1,1,1,1.685800603,1.610266363,-0.076715713,38.104513,1.650543598,-0.168594481,0.045103031,24.684008,1,1,1,1,1,1.650543598,1,0,0.773249573,0.608460471,-0.191668989,31.518176,0.709043148,-0.948420150,-0.130457295,19.793569,1,1,1,1,1,0.709043148,1,0,2.044841758,2.063449250,0.017346689,41.506108,2.115764803,-0.027786099,-0.058709960,23.904388,1,1,1,1,1,2.115764803,1,0
10.070027,3,1,1,1,1.674370729,1.612892758,-0.061896069,38.953617,1.641108827,0.000000000,0.030038241,25.547157,1,1,1,1,1,1.641108827,1,0,0.773249573,0.608460471,-0.191668989,31.518176,0.673755360,-1.417074208,-0.130457295,19.793569,1,1,1,1,1,0.673755360,1,0,2.064422775,2.120198057,0.055085125,39.343855,2.118440018,0.291232550,-0.054739166,24.131898,1,1,1,1,1,2.118440018,1,0
10.096383,3,1,1,1,1.674370729,1.598519190,-0.076274500,38.129793,1.641762933,-0.160302828,0.029826160,25.559308,1,1,1,1,1,1.641762933,1,0,0.737971154,0.577291494,-0.193067233,31.438062,0.656083451,-0.313632483,-0.137573038,19.385867,1,1,1,1,1,0.656083451,1,0,2.064422775,2.095559353,0.030417728,40.757193,2.123254870,0.159082005,-0.054216415,24.161849,1,1,1,1,1,2.123254870,1,0
10.131057,3,1,1,1,1.658440457,1.571323021,-0.087116437,37.508596,1.629545424,-0.639938559,0.012060553,26.577202,1,1,1,1,1,1.629545424,1,0,0.678300044,0.524629625,-0.193335984,31.422664,0.639674689,-0.783493337,-0.140362668,19.226033,1,1,1,1,1,0.639674689,1,0,2.092177211,2.114038369,0.021579373,41.263593,2.142330069,0.790298749,-0.048531308,24.487582,1,1,1,1,1,2.142330069,1,0
10.163886,3,1,1,1,1.645641125,1.572988850,-0.072680187,38.335732,1.604451523,0.000000000,-0.001783921,27.166010,1,1,1,1,1,1.604451523,1,0,0.678300044,0.524629625,-0.193335984,31.422664,0.595705761,-1.412510684,-0.140362668,19.226033,1,1,1,1,1,0.595705761,1,0,2.113980037,2.169848536,0.055865357,39.299151,2.172654709,1.255885655,-0.041081562,24.914421,1,1,1,1,1,2.172654709,1,0
10.196589,3,1,1,1,1.645641125,1.542293421,-0.103373128,36.577156,1.597368827,-0.471709085,-0.001392829,27.188418,1,1,1,1,1,1.597368827,1,0,0.620841468,0.478053493,-0.187549240,31.754220,0.546432161,-1.882328938,-0.138999382,19.304143,1,1,1,1,1,0.546432161,1,0,2.133088219,2.179322650,0.046351804,39.844237,2.187754713,0.314276855,-0.028534519,25.633314,1,1,1,1,1,2.187754713,1,0
10.254805,3,1,1,1,1.620121849,1.527916730,-0.093077227,37.167068,1.562272622,0.000000000,-0.023677073,25.911625,1,1,1,1,1,1.562272622,1,0,0.582072878,0.453528454,-0.175140134,32.465209,0.512705910,-0.791684239,-0.137650455,19.381431,1,1,1,1,1,0.512705910,1,0,2.154090845,2.210010897,0.056022215,39.290164,2.207326578,0.485866185,-0.012593709,26.546655,1,1,1,1,1,2.207326578,1,0
10.267236,3,1,1,1,1.620121849,1.511492312,-0.109495460,36.226372,1.561658864,-0.138858867,-0.023085640,25.945511,1,1,1,1,1,1.561658864,1,0,0.582072878,0.442474155,-0.185809199,31.853917,0.504781149,-0.935803200,-0.134415281,19.566793,1,1,1,1,1,0.504781149,1,0,2.154090845,2.188304417,0.034315031,40.533894,2.212279906,0.625842893,-0.012573450,26.547816,1,1,1,1,1,2.212279906,1,0
10.304314,3,1,1,1,1.604538232,1.495058286,-0.110996966,36.140342,1.547634694,0.000000000,-0.031670085,25.453659,1,1,1,1,1,1.547634694,1,0,0.536627071,0.420572484,-0.161160152,33.266203,0.490991712,-0.471247333,-0.129774541,19.832688,1,1,1,1,1,0.490991712,1,0,2.178234905,2.220292481,0.041971047,40.095236,2.227580440,0.331414212,0.006352785,26.904233,1,1,1,1,1,2.227580440,1,0
10.331548,3,1,1,1,1.604538232,1.495058286,-0.110996966,36.140342,1.544511880,-0.313218908,-0.031670085,25.453659,1,1,1,1,1,1.544511880,1,0,0.494460043,0.413916359,-0.116941176,35.799764,0.478359109,-0.786726759,-0.113749611,20.750848,1,1,1,1,1,0.478359109,1,0,2.178234905,2.220292481,0.041971047,40.095236,2.243508250,0.781167255,0.006352785,26.904233,1,1,1,1,1,2.243508250,1,0
10.364721,3,1,1,1,1.581254779,1.460718288,-0.123025881,35.451136,1.531737877,-0.156834337,-0.038557609,25.059033,1,1,1,1,1,1.531737877,1,0,0.494460043,0.393961020,-0.136219249,34.695212,0.443196270,0.000000000,-0.108168655,21.070614,1,1,1,1,1,0.443196270,1,0,2.203413320,2.234354465,0.030192198,40.770114,2.276185626,1.279379663,0.029744928,25.563962,1,1,1,1,1,2.276185626,1,0
10.399614,3,1,1,1,1.556963085,1.442688550,-0.117994798,35.739396,1.520067010,-0.625498307,-0.044491975,24.719019,1,1,1,1,1,1.520067010,1,0,0.474851151,0.383537307,-0.114526825,35.938096,0.436013067,-0.475044168,-0.078292460,22.782394,1,1,1,1,1,0.436013067,1,0,2.226127298,2.266816052,0.038329022,40.303909,2.278974962,0.315220417,0.055630314,24.080839,1,1,1,1,1,2.278974962,1,0
10.453632,3,1,1,1,1.533316614,1.405908167,-0.132906226,34.885034,1.469026184,-1.412353698,-0.051788016,24.300986,1,1,1,1,1,1.469026184,1,0,0.460743556,0.368050360,-0.102017962,36.654801,0.403013936,0.000000000,-0.035315745,25.244778,1,1,1,1,1,0.403013936,1,0,2.247628847,2.274127501,0.021867896,41.247062,2.314942056,1.108739597,0.077557010,22.824532,1,1,1,1,1,2.314942056,1,0
10.464203,3,1,1,1,1.533316614,1.405908167,-0.132906226,34.885034,1.463027227,-0.151499237,-0.051788016,24.300986,1,1,1,1,1,1.463027227,1,0,0.447879085,0.373667396,-0.075208738,38.190857,0.402086108,0.000000000,-0.000386129,27.246098,1,1,1,1,1,0.402086108,1,0,2.247628847,2.274127501,0.021867896,41.247062,2.333639295,0.801194358,0.077557010,22.824532,1,1,1,1,1,2.333639295,1,0
10.496374,3,1,1,1,1.510997727,1.386970474,-0.131903900,34.942463,1.451383081,-0.623509145,-0.064152524,23.592552,1,1,1,1,1,1.451383081,1,0,0.447879085,0.364913182,-0.083868772,37.694673,0.395131070,-0.467438718,0.000897886,27.216776,1,1,1,1,1,0.395131070,1,0,2.268304684,2.293969376,0.019638750,41.374783,2.350653719,0.327701870,0.088688317,22.186755,1,1,1,1,1,2.350653719,1,0
10.530242,3,1,1,1,1.488540763,1.387742062,-0.110886857,36.146651,1.427988393,0.000000000,-0.076350459,22.893662,1,1,1,1,1,1.427988393,1,0,0.430259480,0.373842421,-0.053686482,39.423991,0.388533725,-0.315220401,0.026089453,25.773406,1,1,1,1,1,0.388533725,1,0,2.296071729,2.332494021,0.031083052,40.719072,2.351322007,-0.293927943,0.083571365,22.479935,1,1,1,1,1,2.351322007,1,0
10.563683,3,1,1,1,1.488540763,1.367972605,-0.130552680,35.019882,1.421329995,-0.473072332,-0.073847802,23.037054,1,1,1,1,1,1.421329995,1,0,0.411345173,0.376463306,-0.030882352,40.730572,0.373590838,-0.156314309,0.043804704,24.758396,1,1,1,1,1,0.373590838,1,0,2.296071729,2.315283068,0.013840058,41.707023,2.342013988,-0.153802370,0.082601101,22.535527,1,1,1,1,1,2.342013988,1,0
10.598257,3,1,1,1,1.459259900,1.329860223,-0.141547260,34.389939,1.410551969,-0.148153677,-0.079973546,22.686074,1,1,1,1,1,1.410551969,1,0,0.411345173,0.359380488,-0.047929795,39.753825,0.362011160,-0.623073422,0.045158866,24.680809,1,1,1,1,1,0.362011160,1,0,2.328800237,2.321363032,-0.010486470,41.899170,2.344880995,0.318323525,0.057669454,23.964005,1,1,1,1,1,2.344880995,1,0
10.631110,3,1,1,1,1.428269457,1.311493821,-0.131006025,34.993908,1.398926911,-0.622223024,-0.086301911,22.323486,1,1,1,1,1,1.398926911,1,0,0.397106765,0.361830657,-0.030361959,40.760388,0.362016272,-0.005840472,0.064902399,23.549588,1,1,1,1,1,0.362016272,1,0,2.347710220,2.335726657,-0.013511757,41.725833,2.370216766,0.000000000,0.036169766,25.195846,1,1,1,1,1,2.370216766,1,0
10.663350,3,1,1,1,1.403209185,1.294252256,-0.124788179,35.350164,1.361266227,-1.253118823,-0.090303716,22.094199,1,1,1,1,1,1.361266227,1,0,0.383637317,0.366280005,-0.011791497,41.824397,0.358383187,0.155912201,0.095363047,21.804321,1,1,1,1,1,0.358383187,1,0,2.347710220,2.319018439,-0.030220159,40.768512,2.375450510,0.142220057,0.035576975,25.229811,1,1,1,1,1,2.375450510,1,0
10.696742,3,1,1,1,1.403209185,1.273295747,-0.145539693,34.161190,1.335376816,-0.156565511,-0.086851235,22.292012,1,1,1,1,1,1.335376816,1,0,0.372164536,0.371255352,0.004232149,42.257516,0.355839769,-0.322819521,0.127350864,19.971554,1,1,1,1,1,0.355839769,1,0,2.356973112,2.335159675,-0.022544523,41.208294,2.374161029,-0.020106523,0.019747093,26.136796,1,1,1,1,1,2.374161029,1,0
10.729300,3,1,1,1,1.379451397,1.257074908,-0.139322532,34.517407,1.323579017,-0.628610809,-0.090285951,22.095217,1,1,1,1,1,1.323579017,1,0,0.372164536,0.362917648,-0.004172211,42.260950,0.353857629,-0.309633880,0.127551221,19.960074,1,1,1,1,1,0.353857629,1,0,2.362077846,2.355707499,-0.006830264,42.108655,2.370868544,0.162721006,0.012606417,26.545927,1,1,1,1,1,2.370868544,1,0
10.762975,3,1,1,1,1.358389295,1.263018209,-0.113175742,36.015508,1.301785391,0.161984240,-0.095469385,21.798228,1,1,1,1,1,1.301785391,1,0,0.363682648,0.376483756,0.016613215,41.548133,0.348873606,0.011468730,0.150344652,18.654107,1,1,1,1,1,0.348873606,1,0,2.366741830,2.388226104,0.021062792,41.293191,2.381396006,0.000000000,0.011830819,26.590365,1,1,1,1,1,2.381396006,1,0
10.796820,3,1,1,1,1.329409296,1.250438397,-0.097102225,36.936452,1.307560082,0.014902537,-0.097108828,21.704295,1,1,1,1,1,1.307560082,1,0,0.357825881,0.382570628,0.027154409,40.944167,0.342111757,-0.461043692,0.160914626,18.048492,1,1,1,1,1,0.342111757,1,0,2.367205373,2.376704474,0.009089039,41.979236,2.388604290,0.475872810,0.011303243,26.620593,1,1,1,1,1,2.388604290,1,0
10.833609,3,1,1,1,1.329409296,1.205969813,-0.141049168,34.418478,1.295569078,-0.613946718,-0.089181704,22.158486,1,1,1,1,1,1.295569078,1,0,0.352737055,0.381875643,0.030534448,40.750505,0.344565690,-0.134277419,0.164237185,17.858124,1,1,1,1,1,0.344565690,1,0,2.371953445,2.376258140,0.004006774,42.270429,2.398682182,0.157330253,0.008680295,26.770877,1,1,1,1,1,2.398682182,1,0
10.863365,3,1,1,1,1.300987890,1.217156976,-0.101499190,36.684525,1.270289232,-1.082183149,-0.093615865,21.904427,1,1,1,1,1,1.270289232,1,0,0.352737055,0.381875643,0.030534448,40.750505,0.347721862,0.316523424,0.164237185,17.858124,1,1,1,1,1,0.347721862,1,0,2.378731781,2.402278200,0.023385762,41.160095,2.416209516,0.463585916,0.005581888,26.948403,1,1,1,1,1,2.416209516,1,0
10.896258,3,1,1,1,1.279966277,1.186789838,-0.109855951,36.205718,1.229979680,-1.561243827,-0.089184099,22.158349,1,1,1,1,1,1.229979680,1,0,0.348190698,0.383035940,0.036710578,40.396639,0.350171914,-0.152369349,0.190001580,16.381932,1,1,1,1,1,0.350171914,1,0,2.378731781,2.373382880,-0.005500557,42.184841,2.423049947,-0.003664951,0.004843314,26.990720,1,1,1,1,1,2.423049947,1,0
10.934223,3,1,1,1,1.279966277,1.163652579,-0.132723021,34.895531,1.218706267,-0.155727868,-0.085135356,22.390325,1,1,1,1,1,1.218706267,1,0,0.347461087,0.389955429,0.046723933,39.822916,0.346103059,-0.323454892,0.238875013,13.581691,1,1,1,1,1,0.346103059,1,0,2.389593090,2.385188633,-0.004454605,42.244770,2.410977885,0.000000000,0.001802066,27.164970,1,1,1,1,1,2.410977885,1,0
10.963693,3,1,1,1,1.262198634,1.158287345,-0.119156403,35.672841,1.206872032,-0.629312813,-0.084028734,22.453729,1,1,1,1,1,1.206872032,1,0,0.347461087,0.381277372,0.037791782,40.334690,0.348678911,0.126229020,0.238945143,13.577673,1,1,1,1,1,0.348678911,1,0,2.404234539,2.396859996,-0.007402193,42.075886,2.413645448,0.000000000,0.001051921,27.207950,1,1,1,1,1,2.413645448,1,0
10.996894,3,1,1,1,1.238033765,1.179407188,-0.072655617,38.337140,1.196290338,0.153947088,-0.086166123,22.331266,1,1,1,1,1,1.196290338,1,0,0.349679370,0.396757350,0.054619512,39.370533,0.345440543,-0.343030769,0.289367076,10.688709,1,1,1,1,1,0.345440543,1,0,2.415442990,2.419075927,0.003567651,42.295589,2.420683657,0.470225310,0.002915145,27.101196,1,1,1,1,1,2.420683657,1,0
11.048731,3,1,1,1,1.212315868,1.129361072,-0.095133737,37.049238,1.198084798,-0.326166087,-0.076634910,22.877364,1,1,1,1,1,1.198084798,1,0,0.352091637,0.383634455,0.040221937,40.195453,0.349545929,0.160587174,0.319835469,8.942999,1,1,1,1,1,0.349545929,1,0,2.421604694,2.401360178,-0.020367054,41.333054,2.433947399,0.480172001,0.005579002,26.948568,1,1,1,1,1,2.433947399,1,0
11.071041,3,1,1,1,1.212315868,1.129361072,-0.095133737,37.049238,1.188400788,-0.640793622,-0.076634910,22.877364,1,1,1,1,1,1.188400788,1,0,0.352091637,0.383634455,0.040221937,40.195453,0.355844839,0.472942207,0.319835469,8.942999,1,1,1,1,1,0.355844839,1,0,2.421604694,2.401360178,-0.020367054,41.333054,2.440372002,0.169500123,0.005579002,26.948568,1,1,1,1,1,2.440372002,1,0
11.096943,3,1,1,1,1.192527179,1.128079371,-0.075305031,38.185340,1.169116138,0.000000000,-0.074097143,23.022768,1,1,1,1,1,1.169116138,1,0,0.354078610,0.390750141,0.045750647,39.878681,0.356542751,0.312777829,0.333462763,8.162212,1,1,1,1,1,0.356542751,1,0,2.424906005,2.411480777,-0.013592173,41.721226,2.440092945,0.000000000,0.008887028,26.759032,1,1,1,1,1,2.440092945,1,0
11.131214,3,1,1,1,1.178209023,1.133532044,-0.054069147,39.402066,1.156809520,-0.621790820,-0.071254472,23.185641,1,1,1,1,1,1.156809520,1,0,0.355361812,0.401611269,0.053559612,39.431260,0.367623208,0.001111338,0.323887270,8.710848,1,1,1,1,1,0.367623208,1,0,2.429309736,2.421030419,-0.008447352,42.016002,2.434126617,0.000000000,0.011312213,26.620079,1,1,1,1,1,2.434126617,1,0
11.163701,3,1,1,1,1.178209023,1.108664733,-0.078793772,37.985449,1.130661711,-1.099127596,-0.068086507,23.367152,1,1,1,1,1,1.130661711,1,0,0.355361812,0.392312092,0.043751490,39.993224,0.364162360,-0.148714498,0.324063657,8.700741,1,1,1,1,1,0.364162360,1,0,2.429309736,2.407885756,-0.021591999,41.262870,2.435617967,0.000000000,0.011161618,26.628708,1,1,1,1,1,2.435617967,1,0
11.197053,3,1,1,1,1.169836637,1.109284489,-0.068665448,38.565760,1.139278514,0.300423563,-0.065213975,23.531736,1,1,1,1,1,1.139278514,1,0,0.357147075,0.399497945,0.046834041,39.816607,0.361575759,0.000000000,0.303193938,9.896488,1,1,1,1,1,0.361575759,1,0,2.433876656,2.416114275,-0.017931281,41.472613,2.442777253,0.474252659,0.014230539,26.452871,1,1,1,1,1,2.442777253,1,0
11.237538,3,1,1,1,1.157111418,1.144882961,-0.019062016,41.407827,1.142811433,0.143790334,-0.065206948,23.532138,1,1,1,1,1,1.142811433,1,0,0.360854558,0.421535063,0.062843651,38.899324,0.368347064,0.000000000,0.268686041,11.873645,1,1,1,1,1,0.368347064,1,0,2.437074964,2.436387195,-0.000881159,42.449513,2.449144873,0.491367962,0.019265036,26.164416,1,1,1,1,1,2.449144873,1,0
11.265608,3,1,1,1,1.145599755,1.123386499,-0.027895480,40.901707,1.147820928,-0.012953462,-0.059974488,23.831936,1,1,1,1,1,1.147820928,1,0,0.363309210,0.420523134,0.056985669,39.234962,0.375330747,0.468400343,0.235175262,13.793671,1,1,1,1,1,0.375330747,1,0,2.439229101,2.428631292,-0.010834379,41.879236,2.463698531,0.307201046,0.024626165,25.857246,1,1,1,1,1,2.463698531,1,0
11.296726,3,1,1,1,1.144004495,1.102412946,-0.047063749,39.803446,1.140227256,-0.488600093,-0.057595544,23.968240,1,1,1,1,1,1.140227256,1,0,0.363453045,0.411393253,0.047314088,39.789102,0.378673309,0.318603174,0.232634635,13.939238,1,1,1,1,1,0.378673309,1,0,2.439872722,2.420304899,-0.019818008,41.364512,2.465921231,-0.156666183,0.025969801,25.780261,1,1,1,1,1,2.465921231,1,0
11.330294,3,1,1,1,1.135759680,1.112187247,-0.027993801,40.896073,1.118446653,-0.960722580,-0.054813314,24.127650,1,1,1,1,1,1.118446653,1,0,0.365762963,0.423668498,0.055862955,39.299288,0.393593631,0.480625474,0.194799780,16.107016,1,1,1,1,1,0.393593631,1,0,2.444677984,2.426238279,-0.018723995,41.427194,2.449889547,0.000000000,0.032159369,25.425625,1,1,1,1,1,2.449889547,1,0
11.363103,3,1,1,1,1.132365239,1.124934983,-0.010926603,41.873952,1.119569040,0.143914129,-0.051412517,24.322501,1,1,1,1,1,1.119569040,1,0,0.369812667,0.435683510,0.063133501,38.882717,0.400200359,-0.153115508,0.158889068,18.164548,1,1,1,1,1,0.400200359,1,0,2.453405353,2.435579812,-0.018098652,41.463024,2.450932984,0.000000000,0.038969617,25.035427,1,1,1,1,1,2.450932984,1,0
11.397789,3,1,1,1,1.132365239,1.098490976,-0.037345429,40.360265,1.122376404,0.320165535,-0.049650541,24.423455,1,1,1,1,1,1.122376404,1,0,0.369812667,0.423706915,0.051007522,39.577484,0.389552346,0.000000000,0.158591769,18.181582,1,1,1,1,1,0.389552346,1,0,2.453405353,2.423339195,-0.030348393,40.761165,2.455465067,0.000000000,0.038905171,25.039119,1,1,1,1,1,2.455465067,1,0
11.430839,3,1,1,1,1.127819924,1.140915268,0.010435191,41.902108,1.126065919,0.157672451,-0.047896550,24.523951,1,1,1,1,1,1.126065919,1,0,0.379956535,0.453171295,0.070436736,38.464272,0.393127990,0.000000000,0.113226770,20.780805,1,1,1,1,1,0.393127990,1,0,2.458808495,2.444733300,-0.014297564,41.680810,2.458730385,0.320285795,0.045505982,24.660920,1,1,1,1,1,2.458730385,1,0
11.464573,3,1,1,1,1.122950580,1.154254583,0.029333620,40.819307,1.138801157,0.162682600,-0.044711337,24.706450,1,1,1,1,1,1.138801157,1,0,0.389134646,0.465607804,0.074232298,38.246803,0.401781038,0.521386131,0.074210270,23.016286,1,1,1,1,1,0.401781038,1,0,2.459460559,2.444221111,-0.015434694,41.615657,2.477400355,0.310225253,0.049058136,24.457397,1,1,1,1,1,2.477400355,1,0
11.500533,3,1,1,1,1.121265920,1.133606588,0.010861775,41.877666,1.136702958,-0.303944895,-0.040780534,24.931669,1,1,1,1,1,1.136702958,1,0,0.389134646,0.437666508,0.046238938,39.850704,0.412983755,0.270803229,0.073012064,23.084938,1,1,1,1,1,0.412983755,1,0,2.459652410,2.436969556,-0.022826214,41.192154,2.479625267,-0.162302295,0.053749042,24.188628,1,1,1,1,1,2.479625267,1,0
11.534488,3,1,1,1,1.121374306,1.113049628,-0.009718859,41.943150,1.120251666,-0.780522302,-0.039447329,25.008056,1,1,1,1,1,1.120251666,1,0,0.397166849,0.454784784,0.056647930,39.254313,0.421984872,0.117942473,0.026779516,25.733868,1,1,1,1,1,0.421984872,1,0,2.459652410,2.424965364,-0.034847748,40.503371,2.461513149,0.000000000,0.053728840,24.189785,1,1,1,1,1,2.461513149,1,0
11.564652,3,1,1,1,1.124269608,1.126410378,0.001204228,42.431003,1.123757749,0.000000000,-0.035686952,25.223509,1,1,1,1,1,1.123757749,1,0,0.405097182,0.479012473,0.074720257,38.218845,0.423454549,0.000000000,-0.017118906,26.287380,1,1,1,1,1,0.423454549,1,0,2.462709564,2.430942165,-0.031733734,40.681791,2.467317414,0.177982439,0.057205784,23.990571,1,1,1,1,1,2.467317414,1,0
11.598507,3,1,1,1,1.124269608,1.099114340,-0.026100378,41.004559,1.130827589,0.471280775,-0.035013559,25.262092,1,1,1,1,1,1.130827589,1,0,0.412541426,0.492544352,0.082017225,37.800759,0.425882310,0.158830097,-0.042049751,24.858948,1,1,1,1,1,0.425882310,1,0,2.466748375,2.434762241,-0.031670915,40.685390,2.471941763,0.339905293,0.058974594,23.889226,1,1,1,1,1,2.471941763,1,0
11.638739,3,1,1,1,1.127375094,1.110290491,-0.017705172,41.485568,1.141922974,0.480329756,-0.030908848,25.497275,1,1,1,1,1,1.141922974,1,0,0.412541426,0.474116289,0.063609542,38.855442,0.433422530,0.000000000,-0.043249146,24.790228,1,1,1,1,1,0.433422530,1,0,2.466748375,2.422905361,-0.043548272,40.004868,2.475036224,-0.135352331,0.059043373,23.885285,1,1,1,1,1,2.475036224,1,0
11.668712,3,1,1,1,1.129184125,1.148687235,0.019125986,41.404162,1.157713919,0.298009390,-0.027033041,25.719342,1,1,1,1,1,1.157713919,1,0,0.421923897,0.512046704,0.093443841,37.146062,0.445527659,0.616679684,-0.065903946,23.492203,1,1,1,1,1,0.445527659,1,0,2.470408826,2.440345597,-0.029096010,40.832921,2.476224647,-0.125780950,0.060903983,23.778680,1,1,1,1,1,2.476224647,1,0
11.705765,3,1,1,1,1.131497531,1.130831680,-0.000865676,42.450400,1.157767788,-0.160903187,-0.022816882,25.960910,1,1,1,1,1,1.157767788,1,0,0.430318491,0.504449453,0.078776754,37.986424,0.481568452,0.000000000,-0.088682280,22.187101,1,1,1,1,1,0.481568452,1,0,2.474015442,2.434458240,-0.036902416,40.385647,2.476836038,-0.005267587,0.065554845,23.512205,1,1,1,1,1,2.476836038,1,0
11.730803,3,1,1,1,1.131497531,1.103841124,-0.027862343,40.903605,1.146099032,-0.626477950,-0.022626360,25.971826,1,1,1,1,1,1.146099032,1,0,0.430318491,0.483462198,0.057758991,39.190654,0.478338532,-0.318545007,-0.090216014,22.099224,1,1,1,1,1,0.478338532,1,0,2.478841085,2.443289378,-0.029134882,40.830694,2.474129553,0.000000000,0.074365527,23.007390,1,1,1,1,1,2.474129553,1,0
11.766910,3,1,1,1,1.138581547,1.122359165,-0.016249331,41.568982,1.152777674,0.000000000,-0.018927669,26.183746,1,1,1,1,1,1.152777674,1,0,0.444878349,0.506993086,0.069138413,38.538661,0.471710675,-0.327046518,-0.119813573,20.403409,1,1,1,1,1,0.471710675,1,0,2.479070959,2.432462128,-0.039974497,40.209630,2.476092288,0.000000000,0.075807563,22.924768,1,1,1,1,1,2.476092288,1,0
11.799443,3,1,1,1,1.147608237,1.141218769,-0.006268258,42.140855,1.159835792,0.470889899,-0.016400668,26.328532,1,1,1,1,1,1.159835792,1,0,0.461982008,0.522643031,0.070348773,38.469312,0.468953547,0.142624332,-0.144152900,19.008868,1,1,1,1,1,0.468953547,1,0,2.483647346,2.438323906,-0.034369988,40.530745,2.483572172,0.000000000,0.084757722,22.411961,1,1,1,1,1,2.483572172,1,0
11.838553,3,1,1,1,1.154841428,1.190917134,0.036345688,40.417545,1.181487195,0.949703208,-0.014331293,26.447099,1,1,1,1,1,1.181487195,1,0,0.461982008,0.522643031,0.070348773,38.469312,0.472042199,0.310006818,-0.144152900,19.008868,1,1,1,1,1,0.472042199,1,0,2.488706563,2.457603173,-0.015774203,41.596205,2.486664057,0.311663993,0.090380943,22.089775,1,1,1,1,1,2.486664057,1,0
11.876758,3,1,1,1,1.154841428,1.132754912,-0.021810868,41.250329,1.233421023,0.783326079,-0.015499770,26.380150,1,1,1,1,1,1.233421023,1,0,0.491792149,0.558631640,0.083180501,37.734108,0.481742497,0.633125639,-0.188801757,16.450677,1,1,1,1,1,0.481742497,1,0,2.493654243,2.454181200,-0.021363072,41.275986,2.497298104,0.166990871,0.095684531,21.785901,1,1,1,1,1,2.497298104,1,0
11.898666,3,1,1,1,1.159573247,1.166932874,0.007730580,42.057070,1.240877029,0.615924052,-0.014305088,26.448600,1,1,1,1,1,1.240877029,1,0,0.493319984,0.569007207,0.092687882,37.189376,0.488393282,0.780889648,-0.191317061,16.306561,1,1,1,1,1,0.488393282,1,0,2.493654243,2.454181200,-0.021363072,41.275986,2.503659013,0.477199929,0.095684531,21.785901,1,1,1,1,1,2.503659013,1,0
11.934387,3,1,1,1,1.172524647,1.154338896,-0.017730144,41.484138,1.252952037,-0.003855363,-0.013730114,26.481544,1,1,1,1,1,1.252952037,1,0,0.493319984,0.504659924,0.027483583,40.925307,0.511836962,0.301969744,-0.198350441,15.903578,1,1,1,1,1,0.511836962,1,0,2.493654243,2.431374488,-0.043853381,39.987386,2.503659013,0.477199929,0.100062101,21.535085,1,1,1,1,1,2.503659013,1,0
11.965011,3,1,1,1,1.200174508,1.172256548,-0.027501142,40.924301,1.240057835,-0.636473210,-0.011000133,26.637960,1,1,1,1,1,1.240057835,1,0,0.499026318,0.506719337,0.025576980,41.034547,0.529998947,0.299404194,-0.211008715,15.178312,1,1,1,1,1,0.529998947,1,0,2.510981480,2.471201234,-0.021774983,41.252385,2.514513902,-0.473620429,0.089895119,22.117610,1,1,1,1,1,2.514513902,1,0
11.999003,3,1,1,1,1.200174508,1.143307483,-0.056427462,39.266945,1.214332392,-1.101492980,-0.012191013,26.569728,1,1,1,1,1,1.214332392,1,0,0.508173305,0.516081588,0.026610921,40.975307,0.536550257,0.140745157,-0.216848156,14.843737,1,1,1,1,1,0.536550257,1,0,2.510981480,2.460024879,-0.032761017,40.622932,2.507378400,-0.012162048,0.092178884,21.986760,1,1,1,1,1,2.507378400,1,0
12.047431,3,1,1,1,1.231143168,1.159460065,-0.071365703,38.411046,1.203504422,0.164691633,-0.008915387,26.757407,1,1,1,1,1,1.203504422,1,0,0.522917492,0.530040213,0.023962981,41.127022,0.533551992,-0.337642545,-0.206664394,15.427224,1,1,1,1,1,0.533551992,1,0,2.523327879,2.478899120,-0.028026999,40.894171,2.519735393,0.623180786,0.082542433,22.538888,1,1,1,1,1,2.519735393,1,0
12.114094,3,1,1,1,1.239981355,1.218986644,-0.020942734,41.300070,1.224613778,0.281350938,-0.001606220,27.176192,1,1,1,1,1,1.224613778,1,0,0.539659234,0.546890634,0.020092062,41.348810,0.528707097,0.000000000,-0.182640513,16.803691,1,1,1,1,1,0.528707097,1,0,2.528860592,2.488737167,-0.024986433,41.068383,2.562240516,0.481073575,0.076381110,22.891906,1,1,1,1,1,2.562240516,1,0
12.125184,3,1,1,1,1.239981355,1.188623963,-0.051270515,39.562416,1.224613778,0.281350938,-0.003055850,27.093134,1,1,1,1,1,1.224613778,1,0,0.539659234,0.504267168,-0.023097326,41.176621,0.531878387,0.315640636,-0.186507698,16.582117,1,1,1,1,1,0.531878387,1,0,2.533673951,2.509824154,-0.010889567,41.876074,2.562240516,0.481073575,0.065490982,23.515864,1,1,1,1,1,2.562240516,1,0
12.145084,3,1,1,1,1.239981355,1.188623963,-0.051270515,39.562416,1.223157201,-0.353437499,-0.003055850,27.093134,1,1,1,1,1,1.223157201,1,0,0.545733209,0.545319234,0.009457357,41.958133,0.541298889,0.628953745,-0.165214742,17.802114,1,1,1,1,1,0.541298889,1,0,2.540527159,2.540719215,0.010601202,41.892596,2.565088667,0.317843600,0.052637158,24.252334,1,1,1,1,1,2.565088667,1,0
12.167120,3,1,1,1,1.221781328,1.176984576,-0.044761971,39.935328,1.213159910,-0.662564875,-0.001769328,27.166846,1,1,1,1,1,1.213159910,1,0,0.544463569,0.504581024,-0.032947256,40.612261,0.550643933,0.319373759,-0.151392532,18.594068,1,1,1,1,1,0.550643933,1,0,2.540527159,2.520506087,-0.009256384,41.969648,2.574520002,0.630332213,0.056564235,24.027329,1,1,1,1,1,2.574520002,1,0
12.204844,3,1,1,1,1.210144332,1.194363300,-0.015848127,41.591969,1.208201596,-0.154862611,0.001207940,27.199011,1,1,1,1,1,1.208201596,1,0,0.544463569,0.461852723,-0.076092555,38.140218,0.550785973,-0.312309590,-0.154304894,18.427202,1,1,1,1,1,0.550785973,1,0,2.552405521,2.546730385,0.002231414,42.372149,2.587538063,0.317254598,0.044200172,24.735738,1,1,1,1,1,2.587538063,1,0
12.267261,3,1,1,1,1.207288818,1.185325215,-0.022098201,41.233866,1.216098490,0.471179522,0.003235027,27.082868,1,1,1,1,1,1.216098490,1,0,0.542541435,0.422840279,-0.114963824,35.913058,0.503917103,-1.252982934,-0.144139840,19.009617,1,1,1,1,1,0.503917103,1,0,2.567791970,2.565913021,0.003502425,42.299326,2.632119250,0.000000000,0.034530389,25.289776,1,1,1,1,1,2.632119250,1,0
12.275777,3,1,1,1,1.207288818,1.185325215,-0.022098201,41.233866,1.221440047,0.624355741,0.003235027,27.082868,1,1,1,1,1,1.221440047,1,0,0.544867338,0.448457392,-0.092201583,37.217238,0.503917103,-1.252982934,-0.133394310,19.625290,1,1,1,1,1,0.503917103,1,0,2.567791970,2.565913021,0.003502425,42.299326,2.631505034,0.000000000,0.034530389,25.289776,1,1,1,1,1,2.631505034,1,0
12.309988,3,1,1,1,1.208329096,1.190355676,-0.018130683,41.461188,1.222411316,0.318963986,0.004880480,26.988590,1,1,1,1,1,1.222411316,1,0,0.544470447,0.432729628,-0.108539737,36.281131,0.506368137,0.148047758,-0.121258930,20.320596,1,1,1,1,1,0.506368137,1,0,2.584007365,2.595270458,0.014717434,41.656753,2.643931981,0.624823242,0.026107880,25.772350,1,1,1,1,1,2.643931981,1,0
12.332820,3,1,1,1,1.208329096,1.190355676,-0.018130683,41.461188,1.230011967,0.318847668,0.004880480,26.988590,1,1,1,1,1,1.230011967,1,0,0.544470447,0.432729628,-0.108539737,36.281131,0.507790052,0.151139494,-0.121258930,20.320596,1,1,1,1,1,0.507790052,1,0,2.602402672,2.633431377,0.033157162,40.600235,2.660106473,0.947913882,0.019452788,26.153658,1,1,1,1,1,2.660106473,1,0
12.373560,3,1,1,1,1.211845845,1.169037882,-0.042935594,40.039972,1.232492450,0.000000000,0.005840122,26.933607,1,1,1,1,1,1.232492450,1,0,0.533542812,0.377189018,-0.154586793,33.642829,0.520021566,0.152977671,-0.104574297,21.276555,1,1,1,1,1,0.520021566,1,0,2.624404814,2.657609228,0.034448944,40.526221,2.675202316,0.154112163,0.015283911,26.392518,1,1,1,1,1,2.675202316,1,0
12.400232,3,1,1,1,1.218631788,1.177299140,-0.041398508,40.128040,1.232492450,0.000000000,0.006047816,26.921707,1,1,1,1,1,1.232492450,1,0,0.533542812,0.341978418,-0.189981884,31.614840,0.517227844,-0.333420951,-0.106396478,21.172152,1,1,1,1,1,0.517227844,1,0,2.624404814,2.649001825,0.025866549,41.017956,2.687127810,0.631190151,0.015953374,26.354160,1,1,1,1,1,2.687127810,1,0
12.435133,3,1,1,1,1.218631788,1.147858707,-0.070835647,38.441416,1.232492450,0.000000000,0.005631536,26.945558,1,1,1,1,1,1.232492450,1,0,0.516960715,0.327576561,-0.188713181,31.687531,0.507794794,-0.638371015,-0.084425826,22.430978,1,1,1,1,1,0.507794794,1,0,2.650859651,2.686587081,0.036313440,40.419393,2.702851796,0.944661109,0.010377833,26.673615,1,1,1,1,1,2.702851796,1,0
12.481346,3,1,1,1,1.252314720,1.193927211,-0.037566987,40.347570,1.232492450,0.000000000,-0.091503697,22.025445,1,1,1,1,1,1.232492450,1,0,0.510611285,0.306027991,-0.204251927,30.797227,0.456955690,-1.415865496,-0.074060108,23.024890,1,1,1,1,1,0.456955690,1,0,2.668783525,2.709626815,0.041138313,40.142948,2.732722101,0.757305194,0.007120925,26.860222,1,1,1,1,1,2.732722101,1,0
12.502039,3,1,1,1,1.252314720,1.193927211,-0.037566987,40.347570,1.232492450,0.000000000,-0.091503697,22.025445,1,1,1,1,1,1.232492450,1,0,0.510611285,0.306027991,-0.204251927,30.797227,0.405067050,0.000000000,-0.074060108,23.024890,1,1,1,1,1,0.405067050,1,0,2.668783525,2.709626815,0.041138313,40.142948,2.732722101,0.757305194,0.007120925,26.860222,1,1,1,1,1,2.732722101,1,0
12.541763,3,1,1,1,1.275532489,1.198097172,-0.028554741,40.863934,1.232492450,0.000000000,-0.140072378,19.242665,1,1,1,1,1,1.232492450,1,0,0.500643006,0.289888348,-0.210622205,30.432237,0.394797865,-0.567992930,-0.062646492,23.678842,1,1,1,1,1,0.394797865,1,0,2.695241365,2.747370861,0.052195586,39.509413,2.767923248,0.464060579,0.003564114,27.064012,1,1,1,1,1,2.767923248,1,0
12.567776,3,1,1,1,1.275532489,1.138184777,-0.085140699,37.621797,1.232492450,0.000000000,-0.161513883,18.014157,1,1,1,1,1,1.232492450,1,0,0.481019501,0.243529110,-0.237528100,28.890642,0.387470666,-0.309619318,-0.057157165,23.993357,1,1,1,1,1,0.387470666,1,0,2.723684543,2.778775765,0.055078167,39.344253,2.789139483,0.939084609,0.002858582,27.104436,1,1,1,1,1,2.789139483,1,0
12.600076,3,1,1,1,1.279082736,1.134421835,-0.092876619,37.178562,1.232492450,0.000000000,-0.161682683,18.004486,1,1,1,1,1,1.232492450,1,0,0.443032964,0.225872112,-0.217289541,30.050226,0.371302421,-0.777048596,-0.047480846,24.547769,1,1,1,1,1,0.371302421,1,0,2.723684543,2.772286689,0.048589004,39.716055,2.809164077,0.158665116,0.002858083,27.104465,1,1,1,1,1,2.809164077,1,0
12.635214,3,1,1,1,1.264540788,1.122416680,-0.115704074,35.870645,1.232492450,0.000000000,-0.117350019,20.544560,1,1,1,1,1,1.232492450,1,0,0.443032964,0.206007245,-0.237198675,28.909517,0.340525974,-1.253265787,-0.049081244,24.456073,1,1,1,1,1,0.340525974,1,0,2.746778453,2.800001642,0.053144947,39.455019,2.821081412,0.632114486,0.004346447,27.019188,1,1,1,1,1,2.821081412,1,0
12.680005,3,1,1,1,1.252196427,1.131288931,-0.109029331,36.253079,1.232492450,0.000000000,-0.076592884,22.879772,1,1,1,1,1,1.232492450,1,0,0.406681165,0.208465368,-0.198388811,31.133158,0.278384658,-1.876939567,-0.038909440,25.038874,1,1,1,1,1,0.278384658,1,0,2.774187187,2.836631062,0.062185093,38.937057,2.843790088,0.165065341,0.008130585,26.802373,1,1,1,1,1,2.843790088,1,0
12.716416,3,1,1,1,1.252196427,1.074888096,-0.164731472,33.061582,1.232492450,0.000000000,-0.086525962,22.310649,1,1,1,1,1,1.232492450,1,0,0.347661439,0.176445832,-0.171394598,32.679813,0.248846921,-0.151377736,-0.026863205,25.729073,1,1,1,1,1,0.248846921,1,0,2.799111450,2.858344934,0.058696996,39.136910,2.862553885,0.785320723,0.012066394,26.576868,1,1,1,1,1,2.862553885,1,0
12.733412,3,1,1,1,1.244284033,1.079941267,-0.156776789,33.517352,1.232492450,0.000000000,-0.066036740,23.484595,1,1,1,1,1,1.232492450,1,0,0.347661439,0.176445832,-0.171394598,32.679813,0.242803638,-0.461270609,-0.026863205,25.729073,1,1,1,1,1,0.242803638,1,0,2.799111450,2.858344934,0.058696996,39.136910,2.881992998,1.107892765,0.012066394,26.576868,1,1,1,1,1,2.881992998,1,0
12.768094,3,1,1,1,1.244284033,1.052471619,-0.184049686,31.954730,1.232492450,0.000000000,-0.069795120,23.269255,1,1,1,1,1,1.232492450,1,0,0.309388989,0.162224467,-0.147328974,34.058672,0.222144921,-0.928322848,-0.021639077,26.028393,1,1,1,1,1,0.222144921,1,0,2.825914023,2.888116543,0.061295943,38.988001,2.891348334,-0.002668296,0.016042496,26.349054,1,1,1,1,1,2.891348334,1,0
12.798476,3,1,1,1,1.239967300,1.002746523,-0.229622989,29.343572,1.044874276,0.000000000,-0.074083051,23.023575,1,1,1,1,1,1.044874276,1,0,0.268155889,0.136939972,-0.131384025,34.972250,0.187225897,-1.399570212,-0.019038687,26.177385,1,1,1,1,1,0.187225897,1,0,2.849066161,2.908892496,0.058624102,39.141086,2.898334320,0.468485166,0.018081043,26.232254,1,1,1,1,1,2.898334320,1,0
12.837349,3,1,1,1,1.227813296,1.003806535,-0.216240787,30.110316,1.032546272,-0.622330844,-0.076607418,22.878939,1,1,1,1,1,1.032546272,1,0,0.268155889,0.136939972,-0.131384025,34.972250,0.155486697,0.000000000,-0.019038687,26.177385,1,1,1,1,1,0.155486697,1,0,2.849066161,2.908892496,0.058624102,39.141086,2.929486615,1.094603388,0.018081043,26.232254,1,1,1,1,1,2.929486615,1,0
12.886815,3,1,1,1,1.180078249,0.953232035,-0.224841331,29.617541,1.016869894,-0.937967820,-0.048670112,24.479629,1,1,1,1,1,1.016869894,1,0,0.201481589,0.116077558,-0.085528954,37.599552,0.150571608,-0.409516640,-0.013329084,26.504521,1,1,1,1,1,0.150571608,1,0,2.875937991,2.935395075,0.057880551,39.183689,2.953070400,0.623167874,0.020232165,26.109003,1,1,1,1,1,2.953070400,1,0
12.914980,3,1,1,1,1.113259029,0.928705323,-0.182716643,32.031108,0.987643503,-0.138675146,0.033648004,25.340332,1,1,1,1,1,0.987643503,1,0,0.201481589,0.107644696,-0.093980658,37.115305,0.138661821,-0.310205508,-0.014784743,26.421118,1,1,1,1,1,0.138661821,1,0,2.907835099,2.973083194,0.062597721,38.913415,2.975622261,0.000000000,0.028709986,25.623260,1,1,1,1,1,2.975622261,1,0
12.934553,3,1,1,1,1.113259029,0.928705323,-0.182716643,32.031108,0.985514499,-0.293454269,0.033648004,25.340332,1,1,1,1,1,0.985514499,1,0,0.175259696,0.107213325,-0.068151348,38.595215,0.134607230,-0.472870170,-0.011034566,26.635987,1,1,1,1,1,0.134607230,1,0,2.910289860,2.976064124,0.062913384,38.895329,2.978202139,0.284691519,0.030635000,25.512965,1,1,1,1,1,2.978202139,1,0
12.964876,3,1,1,1,1.070243349,0.905427973,-0.153397467,33.710973,0.961434420,-0.917939758,0.100212711,21.526456,1,1,1,1,1,0.961434420,1,0,0.175259696,0.099444294,-0.075937797,38.149085,0.126079286,-0.311327905,-0.012463460,26.554117,1,1,1,1,1,0.126079286,1,0,2.910289860,2.973163649,0.060024453,39.060852,2.994092344,0.761744563,0.030360539,25.528690,1,1,1,1,1,2.994092344,1,0
12.998349,3,1,1,1,1.012159699,0.864215891,-0.120524708,35.594443,0.938153599,0.000000000,0.182749156,16.797466,1,1,1,1,1,0.938153599,1,0,0.148976248,0.085957886,-0.063116028,38.883718,0.109490025,-0.786188321,-0.009874842,26.702434,1,1,1,1,1,0.109490025,1,0,2.932041411,2.994062800,0.055541809,39.317689,3.004426181,0.311505326,0.068533690,23.341530,1,1,1,1,1,3.004426181,1,0
13.052760,3,1,1,1,0.985374950,0.826091477,-0.133283396,34.863424,0.918434154,-0.787086157,0.195864929,16.045987,1,1,1,1,1,0.918434154,1,0,0.131947712,0.074808259,-0.057210643,39.222072,0.090013227,0.000000000,-0.007372888,26.845786,1,1,1,1,1,0.090013227,1,0,2.953131018,3.013916882,0.050098712,39.629555,3.028253451,0.155852134,0.147370452,18.824516,1,1,1,1,1,3.028253451,1,0
13.068615,3,1,1,1,0.980690451,0.826638080,-0.129077486,35.104405,0.888390881,0.000000000,0.194038536,16.150632,1,1,1,1,1,0.888390881,1,0,0.131947712,0.074808259,-0.057210643,39.222072,0.086738623,-0.309810343,-0.007372888,26.845786,1,1,1,1,1,0.086738623,1,0,2.969420314,3.030917688,0.050887628,39.584354,3.040414810,0.637456089,0.217758151,14.791598,1,1,1,1,1,3.040414810,1,0
13.104216,3,1,1,1,0.980690451,0.807889273,-0.148088901,34.015131,0.889203337,0.159762506,0.195943552,16.041483,1,1,1,1,1,0.889203337,1,0,0.117678375,0.069624913,-0.048092502,39.744503,0.082711472,-0.471698136,-0.004405870,27.015783,1,1,1,1,1,0.082711472,1,0,2.969420314,3.029020963,0.048945801,39.695612,3.054873680,0.000000000,0.217700113,14.794923,1,1,1,1,1,3.054873680,1,0
13.134411,3,1,1,1,0.954654523,0.812302949,-0.125974519,35.282192,0.887241810,-0.479218041,0.165629958,17.778324,1,1,1,1,1,0.887241810,1,0,0.105648906,0.069114623,-0.036546941,40.406015,0.075374696,0.000000000,-0.001725648,27.169349,1,1,1,1,1,0.075374696,1,0,2.995168010,3.051586229,0.051326948,39.559182,3.074428474,0.783793328,0.306324197,9.717137,1,1,1,1,1,3.074428474,1,0
13.165216,3,1,1,1,0.929065942,0.801056120,-0.116555396,35.821868,0.874756832,-0.788591844,0.125778494,20.061644,1,1,1,1,1,0.874756832,1,0,0.092941602,0.064558831,-0.028379048,40.874000,0.069450739,0.000000000,0.000177539,27.258049,1,1,1,1,1,0.069450739,1,0,3.030284131,3.075389281,0.049520212,39.662701,3.081489861,0.158820688,0.370408943,6.045352,1,1,1,1,1,3.081489861,1,0
13.201491,3,1,1,1,0.913974900,0.771853441,-0.128924504,35.113170,0.872860630,-0.013525844,0.121752123,20.292338,1,1,1,1,1,0.872860630,1,0,0.083249937,0.057052657,-0.026184255,40.999753,0.068391010,-0.157876341,0.001401232,27.187936,1,1,1,1,1,0.068391010,1,0,3.056734506,3.091399882,0.044527568,39.948758,3.100668818,0.792305944,0.386571884,5.119284,1,1,1,1,1,3.100668818,1,0
13.280766,3,1,1,1,0.899418058,0.747832290,-0.132568526,34.904383,0.822228163,0.000000000,0.142314871,19.114180,1,1,1,1,1,0.822228163,1,0,0.073498997,0.050787950,-0.022676490,41.200733,0.051760068,0.000000000,0.004321377,27.020624,1,1,1,1,1,0.051760068,1,0,3.081952709,3.108757455,0.039912075,40.213207,3.135417511,0.159667661,0.377516702,5.638107,1,1,1,1,1,3.135417511,1,0
13.306415,3,1,1,1,0.888099200,0.742076561,-0.123856227,35.403561,0.818783761,-0.328951486,0.159013535,18.157417,1,1,1,1,1,0.818783761,1,0,0.066214160,0.048001356,-0.018154874,41.459802,0.048607851,-0.309447882,0.007795385,26.821578,1,1,1,1,1,0.048607851,1,0,3.105038200,3.129902141,0.036858135,40.388184,-3.141413730,0.474460381,0.322169736,8.809255,1,1,1,1,1,-3.141413730,1,0
13.316195,3,1,1,1,0.888099200,0.742076561,-0.123856227,35.403561,0.814743092,-0.484923142,0.159013535,18.157417,1,1,1,1,1,0.814743092,1,0,0.066214160,0.048001356,-0.018154874,41.459802,0.048348071,0.000000000,0.007795385,26.821578,1,1,1,1,1,0.048348071,1,0,3.105038200,3.129902141,0.036858135,40.388184,-3.135724138,0.635497007,0.322169736,8.809255,1,1,1,1,1,-3.135724138,1,0
13.334169,3,1,1,1,0.888099200,0.725772663,-0.140281702,34.462451,0.815960460,0.000000000,0.160724052,18.059411,1,1,1,1,1,0.815960460,1,0,0.066214160,0.045604767,-0.020555488,41.322257,0.047588229,-0.147590232,0.007256756,26.852440,1,1,1,1,1,0.047588229,1,0,3.105038200,3.129693101,0.036638667,40.400759,-3.120523601,0.000000000,0.322194750,8.807822,1,1,1,1,1,-3.120523601,1,0
13.365165,3,1,1,1,0.870913494,0.738681390,-0.112036503,36.080781,0.813896054,-0.336132711,0.159767128,18.114239,1,1,1,1,1,0.813896054,1,0,0.058768771,0.045501613,-0.013191128,41.744204,0.045292595,0.000000000,0.011049512,26.635131,1,1,1,1,1,0.045292595,1,0,3.124691622,-3.128979803,0.035451314,40.468789,-3.111985698,0.517905513,0.208844009,15.302341,1,1,1,1,1,-3.111985698,1,0
13.397640,3,1,1,1,0.848814088,0.720610792,-0.112599869,36.048503,0.810643173,-0.338242699,0.147207756,18.833838,1,1,1,1,1,0.810643173,1,0,0.051668537,0.041134926,-0.010458311,41.900783,0.040264125,0.000000000,0.012054383,26.577556,1,1,1,1,1,0.040264125,1,0,-3.139224460,-3.101128755,0.038685390,40.283490,-3.087087767,0.000000000,0.077682382,22.817349,1,1,1,1,1,-3.087087767,1,0
13.484615,3,1,1,1,0.815425343,0.722886609,-0.079778214,37.929045,0.782829650,-0.615536741,0.123665797,20.182693,1,1,1,1,1,0.782829650,1,0,0.045274382,0.037561462,-0.007652402,42.061550,0.036203237,0.000000000,0.011027526,26.636390,1,1,1,1,1,0.036203237,1,0,-3.126055620,-3.082394981,0.043552946,40.004600,-3.049528487,0.157944073,0.020118205,26.115533,1,1,1,1,1,-3.049528487,1,0
13.513755,3,1,1,1,0.815425343,0.707961154,-0.094792375,37.068797,0.777784065,0.000000000,0.124609789,20.128606,1,1,1,1,1,0.777784065,1,0,0.042039091,0.036151013,-0.005833225,42.165781,0.034644419,0.000000000,0.010840197,26.647124,1,1,1,1,1,0.034644419,1,0,-3.105081114,-3.057301129,0.047757982,39.763669,-3.037825714,0.626577837,-0.012925678,26.527634,1,1,1,1,1,-3.037825714,1,0
13.516534,3,1,1,1,0.815425343,0.707961154,-0.094792375,37.068797,0.777784065,0.000000000,0.124609789,20.128606,1,1,1,1,1,0.777784065,1,0,0.042039091,0.036151013,-0.005833225,42.165781,0.034644419,0.000000000,0.010840197,26.647124,1,1,1,1,1,0.034644419,1,0,-3.105081114,-3.057301129,0.047757982,39.763669,-3.037825714,0.626577837,-0.012925678,26.527634,1,1,1,1,1,-3.037825714,1,0
13.532155,3,1,1,1,0.805553310,0.726585258,-0.064342706,38.813434,0.778570736,0.157206836,0.126132208,20.041378,1,1,1,1,1,0.778570736,1,0,0.042039091,0.036151013,-0.005833225,42.165781,0.034697728,0.000000000,0.010840197,26.647124,1,1,1,1,1,0.034697728,1,0,-3.105081114,-3.057301129,0.047757982,39.763669,-3.022391995,0.936730676,-0.012925678,26.527634,1,1,1,1,1,-3.022391995,1,0
13.565693,3,1,1,1,0.805553310,0.710793687,-0.080218600,37.903813,0.783547364,-0.152173957,0.127337864,19.972299,1,1,1,1,1,0.783547364,1,0,0.039029797,0.034835499,-0.004135487,42.263054,0.033268367,0.000000000,0.012508327,26.551547,1,1,1,1,1,0.033268367,1,0,-3.075312201,-3.027363265,0.048285916,39.733421,-3.005278774,0.159090865,0.002979259,27.097522,1,1,1,1,1,-3.005278774,1,0
13.600861,3,1,1,1,0.796155471,0.718599072,-0.061046179,39.002312,0.779531235,-0.320961834,0.132640862,19.668460,1,1,1,1,1,0.779531235,1,0,0.036304384,0.033677024,-0.002558765,42.353394,0.031985281,0.000000000,0.015667954,26.370513,1,1,1,1,1,0.031985281,1,0,-3.050242919,-3.003952401,0.049751513,39.649448,-2.986194780,0.790475338,0.020779105,26.077666,1,1,1,1,1,-2.986194780,1,0
13.632465,3,1,1,1,0.790073077,0.713231625,-0.061411145,38.981401,0.771145859,-0.150884820,0.129847190,19.828525,1,1,1,1,1,0.771145859,1,0,0.036304384,0.030911643,-0.005326528,42.194812,0.031417922,-0.156109587,0.015192662,26.397746,1,1,1,1,1,0.031417922,1,0,-3.050242919,-2.998429623,0.055247793,39.334535,-2.955561337,1.259852874,0.020191772,26.111318,1,1,1,1,1,-2.955561337,1,0
13.714617,3,1,1,1,0.785993988,0.706091982,-0.067421358,38.637041,0.770447661,0.179164354,0.118426658,20.482873,1,1,1,1,1,0.773017366,1,0,0.032428405,0.029265258,-0.003103046,42.322209,0.026837486,-0.164335816,0.016693172,26.311773,1,1,1,1,1,0.026837486,1,0,-2.995956433,-2.932242264,0.065762752,38.732072,-2.895296905,1.256265097,0.001827039,27.163540,1,1,1,1,1,-2.895296905,1,0
13.734169,3,1,1,1,0.779492376,0.719951063,-0.050158712,39.626118,0.777177159,0.493470677,0.101212143,21.469192,1,1,1,1,1,0.777177159,1,0,0.031007505,0.028595368,-0.002367757,42.364337,0.026837486,-0.164335816,0.013827661,26.475954,1,1,1,1,1,0.026837486,1,0,-2.973309004,-2.897456947,0.073377429,38.295783,-2.881982456,1.412971257,-0.019740454,26.137176,1,1,1,1,1,-2.881982456,1,0
13.740661,3,1,1,1,0.779492376,0.719951063,-0.050158712,39.626118,0.777177159,0.493470677,0.101212143,21.469192,1,1,1,1,1,0.777177159,1,0,0.031007505,0.028595368,-0.002367757,42.364337,0.026837486,-0.164335816,0.013827661,26.475954,1,1,1,1,1,0.026837486,1,0,-2.973309004,-2.897456947,0.073377429,38.295783,-2.881982456,1.412971257,-0.019740454,26.137176,1,1,1,1,1,-2.881982456,1,0
13.772395,3,1,1,1,0.773673110,0.734974356,-0.031262050,40.708816,0.780591069,0.468497057,0.087569843,22.250839,1,1,1,1,1,0.780591069,1,0,0.030864559,0.027497875,-0.003324336,42.309530,0.026397575,-0.156174807,0.013373576,26.501972,1,1,1,1,1,0.026397575,1,0,-2.947762546,-2.861824669,0.081499576,37.830418,-2.859866594,0.482059611,-0.032832681,25.387047,1,1,1,1,1,-2.859866594,1,0
13.806259,3,1,1,1,0.773244584,0.739039355,-0.026941106,40.956388,0.787576927,-0.004718515,0.086101565,22.334965,1,1,1,1,1,0.787576927,1,0,0.029403399,0.027958235,-0.001414222,42.418971,0.026551662,0.000000000,0.010874177,26.645177,1,1,1,1,1,0.026551662,1,0,-2.947762546,-2.861824669,0.081499576,37.830418,-2.838458753,0.951277366,-0.032832681,25.387047,1,1,1,1,1,-2.838458753,1,0
13.870461,3,1,1,1,0.776290146,0.746535751,-0.024507351,41.095832,0.784111486,0.000000000,0.072357761,23.122427,1,1,1,1,1,0.784111486,1,0,0.028018426,0.025450697,-0.002542375,42.354333,0.024662520,-0.212045252,0.009839124,26.704481,1,1,1,1,1,0.024662520,1,0,-2.912792123,-2.807494795,0.101078358,36.708637,-2.775617400,0.161282361,-0.037531971,25.117798,1,1,1,1,1,-2.775617400,1,0
13.887377,3,1,1,1,0.776290146,0.746535751,-0.024507351,41.095832,0.781197428,0.317015476,0.072357761,23.122427,1,1,1,1,1,0.781197428,1,0,0.026742462,0.025980987,-0.000733357,42.457982,0.024028515,0.000000000,0.011901775,26.586300,1,1,1,1,1,0.024028515,1,0,-2.874481655,-2.770727931,0.101000038,36.713124,-2.747308891,0.956739276,-0.031597593,25.457812,1,1,1,1,1,-2.747308891,1,0
13.925496,3,1,1,1,0.782660689,0.749404139,-0.029259114,40.823576,0.790622284,0.629753453,0.064205946,23.589491,1,1,1,1,1,0.790622284,1,0,0.025809724,0.024709399,-0.001067308,42.438848,0.023418270,0.000000000,0.015204020,26.397095,1,1,1,1,1,0.023418270,1,0,-2.828851204,-2.712494393,0.115129646,35.903557,-2.738560455,1.090958418,-0.023360674,25.929753,1,1,1,1,1,-2.738560455,1,0
13.962886,3,1,1,1,0.786306195,0.768610641,-0.014859549,41.648611,0.800331850,0.464932371,0.054863332,24.124784,1,1,1,1,1,0.800331850,1,0,0.025188401,0.024296650,-0.000856278,42.450939,0.023156382,0.000000000,0.017614535,26.258983,1,1,1,1,1,0.023156382,1,0,-2.783751378,-2.660906983,0.122700654,35.469770,-2.682420170,1.718688262,-0.014306033,26.448546,1,1,1,1,1,-2.682420170,1,0
13.967905,3,1,1,1,0.786590374,0.772652908,-0.011217895,41.857262,0.800331850,0.464932371,0.053777022,24.187025,1,1,1,1,1,0.800331850,1,0,0.025188401,0.024296650,-0.000856278,42.450939,0.023156382,0.000000000,0.017614535,26.258983,1,1,1,1,1,0.023156382,1,0,-2.779315570,-2.656689561,0.122561628,35.477736,-2.682420170,1.718688262,-0.013326063,26.504694,1,1,1,1,1,-2.682420170,1,0
13.999058,3,1,1,1,0.786590374,0.772652908,-0.011217895,41.857262,0.815237399,0.317054164,0.053777022,24.187025,1,1,1,1,1,0.815237399,1,0,0.025188401,0.024296650,-0.000856278,42.450939,0.023623507,0.000000000,0.017614535,26.258983,1,1,1,1,1,0.023623507,1,0,-2.779315570,-2.656689561,0.122561628,35.477736,-2.635144366,0.000000000,-0.013326063,26.504694,1,1,1,1,1,-2.635144366,1,0
14.043064,3,1,1,1,0.789238191,0.788486444,0.001108642,42.436480,0.818604783,-0.026354711,0.045505534,24.660946,1,1,1,1,1,0.818604783,1,0,0.024420721,0.024050470,-0.000332477,42.480950,0.023426784,0.000000000,0.020778191,26.077718,1,1,1,1,1,0.023426784,1,0,-2.738279565,-2.609361647,0.129160456,35.099651,-2.615501122,0.785563945,-0.002258985,27.138791,1,1,1,1,1,-2.615501122,1,0
14.074513,3,1,1,1,0.795490160,0.790053039,-0.004331090,42.251847,0.819708873,0.000517954,0.036946711,25.151331,1,1,1,1,1,0.819708873,1,0,0.023693066,0.023078076,-0.000573370,42.467148,0.022250803,0.000000000,0.025472090,25.808778,1,1,1,1,1,0.022250803,1,0,-2.738279565,-2.586560215,0.151922569,33.795478,-2.596233645,1.105629389,-0.000903985,27.216427,1,1,1,1,1,-2.596233645,1,0
14.107972,3,1,1,1,0.806741162,0.815350598,0.009142228,41.976189,0.826831544,0.136434358,0.028640756,25.627227,1,1,1,1,1,0.826831544,1,0,0.023329060,0.022793764,-0.000489325,42.471964,0.022127633,0.000000000,0.029806226,25.560450,1,1,1,1,1,0.022127633,1,0,-2.692417782,-2.539498514,0.151936399,33.794686,-2.540415943,1.725103237,0.017538105,26.263362,1,1,1,1,1,-2.540415943,1,0
14.134270,3,1,1,1,0.806741162,0.797262246,-0.008952176,41.987078,0.838163353,0.612056893,0.028478787,25.636507,1,1,1,1,1,0.838163353,1,0,0.023329060,0.022066737,-0.001216741,42.430286,0.021695051,0.000000000,0.029762716,25.562943,1,1,1,1,1,0.021695051,1,0,-2.646163032,-2.493357265,0.147689534,34.038013,-2.494435174,0.000000000,0.045160906,24.680692,1,1,1,1,1,-2.494435174,1,0
14.163417,3,1,1,1,0.816407674,0.814651110,-0.001511910,42.413374,0.863197864,1.077541634,0.023426796,25.925965,1,1,1,1,1,0.863197864,1,0,0.022960722,0.021933996,-0.000975127,42.444129,0.021598923,0.000000000,0.035869658,25.213041,1,1,1,1,1,0.021598923,1,0,-2.603172806,-2.449976863,0.137719225,34.609270,-2.486962387,0.484525055,0.085424809,22.373740,1,1,1,1,1,-2.486962387,1,0
14.199773,3,1,1,1,0.827631142,0.838567109,0.010966270,41.871679,0.870733473,-0.310107161,0.018973220,26.181136,1,1,1,1,1,0.870733473,1,0,0.022500942,0.021913106,-0.000529236,42.469677,0.022085450,0.000000000,0.043441336,24.779216,1,1,1,1,1,0.022085450,1,0,-2.567606107,-2.412829648,0.120054799,35.621367,-2.456348328,1.093861753,0.133005787,19.647551,1,1,1,1,1,-2.456348328,1,0
14.254502,3,1,1,1,0.841130714,0.878361967,0.037120587,40.373147,0.868234245,-0.153619404,0.015838646,26.360734,1,1,1,1,1,0.868234245,1,0,0.022500942,0.021913106,-0.000529236,42.469677,0.021612704,0.000000000,0.043441336,24.779216,1,1,1,1,1,0.021612704,1,0,-2.561194762,-2.408502956,0.112622797,36.047189,-2.430539215,0.159129035,0.142850010,19.083518,1,1,1,1,1,-2.430539215,1,0
14.271227,3,1,1,1,0.842944733,0.863067393,0.020007265,41.353668,0.865595187,0.150961287,0.014897357,26.414665,1,1,1,1,1,0.865595187,1,0,0.021953891,0.022192538,0.000298539,42.482895,0.021775299,0.000000000,0.050532440,24.372926,1,1,1,1,1,0.021775299,1,0,-2.541529244,-2.380231053,0.097076673,36.937916,-2.418779844,0.628294199,0.184196075,16.714563,1,1,1,1,1,-2.418779844,1,0
14.306427,3,1,1,1,0.859750331,0.869358012,0.009430792,41.959655,0.884257520,0.780438201,0.010700214,26.655144,1,1,1,1,1,0.884257520,1,0,0.021930633,0.020917905,-0.000954878,42.445289,0.021051638,0.000000000,0.050738894,24.361097,1,1,1,1,1,0.021051638,1,0,-2.525002083,-2.342122619,0.098839823,36.836895,-2.381344120,1.253328195,0.217553107,14.803346,1,1,1,1,1,-2.381344120,1,0
14.343299,3,1,1,1,0.859750331,0.849982758,-0.009929968,41.931055,0.894906697,0.000000000,0.009964859,26.697277,1,1,1,1,1,0.894906697,1,0,0.021771473,0.020857823,-0.000860433,42.450701,0.021558117,0.000000000,0.052865640,24.239243,1,1,1,1,1,0.021558117,1,0,-2.494358013,-2.323033422,0.095151766,37.048205,-2.354002648,0.000000000,0.202421904,15.670300,1,1,1,1,1,-2.354002648,1,0
14.374678,3,1,1,1,0.872496204,0.874337488,0.001662596,42.404740,0.903186792,0.510026336,0.007463574,26.840590,1,1,1,1,1,0.903186792,1,0,0.021675134,0.020891338,-0.000734876,42.457895,0.020804838,0.000000000,0.055706791,24.076457,1,1,1,1,1,0.020804838,1,0,-2.484092828,-2.307008357,0.105686906,36.444586,-2.350583533,0.312375296,0.197151916,15.972248,1,1,1,1,1,-2.350583533,1,0
14.400996,3,1,1,1,0.883890282,0.901233175,0.017166093,41.516455,0.910062604,0.000000000,0.005857853,26.932591,1,1,1,1,1,0.910062604,1,0,0.021675134,0.023161374,0.001538671,42.411841,0.021655037,0.146941462,0.055690499,24.077391,1,1,1,1,1,0.021655037,1,0,-2.440366727,-2.295695661,0.097297987,36.925236,-2.341353772,0.622526973,0.148134782,18.780723,1,1,1,1,1,-2.341353772,1,0
14.473189,3,1,1,1,0.894121245,0.920163849,0.025892658,41.016460,0.924596133,0.466065826,0.004362208,27.018285,1,1,1,1,1,0.924596133,1,0,0.021682436,0.028157595,0.006529290,42.125899,0.028164413,0.000000000,0.060777655,23.785918,1,1,1,1,1,0.028164413,1,0,-2.398078794,-2.289446453,0.076481491,38.117933,-2.330961024,0.304725440,0.109843281,20.974665,1,1,1,1,1,-2.330961024,1,0
14.491556,3,1,1,1,0.907429168,0.929410853,0.021946459,41.242561,0.930070960,0.623870271,0.001164885,27.201478,1,1,1,1,1,0.930070960,1,0,0.021682436,0.034125001,0.012507702,41.783361,0.029064415,0.144704616,0.060751979,23.787389,1,1,1,1,1,0.029064415,1,0,-2.374808601,-2.275134015,0.062668493,38.909360,-2.329948790,0.154307931,0.120347481,20.372818,1,1,1,1,1,-2.329948790,1,0
14.514375,3,1,1,1,0.907429168,0.929410853,0.021946459,41.242561,0.955671231,1.092460681,0.001164885,27.201478,1,1,1,1,1,0.955671231,1,0,0.021682436,0.034125001,0.012507702,41.783361,0.035571208,0.000000000,0.060751979,23.787389,1,1,1,1,1,0.035571208,1,0,-2.374808601,-2.275134015,0.062668493,38.909360,-2.323755539,0.467308938,0.120347481,20.372818,1,1,1,1,1,-2.323755539,1,0
14.531796,3,1,1,1,0.907429168,0.911226889,0.003803125,42.282097,0.968446386,1.262859331,-0.000049484,27.265386,1,1,1,1,1,0.968446386,1,0,0.023089947,0.037896290,0.014876706,41.647628,0.036349495,0.156366821,0.061019483,23.772062,1,1,1,1,1,0.036349495,1,0,-2.373550962,-2.279281105,0.041634577,40.114514,-2.319085210,-0.149801615,0.152314031,18.541270,1,1,1,1,1,-2.319085210,1,0
14.575115,3,1,1,1,0.920105099,0.936567640,0.016628480,41.547258,0.980606995,0.314713615,-0.002838368,27.105595,1,1,1,1,1,0.980606995,1,0,0.026982332,0.041987492,0.015081826,41.635875,0.042946099,0.000000000,0.060063772,23.826820,1,1,1,1,1,0.042946099,1,0,-2.373550962,-2.265105509,0.054999524,39.348759,-2.313713518,0.000000000,0.157469441,18.245887,1,1,1,1,1,-2.313713518,1,0
14.605214,3,1,1,1,0.936498957,0.957361413,0.021292509,41.280029,0.982306041,0.006470440,-0.009503982,26.723683,1,1,1,1,1,0.982306041,1,0,0.026982332,0.044563983,0.017662957,41.487987,0.046948139,0.000000000,0.060053862,23.827388,1,1,1,1,1,0.046948139,1,0,-2.380961877,-2.276969084,0.038268778,40.307361,-2.317043296,-0.158309959,0.182734710,16.798293,1,1,1,1,1,-2.317043296,1,0
14.646694,3,1,1,1,0.936498957,0.957361413,0.021292509,41.280029,0.983198912,0.167607330,-0.009503982,26.723683,1,1,1,1,1,0.983198912,1,0,0.034282631,0.046403159,0.012204794,41.800717,0.050450025,0.314848232,0.057912447,23.950082,1,1,1,1,1,0.050450025,1,0,-2.380840102,-2.309524263,0.010410904,41.903499,-2.323718742,-0.484538296,0.173300553,17.338831,1,1,1,1,1,-2.323718742,1,0
14.669971,3,1,1,1,0.958316953,0.979261948,0.021339843,41.277317,0.992751681,0.319612206,-0.023038133,25.948233,1,1,1,1,1,0.992751681,1,0,0.040304413,0.050298583,0.010084560,41.922197,0.054493327,0.295949825,0.056180484,24.049317,1,1,1,1,1,0.054493327,1,0,-2.380224815,-2.299694712,0.020134672,41.346368,-2.336665709,0.000000000,0.175704261,17.201109,1,1,1,1,1,-2.336665709,1,0
14.707128,3,1,1,1,0.977683332,0.981106767,0.002710569,42.344696,1.008868926,0.780057786,-0.041378837,24.897388,1,1,1,1,1,1.008868926,1,0,0.040304413,0.054850258,0.014643404,41.660995,0.057569286,0.000000000,0.056165112,24.050197,1,1,1,1,1,0.057569286,1,0,-2.372243363,-2.307425847,0.015501159,41.611849,-2.337462993,-0.158263699,0.158368446,18.194378,1,1,1,1,1,-2.337462993,1,0
14.739209,3,1,1,1,0.990680382,1.007072875,0.013561543,41.722981,1.039589061,1.254428820,-0.061227680,23.760133,1,1,1,1,1,1.039589061,1,0,0.045676483,0.058587252,0.013010277,41.754566,0.061043352,0.000000000,0.054739213,24.131895,1,1,1,1,1,0.061043352,1,0,-2.372194063,-2.333581964,-0.008080855,42.037001,-2.356490686,-0.789189469,0.153879423,18.451580,1,1,1,1,1,-2.356490686,1,0
14.763827,3,1,1,1,0.990680382,0.987491106,-0.006045578,42.153614,1.036679709,0.312130346,-0.060593154,23.796489,1,1,1,1,1,1.036679709,1,0,0.050733118,0.062651603,0.012003981,41.812223,0.064504725,0.000000000,0.055105219,24.110925,1,1,1,1,1,0.064504725,1,0,-2.372194063,-2.319326405,0.005664715,42.175436,-2.362294173,-0.148451186,0.158220751,18.202840,1,1,1,1,1,-2.362294173,1,0
14.800641,3,1,1,1,1.000266300,1.013429437,0.008712154,42.000830,1.053060184,0.782325482,-0.075490931,22.942909,1,1,1,1,1,1.053060184,1,0,0.055466272,0.066876963,0.011451260,41.843891,0.066324909,0.162158017,0.057792907,23.956931,1,1,1,1,1,0.066324909,1,0,-2.393218263,-2.353821824,-0.025435667,41.042644,-2.373821617,-0.619825062,0.193908218,16.158099,1,1,1,1,1,-2.373821617,1,0
14.833150,3,1,1,1,1.012738085,1.056325182,0.038591330,40.288880,1.083141257,1.247821266,-0.084592311,22.421439,1,1,1,1,1,1.083141257,1,0,0.055466272,0.066876963,0.011451260,41.843891,0.069520920,0.000000000,0.057792907,23.956931,1,1,1,1,1,0.069520920,1,0,-2.418235123,-2.409425440,-0.068362793,38.583101,-2.411843739,-1.256456640,0.210707740,15.195557,1,1,1,1,1,-2.411843739,1,0
14.883140,3,1,1,1,1.031333911,1.039715011,0.003026627,42.326587,1.129825482,0.300715354,-0.087166223,22.273964,1,1,1,1,1,1.129825482,1,0,0.060412468,0.074457069,0.014016031,41.696941,0.073995437,0.000000000,0.060613180,23.795342,1,1,1,1,1,0.073995437,1,0,-2.421972701,-2.408954799,-0.051820347,39.530913,-2.442693733,-0.269389214,0.199474402,15.839180,1,1,1,1,1,-2.442693733,1,0
14.897788,3,1,1,1,1.031333911,1.039715011,0.003026627,42.326587,1.131970323,0.151814182,-0.087166223,22.273964,1,1,1,1,1,1.131970323,1,0,0.064762518,0.076808760,0.011947026,41.815486,0.077106019,0.312604915,0.061305379,23.755682,1,1,1,1,1,0.077106019,1,0,-2.421972701,-2.408954799,-0.051820347,39.530913,-2.446592867,-0.159185678,0.199474402,15.839180,1,1,1,1,1,-2.446592867,1,0
14.933130,3,1,1,1,1.058397980,1.059741203,-0.004554855,42.239026,1.125415918,-0.478497909,-0.090103382,22.105678,1,1,1,1,1,1.125415918,1,0,0.069503375,0.081067210,0.011408144,41.846362,0.080255282,0.000000000,0.060860413,23.781176,1,1,1,1,1,0.080255282,1,0,-2.416030933,-2.459424728,-0.065550572,38.744229,-2.465733756,-0.791624187,0.113687423,20.754412,1,1,1,1,1,-2.465733756,1,0
14.963318,3,1,1,1,1.058397980,1.040279754,-0.024063222,41.121279,1.115499450,-0.152099784,-0.089013820,22.168105,1,1,1,1,1,1.115499450,1,0,0.069503375,0.082482752,0.012826310,41.765107,0.085599805,0.000000000,0.060862818,23.781039,1,1,1,1,1,0.085599805,1,0,-2.426503949,-2.523565782,-0.097047277,36.939601,-2.495884751,-1.254547839,0.001428897,27.186351,1,1,1,1,1,-2.495884751,1,0
14.997820,3,1,1,1,1.096592031,1.068707781,-0.034873383,40.501902,1.118940713,0.310269879,-0.091957472,21.999446,1,1,1,1,1,1.118940713,1,0,0.074359019,0.086751872,0.012203757,41.800776,0.087637887,0.152065399,0.059131416,23.880241,1,1,1,1,1,0.087637887,1,0,-2.428582309,-2.517976091,-0.089601365,37.366220,-2.540547200,0.000000000,-0.005505255,26.952793,1,1,1,1,1,-2.540547200,1,0
15.052637,3,1,1,1,1.122440727,1.097937107,-0.031897056,40.672433,1.166837644,1.265303852,-0.092398518,21.974176,1,1,1,1,1,1.166837644,1,0,0.079281522,0.091088766,0.011570111,41.837081,0.093942155,0.000000000,0.054561790,24.142061,1,1,1,1,1,0.093942155,1,0,-2.461065016,-2.577212787,-0.126166671,35.271182,-2.569220654,-0.949106478,-0.049796202,24.415109,1,1,1,1,1,-2.569220654,1,0
15.066584,3,1,1,1,1.122440727,1.097937107,-0.031897056,40.672433,1.166837644,1.265303852,-0.092398518,21.974176,1,1,1,1,1,1.166837644,1,0,0.079281522,0.091088766,0.011570111,41.837081,0.094594040,0.000000000,0.054561790,24.142061,1,1,1,1,1,0.094594040,1,0,-2.495949518,-2.635642519,-0.152880593,33.740587,-2.569220654,-0.949106478,-0.041738400,24.876787,1,1,1,1,1,-2.569220654,1,0
15.103664,3,1,1,1,1.129320747,1.093280612,-0.042912801,40.041278,1.210009121,0.494693715,-0.088670441,22.187779,1,1,1,1,1,1.210009121,1,0,0.083989616,0.096357140,0.012045340,41.809853,0.098509003,0.320694328,0.046437328,24.607558,1,1,1,1,1,0.098509003,1,0,-2.537726238,-2.679479626,-0.150969185,33.850103,-2.635732553,-1.729258810,-0.017659820,26.256388,1,1,1,1,1,-2.635732553,1,0
15.134893,3,1,1,1,1.135937702,1.124317890,-0.016850101,41.534560,1.217775796,0.026918140,-0.082125496,22.562777,1,1,1,1,1,1.217775796,1,0,0.088841038,0.100714412,0.011475718,41.842490,0.101471712,0.166240737,0.035065961,25.259090,1,1,1,1,1,0.101471712,1,0,-2.541646749,-2.676138759,-0.143462600,34.280199,-2.651655150,-0.311226809,-0.017198482,26.282821,1,1,1,1,1,-2.651655150,1,0
15.164182,3,1,1,1,1.155559153,1.154043810,-0.005194340,42.202386,1.211410442,-0.447993390,-0.072869410,23.093111,1,1,1,1,1,1.211410442,1,0,0.092807234,0.104458916,0.011258742,41.854922,0.104890568,0.000000000,0.025539334,25.804925,1,1,1,1,1,0.104890568,1,0,-2.580857440,-2.716193093,-0.141995346,34.364266,-2.668064385,-0.782542927,-0.004251181,27.024646,1,1,1,1,1,-2.668064385,1,0
15.201253,3,1,1,1,1.155559153,1.134977079,-0.024292093,41.108166,1.204439818,0.162010394,-0.072036046,23.140860,1,1,1,1,1,1.204439818,1,0,0.092807234,0.105234507,0.012034528,41.810472,0.106886354,0.151859735,0.025549102,25.804365,1,1,1,1,1,0.106886354,1,0,-2.633496960,-2.760885814,-0.136997096,34.650645,-2.700668250,-1.279317805,-0.008610413,26.774881,1,1,1,1,1,-2.700668250,1,0
15.236966,3,1,1,1,1.182854691,1.159089184,-0.026359474,40.989713,1.212919651,0.490247434,-0.062727567,23.674196,1,1,1,1,1,1.212919651,1,0,0.097397844,0.109194908,0.011468272,41.842916,0.110178892,0.168288427,0.017055288,26.291025,1,1,1,1,1,0.110178892,1,0,-2.633496960,-2.753994089,-0.130320241,35.033200,-2.726704603,-0.307509786,-0.010374176,26.673825,1,1,1,1,1,-2.726704603,1,0
15.264872,3,1,1,1,1.207185675,1.204155195,-0.004699392,42.230745,1.234516590,0.958556420,-0.052948530,24.234494,1,1,1,1,1,1.234516590,1,0,0.102503277,0.112686514,0.009925533,41.931309,0.111794208,0.000000000,0.011641816,26.601194,1,1,1,1,1,0.111794208,1,0,-2.687607795,-2.800695925,-0.131115035,34.987662,-2.739342109,-0.701128538,-0.027738497,25.678922,1,1,1,1,1,-2.739342109,1,0
15.302096,3,1,1,1,1.207185675,1.185272465,-0.023601323,41.147744,1.268426196,1.132274446,-0.052470585,24.261878,1,1,1,1,1,1.268426196,1,0,0.106916941,0.116314459,0.009152239,41.975615,0.114895743,0.000000000,0.010233918,26.681861,1,1,1,1,1,0.114895743,1,0,-2.733327871,-2.832956050,-0.124446887,35.369719,-2.783337173,0.000000000,-0.043498518,24.775940,1,1,1,1,1,-2.783337173,1,0
15.332381,3,1,1,1,1.220669377,1.191013658,-0.030546786,40.749798,1.295277858,0.662174894,-0.039465260,25.007028,1,1,1,1,1,1.295277858,1,0,0.107344602,0.117545670,0.009945107,41.930187,0.117181033,0.162540569,0.010595030,26.661171,1,1,1,1,1,0.117181033,1,0,-2.767283769,-2.854625230,-0.112735405,36.040737,-2.785781010,-0.152503746,-0.047939841,24.521471,1,1,1,1,1,-2.785781010,1,0
15.365407,3,1,1,1,1.232549760,1.216112052,-0.016583945,41.549810,1.309195145,0.035371129,-0.018342802,26.217256,1,1,1,1,1,1.309195145,1,0,0.110629032,0.120376012,0.009228496,41.971246,0.118902738,0.000000000,0.019518178,26.149912,1,1,1,1,1,0.118902738,1,0,-2.767283769,-2.850304415,-0.108550903,36.280491,-2.797354631,-0.621975435,-0.049123182,24.453670,1,1,1,1,1,-2.797354631,1,0
15.401491,3,1,1,1,1.256536113,1.244717668,-0.011978284,41.813695,1.302695176,-0.453269993,0.014904382,26.414263,1,1,1,1,1,1.302695176,1,0,0.113166397,0.122786248,0.008496828,42.013168,0.120330614,0.000000000,0.037918437,25.095655,1,1,1,1,1,0.120330614,1,0,-2.788550297,-2.866804925,-0.100258539,36.755609,-2.814980373,-0.283959387,-0.044184893,24.736613,1,1,1,1,1,-2.814980373,1,0
15.458273,3,1,1,1,1.286319541,1.271958315,-0.015635352,41.604160,1.288808824,0.000000000,0.048152964,24.509260,1,1,1,1,1,1.288808824,1,0,0.115073507,0.124694979,0.007703306,42.058633,0.122206575,0.000000000,0.059019200,23.886670,1,1,1,1,1,0.122206575,1,0,-2.806443715,-2.879972740,-0.089952762,37.346086,-2.837730026,0.000000000,-0.037712964,25.107427,1,1,1,1,1,-2.837730026,1,0
15.466689,3,1,1,1,1.286319541,1.271958315,-0.015635352,41.604160,1.288808824,0.000000000,0.048152964,24.509260,1,1,1,1,1,1.288808824,1,0,0.115073507,0.124694979,0.007703306,42.058633,0.122206575,0.000000000,0.059019200,23.886670,1,1,1,1,1,0.122206575,1,0,-2.806443715,-2.879972740,-0.089952762,37.346086,-2.837730026,0.000000000,-0.037712964,25.107427,1,1,1,1,1,-2.837730026,1,0
15.496510,3,1,1,1,1.301222859,1.287445059,-0.016105955,41.577197,1.308636694,0.789247054,0.067567558,23.396885,1,1,1,1,1,1.308636694,1,0,0.116615345,0.126126654,0.006882504,42.105662,0.123059205,0.000000000,0.076174201,22.903761,1,1,1,1,1,0.123059205,1,0,-2.819486670,-2.887608563,-0.078690906,37.991343,-2.855577664,0.000000000,-0.035340448,25.243363,1,1,1,1,1,-2.855577664,1,0
15.530018,3,1,1,1,1.301222859,1.269605760,-0.033969598,40.553685,1.337461629,0.937551826,0.066839489,23.438600,1,1,1,1,1,1.337461629,1,0,0.117945470,0.127087221,0.006059510,42.152816,0.123759440,0.000000000,0.086943184,22.286744,1,1,1,1,1,0.123759440,1,0,-2.830627430,-2.891401478,-0.065893889,38.724558,-2.867546880,0.000000000,-0.037751794,25.105203,1,1,1,1,1,-2.867546880,1,0
15.565706,3,1,1,1,1.307317378,1.277778890,-0.032727691,40.624841,1.362264649,0.315901169,0.087807956,22.237196,1,1,1,1,1,1.362264649,1,0,0.117945470,0.127404654,0.006378154,42.134559,0.123761336,0.000000000,0.086948537,22.286437,1,1,1,1,1,0.123761336,1,0,-2.842434484,-2.890003722,-0.047798576,39.761343,-2.871684541,0.000000000,-0.043125779,24.797296,1,1,1,1,1,-2.871684541,1,0
15.596678,3,1,1,1,1.312486963,1.296500799,-0.018600555,41.434267,1.364638797,-0.158768741,0.108269131,21.064857,1,1,1,1,1,1.364638797,1,0,0.119232813,0.127828669,0.005195426,42.202324,0.123412533,0.000000000,0.093123668,21.932628,1,1,1,1,1,0.123412533,1,0,-2.842434484,-2.886606842,-0.044395550,39.956322,-2.878496202,-0.462595544,-0.042645860,24.824793,1,1,1,1,1,-2.878496202,1,0
15.678693,3,1,1,1,1.330668251,1.302412659,-0.028758193,40.852277,1.344010917,0.310978230,0.133490690,19.619768,1,1,1,1,1,1.344010917,1,0,0.119589485,0.126465070,0.002252207,42.370958,0.120410846,0.000000000,0.091882672,22.003732,1,1,1,1,1,0.120410846,1,0,-2.864446440,-2.890399273,-0.021853330,41.247896,-2.898246558,0.000000000,-0.048823866,24.470820,1,1,1,1,1,-2.898246558,1,0
15.698857,3,1,1,1,1.343700572,1.324707374,-0.017740820,41.483526,1.349542195,0.309327417,0.146324627,18.884438,1,1,1,1,1,1.349542195,1,0,0.119589485,0.126465070,0.002252207,42.370958,0.118458045,-0.155856375,0.091882672,22.003732,1,1,1,1,1,0.118458045,1,0,-2.864446440,-2.890399273,-0.021853330,41.247896,-2.905867159,-0.489293615,-0.048823866,24.470820,1,1,1,1,1,-2.905867159,1,0
15.706408,3,1,1,1,1.343700572,1.324707374,-0.017740820,41.483526,1.349542195,0.309327417,0.146324627,18.884438,1,1,1,1,1,1.349542195,1,0,0.119589485,0.126465070,0.002252207,42.370958,0.117505893,0.000000000,0.091882672,22.003732,1,1,1,1,1,0.117505893,1,0,-2.874346608,-2.897292378,-0.018519753,41.438896,-2.910749429,-0.626729010,-0.051559477,24.314081,1,1,1,1,1,-2.910749429,1,0
15.733007,3,1,1,1,1.357886942,1.340852940,-0.013330478,41.736220,1.374592100,0.000000000,0.160303165,18.083526,1,1,1,1,1,1.374592100,1,0,0.118376526,0.124377419,0.000516148,42.470427,0.114720400,0.000000000,0.088472744,22.199106,1,1,1,1,1,0.114720400,1,0,-2.874346608,-2.894231422,-0.015508151,41.611448,-2.915919835,-0.312299819,-0.050817544,24.356590,1,1,1,1,1,-2.915919835,1,0
15.770104,3,1,1,1,1.357886942,1.307805196,-0.046803078,39.818381,1.375399163,-0.155825760,0.160790938,18.055579,1,1,1,1,1,1.375399163,1,0,0.116004559,0.121235139,-0.000824453,42.452762,0.112140552,0.000000000,0.084126989,22.448100,1,1,1,1,1,0.112140552,1,0,-2.883140579,-2.895753685,-0.007304783,42.081467,-2.922211925,-0.154184482,-0.061418319,23.749211,1,1,1,1,1,-2.922211925,1,0
15.798235,3,1,1,1,1.364467413,1.321478824,-0.037755375,40.336776,1.369958622,-0.003051555,0.167865024,17.650264,1,1,1,1,1,1.369958622,1,0,0.116004559,0.121587076,-0.000472203,42.472945,0.108286427,-0.163248338,0.084152601,22.446632,1,1,1,1,1,0.108286427,1,0,-2.893484523,-2.903670167,-0.001876571,42.392480,-2.933817150,-0.623186786,-0.091460676,22.027910,1,1,1,1,1,-2.933817150,1,0
15.844896,3,1,1,1,1.369791248,1.338978776,-0.023873890,41.132127,1.374873543,0.319161670,0.168532925,17.611996,1,1,1,1,1,1.374873543,1,0,0.112445495,0.116094314,-0.002148416,42.376905,0.104764940,-0.169488028,0.075739705,22.928656,1,1,1,1,1,0.104764940,1,0,-2.902610623,-2.911428515,0.002768087,42.341400,-2.942957553,-0.470397595,-0.122418340,20.254167,1,1,1,1,1,-2.942957553,1,0
15.870761,3,1,1,1,1.374197891,1.356496159,-0.010461016,41.900628,1.390318928,0.309556298,0.159758848,18.114713,1,1,1,1,1,1.390318928,1,0,0.107467550,0.106808464,-0.005183119,42.203029,0.093765004,0.000000000,0.060804744,23.784366,1,1,1,1,1,0.093765004,1,0,-2.910949233,-2.918185401,0.006119696,42.149367,-2.957566341,0.000000000,-0.142516583,19.102622,1,1,1,1,1,-2.957566341,1,0
15.902360,3,1,1,1,1.374197891,1.340399638,-0.026752714,40.967182,1.399901537,0.629977512,0.160384896,18.078844,1,1,1,1,1,1.399901537,1,0,0.106389636,0.105509215,-0.005182800,42.203047,0.090499242,-0.320307598,0.058382020,23.923178,1,1,1,1,1,0.090499242,1,0,-2.912237275,-2.917095945,0.008603088,42.007079,-2.961277026,-0.341430222,-0.144147119,19.009200,1,1,1,1,1,-2.961277026,1,0
15.932347,3,1,1,1,1.378242470,1.377850160,0.004598240,42.236540,1.415641800,0.000000000,0.135063965,19.529626,1,1,1,1,1,1.415641800,1,0,0.101604332,0.096215505,-0.009193221,41.973267,0.083774086,-0.319704286,0.052631674,24.252648,1,1,1,1,1,0.083774086,1,0,-2.923806170,-2.928948701,0.008019596,42.040511,-2.968995629,-0.155345206,-0.155063274,18.383750,1,1,1,1,1,-2.968995629,1,0
15.964816,3,1,1,1,1.384046561,1.377603891,-0.004398565,42.247981,1.419292075,0.287433454,0.105486384,21.224297,1,1,1,1,1,1.419292075,1,0,0.093682526,0.085274295,-0.012457535,41.786236,0.073058697,-0.313647280,0.054959397,24.119280,1,1,1,1,1,0.073058697,1,0,-2.938436543,-2.938484009,0.010339126,41.907612,-2.975573950,-0.154663858,-0.148322461,18.769970,1,1,1,1,1,-2.975573950,1,0
15.996305,3,1,1,1,1.395471300,1.396019706,0.000620151,42.464468,1.433767073,0.447912588,0.074627843,22.992361,1,1,1,1,1,1.433767073,1,0,0.093682526,0.086841311,-0.010892184,41.875924,0.061669032,0.000000000,0.055071771,24.112841,1,1,1,1,1,0.061669032,1,0,-2.938436543,-2.936652218,0.012161415,41.803202,-2.985253195,0.000000000,-0.147842423,18.797474,1,1,1,1,1,-2.985253195,1,0
16.055976,3,1,1,1,1.410702462,1.396971051,-0.014410955,41.674313,1.439182009,-0.174672347,0.052754767,24.245596,1,1,1,1,1,1.439182009,1,0,0.082777508,0.073690358,-0.014023503,41.696512,0.049032345,-0.630073974,0.063840081,23.610454,1,1,1,1,1,0.049032345,1,0,-2.953687891,-2.947038546,0.013089167,41.750046,-2.998214159,-0.273215956,-0.120821225,20.345675,1,1,1,1,1,-2.998214159,1,0
16.084695,3,1,1,1,1.411826084,1.399195494,-0.013335233,41.735947,1.434079346,0.162239023,0.051831903,24.298472,1,1,1,1,1,1.434079346,1,0,0.063641897,0.042024598,-0.027188810,40.942196,0.037495462,-0.475513129,0.069668982,23.276482,1,1,1,1,1,0.037495462,1,0,-2.972031632,-2.963639362,0.010804055,41.880973,-3.005534611,-0.168745136,-0.069922404,23.261963,1,1,1,1,1,-3.005534611,1,0
16.102723,3,1,1,1,1.411826084,1.383232207,-0.029316618,40.820282,1.437825319,0.000000000,0.051552191,24.314498,1,1,1,1,1,1.437825319,1,0,0.063641897,0.045478550,-0.023737149,41.139962,0.032692359,-0.614008702,0.069940609,23.260919,1,1,1,1,1,0.032692359,1,0,-2.972031632,-2.962448784,0.011985816,41.813263,-3.008083658,-0.329477765,-0.069569156,23.282202,1,1,1,1,1,-3.008083658,1,0
16.134293,3,1,1,1,1.436097969,1.444141904,0.005317457,42.195332,1.444824687,0.468926042,0.071823494,23.153038,1,1,1,1,1,1.444824687,1,0,0.050955369,0.021324037,-0.034676248,40.513197,0.007553108,-0.160316777,0.065311210,23.526164,1,1,1,1,1,0.007553108,1,0,-2.984659701,-2.974105922,0.011359424,41.849153,-3.018156786,0.000000000,-0.032782519,25.389921,1,1,1,1,1,-3.018156786,1,0
16.168125,3,1,1,1,1.436097969,1.428176012,-0.010675056,41.888364,1.458938709,0.318758259,0.071167500,23.190624,1,1,1,1,1,1.458938709,1,0,0.050955369,0.025684040,-0.030319430,40.762825,-0.004136834,-0.626858680,0.065641418,23.507245,1,1,1,1,1,-0.004136834,1,0,-2.997691596,-2.985814002,0.011904148,41.817943,-3.021092703,-0.303701437,-0.001514727,27.181434,1,1,1,1,1,-3.021092703,1,0
16.199913,3,1,1,1,1.438814148,1.424382505,-0.020650793,41.316797,1.467685144,0.133700686,0.106159780,21.185714,1,1,1,1,1,1.467685144,1,0,0.036696360,0.008494217,-0.032251849,40.652105,-0.041575044,-1.252640359,0.057018613,24.001295,1,1,1,1,1,-0.041575044,1,0,-3.006679506,-2.994087867,0.012417328,41.788540,-3.032923813,0.000000000,0.013899482,26.471839,1,1,1,1,1,-3.032923813,1,0
16.290502,3,1,1,1,1.440341947,1.435275947,-0.023433756,41.157345,1.470390960,-0.518819811,0.180031478,16.953177,1,1,1,1,1,1.470390960,1,0,-0.010190203,-0.047523757,-0.039305018,40.247988,-0.097960580,0.000000000,0.035794909,25.217324,1,1,1,1,1,-0.097960580,1,0,-3.018369464,-3.006271632,0.011907820,41.817732,-3.048135544,-0.315860155,0.025388802,25.813550,1,1,1,1,1,-3.048135544,1,0
16.311908,3,1,1,1,1.440341947,1.435275947,-0.023433756,41.157345,1.473367911,0.123057205,0.180031478,16.953177,1,1,1,1,1,1.473367911,1,0,-0.036778630,-0.088473134,-0.053059554,39.459911,-0.100575021,-0.286592167,0.027890681,25.670203,1,1,1,1,1,-0.100575021,1,0,-3.028660512,-3.017537427,0.011034269,41.867783,-3.051428173,-0.152172214,0.030317435,25.531160,1,1,1,1,1,-3.051428173,1,0
16.320170,3,1,1,1,1.446975597,1.468104002,-0.001592887,42.408734,1.475372900,0.279520410,0.201464599,15.725150,1,1,1,1,1,1.475372900,1,0,-0.036778630,-0.088473134,-0.053059554,39.459911,-0.104317648,-0.446892796,0.027890681,25.670203,1,1,1,1,1,-0.104317648,1,0,-3.028660512,-3.017537427,0.011034269,41.867783,-3.054508231,-0.157878791,0.030317435,25.531160,1,1,1,1,1,-3.054508231,1,0
16.335328,3,1,1,1,1.446975597,1.452207423,-0.017705959,41.485523,1.479510645,0.000000000,0.199632810,15.830104,1,1,1,1,1,1.479510645,1,0,-0.036778630,-0.078855276,-0.043447780,40.010626,-0.116412854,-0.761377232,0.028326990,25.645204,1,1,1,1,1,-0.116412854,1,0,-3.028660512,-3.017741016,0.010829984,41.879488,-3.056593539,0.000000000,0.030531439,25.518899,1,1,1,1,1,-3.056593539,1,0
16.362886,3,1,1,1,1.446975597,1.452207423,-0.017705959,41.485523,1.486621138,0.472633812,0.199632810,15.830104,1,1,1,1,1,1.486621138,1,0,-0.067816361,-0.132453040,-0.065368333,38.754670,-0.146173047,-1.230706843,0.018097879,26.231289,1,1,1,1,1,-0.146173047,1,0,-3.038467804,-3.028154569,0.010376867,41.905449,-3.061810279,0.000000000,0.037229325,25.135138,1,1,1,1,1,-3.061810279,1,0
16.397097,3,1,1,1,1.458578819,1.454952113,-0.021950599,41.242323,1.493667029,0.159871236,0.174256549,17.284056,1,1,1,1,1,1.493667029,1,0,-0.099237385,-0.172313709,-0.073240739,38.303615,-0.189848860,-1.699045454,0.005531277,26.951302,1,1,1,1,1,-0.189848860,1,0,-3.048831693,-3.040296329,0.008865206,41.992061,-3.065148084,-0.159514713,0.050579306,24.370240,1,1,1,1,1,-3.065148084,1,0
16.443055,3,1,1,1,1.469476455,1.446985213,-0.032168296,40.656892,1.496187685,-0.313582485,0.122285625,20.261771,1,1,1,1,1,1.496187685,1,0,-0.130415557,-0.207630949,-0.077134232,38.080534,-0.221938335,-0.473314234,-0.007367545,26.846092,1,1,1,1,1,-0.221938335,1,0,-3.057544905,-3.051856644,0.006324278,42.137646,-3.073589159,-0.306269265,0.065282631,23.527802,1,1,1,1,1,-3.073589159,1,0
16.466446,3,1,1,1,1.482121535,1.473338675,-0.010947395,41.872760,1.491689983,-0.296558854,0.054109757,24.167960,1,1,1,1,1,1.491689983,1,0,-0.130415557,-0.207630949,-0.077134232,38.080534,-0.234555036,-0.787649476,-0.007367545,26.846092,1,1,1,1,1,-0.234555036,1,0,-3.057544905,-3.051856644,0.006324278,42.137646,-3.078621480,-0.317008156,0.065282631,23.527802,1,1,1,1,1,-3.078621480,1,0
16.497255,3,1,1,1,1.482121535,1.457497102,-0.026797093,40.964640,1.485290831,-0.134506268,0.053437705,24.206466,1,1,1,1,1,1.485290831,1,0,-0.168915710,-0.265240718,-0.096407602,36.976251,-0.266154469,-1.270085497,-0.019991837,26.122773,1,1,1,1,1,-0.266154469,1,0,-3.065229076,-3.061662814,0.004422809,42.246592,-3.083262210,-0.309924634,0.075569735,22.938394,1,1,1,1,1,-3.083262210,1,0
16.530652,3,1,1,1,1.492786300,1.486604902,-0.006135762,42.148447,1.488317317,0.336410177,-0.006784314,26.879509,1,1,1,1,1,1.488317317,1,0,-0.168915710,-0.265240718,-0.096407602,36.976251,-0.309479669,-1.724592257,-0.019991837,26.122773,1,1,1,1,1,-0.309479669,1,0,-3.071604297,-3.068260362,0.004296411,42.253834,-3.087525270,-0.161797362,0.076043991,22.911221,1,1,1,1,1,-3.087525270,1,0
16.564704,3,1,1,1,1.495832762,1.496060093,-0.000088697,42.494918,1.514298852,0.964056940,-0.034557852,25.288202,1,1,1,1,1,1.514298852,1,0,-0.216417949,-0.343618415,-0.128226420,35.153167,-0.391209764,-2.354112384,-0.029668849,25.568321,1,1,1,1,1,-0.391209764,1,0,-3.071604297,-3.069525029,0.003029740,42.326409,-3.091738137,-0.142719004,0.076182237,22.903300,1,1,1,1,1,-3.091738137,1,0
16.596167,3,1,1,1,1.495832762,1.463494471,-0.032671501,40.628061,1.509464924,0.312215358,-0.034300160,25.302967,1,1,1,1,1,1.509464924,1,0,-0.273792720,-0.410114175,-0.139277530,34.519985,-0.468517571,-2.823214748,-0.028008292,25.663464,1,1,1,1,1,-0.468517571,1,0,-3.079470658,-3.079643113,0.000798916,42.454226,-3.094266599,-0.157252609,0.060940152,23.776608,1,1,1,1,1,-3.094266599,1,0
16.633512,3,1,1,1,1.495192097,1.473576452,-0.022391059,41.217087,1.528195452,0.320201695,-0.045340300,24.670413,1,1,1,1,1,1.528195452,1,0,-0.310817662,-0.443905969,-0.136647108,34.670697,-0.493074967,0.004527035,-0.020798182,26.076573,1,1,1,1,1,-0.493074967,1,0,-3.087081033,-3.087719783,0.000105832,42.493936,-3.101007456,-0.188467819,0.033400164,25.354533,1,1,1,1,1,-3.101007456,1,0
16.663420,3,1,1,1,1.497171856,1.485136588,-0.013111379,41.748773,1.530696404,-0.154788249,-0.052119911,24.281970,1,1,1,1,1,1.530696404,1,0,-0.310817662,-0.413449269,-0.106433962,36.401783,-0.505847227,-0.633461035,-0.024704429,25.852762,1,1,1,1,1,-0.505847227,1,0,-3.087081033,-3.089368173,-0.001540767,42.411721,-3.106140786,-0.311886606,0.033539510,25.346549,1,1,1,1,1,-3.106140786,1,0
16.698217,3,1,1,1,1.503873566,1.492755020,-0.012503515,41.783601,1.518922254,-0.627578858,-0.060025423,23.829018,1,1,1,1,1,1.518922254,1,0,-0.382842387,-0.479616822,-0.099491191,36.799575,-0.531350861,-1.096582498,-0.007189757,26.856278,1,1,1,1,1,-0.531350861,1,0,-3.093341192,-3.096158564,-0.002499242,42.356804,-3.108008992,-0.156168885,0.011153417,26.629177,1,1,1,1,1,-3.108008992,1,0
16.733224,3,1,1,1,1.514889233,1.503618075,-0.013118365,41.748373,1.519457542,0.002619633,-0.071055523,23.197040,1,1,1,1,1,1.519457542,1,0,-0.456878237,-0.544794875,-0.087573008,37.482436,-0.571101657,-1.565663200,0.010301802,26.677971,1,1,1,1,1,-0.571101657,1,0,-3.099620234,-3.102515014,-0.002993457,42.328488,-3.111472003,0.000000000,-0.002845031,27.105213,1,1,1,1,1,-3.111472003,1,0
16.763267,3,1,1,1,1.514889233,1.503618075,-0.013118365,41.748373,1.526428680,0.462427987,-0.071055523,23.197040,1,1,1,1,1,1.526428680,1,0,-0.519719757,-0.655066331,-0.132458369,34.910694,-0.607815165,-0.157764170,0.028120650,25.657027,1,1,1,1,1,-0.607815165,1,0,-3.104764986,-3.105786824,-0.001307406,42.425091,-3.114559038,0.000000000,-0.007697090,26.827210,1,1,1,1,1,-3.114559038,1,0
16.800017,3,1,1,1,1.522633357,1.498254677,-0.026687783,40.970903,1.534366104,0.469541119,-0.079816834,22.695053,1,1,1,1,1,1.534366104,1,0,-0.519719757,-0.569508880,-0.048410677,39.726273,-0.619599691,-0.628578812,0.012023548,26.579323,1,1,1,1,1,-0.619599691,1,0,-3.104764986,-3.109690915,-0.005203092,42.201885,-3.119832318,0.000000000,-0.007395756,26.844476,1,1,1,1,1,-3.119832318,1,0
16.836039,3,1,1,1,1.525569755,1.511449531,-0.016563048,41.551007,1.538440422,0.309532281,-0.084604121,22.420762,1,1,1,1,1,1.538440422,1,0,-0.569056696,-0.627105474,-0.057109902,39.227844,-0.645888512,-1.104988237,0.010481484,26.667676,1,1,1,1,1,-0.645888512,1,0,-3.109698039,-3.114622771,-0.005204375,42.201811,-3.121096469,-0.160878337,-0.007490134,26.839068,1,1,1,1,1,-3.121096469,1,0
16.869584,3,1,1,1,1.525569755,1.495017107,-0.033046844,40.606555,1.553107945,0.454558565,-0.084132297,22.447796,1,1,1,1,1,1.553107945,1,0,-0.603614816,-0.676907153,-0.073328687,38.298576,-0.701891348,-1.726377703,0.004908631,26.986977,1,1,1,1,1,-0.701891348,1,0,-3.114205958,-3.118972126,-0.004894790,42.219549,-3.125402229,0.000000000,-0.003898503,27.044853,1,1,1,1,1,-3.125402229,1,0
16.898626,3,1,1,1,1.527602841,1.511521824,-0.018431489,41.443953,1.559677891,-0.014918764,-0.083923871,22.459738,1,1,1,1,1,1.559677891,1,0,-0.603614816,-0.632457818,-0.029391928,40.815967,-0.740605999,0.000000000,-0.001823012,27.163770,1,1,1,1,1,-0.740605999,1,0,-3.118278463,-3.122736003,-0.004419360,42.246789,-3.126339995,-0.160512922,0.001576807,27.177877,1,1,1,1,1,-3.126339995,1,0
16.930310,3,1,1,1,1.533566379,1.522999099,-0.012945364,41.758285,1.552204368,-0.484778518,-0.079590795,22.708005,1,1,1,1,1,1.552204368,1,0,-0.634529909,-0.681677359,-0.048061015,39.746307,-0.747585343,-0.468254793,-0.003452295,27.070419,1,1,1,1,1,-0.747585343,1,0,-3.118821581,-3.125139569,-0.006259710,42.141345,-3.128849802,-0.157501816,0.002499779,27.124994,1,1,1,1,1,-3.128849802,1,0
16.965098,3,1,1,1,1.533566379,1.522999099,-0.012945364,41.758285,1.551202798,-0.003030270,-0.079590795,22.708005,1,1,1,1,1,1.551202798,1,0,-0.673179404,-0.785801590,-0.112239784,36.069134,-0.751402818,-0.304193961,0.010482699,26.667607,1,1,1,1,1,-0.751402818,1,0,-3.122101974,-3.126080939,-0.003847602,42.279549,-3.130492470,0.000000000,0.007385889,26.845041,1,1,1,1,1,-3.130492470,1,0
16.997726,3,1,1,1,1.543421061,1.519586904,-0.026415750,40.986489,1.558077003,0.464724319,-0.070906397,23.205584,1,1,1,1,1,1.558077003,1,0,-0.710167607,-0.766504716,-0.055478584,39.321311,-0.767668437,-0.776874159,0.010055869,26.692062,1,1,1,1,1,-0.767668437,1,0,-3.125832489,-3.131362096,-0.005381677,42.191653,-3.133799637,-0.320705826,0.012344305,26.560945,1,1,1,1,1,-3.133799637,1,0
17.034666,3,1,1,1,1.550669173,1.530975850,-0.022349422,41.219472,1.561931291,0.475974362,-0.061754143,23.729969,1,1,1,1,1,1.561931291,1,0,-0.710167607,-0.714939992,-0.004491065,42.242681,-0.811132345,-1.403207894,0.002366269,27.132644,1,1,1,1,1,-0.811132345,1,0,-3.125832489,-3.133718369,-0.007737285,42.056686,-3.135741889,-0.149692712,0.012428140,26.556141,1,1,1,1,1,-3.135741889,1,0
17.063289,3,1,1,1,1.550669173,1.514432348,-0.038908606,40.270701,1.567103417,0.315580820,-0.061046717,23.770502,1,1,1,1,1,1.567103417,1,0,-0.743534126,-0.746379998,-0.001025529,42.441241,-0.860248534,-1.874039217,0.014407676,26.442722,1,1,1,1,1,-0.860248534,1,0,-3.129456914,-3.136553073,-0.006973608,42.100442,-3.139511044,0.000000000,0.016050393,26.348601,1,1,1,1,1,-3.139511044,1,0
17.098079,3,1,1,1,1.554700830,1.527407384,-0.029857792,40.789275,1.581897375,0.461639290,-0.052410084,24.265345,1,1,1,1,1,1.581897375,1,0,-0.773305729,-0.784907543,-0.007803575,42.052888,-0.868935003,-0.315687587,0.035275725,25.247071,1,1,1,1,1,-0.868935003,1,0,-3.133296518,-3.139207104,-0.005860897,42.164195,-3.139262748,0.000000000,0.006771625,26.880236,1,1,1,1,1,-3.139262748,1,0
17.129776,3,1,1,1,1.557364800,1.541292931,-0.018424942,41.444329,1.588680169,-0.004802993,-0.046143740,24.624380,1,1,1,1,1,1.588680169,1,0,-0.773305729,-0.732732884,0.043994420,39.979305,-0.883944995,-0.469596929,0.028823862,25.616735,1,1,1,1,1,-0.883944995,1,0,-3.133296518,-3.141580711,-0.008234151,42.028218,-3.141072465,0.000000000,0.006834893,26.876611,1,1,1,1,1,-3.141072465,1,0
17.163398,3,1,1,1,1.563062095,1.571921491,0.006760748,42.112638,1.576595160,0.000000000,-0.042583591,24.828361,1,1,1,1,1,1.576595160,1,0,-0.807563381,-0.826033710,-0.013125019,41.747992,-0.903722530,-0.765236930,0.060203177,23.818833,1,1,1,1,1,-0.903722530,1,0,-3.136921071,-3.141543518,-0.005068754,42.209582,3.140441472,0.000000000,-0.029315401,25.588572,1,1,1,1,1,3.140441472,1,0
17.197490,3,1,1,1,1.563062095,1.555357916,-0.009797530,41.938643,1.580194315,0.000000000,-0.041776030,24.874631,1,1,1,1,1,1.580194315,1,0,-0.850341925,-0.874418909,-0.017970262,41.470380,-0.919556741,-0.296885705,0.082328416,22.551150,1,1,1,1,1,-0.919556741,1,0,3.141072668,3.139585449,-0.004474432,42.243634,3.140180288,-0.154135395,-0.094392376,21.859936,1,1,1,1,1,3.140180288,1,0
17.242106,3,1,1,1,1.572180609,1.552483799,-0.021434208,41.271910,1.597153175,0.000000000,-0.037705203,25.107872,1,1,1,1,1,1.597153175,1,0,-0.879728675,-0.825747705,0.060144884,39.053952,-0.914661330,0.491868904,0.084716668,22.414314,1,1,1,1,1,-0.914661330,1,0,3.136115761,3.135428141,-0.007410384,42.075416,3.136080999,0.000000000,-0.145552218,18.928693,1,1,1,1,1,3.136080999,1,0
17.264201,3,1,1,1,1.579358148,1.580174943,-0.000486753,42.472111,1.600118607,0.305224183,-0.035832710,25.215158,1,1,1,1,1,1.600118607,1,0,-0.879728675,-0.825747705,0.060144884,39.053952,-0.907926722,0.174244352,0.084716668,22.414314,1,1,1,1,1,-0.907926722,1,0,3.136115761,3.135428141,-0.007410384,42.075416,3.134656253,0.000000000,-0.145552218,18.928693,1,1,1,1,1,3.134656253,1,0
17.296232,3,1,1,1,1.586101229,1.583071785,-0.003767318,42.284149,1.614797843,0.469516378,-0.033009997,25.376888,1,1,1,1,1,1.614797843,1,0,-0.903000553,-0.773391330,0.135262943,34.750004,-0.909847433,-0.301167743,0.078904981,22.747299,1,1,1,1,1,-0.909847433,1,0,3.131068170,3.131756593,-0.009820609,41.937321,3.134964408,-0.154384162,-0.180817199,16.908159,1,1,1,1,1,3.134964408,1,0
17.330263,3,1,1,1,1.586101229,1.566697387,-0.020146325,41.345701,1.621814828,-0.000749725,-0.032650157,25.397505,1,1,1,1,1,1.621814828,1,0,-0.918984799,-0.788446011,0.134776097,34.777898,-0.925493788,-0.763050947,0.067717991,23.388266,1,1,1,1,1,-0.925493788,1,0,3.126779830,3.131246088,-0.007916040,42.046444,3.134907569,-0.160062481,-0.192145709,16.259083,1,1,1,1,1,3.134907569,1,0
17.369831,3,1,1,1,1.595082071,1.601372456,0.005945262,42.159362,1.611791639,0.000000000,-0.031553706,25.460327,1,1,1,1,1,1.611791639,1,0,-0.918984799,-0.788446011,0.134776097,34.777898,-0.962800513,-0.763107810,0.067717991,23.388266,1,1,1,1,1,-0.962800513,1,0,3.126779830,3.131246088,-0.007916040,42.046444,3.136033206,0.000000000,-0.192145709,16.259083,1,1,1,1,1,3.136033206,1,0
17.399420,3,1,1,1,1.605436649,1.613613280,0.008056596,42.038391,1.615653100,0.000000000,-0.030236502,25.535797,1,1,1,1,1,1.615653100,1,0,-0.922588076,-0.802789302,0.122348481,35.489948,-0.978574489,-0.294583546,0.048517115,24.488395,1,1,1,1,1,-0.978574489,1,0,3.125690894,3.131454227,-0.004328473,42.251997,3.135705291,0.000000000,-0.168597539,17.608294,1,1,1,1,1,3.135705291,1,0
17.431644,3,1,1,1,1.605436649,1.581380514,-0.024190166,41.114006,1.622573927,0.466287685,-0.030113727,25.542832,1,1,1,1,1,1.622573927,1,0,-0.925051015,-0.739246964,0.187144204,31.777427,-0.981319469,0.023310429,0.027442680,25.695871,1,1,1,1,1,-0.981319469,1,0,3.127547664,3.129289144,-0.004147380,42.262373,3.136315489,-0.154204620,-0.124625713,20.127694,1,1,1,1,1,3.136315489,1,0
17.464902,3,1,1,1,1.614274709,1.592782158,-0.021465247,41.270132,1.632098145,0.465914181,-0.028061008,25.660444,1,1,1,1,1,1.632098145,1,0,-0.936654288,-0.741151033,0.196164899,31.260579,-0.960808235,0.803070847,0.014839115,26.418002,1,1,1,1,1,-0.960808235,1,0,3.131140530,3.130397475,-0.002499671,42.356779,3.136057172,0.000000000,-0.065227098,23.530984,1,1,1,1,1,3.136057172,1,0
17.498273,3,1,1,1,1.621485562,1.610486434,-0.010890922,41.875996,1.641989039,0.154268253,-0.020512363,26.092949,1,1,1,1,1,1.641989039,1,0,-0.936654288,-0.679233467,0.257978494,27.718921,-0.929858333,1.271708554,0.011232305,26.624657,1,1,1,1,1,-0.929858333,1,0,3.131140530,3.127967322,-0.004933203,42.217348,3.133717276,0.000000000,-0.065128274,23.536646,1,1,1,1,1,3.133717276,1,0
17.530272,3,1,1,1,1.626297730,1.620988321,-0.005236990,42.199943,1.652305027,0.319453179,-0.009752450,26.709447,1,1,1,1,1,1.652305027,1,0,-0.958331365,-0.688630894,0.269917323,27.034877,-0.905216797,0.000000000,0.004217326,27.026586,1,1,1,1,1,-0.905216797,1,0,3.134920261,3.130520645,-0.004421311,42.246678,3.134299553,0.000000000,-0.007839691,26.819040,1,1,1,1,1,3.134299553,1,0
17.565285,3,1,1,1,1.626297730,1.620988321,-0.005236990,42.199943,1.653977922,-0.007029486,-0.009752450,26.709447,1,1,1,1,1,1.653977922,1,0,-0.965198180,-0.775944418,0.189419723,31.647049,-0.906715533,0.000000000,0.005288023,26.965240,1,1,1,1,1,-0.906715533,1,0,3.136104274,3.134218870,-0.002022147,42.384140,3.136231623,0.000000000,0.014469433,26.439184,1,1,1,1,1,3.136231623,1,0
17.596178,3,1,1,1,1.634083230,1.634977926,0.000844454,42.451616,1.647425154,0.000000000,0.004991318,26.982240,1,1,1,1,1,1.647425154,1,0,-0.965198180,-0.703746087,0.261510938,27.516527,-0.907399409,0.164799107,0.001543351,27.179794,1,1,1,1,1,-0.907399409,1,0,3.136017648,3.134906969,-0.001481008,42.415145,3.135995540,0.000000000,0.024703191,25.852833,1,1,1,1,1,3.135995540,1,0
17.643656,3,1,1,1,1.643698076,1.632377480,-0.011547466,41.838379,1.651241509,0.168349091,0.017092652,26.288884,1,1,1,1,1,1.651241509,1,0,-0.947428542,-0.635227997,0.312017072,24.622739,-0.888161870,0.794684743,-0.005431913,26.956995,1,1,1,1,1,-0.888161870,1,0,3.135877928,3.131415951,-0.004905083,42.218959,3.136252970,0.000000000,0.027485386,25.693425,1,1,1,1,1,3.136252970,1,0
17.663780,3,1,1,1,1.651091828,1.645109220,-0.006388836,42.133947,1.663279741,0.637599895,0.024820244,25.846126,1,1,1,1,1,1.663279741,1,0,-0.918553615,-0.636165750,0.282046691,26.339915,-0.857967878,1.257018734,-0.010145449,26.686930,1,1,1,1,1,-0.857967878,1,0,3.135115516,3.132519296,-0.003356747,42.307673,3.133935995,0.000000000,0.040546716,24.945065,1,1,1,1,1,3.133935995,1,0
17.696742,3,1,1,1,1.651571527,1.632265510,-0.019728631,41.369633,1.668693124,0.313580757,0.025068071,25.831926,1,1,1,1,1,1.668693124,1,0,-0.894987172,-0.628566905,0.265981644,27.260374,-0.812843726,1.731390522,-0.013712926,26.482528,1,1,1,1,1,-0.812843726,1,0,3.134359442,3.133384870,-0.002149009,42.376871,3.135507448,0.000000000,0.057509720,23.973157,1,1,1,1,1,3.135507448,1,0
17.730065,3,1,1,1,1.655842175,1.645864163,-0.010520648,41.897211,1.683538374,0.468426623,0.028919165,25.611275,1,1,1,1,1,1.683538374,1,0,-0.892407878,-0.568646082,0.323258248,23.978667,-0.788946139,0.000000000,-0.016967597,26.296049,1,1,1,1,1,-0.788946139,1,0,3.134359442,3.131271183,-0.004266422,42.255552,3.133519531,0.000000000,0.057499263,23.973756,1,1,1,1,1,3.133519531,1,0
17.763851,3,1,1,1,1.660834647,1.658078751,-0.003304596,42.310661,1.689703010,-0.160486014,0.031232984,25.478703,1,1,1,1,1,1.689703010,1,0,-0.868522829,-0.550021894,0.317976463,24.281291,-0.776397284,0.000000000,-0.018523664,26.206893,1,1,1,1,1,-0.776397284,1,0,3.133505343,3.132283120,-0.002979997,42.329259,3.133766465,-0.150920713,0.077021277,22.855227,1,1,1,1,1,3.133766465,1,0
17.798909,3,1,1,1,1.660834647,1.658078751,-0.003304596,42.310661,1.677943510,-0.628642445,0.031232984,25.478703,1,1,1,1,1,1.677943510,1,0,-0.833144564,-0.607094217,0.225633058,29.572178,-0.777140064,0.153498735,-0.014045629,26.463466,1,1,1,1,1,-0.777140064,1,0,3.132649757,3.134758430,-0.000154988,42.491120,3.134268041,0.000000000,0.089602718,22.134364,1,1,1,1,1,3.134268041,1,0
17.830333,3,1,1,1,1.671276857,1.673374124,0.001746315,42.399944,1.682995129,0.010600959,0.033539389,25.346556,1,1,1,1,1,1.682995129,1,0,-0.833144564,-0.537541244,0.295123859,25.590648,-0.765477872,0.624452094,-0.017678495,26.255318,1,1,1,1,1,-0.765477872,1,0,3.132649757,3.132778292,-0.002143192,42.377204,3.133935759,0.000000000,0.089581466,22.135581,1,1,1,1,1,3.133935759,1,0
17.863796,3,1,1,1,1.681459524,1.671705072,-0.009768716,41.940294,1.696060576,0.640761672,0.035102468,25.256998,1,1,1,1,1,1.696060576,1,0,-0.797539567,-0.463198633,0.333903472,23.368740,-0.727239630,1.261439740,-0.018069467,26.232917,1,1,1,1,1,-0.727239630,1,0,3.131810346,3.131067292,-0.003393612,42.305560,3.131299026,-0.308065879,0.095606948,21.790347,1,1,1,1,1,3.131299026,1,0
17.896435,3,1,1,1,1.681459524,1.671705072,-0.009768716,41.940294,1.695311791,0.310302583,0.035102468,25.256998,1,1,1,1,1,1.695311791,1,0,-0.771828279,-0.506599818,0.264869249,27.324110,-0.683400614,1.722925862,-0.011161577,26.628710,1,1,1,1,1,-0.683400614,1,0,3.131442270,3.132793616,-0.001237948,42.429071,3.132329810,0.000000000,0.092630656,21.960876,1,1,1,1,1,3.132329810,1,0
17.931232,3,1,1,1,1.688953668,1.674886726,-0.013675158,41.716471,1.706498153,0.003869971,0.035320657,25.244497,1,1,1,1,1,1.706498153,1,0,-0.748893792,-0.427411423,0.321133015,24.100434,-0.623190004,2.204551117,-0.009894351,26.701317,1,1,1,1,1,-0.623190004,1,0,3.131449696,3.130742959,-0.002430532,42.360741,3.129784300,0.000000000,0.070723056,23.216089,1,1,1,1,1,3.129784300,1,0
17.963782,3,1,1,1,1.692688037,1.683050999,-0.009057200,41.981061,1.704346826,-0.144476066,0.034001679,25.320068,1,1,1,1,1,1.704346826,1,0,-0.743432340,-0.381919891,0.361167856,21.806606,-0.613072316,0.465966127,-0.011283745,26.621710,1,1,1,1,1,-0.613072316,1,0,3.131449696,3.128746694,-0.004431819,42.246075,3.129632951,-0.158717172,0.070699613,23.217432,1,1,1,1,1,3.129632951,1,0
17.996807,3,1,1,1,1.692688037,1.683050999,-0.009057200,41.981061,1.702370492,0.000000000,0.034001679,25.320068,1,1,1,1,1,1.702370492,1,0,-0.707188426,-0.417340951,0.289533361,25.910960,-0.592072315,0.936407454,-0.002993053,27.096732,1,1,1,1,1,-0.592072315,1,0,3.131306005,3.130258989,-0.001785005,42.397727,3.129783194,0.000000000,0.039980618,24.977500,1,1,1,1,1,3.129783194,1,0
18.049947,3,1,1,1,1.702360797,1.691859326,-0.009870771,41.934446,1.711996821,0.467151152,0.029736026,25.564472,1,1,1,1,1,1.711996821,1,0,-0.659477633,-0.302129631,0.357077539,22.040964,-0.541207337,1.573159024,-0.005117982,26.974982,1,1,1,1,1,-0.541207337,1,0,3.130717670,3.125669733,-0.005194749,42.202363,3.129127385,-0.105219038,0.011368500,26.616854,1,1,1,1,1,3.129127385,1,0
18.062946,3,1,1,1,1.702360797,1.691859326,-0.009870771,41.934446,1.713243587,0.000000000,0.029736026,25.564472,1,1,1,1,1,1.713243587,1,0,-0.659477633,-0.302129631,0.357077539,22.040964,-0.487476644,2.040301160,-0.005117982,26.974982,1,1,1,1,1,-0.487476644,1,0,3.129995591,3.126921312,-0.003017006,42.327138,3.128059794,0.000000000,-0.005936864,26.928064,1,1,1,1,1,3.128059794,1,0
18.096391,3,1,1,1,1.705828584,1.703685096,-0.001617832,42.407305,1.720230357,0.468503843,0.028673935,25.625326,1,1,1,1,1,1.720230357,1,0,-0.610315903,-0.285060694,0.325006441,23.878503,-0.417673352,2.521064047,-0.002939847,27.099780,1,1,1,1,1,-0.417673352,1,0,3.129912827,3.125086465,-0.004757589,42.227410,3.127863023,-0.153167910,-0.007300389,26.849940,1,1,1,1,1,3.127863023,1,0
18.130279,3,1,1,1,1.705828584,1.689254992,-0.016051482,41.580318,1.728192733,0.157145025,0.028935314,25.610350,1,1,1,1,1,1.728192733,1,0,-0.551595763,-0.271088684,0.280288154,26.440672,-0.400193317,-0.157776281,-0.001685006,27.171677,1,1,1,1,1,-0.400193317,1,0,3.129297823,3.124225919,-0.004944660,42.216692,3.126173043,0.000000000,-0.014573789,26.433205,1,1,1,1,1,3.126173043,1,0
18.163712,3,1,1,1,1.709522602,1.701120847,-0.008022566,42.040341,1.745594676,0.477577548,0.028519402,25.634180,1,1,1,1,1,1.745594676,1,0,-0.497252932,-0.252831221,0.244243001,28.505907,-0.393953386,0.470028270,-0.001540098,27.179980,1,1,1,1,1,-0.393953386,1,0,3.128553696,3.123382873,-0.005001157,42.213455,3.123156938,0.000000000,-0.019819106,26.132670,1,1,1,1,1,3.123156938,1,0
18.196723,3,1,1,1,1.716541278,1.714589289,-0.001710332,42.402005,1.752853949,0.004850242,0.027698074,25.681238,1,1,1,1,1,1.752853949,1,0,-0.497252932,-0.218701274,0.278410990,26.548225,-0.388645527,0.314491379,-0.004258488,27.024228,1,1,1,1,1,-0.388645527,1,0,3.128553696,3.121365571,-0.007018959,42.097843,3.122941647,-0.157867010,-0.019815049,26.132902,1,1,1,1,1,3.122941647,1,0
18.232608,3,1,1,1,1.729301103,1.743356248,0.014207998,41.685942,1.746091298,-0.460953873,0.025532495,25.805317,1,1,1,1,1,1.746091298,1,0,-0.429107982,-0.240937025,0.188013864,31.727599,-0.372008939,0.788389902,0.000633622,27.231917,1,1,1,1,1,-0.372008939,1,0,3.127102917,3.122662996,-0.004280466,42.254747,3.122186911,-0.157638805,-0.034922110,25.267332,1,1,1,1,1,3.122186911,1,0
18.262783,3,1,1,1,1.730802636,1.732329628,0.001668827,42.404383,1.745303737,0.003135749,0.025336475,25.816548,1,1,1,1,1,1.745303737,1,0,-0.380452365,-0.232685266,0.147579640,34.044310,-0.327684953,1.419167970,0.004614643,27.003822,1,1,1,1,1,-0.327684953,1,0,3.125191288,3.121774807,-0.003618805,42.292658,3.122366079,0.000000000,-0.058145048,23.936755,1,1,1,1,1,3.122366079,1,0
18.297437,3,1,1,1,1.742001479,1.726950075,-0.014961234,41.642784,1.752248398,0.467100415,0.022969630,25.952158,1,1,1,1,1,1.752248398,1,0,-0.380452365,-0.171042298,0.209308450,30.507509,-0.278079992,1.890085593,-0.001107813,27.204748,1,1,1,1,1,-0.278079992,1,0,3.122592844,3.119057224,-0.004797341,42.225133,3.119553745,0.000000000,-0.085821108,22.351034,1,1,1,1,1,3.119553745,1,0
18.331561,3,1,1,1,1.750519099,1.741199567,-0.009256383,41.969648,1.752058506,0.309739877,0.019845702,26.131146,1,1,1,1,1,1.752058506,1,0,-0.359516366,-0.158872049,0.200518100,31.011159,-0.247859812,-0.164129477,0.001039139,27.208683,1,1,1,1,1,-0.247859812,1,0,3.122592844,3.117039889,-0.006821634,42.109149,3.119093167,0.000000000,-0.085773430,22.353766,1,1,1,1,1,3.119093167,1,0
18.363266,3,1,1,1,1.750519099,1.727246106,-0.023212481,41.170023,1.770751000,0.311224091,0.019888679,26.128684,1,1,1,1,1,1.770751000,1,0,-0.331988628,-0.152104304,0.179701751,32.203848,-0.242096968,0.456052156,0.004890771,26.988001,1,1,1,1,1,-0.242096968,1,0,3.120101597,3.116467687,-0.006155091,42.147339,3.118386623,0.000000000,-0.103771237,21.322567,1,1,1,1,1,3.118386623,1,0
18.396163,3,1,1,1,1.753445504,1.741493095,-0.011838516,41.821703,1.772957497,-0.165955637,0.017499693,26.265563,1,1,1,1,1,1.772957497,1,0,-0.296163488,-0.144545595,0.151393363,33.825799,-0.221063714,0.932074428,0.008068125,26.805952,1,1,1,1,1,-0.221063714,1,0,3.117879876,3.116274835,-0.004820042,42.223832,3.118412856,-0.158786947,-0.106317015,21.176705,1,1,1,1,1,3.118412856,1,0
18.431431,3,1,1,1,1.756827059,1.766791361,0.010186293,41.916368,1.761087255,-0.632815878,0.015574690,26.375857,1,1,1,1,1,1.761087255,1,0,-0.291826295,-0.146434168,0.145158047,34.183057,-0.220541621,-0.161049428,0.008711910,26.769065,1,1,1,1,1,-0.220541621,1,0,3.117879876,3.116274835,-0.004820042,42.223832,3.119663781,0.000000000,-0.106317015,21.176705,1,1,1,1,1,3.119663781,1,0
18.464381,3,1,1,1,1.757401930,1.755831744,-0.001335634,42.423474,1.768305743,0.317262939,0.015549858,26.377280,1,1,1,1,1,1.768305743,1,0,-0.257399535,-0.138558702,0.118577589,35.706005,-0.208980561,0.623809513,0.011089842,26.632820,1,1,1,1,1,-0.208980561,1,0,3.116660036,3.115974159,-0.003892884,42.276954,3.119379438,0.000000000,-0.096065930,21.764049,1,1,1,1,1,3.119379438,1,0
18.496562,3,1,1,1,1.762632910,1.751624958,-0.010683500,41.887881,1.775343342,0.474526622,0.013972531,26.467654,1,1,1,1,1,1.775343342,1,0,-0.223209322,-0.114388907,0.108553079,36.280367,-0.183843922,1.085738976,0.011938870,26.584174,1,1,1,1,1,-0.183843922,1,0,3.116394127,3.114181422,-0.005042432,42.211090,3.119800614,-0.155535995,-0.063435763,23.633620,1,1,1,1,1,3.119800614,1,0
18.531353,3,1,1,1,1.767436820,1.763399051,-0.003692520,42.288434,1.779784700,0.317081229,0.011285704,26.621598,1,1,1,1,1,1.779784700,1,0,-0.223209322,-0.096603187,0.126380048,35.258957,-0.143116909,1.567898585,0.009702247,26.712323,1,1,1,1,1,-0.143116909,1,0,3.118613779,3.114736636,-0.004426356,42.246388,3.118817483,-0.156439345,-0.007681343,26.828113,1,1,1,1,1,3.118817483,1,0
18.566802,3,1,1,1,1.771659023,1.775153186,0.003782499,42.283279,1.788584448,0.311591972,0.008328646,26.791025,1,1,1,1,1,1.788584448,1,0,-0.201110983,-0.095627608,0.105206143,36.472132,-0.142662891,-0.468216010,0.013010772,26.522759,1,1,1,1,1,-0.142662891,1,0,3.123596055,3.115433772,-0.003073812,42.323884,3.119233357,0.000000000,0.050036981,24.401313,1,1,1,1,1,3.119233357,1,0
18.597052,3,1,1,1,1.771659023,1.761436731,-0.009926265,41.931267,1.803368156,0.469123836,0.008801543,26.763930,1,1,1,1,1,1.803368156,1,0,-0.181666232,-0.093440998,0.087912526,37.462983,-0.149639443,0.007169476,0.015532387,26.378281,1,1,1,1,1,-0.149639443,1,0,3.124409514,3.113910723,-0.004441887,42.245499,3.120288389,-0.153763839,0.057281311,23.986244,1,1,1,1,1,3.120288389,1,0
18.638700,3,1,1,1,1.777178978,1.773331639,-0.003613416,42.292967,1.809134091,-0.197319523,0.007055724,26.863958,1,1,1,1,1,1.809134091,1,0,-0.160428241,-0.092525104,0.067558828,38.629164,-0.136737610,0.636690215,0.018137955,26.228993,1,1,1,1,1,-0.136737610,1,0,3.133023696,3.115763805,-0.001147026,42.434280,3.122649820,0.000000000,0.114006047,20.736156,1,1,1,1,1,3.122649820,1,0
18.664015,3,1,1,1,1.787494545,1.801814248,0.014518782,41.668135,1.803275183,-0.472226662,0.006650283,26.887188,1,1,1,1,1,1.803275183,1,0,-0.160428241,-0.092525104,0.067558828,38.629164,-0.120895075,0.950306456,0.018137955,26.228993,1,1,1,1,1,-0.120895075,1,0,-3.140784903,3.120373461,0.003510302,42.298875,3.125736189,0.159363963,0.154335489,18.425449,1,1,1,1,1,3.125736189,1,0
18.696129,3,1,1,1,1.797409883,1.810607737,0.013386852,41.732990,1.801817044,0.000000000,0.007358601,26.846604,1,1,1,1,1,1.801817044,1,0,-0.143042552,-0.094146973,0.048525281,39.719706,-0.102448378,0.314536901,0.020942569,26.068300,1,1,1,1,1,-0.102448378,1,0,-3.139765443,3.119202409,0.002179734,42.375110,3.127773380,0.150101857,0.158141631,18.207373,1,1,1,1,1,3.127773380,1,0
18.729397,3,1,1,1,1.798327897,1.785695780,-0.012437232,41.787399,1.808836251,0.469590127,0.008058136,26.806524,1,1,1,1,1,1.808836251,1,0,-0.129546805,-0.079627471,0.049565969,39.660079,-0.102049784,-0.325105831,0.021237862,26.051381,1,1,1,1,1,-0.102049784,1,0,-3.132169172,3.120826274,0.001135911,42.434917,3.130671276,0.000000000,0.179962097,16.957152,1,1,1,1,1,3.130671276,1,0
18.764659,3,1,1,1,1.806005754,1.798050161,-0.007787466,42.053811,1.818112867,0.472320234,0.007967697,26.811706,1,1,1,1,1,1.818112867,1,0,-0.129546805,-0.066324903,0.062895079,38.896377,-0.102770078,0.000000000,0.019617367,26.144229,1,1,1,1,1,-0.102770078,1,0,-3.126770929,3.126016057,0.001128189,42.435360,3.134511158,0.156388341,0.184167075,16.716225,1,1,1,1,1,3.134511158,1,0
18.797082,3,1,1,1,1.810032768,1.813463847,0.003553263,42.296413,1.826351976,0.151046707,0.006436322,26.899447,1,1,1,1,1,1.826351976,1,0,-0.115690151,-0.068175601,0.047170837,39.797310,-0.097264780,0.000000000,0.021805159,26.018878,1,1,1,1,1,-0.097264780,1,0,-3.126770929,3.124345882,-0.000544679,42.468792,3.136194875,0.148149687,0.184458756,16.699513,1,1,1,1,1,3.136194875,1,0
18.840756,3,1,1,1,1.810032768,1.800095526,-0.009812879,41.937763,1.839761513,0.005955926,0.006691489,26.884827,1,1,1,1,1,1.839761513,1,0,-0.103808218,-0.072191280,0.031258988,40.708992,-0.096409482,0.289290402,0.023919612,25.897728,1,1,1,1,1,-0.096409482,1,0,-3.126672871,3.131670133,0.000622838,42.464314,-3.139087106,0.318615724,0.160614770,18.065673,1,1,1,1,1,-3.139087106,1,0
18.863858,3,1,1,1,1.815386234,1.818381752,0.003061257,42.324603,1.836616730,-0.314375156,0.004177707,27.028856,1,1,1,1,1,1.836616730,1,0,-0.098296357,-0.073444388,0.024487593,41.096964,-0.093174036,0.137582202,0.025313930,25.817840,1,1,1,1,1,-0.093174036,1,0,-3.130400615,3.140412294,0.004625647,42.234970,-3.136040985,0.156409201,0.119285792,20.433649,1,1,1,1,1,-3.136040985,1,0
18.897132,3,1,1,1,1.823711805,1.844014420,0.020339232,41.334648,1.834397523,0.000000000,0.003502156,27.067562,1,1,1,1,1,1.834397523,1,0,-0.098296357,-0.073444388,0.024487593,41.096964,-0.088560445,0.000000000,0.025313930,25.817840,1,1,1,1,1,-0.088560445,1,0,-3.130400615,3.140412294,0.004625647,42.234970,-3.131261576,0.315254456,0.119285792,20.433649,1,1,1,1,1,-3.131261576,1,0
18.929777,3,1,1,1,1.823711805,1.830694242,0.007019724,42.097799,1.837610107,0.000000000,0.003641161,27.059598,1,1,1,1,1,1.837610107,1,0,-0.095357564,-0.076346994,0.018604386,41.434047,-0.081401245,0.474249848,0.028654441,25.626443,1,1,1,1,1,-0.081401245,1,0,-3.132836101,-3.134344978,0.009508908,41.955180,-3.124609157,0.313815497,0.085264765,22.382910,1,1,1,1,1,-3.124609157,1,0
18.964672,3,1,1,1,1.833468150,1.832938039,-0.000536499,42.469261,1.850372302,0.633195209,0.006565870,26.892024,1,1,1,1,1,1.850372302,1,0,-0.093244920,-0.067272153,0.025486351,41.039740,-0.076228245,0.309377824,0.033552303,25.345816,1,1,1,1,1,-0.076228245,1,0,-3.131772461,-3.125437850,0.013344775,41.735401,-3.121203824,0.155365077,0.060922693,23.777608,1,1,1,1,1,-3.121203824,1,0
18.997735,3,1,1,1,1.839492894,1.845136257,0.005494919,42.185164,1.855235724,0.319773731,0.011177709,26.627786,1,1,1,1,1,1.855235724,1,0,-0.089204966,-0.071383566,0.017164464,41.516549,-0.078658605,0.004835115,0.042195898,24.850574,1,1,1,1,1,-0.078658605,1,0,-3.127828525,-3.116459210,0.016410677,41.559737,-3.112365134,0.314816942,0.049637493,24.424202,1,1,1,1,1,-3.112365134,1,0
19.031194,3,1,1,1,1.839492894,1.832202684,-0.007438317,42.073816,1.865625042,0.158597792,0.011008443,26.637484,1,1,1,1,1,1.865625042,1,0,-0.088622060,-0.062276869,0.025686894,41.028249,-0.077693725,-0.152862767,0.042454153,24.835777,1,1,1,1,1,-0.077693725,1,0,-3.127828525,-3.117633773,0.015241790,41.626710,-3.110226085,0.156121463,0.049767169,24.416772,1,1,1,1,1,-3.110226085,1,0
19.063722,3,1,1,1,1.844625365,1.844347631,-0.000649940,42.462761,1.864487772,-0.136477586,0.015168592,26.399125,1,1,1,1,1,1.864487772,1,0,-0.084013845,-0.064173302,0.019045673,41.408763,-0.080920519,-0.317426742,0.048908860,24.465950,1,1,1,1,1,-0.080920519,1,0,-3.120944812,-3.105951446,0.018326423,41.449973,-3.101119002,0.310317192,0.040366480,24.955392,1,1,1,1,1,-3.101119002,1,0
19.096867,3,1,1,1,1.850834420,1.866860303,0.015478008,41.613175,1.862772875,0.019172355,0.017626156,26.258317,1,1,1,1,1,1.862772875,1,0,-0.079323959,-0.079934416,-0.001545674,42.411439,-0.095982062,-0.475614414,0.055026865,24.115414,1,1,1,1,1,-0.095982062,1,0,-3.112729284,-3.092385563,0.022145090,41.231180,-3.095045840,0.317287129,0.029187911,25.595877,1,1,1,1,1,-3.095045840,1,0
19.129173,3,1,1,1,1.857670172,1.875488208,0.017241954,41.512109,1.867763799,0.000000000,0.017565467,26.261794,1,1,1,1,1,1.867763799,1,0,-0.079323959,-0.068763488,0.009653190,41.946913,-0.103182150,-0.003408188,0.054370953,24.152995,1,1,1,1,1,-0.103182150,1,0,-3.112729284,-3.093292089,0.021240643,41.283001,-3.085015014,0.000000000,0.029255992,25.591976,1,1,1,1,1,-3.085015014,1,0
19.162870,3,1,1,1,1.857670172,1.849656537,-0.008579295,42.008443,1.875509635,0.000000000,0.016709986,26.310809,1,1,1,1,1,1.875509635,1,0,-0.078193562,-0.061884964,0.015374507,41.619106,-0.090718537,0.625753609,0.056783494,24.014767,1,1,1,1,1,-0.090718537,1,0,-3.104888417,-3.082778552,0.022906781,41.187538,-3.078649314,0.000000000,0.018127051,26.229618,1,1,1,1,1,-3.078649314,1,0
19.197319,3,1,1,1,1.864006649,1.860311209,-0.004054595,42.267689,1.882641544,0.473345022,0.014416043,26.442243,1,1,1,1,1,1.882641544,1,0,-0.083484982,-0.067541496,0.014933416,41.644378,-0.082648011,0.161471328,0.059737867,23.845493,1,1,1,1,1,-0.082648011,1,0,-3.095353243,-3.069860980,0.025691298,41.027997,-3.072918120,0.000000000,0.007644508,26.830223,1,1,1,1,1,-3.072918120,1,0
19.230206,3,1,1,1,1.869394842,1.871037927,0.001589297,42.408940,1.889582096,0.163077546,0.010426516,26.670826,1,1,1,1,1,1.889582096,1,0,-0.091375237,-0.073600260,0.016638674,41.546674,-0.076981464,0.004227484,0.063060470,23.655122,1,1,1,1,1,-0.076981464,1,0,-3.095353243,-3.070528876,0.025023946,41.066233,-3.065711684,0.475811816,0.007675365,26.828455,1,1,1,1,1,-3.065711684,1,0
19.263054,3,1,1,1,1.875802684,1.882215430,0.006513841,42.126784,1.906897727,0.468763653,0.006038812,26.922223,1,1,1,1,1,1.906897727,1,0,-0.091375237,-0.063922832,0.026342545,40.990683,-0.089171576,-0.618855017,0.062693151,23.676168,1,1,1,1,1,-0.089171576,1,0,-3.086310138,-3.059136104,0.027195050,40.941838,-3.057173536,0.000000000,0.001834299,27.163124,1,1,1,1,1,-3.057173536,1,0
19.297660,3,1,1,1,1.876642487,1.884805919,0.008268564,42.026246,1.913887030,-0.012803498,0.005566448,26.949287,1,1,1,1,1,1.913887030,1,0,-0.094037968,-0.077984025,0.014812798,41.651289,-0.109024472,-0.465940948,0.065530938,23.513575,1,1,1,1,1,-0.109024472,1,0,-3.076426477,-3.046917703,0.029513873,40.808980,-3.050562905,0.000000000,-0.001367237,27.189884,1,1,1,1,1,-3.050562905,1,0
19.331844,3,1,1,1,1.885027296,1.892810121,0.007861121,42.049591,1.901178010,-0.632004404,0.002419275,27.129607,1,1,1,1,1,1.901178010,1,0,-0.092229585,-0.085098969,0.005797648,42.167819,-0.115934749,-0.002865557,0.067572695,23.396591,1,1,1,1,1,-0.115934749,1,0,-3.066958824,-3.036223234,0.030786144,40.736084,-3.042708525,0.150404377,-0.002788390,27.108458,1,1,1,1,1,-3.042708525,1,0
19.365957,3,1,1,1,1.897366128,1.891164923,-0.006206422,42.144398,1.903836187,0.000000000,-0.000032876,27.266337,1,1,1,1,1,1.903836187,1,0,-0.093281123,-0.082450115,0.009502085,41.955571,-0.103307062,0.629856105,0.067801596,23.383476,1,1,1,1,1,-0.103307062,1,0,-3.066958824,-3.036806337,0.030202670,40.769515,-3.036125602,0.156172545,-0.002771162,27.109445,1,1,1,1,1,-3.036125602,1,0
19.396334,3,1,1,1,1.906451924,1.899578798,-0.006972780,42.100489,1.906900326,0.000000000,-0.002619952,27.118109,1,1,1,1,1,1.906900326,1,0,-0.093281123,-0.072797181,0.019182716,41.400911,-0.097064143,0.175125114,0.067584295,23.395926,1,1,1,1,1,-0.097064143,1,0,-3.056674067,-3.025404055,0.031413532,40.700137,-3.029830812,0.148095070,-0.004296061,27.022075,1,1,1,1,1,-3.029830812,1,0
19.430700,3,1,1,1,1.907426378,1.890101527,-0.017434288,41.501089,1.919514426,0.629510639,-0.002712805,27.112789,1,1,1,1,1,1.919514426,1,0,-0.100637310,-0.082366155,0.017056982,41.522707,-0.098787189,-0.314149354,0.064743301,23.558703,1,1,1,1,1,-0.098787189,1,0,-3.045297329,-3.013487880,0.032114324,40.659985,-3.020796119,0.313176685,-0.006198582,26.913069,1,1,1,1,1,-3.020796119,1,0
19.464220,3,1,1,1,1.911358004,1.900918243,-0.010733128,41.885037,1.923657330,0.312777483,-0.008371433,26.788573,1,1,1,1,1,1.923657330,1,0,-0.105768230,-0.092951548,0.011804722,41.823639,-0.104438459,-0.470039579,0.057202476,23.990761,1,1,1,1,1,-0.104438459,1,0,-3.033980178,-3.002198384,0.032245502,40.652469,-3.014555531,0.311435991,-0.007040298,26.864842,1,1,1,1,1,-3.014555531,1,0
19.496051,3,1,1,1,1.912546363,1.912309252,-0.000821719,42.452919,1.933894182,0.155276908,-0.018690288,26.197347,1,1,1,1,1,1.933894182,1,0,-0.105768230,-0.082997000,0.021779679,41.252116,-0.107238759,-0.314553410,0.057030203,24.000631,1,1,1,1,1,-0.107238759,1,0,-3.033084765,-3.001250046,0.032307137,40.648937,-3.008309943,0.312847321,-0.007014543,26.866317,1,1,1,1,1,-3.008309943,1,0
19.530718,3,1,1,1,1.912546363,1.912309252,-0.000821719,42.452919,1.933074749,-0.001605464,-0.018690288,26.197347,1,1,1,1,1,1.933074749,1,0,-0.105797467,-0.099860831,0.005118122,42.206753,-0.122338573,-0.472041591,0.049058014,24.457404,1,1,1,1,1,-0.122338573,1,0,-3.022938995,-2.991636973,0.031832710,40.676120,-2.999642919,0.000000000,-0.006169781,26.914719,1,1,1,1,1,-2.999642919,1,0
19.562902,3,1,1,1,1.915931651,1.923836250,0.007097025,42.093370,1.929643473,0.149266507,-0.030992551,25.492479,1,1,1,1,1,1.929643473,1,0,-0.104580085,-0.111957732,-0.007993479,42.042007,-0.128702740,0.151284667,0.039458284,25.007428,1,1,1,1,1,-0.128702740,1,0,-3.013393692,-2.982808728,0.031062744,40.720236,-2.994021400,0.000000000,-0.004259820,27.024151,1,1,1,1,1,-2.994021400,1,0
19.596643,3,1,1,1,1.922657869,1.923255935,-0.000159556,42.490858,1.937466202,0.000000000,-0.040288895,24.959837,1,1,1,1,1,1.937466202,1,0,-0.108123835,-0.111024465,-0.003372711,42.306758,-0.116713260,0.632097851,0.032758234,25.391313,1,1,1,1,1,-0.116713260,1,0,-3.012363364,-2.981334381,0.031490166,40.695746,-2.988430611,0.000000000,-0.003935796,27.042717,1,1,1,1,1,-2.988430611,1,0
19.633080,3,1,1,1,1.922657869,1.910892657,-0.012530472,41.782057,1.944282683,0.462759205,-0.040049050,24.973580,1,1,1,1,1,1.944282683,1,0,-0.109532740,-0.104444318,0.004644902,42.233867,-0.121059381,-0.011486542,0.031576808,25.459003,1,1,1,1,1,-0.121059381,1,0,-3.004531453,-2.974154981,0.030701804,40.740916,-2.983527249,0.000000000,-0.001821706,27.163845,1,1,1,1,1,-2.983527249,1,0
19.662781,3,1,1,1,1.929004327,1.920536593,-0.008964048,41.986398,1.954148557,0.318122761,-0.044189609,24.736343,1,1,1,1,1,1.954148557,1,0,-0.116291032,-0.111371027,0.004556126,42.238953,-0.128408835,-0.480647324,0.027772053,25.677000,1,1,1,1,1,-0.128408835,1,0,-2.996143820,-2.966819117,0.029444055,40.812980,-2.977520245,0.164019065,0.000520093,27.238422,1,1,1,1,1,-2.977520245,1,0
19.697254,3,1,1,1,1.935689898,1.932906674,-0.003011405,42.327459,1.969507387,0.448791590,-0.045367737,24.668841,1,1,1,1,1,1.969507387,1,0,-0.123611140,-0.124128043,-0.000826773,42.452629,-0.132724198,-0.478265368,0.025133785,25.828161,1,1,1,1,1,-0.132724198,1,0,-2.996143820,-2.966381731,0.029877788,40.788129,-2.972286341,0.000000000,0.000577287,27.235145,1,1,1,1,1,-2.972286341,1,0
19.730225,3,1,1,1,1.944195130,1.946068606,0.001475594,42.415455,1.975918588,-0.000220885,-0.048729268,24.476240,1,1,1,1,1,1.975918588,1,0,-0.123611140,-0.113147319,0.010159498,41.917904,-0.140137515,-0.164888093,0.025013833,25.835034,1,1,1,1,1,-0.140137515,1,0,-2.987967889,-2.959676849,0.028207456,40.883832,-2.966924953,0.000000000,0.002393343,27.131093,1,1,1,1,1,-2.966924953,1,0
19.762896,3,1,1,1,1.944195130,1.946068606,0.001475594,42.415455,1.964325998,0.000000000,-0.048729268,24.476240,1,1,1,1,1,1.964325998,1,0,-0.128449265,-0.137638062,-0.009521111,41.954481,-0.152943026,-0.173148863,0.025914792,25.783413,1,1,1,1,1,-0.152943026,1,0,-2.979235031,-2.953939533,0.025148514,41.059096,-2.963881917,0.151618916,0.002775549,27.109194,1,1,1,1,1,-2.963881917,1,0
19.796905,3,1,1,1,1.954860349,1.944496062,-0.011409090,41.846307,1.967720750,0.000000000,-0.054991907,24.117417,1,1,1,1,1,1.967720750,1,0,-0.132844914,-0.135263655,-0.002807013,42.339170,-0.152507443,-0.007027790,0.028193386,25.652859,1,1,1,1,1,-0.152507443,1,0,-2.972753007,-2.949074976,0.023502362,41.153414,-2.959628263,0.000000000,0.002903998,27.101834,1,1,1,1,1,-2.959628263,1,0
19.830121,3,1,1,1,1.965986737,1.958235857,-0.009685624,41.945055,1.974731934,0.469321678,-0.061645554,23.736191,1,1,1,1,1,1.974731934,1,0,-0.132844914,-0.124120566,0.008342292,42.022022,-0.148787839,0.000000000,0.028126656,25.656682,1,1,1,1,1,-0.148787839,1,0,-2.972753007,-2.948463156,0.024107264,41.118756,-2.957108934,0.154807978,0.002996059,27.096560,1,1,1,1,1,-2.957108934,1,0
19.865034,3,1,1,1,1.971139208,1.967687038,-0.005726494,42.171896,1.983450946,0.477670602,-0.062696564,23.675973,1,1,1,1,1,1.983450946,1,0,-0.140114306,-0.135491349,0.004168283,42.261175,-0.158634704,0.000000000,0.030733883,25.507299,1,1,1,1,1,-0.158634704,1,0,-2.965855666,-2.944315959,0.021105495,41.290744,-2.953064598,0.000000000,0.004528493,27.008758,1,1,1,1,1,-2.953064598,1,0
19.896550,3,1,1,1,1.971940501,1.960790079,-0.013431582,41.730427,1.990505033,0.158066156,-0.061828397,23.725715,1,1,1,1,1,1.990505033,1,0,-0.147844006,-0.147249741,0.000110688,42.493658,-0.165514393,-0.464899777,0.031830640,25.444460,1,1,1,1,1,-0.165514393,1,0,-2.960283738,-2.941392205,0.017927929,41.472805,-2.951103661,0.156683195,0.007817860,26.820291,1,1,1,1,1,-2.951103661,1,0
19.930287,3,1,1,1,1.975016849,1.971826064,-0.005139014,42.205556,2.000691429,0.313727343,-0.056516270,24.030077,1,1,1,1,1,2.000691429,1,0,-0.154213985,-0.161014568,-0.007258947,42.084093,-0.175390737,-0.167807308,0.031266189,25.476800,1,1,1,1,1,-0.175390737,1,0,-2.960283738,-2.940721687,0.018590113,41.434865,-2.949050338,0.000000000,0.007923546,26.814235,1,1,1,1,1,-2.949050338,1,0
19.963129,3,1,1,1,1.980398243,1.995083934,0.013269546,41.739711,2.002237106,0.001144011,-0.048952270,24.463463,1,1,1,1,1,2.002237106,1,0,-0.154213985,-0.161014568,-0.007258947,42.084093,-0.187733263,-0.162852215,0.031266189,25.476800,1,1,1,1,1,-0.187733263,1,0,-2.957080851,-2.939960633,0.015831856,41.592901,-2.947634581,0.000000000,0.009818647,26.705654,1,1,1,1,1,-2.947634581,1,0
19.995890,3,1,1,1,1.981236123,1.974773982,-0.007843535,42.050599,1.999049257,0.000000000,-0.047503643,24.546463,1,1,1,1,1,1.999049257,1,0,-0.161133557,-0.162322239,-0.001601861,42.408220,-0.191553617,-0.305787644,0.030416732,25.525471,1,1,1,1,1,-0.191553617,1,0,-2.953059469,-2.938536617,0.013098453,41.749514,-2.945947166,0.000000000,0.010578777,26.662102,1,1,1,1,1,-2.945947166,1,0
20.032528,3,1,1,1,1.989098787,1.983958568,-0.006211094,42.144130,2.002637665,0.000000000,-0.042298439,24.844699,1,1,1,1,1,2.002637665,1,0,-0.170562523,-0.175908282,-0.005730320,42.171677,-0.194141107,0.000000000,0.029925656,25.553607,1,1,1,1,1,-0.194141107,1,0,-2.949784218,-2.939005994,0.009520385,41.954522,-2.945344166,0.000000000,0.009362994,26.731761,1,1,1,1,1,-2.945344166,1,0
20.063776,3,1,1,1,1.997408787,1.995388803,-0.002899057,42.333896,2.015233867,0.629063874,-0.038934814,25.037421,1,1,1,1,1,2.015233867,1,0,-0.182311541,-0.191813514,-0.009844585,41.935947,-0.195678547,-0.119835706,0.028633859,25.627622,1,1,1,1,1,-0.195678547,1,0,-2.949509223,-2.938492133,0.009770095,41.940215,-2.945009865,0.000000000,0.009334138,26.733414,1,1,1,1,1,-2.945009865,1,0
20.096336,3,1,1,1,1.997408787,1.983906566,-0.014386834,41.675695,2.019390259,0.315003773,-0.038668104,25.052702,1,1,1,1,1,2.019390259,1,0,-0.182311541,-0.177979933,0.003995411,42.271080,-0.203432710,0.000000000,0.028646145,25.626918,1,1,1,1,1,-0.203432710,1,0,-2.947759554,-2.939546535,0.007075694,42.094593,-2.945093310,0.000000000,0.008641739,26.773086,1,1,1,1,1,-2.945093310,1,0
20.131207,3,1,1,1,2.003540175,2.006495818,0.002221362,42.372725,2.025321639,0.151345881,-0.035843859,25.214519,1,1,1,1,1,2.025321639,1,0,-0.191421584,-0.204265548,-0.013119507,41.748308,-0.210441810,-0.469251935,0.025466318,25.809109,1,1,1,1,1,-0.210441810,1,0,-2.946184174,-2.942845089,0.002451433,42.359543,-2.946582083,0.000000000,0.006939913,26.870593,1,1,1,1,1,-2.946582083,1,0
20.163078,3,1,1,1,2.009482324,2.018810280,0.008794522,41.996111,2.042397278,0.469371080,-0.030214926,25.537033,1,1,1,1,1,2.042397278,1,0,-0.198549021,-0.219099415,-0.020737300,41.311840,-0.225585165,-0.313607884,0.020105267,26.116274,1,1,1,1,1,-0.225585165,1,0,-2.946184174,-2.942200183,0.003090167,42.322946,-2.947452470,0.000000000,0.007029170,26.865479,1,1,1,1,1,-2.947452470,1,0
20.196835,3,1,1,1,2.016331473,2.018038958,0.001397128,42.419950,2.049407315,-0.009078574,-0.021892756,26.013859,1,1,1,1,1,2.049407315,1,0,-0.206556307,-0.224177324,-0.017715026,41.485004,-0.240539532,-0.476812947,0.013147599,26.514919,1,1,1,1,1,-0.240539532,1,0,-2.945634860,-2.944590415,0.000427502,42.475506,-2.948014512,0.000000000,0.005073981,26.977503,1,1,1,1,1,-2.948014512,1,0
20.242210,3,1,1,1,2.028350949,2.031984345,0.003527375,42.297896,2.042231008,-0.474902875,-0.011039677,26.635694,1,1,1,1,1,2.042231008,1,0,-0.206556307,-0.209040984,-0.002576955,42.352351,-0.245143670,0.311823601,0.013132506,26.515784,1,1,1,1,1,-0.245143670,1,0,-2.946030185,-2.948343221,-0.002728600,42.343663,-2.950279638,0.000000000,0.003553329,27.064630,1,1,1,1,1,-2.950279638,1,0
20.272915,3,1,1,1,2.028350949,2.021185405,-0.007271661,42.083364,2.043453988,0.152119293,-0.010930917,26.641926,1,1,1,1,1,2.043453988,1,0,-0.216514549,-0.223473999,-0.007004659,42.098663,-0.244588167,-0.160595923,0.008583642,26.776415,1,1,1,1,1,-0.244588167,1,0,-2.947356701,-2.952720560,-0.005756227,42.170192,-2.952975903,0.000000000,0.003667185,27.058107,1,1,1,1,1,-2.952975903,1,0
20.296940,3,1,1,1,2.040559653,2.034903898,-0.005676821,42.174742,2.049470481,0.460601779,-0.003772195,27.052090,1,1,1,1,1,2.049470481,1,0,-0.229778766,-0.238259330,-0.008504544,42.012726,-0.249042560,0.000000000,0.006581197,26.891146,1,1,1,1,1,-0.249042560,1,0,-2.947356701,-2.952157234,-0.005196225,42.202278,-2.954156390,0.000000000,0.003728578,27.054589,1,1,1,1,1,-2.954156390,1,0
20.330759,3,1,1,1,2.040559653,2.034903898,-0.005676821,42.174742,2.053683491,0.309427053,-0.003772195,27.052090,1,1,1,1,1,2.053683491,1,0,-0.229778766,-0.238259330,-0.008504544,42.012726,-0.256191745,-0.473918001,0.006581197,26.891146,1,1,1,1,1,-0.256191745,1,0,-2.949698972,-2.957878755,-0.008785431,41.996632,-2.956776516,-0.150807427,0.007301974,26.849849,1,1,1,1,1,-2.956776516,1,0
20.364639,3,1,1,1,2.046678636,2.044641755,-0.002039358,42.383153,2.061820010,0.322321406,-0.001232239,27.197619,1,1,1,1,1,2.061820010,1,0,-0.241730748,-0.253037303,-0.011323372,41.851219,-0.286702028,0.000000000,0.006985499,26.867982,1,1,1,1,1,-0.286702028,1,0,-2.952598064,-2.963205269,-0.011392767,41.847243,-2.960480459,0.000000000,0.014239050,26.452384,1,1,1,1,1,-2.960480459,1,0
20.396717,3,1,1,1,2.050279931,2.045219701,-0.005060615,42.210048,2.071985904,0.168490604,0.000246509,27.254097,1,1,1,1,1,2.071985904,1,0,-0.251718383,-0.254131980,-0.002424433,42.361090,-0.287211006,0.171096382,0.008383186,26.787900,1,1,1,1,1,-0.287211006,1,0,-2.952598064,-2.962306381,-0.010495762,41.898637,-2.962243139,-0.127925747,0.014299836,26.448901,1,1,1,1,1,-2.962243139,1,0
20.442857,3,1,1,1,2.050279931,2.034728428,-0.015551875,41.608943,2.070224072,-0.177743521,0.000234653,27.254777,1,1,1,1,1,2.070224072,1,0,-0.262260231,-0.270487821,-0.008229637,42.028477,-0.282637361,-0.162128109,0.008980710,26.753664,1,1,1,1,1,-0.282637361,1,0,-2.955904722,-2.968127659,-0.012854668,41.763482,-2.966436622,0.000000000,0.022778203,25.963126,1,1,1,1,1,-2.966436622,1,0
20.463325,3,1,1,1,2.054835276,2.048084659,-0.006770906,42.112056,2.068066324,0.158207794,0.003986299,27.039823,1,1,1,1,1,2.068066324,1,0,-0.262260231,-0.253713071,0.008545757,42.010364,-0.284883650,-0.151775053,0.008892495,26.758719,1,1,1,1,1,-0.284883650,1,0,-2.959550089,-2.974454941,-0.015054035,41.637467,-2.969015044,-0.158909940,0.030541383,25.518329,1,1,1,1,1,-2.969015044,1,0
20.496888,3,1,1,1,2.061714955,2.059671280,-0.002136285,42.377600,2.074739256,0.000000000,0.011159334,26.628838,1,1,1,1,1,2.074739256,1,0,-0.274161460,-0.269781279,0.004390891,42.248420,-0.296566583,-0.624552499,0.007848010,26.818563,1,1,1,1,1,-0.296566583,1,0,-2.959550089,-2.974119083,-0.014718060,41.656717,-2.972274608,0.000000000,0.030550047,25.517832,1,1,1,1,1,-2.972274608,1,0
20.530196,3,1,1,1,2.068353386,2.071190294,0.002602808,42.350870,2.081722362,0.468380975,0.020812985,26.075725,1,1,1,1,1,2.081722362,1,0,-0.285727086,-0.294777544,-0.009034690,41.982350,-0.322853834,-1.102680439,0.007502175,26.838378,1,1,1,1,1,-0.322853834,1,0,-2.963908918,-2.981384780,-0.017065949,41.522193,-2.976717201,0.000000000,0.035896453,25.211506,1,1,1,1,1,-2.976717201,1,0
20.562996,3,1,1,1,2.068353386,2.071190294,0.002602808,42.350870,2.088914399,0.471174103,0.020812985,26.075725,1,1,1,1,1,2.088914399,1,0,-0.285727086,-0.294777544,-0.009034690,41.982350,-0.354179953,-0.481419857,0.007502175,26.838378,1,1,1,1,1,-0.354179953,1,0,-2.966993862,-2.986283100,-0.018582919,41.435277,-2.979388092,-0.153100947,0.037980210,25.092115,1,1,1,1,1,-2.979388092,1,0
20.597467,3,1,1,1,2.073487731,2.081198202,0.007289418,42.082347,2.094048938,0.152986279,0.030463593,25.522786,1,1,1,1,1,2.094048938,1,0,-0.295303508,-0.312107092,-0.016813559,41.536654,-0.361553257,-0.011221156,0.011321415,26.619552,1,1,1,1,1,-0.361553257,1,0,-2.971562249,-2.992538807,-0.019887517,41.360529,-2.982454166,0.000000000,0.039923926,24.980749,1,1,1,1,1,-2.982454166,1,0
20.636515,3,1,1,1,2.078527939,2.079816932,0.000633239,42.463718,2.111462329,0.447890817,0.039475392,25.006448,1,1,1,1,1,2.111462329,1,0,-0.312262986,-0.309282749,0.002860566,42.336102,-0.349516988,0.615025573,0.017887776,26.243327,1,1,1,1,1,-0.349516988,1,0,-2.971562249,-2.992221662,-0.019569829,41.378731,-2.986558849,0.000000000,0.039930335,24.980381,1,1,1,1,1,-2.986558849,1,0
20.664603,3,1,1,1,2.085617210,2.088577871,0.002018602,42.384343,2.117825442,-0.026515875,0.049365221,24.439802,1,1,1,1,1,2.117825442,1,0,-0.336622069,-0.327850689,0.008422032,42.017453,-0.341453136,0.000000000,0.025159426,25.826692,1,1,1,1,1,-0.341453136,1,0,-2.977291566,-2.999197078,-0.020356832,41.333639,-2.989258266,-0.160117097,0.041280247,24.903037,1,1,1,1,1,-2.989258266,1,0
20.697302,3,1,1,1,2.086421026,2.080812641,-0.006585991,42.122650,2.110474142,-0.481301341,0.050121516,24.396470,1,1,1,1,1,2.110474142,1,0,-0.336622069,-0.309016874,0.027261299,40.938043,-0.348031758,0.000000000,0.025324154,25.817254,1,1,1,1,1,-0.348031758,1,0,-2.977291566,-2.999104880,-0.020264340,41.338939,-2.992440037,0.000000000,0.041284262,24.902807,1,1,1,1,1,-2.992440037,1,0
20.731009,3,1,1,1,2.097553964,2.090314343,-0.008520402,42.011817,2.106973363,-0.155516031,0.061149041,23.764639,1,1,1,1,1,2.106973363,1,0,-0.354034280,-0.327830811,0.025616249,41.032297,-0.355105944,-0.471425634,0.030686387,25.510021,1,1,1,1,1,-0.355105944,1,0,-2.981318130,-3.003553091,-0.020419084,41.330073,-2.996429437,0.000000000,0.041356176,24.898687,1,1,1,1,1,-2.996429437,1,0
20.764429,3,1,1,1,2.107388002,2.098904418,-0.010077814,41.922584,2.113521505,0.485360608,0.072730616,23.101064,1,1,1,1,1,2.113521505,1,0,-0.359301264,-0.351182715,0.007392024,42.076468,-0.386653794,-1.101520343,0.032551041,25.403184,1,1,1,1,1,-0.386653794,1,0,-2.985957844,-3.008254470,-0.020311822,41.336218,-2.999079003,-0.161705219,0.039924580,24.980711,1,1,1,1,1,-2.999079003,1,0
20.797130,3,1,1,1,2.107388002,2.098904418,-0.010077814,41.922584,2.115312871,0.310800337,0.072730616,23.101064,1,1,1,1,1,2.115312871,1,0,-0.359301264,-0.351182715,0.007392024,42.076468,-0.384082332,-0.289823892,0.032551041,25.403184,1,1,1,1,1,-0.384082332,1,0,-2.991077497,-3.013009829,-0.019899612,41.359836,-3.001883088,0.000000000,0.037331634,25.129276,1,1,1,1,1,-3.001883088,1,0
20.833477,3,1,1,1,2.112291757,2.100040685,-0.014335545,41.678634,2.126287798,0.000210801,0.086660131,22.302961,1,1,1,1,1,2.126287798,1,0,-0.360220517,-0.345272984,0.014213114,41.685649,-0.398577396,-0.449389781,0.032435300,25.409815,1,1,1,1,1,-0.398577396,1,0,-2.991077497,-3.013085673,-0.019974582,41.355541,-3.004287933,-0.138830969,0.037350566,25.128191,1,1,1,1,1,-3.004287933,1,0
20.871495,3,1,1,1,2.112785051,2.100828524,-0.014352998,41.677634,2.123180209,-0.163733322,0.094057727,21.879110,1,1,1,1,1,2.123180209,1,0,-0.365633255,-0.364996978,-0.000076931,42.495592,-0.405930759,-0.004883040,0.031150055,25.483454,1,1,1,1,1,-0.405930759,1,0,-2.996133272,-3.017597468,-0.019442591,41.386022,-3.008532327,0.000000000,0.034737236,25.277924,1,1,1,1,1,-3.008532327,1,0
20.899525,3,1,1,1,2.113851648,2.111283040,-0.005499253,42.184916,2.121080478,0.149826496,0.108912038,21.028021,1,1,1,1,1,2.121080478,1,0,-0.380015484,-0.392340231,-0.013006028,41.754810,-0.408600824,-0.179957763,0.029494218,25.578327,1,1,1,1,1,-0.408600824,1,0,-2.999989984,-3.020862472,-0.018896716,41.417298,-3.010851109,0.000000000,0.032459334,25.408438,1,1,1,1,1,-3.010851109,1,0
20.931362,3,1,1,1,2.113851648,2.101943756,-0.014890587,41.646832,2.122212651,0.000000000,0.108657771,21.042589,1,1,1,1,1,2.122212651,1,0,-0.380015484,-0.370098291,0.009243682,41.970376,-0.416149631,0.000000000,0.029826930,25.559264,1,1,1,1,1,-0.416149631,1,0,-2.999989984,-3.020975374,-0.019009019,41.410863,-3.012978328,0.000000000,0.032473472,25.407628,1,1,1,1,1,-3.012978328,1,0
20.964252,3,1,1,1,2.115968632,2.110285899,-0.008956465,41.986832,2.127661226,0.000000000,0.122121882,20.271153,1,1,1,1,1,2.127661226,1,0,-0.399700973,-0.402488470,-0.003411815,42.304517,-0.428719746,-0.628412119,0.027757935,25.677809,1,1,1,1,1,-0.428719746,1,0,-3.004007367,-3.024011439,-0.018199948,41.457220,-3.015032151,0.000000000,0.028408598,25.640528,1,1,1,1,1,-3.015032151,1,0
20.997198,3,1,1,1,2.118093207,2.125568126,0.004131301,42.263294,2.134659142,0.468877394,0.134177054,19.580442,1,1,1,1,1,2.134659142,1,0,-0.412408201,-0.447345717,-0.035496924,40.466176,-0.454737577,-1.101034087,0.025282637,25.819633,1,1,1,1,1,-0.454737577,1,0,-3.008924416,-3.026853972,-0.016859998,41.533993,-3.016790716,0.000000000,0.017533634,26.263618,1,1,1,1,1,-3.016790716,1,0
21.031247,3,1,1,1,2.118093207,2.116534810,-0.004981016,42.214609,2.149356584,0.319208339,0.133953592,19.593246,1,1,1,1,1,2.149356584,1,0,-0.412408201,-0.423190156,-0.011334971,41.850554,-0.469374189,-0.167705567,0.025596591,25.801644,1,1,1,1,1,-0.469374189,1,0,-3.008924416,-3.026711631,-0.016717495,41.542158,-3.019160910,0.000000000,0.017531393,26.263746,1,1,1,1,1,-3.019160910,1,0
21.063281,3,1,1,1,2.121064343,2.114978992,-0.009823969,41.937128,2.151806854,-0.157849464,0.146104888,18.897028,1,1,1,1,1,2.151806854,1,0,-0.425926316,-0.426947027,-0.001460540,42.416317,-0.480806485,-0.464437460,0.022700692,25.967567,1,1,1,1,1,-0.480806485,1,0,-3.012891143,-3.028221330,-0.015416499,41.616700,-3.020901248,0.000000000,-0.001441880,27.185608,1,1,1,1,1,-3.020901248,1,0
21.096992,3,1,1,1,2.127700484,2.132703274,0.000913274,42.447673,2.137602125,0.000000000,0.158516252,18.185909,1,1,1,1,1,2.137602125,1,0,-0.442073931,-0.476322510,-0.034578564,40.518794,-0.499444355,-0.472833272,0.019027709,26.178014,1,1,1,1,1,-0.499444355,1,0,-3.016756493,-3.030048786,-0.013741955,41.712644,-3.022696710,0.000000000,-0.036337259,25.186250,1,1,1,1,1,-3.022696710,1,0
21.131696,3,1,1,1,2.137976250,2.134649396,-0.008137866,42.033735,2.138826870,0.000000000,0.170424366,17.503624,1,1,1,1,1,2.138826870,1,0,-0.442073931,-0.427764732,0.013987746,41.698561,-0.497799640,0.000000000,0.019422812,26.155376,1,1,1,1,1,-0.497799640,1,0,-3.018169827,-3.031561100,-0.011132434,41.862159,-3.025343254,0.000000000,-0.075108440,22.964825,1,1,1,1,1,-3.025343254,1,0
21.164046,3,1,1,1,2.137976250,2.125651760,-0.017263699,41.510863,2.143610420,0.000000000,0.170162645,17.518620,1,1,1,1,1,2.143610420,1,0,-0.467467632,-0.464504700,0.002737819,42.343135,-0.510230369,-0.624918291,0.015973097,26.353030,1,1,1,1,1,-0.510230369,1,0,-3.018169827,-3.031461992,-0.011033294,41.867839,-3.027567842,0.000000000,-0.075098613,22.965388,1,1,1,1,1,-3.027567842,1,0
21.197026,3,1,1,1,2.141464711,2.130078379,-0.016742199,41.540743,2.150642740,0.470028568,0.177378579,17.105177,1,1,1,1,1,2.150642740,1,0,-0.487025190,-0.489209838,-0.002375341,42.363903,-0.535953076,-1.094817582,0.014657861,26.428388,1,1,1,1,1,-0.535953076,1,0,-3.017603810,-3.033174467,-0.009124649,41.977196,-3.029739277,0.000000000,-0.102600224,21.389661,1,1,1,1,1,-3.029739277,1,0
21.249589,3,1,1,1,2.141660724,2.136945183,-0.010351172,41.906922,2.158646647,0.470353142,0.185362924,16.647708,1,1,1,1,1,2.158646647,1,0,-0.506723561,-0.524964570,-0.018385444,41.446592,-0.557591556,-0.630644456,0.012829706,26.533133,1,1,1,1,1,-0.557591556,1,0,-3.017091396,-3.035318063,-0.008904628,41.989802,-3.033708350,0.000000000,-0.113985454,20.737336,1,1,1,1,1,-3.033708350,1,0
21.263052,3,1,1,1,2.141331288,2.151222234,0.004383580,42.248839,2.164906276,0.156780223,0.191985417,16.268267,1,1,1,1,1,2.164906276,1,0,-0.506723561,-0.524964570,-0.018385444,41.446592,-0.573174700,-0.941950825,0.012829706,26.533133,1,1,1,1,1,-0.573174700,1,0,-3.018243963,-3.037960748,-0.010132756,41.919436,-3.035448471,0.000000000,-0.109284599,21.006675,1,1,1,1,1,-3.035448471,1,0
21.297217,3,1,1,1,2.141417826,2.134999247,-0.012227350,41.799424,2.162601080,-0.311448087,0.192074464,16.263165,1,1,1,1,1,2.162601080,1,0,-0.528793919,-0.540649274,-0.011913896,41.817384,-0.607247157,-1.110168928,0.008792849,26.764428,1,1,1,1,1,-0.607247157,1,0,-3.018243963,-3.037885493,-0.010058508,41.923690,-3.037893780,-0.152399901,-0.109264733,21.007813,1,1,1,1,1,-3.037893780,1,0
21.330772,3,1,1,1,2.144505125,2.140956876,-0.009333175,41.965248,2.152325415,0.000000000,0.187709568,16.513255,1,1,1,1,1,2.152325415,1,0,-0.528793919,-0.513638928,0.015097840,41.634957,-0.620403884,0.000000000,0.008768610,26.765817,1,1,1,1,1,-0.620403884,1,0,-3.021370801,-3.041009324,-0.011283553,41.853500,-3.040954795,0.000000000,-0.095218818,21.812585,1,1,1,1,1,-3.040954795,1,0
21.363311,3,1,1,1,2.150787555,2.147359269,-0.009120220,41.977450,2.158223780,-0.003085531,0.147884382,18.795070,1,1,1,1,1,2.158223780,1,0,-0.548231120,-0.536908552,0.011313581,41.851780,-0.612966309,0.000000000,0.004710840,26.998310,1,1,1,1,1,-0.612966309,1,0,-3.026196492,-3.044615088,-0.011722170,41.828369,-3.044942010,0.000000000,-0.077357148,22.835983,1,1,1,1,1,-3.044942010,1,0
21.396466,3,1,1,1,2.150787555,2.138243439,-0.018329314,41.449808,2.165204992,0.468327616,0.147526930,18.815551,1,1,1,1,1,2.165204992,1,0,-0.578233114,-0.569842724,0.008391844,42.019183,-0.620130818,-0.474425651,0.000387316,27.246030,1,1,1,1,1,-0.620130818,1,0,-3.032334794,-3.048683056,-0.011536021,41.839035,-3.047875471,-0.161793640,-0.057265400,23.987155,1,1,1,1,1,-3.047875471,1,0
21.440160,3,1,1,1,2.156426256,2.144165346,-0.016269925,41.567802,2.171056807,-0.188389405,0.075064527,22.967341,1,1,1,1,1,2.171056807,1,0,-0.606318357,-0.603081561,0.003213788,42.315864,-0.649506344,0.000000000,-0.002587296,27.119980,1,1,1,1,1,-0.649506344,1,0,-3.038970541,-3.052978034,-0.011214875,41.857435,-3.053726096,0.000000000,-0.035683085,25.223731,1,1,1,1,1,-3.053726096,1,0
21.463876,3,1,1,1,2.162561034,2.159994382,-0.002127546,42.378101,2.166946370,0.158047526,-0.006453765,26.898448,1,1,1,1,1,2.166946370,1,0,-0.624643445,-0.665808923,-0.041216522,40.138467,-0.656451856,-0.467118495,-0.003712705,27.055499,1,1,1,1,1,-0.656451856,1,0,-3.038970541,-3.052978034,-0.011214875,41.857435,-3.056011107,0.000000000,-0.035683085,25.223731,1,1,1,1,1,-3.056011107,1,0
21.497076,3,1,1,1,2.162561034,2.141622218,-0.020457293,41.327883,2.172060792,-0.010897023,-0.007708162,26.826576,1,1,1,1,1,2.172060792,1,0,-0.624643445,-0.600523507,0.024057555,41.121604,-0.668699864,0.000000000,-0.004975234,26.983161,1,1,1,1,1,-0.668699864,1,0,-3.046195597,-3.057997794,-0.011111139,41.863379,-3.059238764,-0.159918376,-0.010407121,26.671937,1,1,1,1,1,-3.059238764,1,0
21.529832,3,1,1,1,2.169934683,2.149824055,-0.015047008,41.637870,2.168488755,0.000000000,-0.064448739,23.575580,1,1,1,1,1,2.168488755,1,0,-0.640578580,-0.641758786,-0.001288498,42.426174,-0.675787497,-0.471873484,-0.006280732,26.908362,1,1,1,1,1,-0.675787497,1,0,-3.046195597,-3.058145397,-0.011258866,41.854914,-3.064053893,-0.156876277,-0.010410532,26.671742,1,1,1,1,1,-3.064053893,1,0
21.564545,3,1,1,1,2.174522264,2.153644642,-0.014170003,41.688119,2.161909331,0.000000000,-0.081334998,22.608069,1,1,1,1,1,2.161909331,1,0,-0.654646578,-0.679162423,-0.024673380,41.086319,-0.689065673,-0.159264987,-0.007167586,26.857549,1,1,1,1,1,-0.689065673,1,0,-3.053569019,-3.064008631,-0.011163022,41.860406,-3.067991783,0.000000000,0.012581382,26.547361,1,1,1,1,1,-3.067991783,1,0
21.596255,3,1,1,1,2.177118327,2.157511519,-0.012037233,41.810317,2.167291536,0.150372552,-0.088460353,22.199816,1,1,1,1,1,2.167291536,1,0,-0.656184868,-0.653159900,0.002851066,42.336646,-0.700568231,-0.621875266,-0.008084709,26.805001,1,1,1,1,1,-0.700568231,1,0,-3.059512660,-3.070643465,-0.011495229,41.841372,-3.071432280,-0.154095732,0.006702798,26.884179,1,1,1,1,1,-3.071432280,1,0
21.637014,3,1,1,1,2.177244628,2.159222405,-0.010334319,41.907887,2.166829938,0.143145224,-0.089241406,22.155065,1,1,1,1,1,2.166829938,1,0,-0.669183309,-0.712186195,-0.043215054,40.023960,-0.734825632,0.000000000,-0.007905911,26.815246,1,1,1,1,1,-0.734825632,1,0,-3.062600202,-3.075515331,-0.011787587,41.824621,-3.077095055,-0.171649821,-0.020350886,26.102201,1,1,1,1,1,-3.077095055,1,0
21.662822,3,1,1,1,2.177369987,2.160605199,-0.008158767,42.032537,2.168599086,0.159841674,-0.096230659,21.754611,1,1,1,1,1,2.168599086,1,0,-0.685598780,-0.745343524,-0.060008835,39.061747,-0.741907423,-0.471678925,-0.008275430,26.794074,1,1,1,1,1,-0.741907423,1,0,-3.062600202,-3.075817090,-0.012089305,41.807334,-3.081516224,0.000000000,-0.020361199,26.101610,1,1,1,1,1,-3.081516224,1,0
21.697776,3,1,1,1,2.177027834,2.153955448,-0.013212503,41.742979,2.174195343,-0.002837345,-0.106597945,21.160609,1,1,1,1,1,2.174195343,1,0,-0.685598780,-0.675479983,0.009815890,41.937591,-0.749730657,0.000000000,-0.010693701,26.655517,1,1,1,1,1,-0.749730657,1,0,-3.066034558,-3.082830103,-0.013094613,41.749734,-3.087065473,0.000000000,-0.060838345,23.782441,1,1,1,1,1,-3.087065473,1,0
21.729993,3,1,1,1,2.177027834,2.144526591,-0.022656472,41.201880,2.170246390,-0.319582235,-0.107453761,21.111574,1,1,1,1,1,2.170246390,1,0,-0.706127525,-0.705322989,0.000454067,42.473984,-0.757284874,-0.487157819,-0.010911174,26.643057,1,1,1,1,1,-0.757284874,1,0,-3.071690237,-3.090484337,-0.014019282,41.696754,-3.090844404,-0.152545074,-0.086736739,22.298572,1,1,1,1,1,-3.090844404,1,0
21.764277,3,1,1,1,2.177472870,2.146832793,-0.020148520,41.345575,2.163928402,-0.160984852,-0.112724885,20.809561,1,1,1,1,1,2.163928402,1,0,-0.728530775,-0.733211439,-0.005058398,42.210175,-0.775536318,-0.469548674,-0.010685700,26.655976,1,1,1,1,1,-0.775536318,1,0,-3.071690237,-3.090921497,-0.014457791,41.671630,-3.095286232,0.000000000,-0.086754132,22.297576,1,1,1,1,1,-3.095286232,1,0
21.798058,3,1,1,1,2.178592436,2.148056816,-0.020725065,41.312541,2.155392836,0.000000000,-0.108086146,21.075341,1,1,1,1,1,2.155392836,1,0,-0.751887853,-0.770765072,-0.019249453,41.397088,-0.783269635,0.000000000,-0.009533152,26.722012,1,1,1,1,1,-0.783269635,1,0,-3.077562296,-3.096832621,-0.015370966,41.619309,-3.099171826,-0.157408118,-0.089386663,22.146743,1,1,1,1,1,-3.099171826,1,0
21.849812,3,1,1,1,2.177384476,2.148798477,-0.020633132,41.317809,2.161174842,-0.147218440,-0.093150526,21.931089,1,1,1,1,1,2.161174842,1,0,-0.770562284,-0.804321636,-0.034085541,40.547042,-0.802940645,-0.786118939,-0.007763304,26.823417,1,1,1,1,1,-0.802940645,1,0,-3.084999634,-3.103539529,-0.015891895,41.589462,-3.106188939,-0.147968134,-0.086077369,22.336351,1,1,1,1,1,-3.106188939,1,0
21.866173,3,1,1,1,2.177384476,2.148798477,-0.020633132,41.317809,2.160173609,0.181905000,-0.093150526,21.931089,1,1,1,1,1,2.160173609,1,0,-0.770562284,-0.804321636,-0.034085541,40.547042,-0.821579646,-1.097061748,-0.007763304,26.823417,1,1,1,1,1,-0.821579646,1,0,-3.092522580,-3.109684989,-0.015260758,41.625623,-3.108866355,-0.162487240,-0.085298196,22.380994,1,1,1,1,1,-3.108866355,1,0
21.897324,3,1,1,1,2.171560304,2.150118244,-0.016037529,41.581117,2.159105421,-0.258161837,-0.069403298,23.291705,1,1,1,1,1,2.159105421,1,0,-0.783459798,-0.825810872,-0.042589771,40.059786,-0.836986690,-0.160872886,-0.006227033,26.911438,1,1,1,1,1,-0.836986690,1,0,-3.092522580,-3.110273092,-0.015850996,41.591805,-3.113896411,-0.159047825,-0.085305074,22.380600,1,1,1,1,1,-3.113896411,1,0
21.931128,3,1,1,1,2.164055262,2.141999425,-0.019150910,41.402734,2.161691891,0.005720950,-0.042258622,24.846980,1,1,1,1,1,2.161691891,1,0,-0.783459798,-0.751851626,0.031317282,40.705652,-0.847244430,-0.311094359,-0.009054845,26.749417,1,1,1,1,1,-0.847244430,1,0,-3.099586843,-3.117383412,-0.016336449,41.563990,-3.120766787,0.000000000,-0.087615554,22.248220,1,1,1,1,1,-3.120766787,1,0
21.963650,3,1,1,1,2.164055262,2.141999425,-0.019150910,41.402734,2.149759004,-0.612303383,-0.042258622,24.846980,1,1,1,1,1,2.149759004,1,0,-0.801084151,-0.818233707,-0.017218694,41.513442,-0.853553293,-0.318487516,-0.006024249,26.923057,1,1,1,1,1,-0.853553293,1,0,-3.108003303,-3.124174773,-0.015523032,41.610596,-3.124053974,-0.154505899,-0.086793805,22.295302,1,1,1,1,1,-3.124053974,1,0
21.996934,3,1,1,1,2.160228364,2.130409404,-0.028381380,40.873867,2.142162854,-0.316833797,-0.023433535,25.925578,1,1,1,1,1,2.142162854,1,0,-0.823071759,-0.810951301,0.012322732,41.793959,-0.848947323,0.313375171,-0.006565418,26.892050,1,1,1,1,1,-0.848947323,1,0,-3.108003303,-3.125608369,-0.016962084,41.528144,-3.128445994,-0.161814107,-0.086792545,22.295375,1,1,1,1,1,-3.128445994,1,0
22.036239,3,1,1,1,2.156544673,2.130039004,-0.026604378,40.975681,2.141799621,-0.182771562,0.000982228,27.211944,1,1,1,1,1,2.141799621,1,0,-0.840450620,-0.831231217,0.009856962,41.935238,-0.846609364,-0.157336756,-0.009123908,26.745460,1,1,1,1,1,-0.846609364,1,0,-3.116089374,-3.132597092,-0.017051418,41.523026,-3.133090910,0.000000000,-0.075938659,22.917256,1,1,1,1,1,-3.133090910,1,0
22.064753,3,1,1,1,2.156544673,2.120428649,-0.036199589,40.425916,2.141564541,0.155963016,0.000443026,27.242838,1,1,1,1,1,2.141564541,1,0,-0.840450620,-0.795043647,0.045970477,39.866086,-0.866992899,-0.815550416,-0.006794221,26.878941,1,1,1,1,1,-0.866992899,1,0,-3.122454173,-3.138136859,-0.017083223,41.521203,-3.138259601,0.000000000,-0.061316946,23.755019,1,1,1,1,1,-3.138259601,1,0
22.096775,3,1,1,1,2.150002023,2.129448497,-0.021959935,41.241788,2.139174124,-0.315311963,0.027851919,25.672424,1,1,1,1,1,2.139174124,1,0,-0.852546522,-0.863379294,-0.009329407,41.965464,-0.896846543,-1.266097292,-0.015314630,26.390757,1,1,1,1,1,-0.896846543,1,0,-3.129931373,3.139750455,-0.015806678,41.594344,-3.141075508,-0.144836233,-0.045927563,24.636766,1,1,1,1,1,-3.141075508,1,0
22.131061,3,1,1,1,2.143829000,2.116691387,-0.029325321,40.819783,2.135173804,0.000000000,0.049027533,24.459150,1,1,1,1,1,2.135173804,1,0,-0.857976484,-0.861739654,-0.001520578,42.412877,-0.915967603,-0.156578831,-0.018649853,26.199663,1,1,1,1,1,-0.915967603,1,0,-3.129931373,3.138027807,-0.017528483,41.495692,3.135692034,0.000000000,-0.045831465,24.642272,1,1,1,1,1,3.135692034,1,0
22.163669,3,1,1,1,2.137975795,2.114072291,-0.026470511,40.983351,2.140644254,0.158099975,0.072164767,23.133485,1,1,1,1,1,2.140644254,1,0,-0.867579297,-0.886357185,-0.016113819,41.576746,-0.928657961,-0.156948911,-0.022277092,25.991838,1,1,1,1,1,-0.928657961,1,0,-3.137659298,3.132246777,-0.016934386,41.529731,3.132419819,0.000000000,-0.040363980,24.955535,1,1,1,1,1,3.132419819,1,0
22.196664,3,1,1,1,2.137975795,2.104439594,-0.036121986,40.430363,2.138282865,-0.314929898,0.071818754,23.153310,1,1,1,1,1,2.138282865,1,0,-0.867579297,-0.849651111,0.020322661,41.335597,-0.940356796,-0.626228947,-0.017778120,26.249610,1,1,1,1,1,-0.940356796,1,0,3.136373343,3.126717160,-0.015818746,41.593653,3.130191693,-0.161594400,-0.043481448,24.776918,1,1,1,1,1,3.130191693,1,0
22.256285,3,1,1,1,2.134643011,2.108129245,-0.027142222,40.944865,2.114353247,0.000000000,0.097721155,21.669211,1,1,1,1,1,2.114353247,1,0,-0.888330029,-0.886024518,0.004638440,42.234237,-0.965258989,0.011640370,-0.019349768,26.159561,1,1,1,1,1,-0.965258989,1,0,3.129456750,3.122861725,-0.014662378,41.659908,3.125492101,0.000000000,-0.045633062,24.653639,1,1,1,1,1,3.125492101,1,0
22.263881,3,1,1,1,2.134643011,2.098339343,-0.036978731,40.381275,2.111135987,-0.317920113,0.097646958,21.673463,1,1,1,1,1,2.111135987,1,0,-0.913857409,-0.921881228,-0.006169039,42.146540,-0.965938209,-0.146539495,-0.018025028,26.235463,1,1,1,1,1,-0.965938209,1,0,3.129456750,3.121888789,-0.015621108,41.604976,3.125143826,0.000000000,-0.045461708,24.663457,1,1,1,1,1,3.125143826,1,0
22.296840,3,1,1,1,2.132727567,2.104992130,-0.026675382,40.971613,2.112621545,0.315834724,0.103214279,21.354479,1,1,1,1,1,2.112621545,1,0,-0.937111144,-0.990294029,-0.051648502,39.540759,-0.977382084,-0.617246930,-0.019198841,26.168209,1,1,1,1,1,-0.977382084,1,0,3.123508775,3.119525665,-0.012484587,41.784686,3.123359185,0.000000000,-0.041828624,24.871617,1,1,1,1,1,3.123359185,1,0
22.331326,3,1,1,1,2.132727567,2.095147311,-0.036572515,40.404549,2.112727932,-0.310498525,0.103302686,21.349413,1,1,1,1,1,2.112727932,1,0,-0.940005336,-0.960022628,-0.018663697,41.430649,-1.003191262,-1.091701892,-0.015892613,26.357641,1,1,1,1,1,-1.003191262,1,0,3.121857159,3.117338181,-0.009383968,41.962338,3.120947312,0.000000000,-0.021777108,26.020485,1,1,1,1,1,3.120947312,1,0
22.364705,3,1,1,1,2.126529200,2.082200544,-0.041802050,40.104919,2.103638866,0.131093132,0.108120784,21.073357,1,1,1,1,1,2.103638866,1,0,-0.960584865,-0.954328033,0.007201011,42.087412,-1.058957005,-1.715734678,-0.011358872,26.617406,1,1,1,1,1,-1.058957005,1,0,3.121857159,3.115342571,-0.011332793,41.850679,3.121060108,0.000000000,-0.021345440,26.045218,1,1,1,1,1,3.121060108,1,0
22.398983,3,1,1,1,2.119453211,2.089305605,-0.026324686,40.991707,2.106863730,-0.192873117,0.112212711,20.838906,1,1,1,1,1,2.106863730,1,0,-0.980010873,-1.026229855,-0.045275451,39.905908,-1.134124478,-1.711119034,-0.014254909,26.451475,1,1,1,1,1,-1.134124478,1,0,3.128529733,3.115675777,-0.008081490,42.036965,3.119992273,0.000000000,0.021628065,26.029024,1,1,1,1,1,3.119992273,1,0
22.449299,3,1,1,1,2.113557770,2.076614091,-0.032253365,40.652018,2.087984689,0.000000000,0.115766610,20.635283,1,1,1,1,1,2.087984689,1,0,-1.017071664,-1.042389948,-0.024445896,41.099353,-1.190258088,-1.079091728,-0.013496369,26.494936,1,1,1,1,1,-1.190258088,1,0,-3.137698065,3.115444218,-0.005677816,42.174685,3.121205116,0.000000000,0.095101007,21.819335,1,1,1,1,1,3.121205116,1,0
22.467777,3,1,1,1,2.113557770,2.066498139,-0.042430091,40.068935,2.087196721,-0.157336442,0.116157858,20.612866,1,1,1,1,1,2.087196721,1,0,-1.017071664,-1.004524362,0.013338361,41.735768,-1.209871250,-0.740454806,-0.010978987,26.639172,1,1,1,1,1,-1.209871250,1,0,-3.120965465,3.116745503,-0.002739227,42.343054,3.121814375,0.000000000,0.154021240,18.443454,1,1,1,1,1,3.121814375,1,0
22.496531,3,1,1,1,2.109423031,2.074190656,-0.029876889,40.788180,2.084669180,-0.003194513,0.116328499,20.603089,1,1,1,1,1,2.084669180,1,0,-1.071995191,-1.086950640,-0.014089056,41.692757,-1.224464038,-0.299712102,-0.014616422,26.430762,1,1,1,1,1,-1.224464038,1,0,-3.120965465,3.116745503,-0.002739227,42.343054,3.122907534,0.000000000,0.154021240,18.443454,1,1,1,1,1,3.122907534,1,0
22.533254,3,1,1,1,2.103419185,2.072839857,-0.024719380,41.083684,2.082824224,0.158748415,0.114035533,20.734466,1,1,1,1,1,2.082824224,1,0,-1.137658056,-1.128218417,0.010196211,41.915800,-1.223893497,0.328255105,-0.014618461,26.430645,1,1,1,1,1,-1.223893497,1,0,-3.101164441,3.119563650,0.000436581,42.474986,3.125473025,0.000000000,0.214078255,15.002441,1,1,1,1,1,3.125473025,1,0
22.569838,3,1,1,1,2.103419185,2.052310212,-0.045359222,39.901108,2.080505375,-0.313129153,0.115049336,20.676380,1,1,1,1,1,2.080505375,1,0,-1.137658056,-1.052630568,0.085697202,37.589912,-1.209651115,0.000000000,-0.010893135,26.644090,1,1,1,1,1,-1.209651115,1,0,-3.083062639,3.123535335,0.001466132,42.415997,3.126107867,0.010572355,0.262332537,12.237674,1,1,1,1,1,3.126107867,1,0
22.596514,3,1,1,1,2.096746577,2.050088104,-0.040238196,40.194521,2.078198311,-0.313207049,0.116648327,20.584764,1,1,1,1,1,2.078198311,1,0,-1.200333977,-1.096690618,0.104127864,36.533913,-1.209918038,0.176450646,-0.010401185,26.672277,1,1,1,1,1,-1.209918038,1,0,-3.083062639,3.122612716,0.000552038,42.468371,3.129431626,0.323312186,0.262600697,12.222310,1,1,1,1,1,3.129431626,1,0
22.638925,3,1,1,1,2.091181944,2.049253322,-0.033952253,40.554679,2.069710644,-0.024537142,0.129068787,19.873124,1,1,1,1,1,2.069710644,1,0,-1.236400126,-1.141258716,0.095421462,37.032753,-1.199831186,0.163473999,-0.008609247,26.774948,1,1,1,1,1,-1.199831186,1,0,-3.072802796,3.129185181,0.001424240,42.418397,3.134027663,0.000000000,0.288847568,10.718475,1,1,1,1,1,3.134027663,1,0
22.663531,3,1,1,1,2.091181944,2.038727144,-0.044548293,39.947571,2.066169574,-0.334436926,0.129695916,19.837193,1,1,1,1,1,2.066169574,1,0,-1.236400126,-1.104848143,0.131818814,34.947338,-1.195077210,0.169086014,-0.007624878,26.831348,1,1,1,1,1,-1.195077210,1,0,-3.069957480,3.134705755,0.002655376,42.347858,3.137778504,0.000000000,0.298742191,10.151554,1,1,1,1,1,3.137778504,1,0
22.696194,3,1,1,1,2.088313826,2.046884453,-0.031523012,40.693864,2.061407849,0.008705400,0.146022431,18.901752,1,1,1,1,1,2.061407849,1,0,-1.241801674,-1.177545510,0.064398668,38.810228,-1.200878891,-0.459189775,-0.006448559,26.898746,1,1,1,1,1,-1.200878891,1,0,-3.070279210,-3.139079585,0.007397300,42.076166,-3.140396953,0.000000000,0.304566876,9.817825,1,1,1,1,1,-3.140396953,1,0
22.729656,3,1,1,1,2.084857630,2.046234096,-0.026467733,40.983511,2.060206979,0.000000000,0.164450862,17.845881,1,1,1,1,1,2.060206979,1,0,-1.226588546,-1.218447858,0.008198237,42.030276,-1.222238480,-0.939088143,-0.004174302,27.029051,1,1,1,1,1,-1.222238480,1,0,-3.070279210,-3.139814993,0.006649220,42.119028,-3.134607752,0.306391033,0.304744515,9.807647,1,1,1,1,1,-3.134607752,1,0
22.763389,3,1,1,1,2.079978480,2.035101739,-0.031617049,40.688477,2.058382236,0.000000000,0.174576170,17.265743,1,1,1,1,1,2.058382236,1,0,-1.203717557,-1.230297551,-0.026568227,40.977753,-1.271453662,-1.558212787,-0.001337155,27.191608,1,1,1,1,1,-1.271453662,1,0,-3.073174510,-3.131132430,0.011362499,41.848977,-3.129715939,0.299037319,0.304647064,9.813230,1,1,1,1,1,-3.129715939,1,0
22.797149,3,1,1,1,2.079978480,2.024325785,-0.042531357,40.063133,2.059342124,-0.148235610,0.175356350,17.221042,1,1,1,1,1,2.059342124,1,0,-1.203717557,-1.195486760,0.008239833,42.027892,-1.325883245,-2.034203250,-0.001175596,27.200864,1,1,1,1,1,-1.325883245,1,0,-3.078355181,-3.119105762,0.017874846,41.475847,-3.124001144,0.000000000,0.295268644,10.350574,1,1,1,1,1,-3.124001144,1,0
22.834069,3,1,1,1,2.074264626,2.025668848,-0.035842822,40.446358,2.050326897,-0.158367890,0.172036577,17.411251,1,1,1,1,1,2.050326897,1,0,-1.201122474,-1.242208605,-0.041086675,40.145907,-1.368631939,0.148995985,0.001937756,27.157196,1,1,1,1,1,-1.368631939,1,0,-3.078355181,-3.119701464,0.017263966,41.510848,-3.116590764,0.160150791,0.295383968,10.343966,1,1,1,1,1,-3.116590764,1,0
22.864492,3,1,1,1,2.070769020,2.024208313,-0.034956319,40.497150,2.043969522,-0.474134174,0.163329448,17.910133,1,1,1,1,1,2.043969522,1,0,-1.228347577,-1.272358596,-0.043988290,39.979657,-1.360215457,0.000000000,0.005285761,26.965369,1,1,1,1,1,-1.360215457,1,0,-3.083086220,-3.109296973,0.021904960,41.244938,-3.111631606,0.000000000,0.280033927,11.223459,1,1,1,1,1,-3.111631606,1,0
22.896497,3,1,1,1,2.066448413,2.024866309,-0.031489929,40.695760,2.044314901,0.157723722,0.151106985,18.610429,1,1,1,1,1,2.044314901,1,0,-1.284979744,-1.307910844,-0.022819442,41.192542,-1.358830728,0.308625790,0.009848058,26.703969,1,1,1,1,1,-1.358830728,1,0,-3.087179202,-3.099099380,0.025878714,41.017259,-3.103606936,0.150762078,0.260344287,12.351592,1,1,1,1,1,-3.103606936,1,0
22.930217,3,1,1,1,2.066448413,2.024866309,-0.031489929,40.695760,2.042831104,-0.156508617,0.151106985,18.610429,1,1,1,1,1,2.042831104,1,0,-1.284979744,-1.307910844,-0.022819442,41.192542,-1.356765337,-0.174251861,0.009848058,26.703969,1,1,1,1,1,-1.356765337,1,0,-3.091858372,-3.084680722,0.030939035,40.727324,-3.094409929,0.307943593,0.223017781,14.490244,1,1,1,1,1,-3.094409929,1,0
22.963147,3,1,1,1,2.060090532,2.014910605,-0.036567309,40.404848,2.041205964,0.160435843,0.139395010,19.281475,1,1,1,1,1,2.041205964,1,0,-1.351261657,-1.319100396,0.032486360,40.638669,-1.375778712,-0.792266690,0.015769641,26.364687,1,1,1,1,1,-1.375778712,1,0,-3.091858372,-3.085344923,0.030262539,40.766084,-3.086886829,0.155245728,0.223094881,14.485826,1,1,1,1,1,-3.086886829,1,0
22.997238,3,1,1,1,2.052202967,2.018449955,-0.027257178,40.938279,2.046575347,-0.000331736,0.118716058,20.466292,1,1,1,1,1,2.046575347,1,0,-1.381269455,-1.344936641,0.036924341,40.384391,-1.406364471,-1.260383458,0.021373287,26.043622,1,1,1,1,1,-1.406364471,1,0,-3.096219492,-3.068282891,0.034710859,40.511214,-3.077831929,0.000000000,0.144551282,18.986043,1,1,1,1,1,-3.077831929,1,0
23.048141,3,1,1,1,2.047402963,2.005584102,-0.037368099,40.358966,2.031563420,0.000000000,0.097607401,21.675729,1,1,1,1,1,2.031563420,1,0,-1.391526849,-1.337547047,0.054897345,39.354614,-1.428356034,-0.472479592,0.026300519,25.761312,1,1,1,1,1,-1.428356034,1,0,-3.095088781,-3.056381098,0.038635675,40.286339,-3.060260360,0.472738553,0.073556188,23.053762,1,1,1,1,1,-3.060260360,1,0
23.064157,3,1,1,1,2.047402963,2.005584102,-0.037368099,40.358966,2.031563420,0.000000000,0.097607401,21.675729,1,1,1,1,1,2.031563420,1,0,-1.391526849,-1.337547047,0.054897345,39.354614,-1.428356034,-0.472479592,0.026300519,25.761312,1,1,1,1,1,-1.428356034,1,0,-3.095088781,-3.056381098,0.038635675,40.286339,-3.060260360,0.472738553,0.073556188,23.053762,1,1,1,1,1,-3.060260360,1,0
23.097229,3,1,1,1,2.042613817,2.011724032,-0.029161224,40.829185,2.030209403,-0.002204047,0.056801464,24.013737,1,1,1,1,1,2.030209403,1,0,-1.394382213,-1.359786669,0.035900716,40.443041,-1.439652883,-0.321650079,0.032550380,25.403222,1,1,1,1,1,-1.439652883,1,0,-3.085440313,-3.040346543,0.045839775,39.873574,-3.049530051,0.479929517,-0.011563608,26.605675,1,1,1,1,1,-3.049530051,1,0
23.130407,3,1,1,1,2.037948621,2.029318064,-0.008169522,42.031921,2.030045657,0.155753692,0.024225447,25.880205,1,1,1,1,1,2.030045657,1,0,-1.402982822,-1.425569189,-0.020785893,41.309056,-1.449757217,-0.162215021,0.042359620,24.841194,1,1,1,1,1,-1.449757217,1,0,-3.069538946,-3.024745371,0.051084895,39.573051,-3.043066819,0.316620845,-0.062883581,23.665257,1,1,1,1,1,-3.043066819,1,0
23.163667,3,1,1,1,2.037948621,2.016700429,-0.020788563,41.308903,2.030655347,0.158800801,0.024467837,25.866317,1,1,1,1,1,2.030655347,1,0,-1.418694393,-1.452469461,-0.031570028,40.691171,-1.451379715,-0.163934415,0.049766938,24.416786,1,1,1,1,1,-1.451379715,1,0,-3.069538946,-3.024609581,0.051219064,39.565364,-3.034928741,0.157992548,-0.062857756,23.666737,1,1,1,1,1,-3.034928741,1,0
23.195986,3,1,1,1,2.033279003,2.007235218,-0.025986192,41.011101,2.037196325,0.057997570,0.004699705,26.998948,1,1,1,1,1,2.037196325,1,0,-1.421129760,-1.400241992,0.023139425,41.174209,-1.458931387,0.000000000,0.048159593,24.508880,1,1,1,1,1,-1.458931387,1,0,-3.050589344,-3.008014474,0.052625180,39.484799,-3.025279386,0.000000000,-0.081045071,22.624681,1,1,1,1,1,-3.025279386,1,0
23.233654,3,1,1,1,2.030035798,2.010638497,-0.019481104,41.383815,2.026956837,-0.570128695,-0.008373982,26.788427,1,1,1,1,1,2.026956837,1,0,-1.436891087,-1.418398185,0.021196296,41.285542,-1.471441249,-0.626904217,0.054649431,24.137039,1,1,1,1,1,-1.471441249,1,0,-3.034935734,-2.994927099,0.052013296,39.519858,-3.015132614,0.000000000,-0.080269670,22.669108,1,1,1,1,1,-3.015132614,1,0
23.263323,3,1,1,1,2.030035798,1.997312452,-0.032806872,40.620305,2.018690253,-0.325977434,-0.008234626,26.796412,1,1,1,1,1,2.018690253,1,0,-1.451245492,-1.439041935,0.015507325,41.611496,-1.497853749,-1.105794763,0.062460547,23.689495,1,1,1,1,1,-1.497853749,1,0,-3.021194160,-2.983619339,0.051734072,39.535856,-3.008143289,0.468589514,-0.072347200,23.123032,1,1,1,1,1,-3.008143289,1,0
23.297176,3,1,1,1,2.029741530,2.000631236,-0.029270998,40.822895,2.021273453,-0.011968368,-0.018716620,26.195838,1,1,1,1,1,2.021273453,1,0,-1.451245492,-1.410061529,0.044490215,39.950898,-1.531874155,-0.952549507,0.060883252,23.779868,1,1,1,1,1,-1.531874155,1,0,-3.021194160,-2.983143233,0.052200180,39.509150,-3.002510586,0.312197309,-0.072243235,23.128989,1,1,1,1,1,-3.002510586,1,0
23.330183,3,1,1,1,2.029158609,2.019922092,-0.009440503,41.959099,2.021585386,0.152302244,-0.030823345,25.502174,1,1,1,1,1,2.021585386,1,0,-1.464082560,-1.459737458,0.008346246,42.021795,-1.553491562,-0.477723475,0.071594951,23.166133,1,1,1,1,1,-1.553491562,1,0,-3.006932248,-2.971508591,0.050903308,39.583455,-2.992572086,0.000000000,-0.057058343,23.999019,1,1,1,1,1,-2.992572086,1,0
23.363443,3,1,1,1,2.026023686,2.025860169,-0.000362426,42.479235,2.026449245,-0.148637309,-0.043304138,24.787077,1,1,1,1,1,2.026449245,1,0,-1.484830287,-1.483127725,0.006429907,42.131593,-1.560115828,0.141817666,0.082529541,22.539627,1,1,1,1,1,-1.560115828,1,0,-2.995550109,-2.960725908,0.048046814,39.747120,-2.986336309,0.000000000,-0.038980967,25.034776,1,1,1,1,1,-2.986336309,1,0
23.396719,3,1,1,1,2.025657518,1.999246825,-0.026633741,40.973999,2.022786646,-0.305302974,-0.044372902,24.725841,1,1,1,1,1,2.022786646,1,0,-1.511159195,-1.470548200,0.045957596,39.866824,-1.548824168,0.612250117,0.090325021,22.092979,1,1,1,1,1,-1.548824168,1,0,-2.995550109,-2.959410849,0.049298461,39.675406,-2.979905757,0.000000000,-0.038573555,25.058119,1,1,1,1,1,-2.979905757,1,0
23.432222,3,1,1,1,2.023345141,2.001059966,-0.022506971,41.210446,2.016796107,-0.161764423,-0.053358445,24.211007,1,1,1,1,1,2.016796107,1,0,-1.511159195,-1.443262292,0.073295142,38.300498,-1.524698012,0.000000000,0.088669221,22.187849,1,1,1,1,1,-1.524698012,1,0,-2.987233485,-2.950173905,0.045232981,39.908341,-2.974821903,0.000000000,-0.021955482,26.010265,1,1,1,1,1,-2.974821903,1,0
23.464497,3,1,1,1,2.021943475,2.004437988,-0.017750027,41.482998,2.008943596,0.000000000,-0.061306942,23.755592,1,1,1,1,1,2.008943596,1,0,-1.535733045,-1.454324051,0.087345672,37.495462,-1.524644796,-0.001342183,0.097455721,21.684420,1,1,1,1,1,-1.524644796,1,0,-2.981534735,-2.943682356,0.042045885,40.090948,-2.968246078,0.152620315,-0.011110660,26.631627,1,1,1,1,1,-2.968246078,1,0
23.496840,3,1,1,1,2.019387375,2.008757810,-0.010939915,41.873189,2.014104812,0.146950195,-0.068257246,23.357369,1,1,1,1,1,2.014104812,1,0,-1.549737657,-1.463156188,0.093047495,37.168771,-1.525615798,0.150215975,0.106324902,21.176253,1,1,1,1,1,-1.525615798,1,0,-2.981534735,-2.942876449,0.042821667,40.046499,-2.962869960,0.315442606,-0.010891725,26.644171,1,1,1,1,1,-2.962869960,1,0
23.530806,3,1,1,1,2.019387375,2.008757810,-0.010939915,41.873189,2.015567906,0.156809503,-0.068257246,23.357369,1,1,1,1,1,2.015567906,1,0,-1.548471154,-1.504430207,0.050940607,39.581318,-1.525473386,-0.155446177,0.119936388,20.396372,1,1,1,1,1,-1.525473386,1,0,-2.975892308,-2.938264443,0.039108974,40.259221,-2.957879577,0.157703207,-0.002971169,27.097986,1,1,1,1,1,-2.957879577,1,0
23.563972,3,1,1,1,2.014844083,2.015882088,0.000664281,42.461939,2.021098331,0.000000000,-0.075754333,22.927818,1,1,1,1,1,2.021098331,1,0,-1.548471154,-1.477983263,0.077523084,38.058254,-1.522924271,0.322871986,0.118356958,20.486867,1,1,1,1,1,-1.522924271,1,0,-2.970085820,-2.933974136,0.036044692,40.434791,-2.953273219,0.000000000,0.003498224,27.067788,1,1,1,1,1,-2.953273219,1,0
23.597842,3,1,1,1,2.012826223,2.004623754,-0.008616274,42.006324,2.022250441,-0.138366893,-0.082481096,22.542402,1,1,1,1,1,2.022250441,1,0,-1.534975235,-1.464355489,0.078243936,38.016953,-1.509864288,0.075255077,0.128781910,19.889561,1,1,1,1,1,-1.509864288,1,0,-2.963604685,-2.929501965,0.032860347,40.617241,-2.948622619,0.000000000,0.010949644,26.640853,1,1,1,1,1,-2.948622619,1,0
23.634793,3,1,1,1,2.012826223,1.987945220,-0.025351261,41.047480,2.005017076,0.000000000,-0.082372505,22.548624,1,1,1,1,1,2.005017076,1,0,-1.518248579,-1.477623004,0.048622174,39.714155,-1.519201968,0.000000000,0.141373944,19.168091,1,1,1,1,1,-1.519201968,1,0,-2.963604685,-2.928564895,0.033785257,40.564247,-2.943984140,0.000000000,0.011101256,26.632166,1,1,1,1,1,-2.943984140,1,0
23.663723,3,1,1,1,2.014683700,1.994867151,-0.020227932,41.341025,2.002634112,0.000000000,-0.089754645,22.125659,1,1,1,1,1,2.002634112,1,0,-1.518248579,-1.452126087,0.074322086,38.241658,-1.522227011,-0.308276680,0.139841872,19.255872,1,1,1,1,1,-1.522227011,1,0,-2.957501070,-2.925983033,0.029359576,40.817820,-2.940749765,0.154773452,0.018584254,26.203422,1,1,1,1,1,-2.940749765,1,0
23.697051,3,1,1,1,2.015885755,1.999540402,-0.016769601,41.539173,2.008078081,0.154846651,-0.095473947,21.797967,1,1,1,1,1,2.008078081,1,0,-1.504543282,-1.468483664,0.044612123,39.943914,-1.532704462,-0.161540710,0.153298979,18.484837,1,1,1,1,1,-1.532704462,1,0,-2.952641235,-2.924289109,0.025695479,41.027757,-2.938264145,0.170070338,0.024364023,25.872265,1,1,1,1,1,-2.938264145,1,0
23.730843,3,1,1,1,2.015885755,1.999540402,-0.016769601,41.539173,2.012044419,0.317248613,-0.095473947,21.797967,1,1,1,1,1,2.012044419,1,0,-1.501797881,-1.500203966,0.010081372,41.922380,-1.542894497,-0.315238497,0.164104293,17.865738,1,1,1,1,1,-1.542894497,1,0,-2.952641235,-2.924289109,0.025695479,41.027757,-2.935026194,0.000000000,0.024364023,25.872265,1,1,1,1,1,-2.935026194,1,0
23.763608,3,1,1,1,2.013164581,2.004681970,-0.008999087,41.984390,2.022842844,-0.003740522,-0.100082204,21.533933,1,1,1,1,1,2.022842844,1,0,-1.508552216,-1.509756597,0.007324591,42.080332,-1.542863053,0.316801423,0.173283830,17.339789,1,1,1,1,1,-1.542863053,1,0,-2.946617930,-2.923083259,0.020715408,41.313095,-2.932518313,0.000000000,0.030437018,25.524308,1,1,1,1,1,-2.932518313,1,0
23.796454,3,1,1,1,2.009647184,1.993813471,-0.016559469,41.551212,2.024550018,0.010193102,-0.103986119,21.310255,1,1,1,1,1,2.024550018,1,0,-1.508552216,-1.459131074,0.058628909,39.140811,-1.526159548,0.790644827,0.170595439,17.493822,1,1,1,1,1,-1.526159548,1,0,-2.940687258,-2.921580660,0.016548164,41.551860,-2.930225462,0.000000000,0.035615636,25.227596,1,1,1,1,1,-2.930225462,1,0
23.837316,3,1,1,1,2.011136991,2.019629552,0.007790633,42.053630,2.018333844,0.000000000,-0.107532586,21.107058,1,1,1,1,1,2.018333844,1,0,-1.523582244,-1.496568570,0.035720544,40.453364,-1.519812930,0.134127911,0.179783395,16.967391,1,1,1,1,1,-1.519812930,1,0,-2.936605532,-2.922422981,0.011898426,41.818270,-2.928226954,0.163536312,0.039070705,25.029635,1,1,1,1,1,-2.928226954,1,0
23.863364,3,1,1,1,2.011136991,1.981902911,-0.030153140,40.772352,2.011231719,-0.472355624,-0.107210113,21.125534,1,1,1,1,1,2.011231719,1,0,-1.532304979,-1.474356379,0.066886463,38.667688,-1.522829037,-0.335773878,0.182490566,16.812282,1,1,1,1,1,-1.522829037,1,0,-2.936605532,-2.920388283,0.013929413,41.701903,-2.925986362,0.000000000,0.039219972,25.021082,1,1,1,1,1,-2.925986362,1,0
23.895833,3,1,1,1,2.016477380,1.991960644,-0.025500914,41.038905,2.007120000,-0.159959609,-0.110364598,20.944795,1,1,1,1,1,2.007120000,1,0,-1.532304979,-1.449584543,0.092031899,37.226961,-1.527384432,-0.177252522,0.181112078,16.891263,1,1,1,1,1,-1.527384432,1,0,-2.933179650,-2.920581013,0.010495863,41.898631,-2.923372430,0.000000000,0.042537647,24.830994,1,1,1,1,1,-2.923372430,1,0
23.930635,3,1,1,1,2.016477380,1.991960644,-0.025500914,41.038905,2.009457667,0.300769326,-0.110364598,20.944795,1,1,1,1,1,2.009457667,1,0,-1.531447869,-1.483760470,0.056269746,39.275981,-1.533326219,0.133370378,0.186214506,16.598916,1,1,1,1,1,-1.533326219,1,0,-2.933179650,-2.920581013,0.010495863,41.898631,-2.921830803,0.000000000,0.042537647,24.830994,1,1,1,1,1,-2.921830803,1,0
23.966295,3,1,1,1,2.017848192,1.997995023,-0.020966549,41.298705,2.013006974,0.146203580,-0.112527410,20.820875,1,1,1,1,1,2.013006974,1,0,-1.523422056,-1.493616186,0.037795261,40.334491,-1.534579263,-0.011505942,0.189700382,16.399190,1,1,1,1,1,-1.534579263,1,0,-2.929743844,-2.921217258,0.006564627,42.123875,-2.921626839,0.000000000,0.045985612,24.633440,1,1,1,1,1,-2.921626839,1,0
23.997450,3,1,1,1,2.014505935,1.984472272,-0.031438321,40.698717,2.019165628,0.039776301,-0.113803773,20.747745,1,1,1,1,1,2.019165628,1,0,-1.518679311,-1.476554916,0.049739325,39.650147,-1.527953787,0.456374688,0.190835591,16.334147,1,1,1,1,1,-1.527953787,1,0,-2.926253352,-2.921288509,0.003206279,42.316294,-2.920607891,0.000000000,0.049221974,24.448010,1,1,1,1,1,-2.920607891,1,0
24.049512,3,1,1,1,2.010314297,1.973197389,-0.038762274,40.279085,2.017900536,-0.315135735,-0.114293353,20.719694,1,1,1,1,1,2.017900536,1,0,-1.519554704,-1.453644254,0.073247393,38.303234,-1.521359238,0.469086342,0.189086090,16.434386,1,1,1,1,1,-1.521359238,1,0,-2.924095828,-2.920938484,0.001603519,42.408125,-2.919948105,0.000000000,0.051024387,24.344739,1,1,1,1,1,-2.919948105,1,0
24.065030,3,1,1,1,2.010314297,1.973197389,-0.038762274,40.279085,2.015805164,0.000000000,-0.114293353,20.719694,1,1,1,1,1,2.015805164,1,0,-1.519813607,-1.456975839,0.070039307,38.487043,-1.508780654,0.784353144,0.188991706,16.439794,1,1,1,1,1,-1.508780654,1,0,-2.924095828,-2.920938484,0.001603519,42.408125,-2.919380732,0.147517300,0.051024387,24.344739,1,1,1,1,1,-2.919380732,1,0
24.096337,3,1,1,1,2.010296877,1.979502881,-0.032479640,40.639054,2.009190362,-0.455861964,-0.114289008,20.719943,1,1,1,1,1,2.009190362,1,0,-1.521107300,-1.456852314,0.070825093,38.442021,-1.499192486,-0.307759982,0.186249877,16.596889,1,1,1,1,1,-1.499192486,1,0,-2.922331384,-2.921843745,-0.000840970,42.451816,-2.918711858,0.000000000,0.052301956,24.271540,1,1,1,1,1,-2.918711858,1,0
24.130895,3,1,1,1,2.012540636,2.006251946,-0.007867541,42.049223,2.002537518,-0.315672146,-0.114163818,20.727116,1,1,1,1,1,2.002537518,1,0,-1.521107300,-1.456852314,0.070825093,38.442021,-1.502289777,0.000000000,0.186249877,16.596889,1,1,1,1,1,-1.502289777,1,0,-2.921050282,-2.923982558,-0.004070406,42.266783,-2.917272462,0.000000000,0.053064291,24.227861,1,1,1,1,1,-2.917272462,1,0
24.164781,3,1,1,1,2.012540636,1.985455192,-0.028797533,40.850023,2.006896006,0.305933288,-0.113834488,20.745985,1,1,1,1,1,2.006896006,1,0,-1.516621619,-1.459304183,0.063152576,38.881624,-1.503616060,0.127453362,0.181568599,16.865107,1,1,1,1,1,-1.503616060,1,0,-2.921050282,-2.922967539,-0.003054432,42.324994,-2.917371724,0.000000000,0.053097330,24.225968,1,1,1,1,1,-2.917371724,1,0
24.196472,3,1,1,1,2.013151628,1.967645496,-0.047427148,39.782625,2.010550260,0.146669164,-0.112782149,20.806280,1,1,1,1,1,2.010550260,1,0,-1.506166934,-1.436414888,0.075112706,38.196359,-1.498447812,0.135378485,0.173036320,17.353970,1,1,1,1,1,-1.498447812,1,0,-2.920158793,-2.923087226,-0.003944804,42.273979,-2.918370074,0.000000000,0.053601201,24.197099,1,1,1,1,1,-2.918370074,1,0
24.232586,3,1,1,1,2.010589391,1.974663099,-0.038037902,40.320589,2.015734779,-0.009360265,-0.112149186,20.842546,1,1,1,1,1,2.015734779,1,0,-1.498642482,-1.433582994,0.069708351,38.506006,-1.487263786,0.608016349,0.164959214,17.816754,1,1,1,1,1,-1.487263786,1,0,-2.919370200,-2.924486549,-0.006056173,42.153007,-2.918439921,0.000000000,0.053946306,24.177325,1,1,1,1,1,-2.918439921,1,0
24.263867,3,1,1,1,2.007467033,1.981990641,-0.027899008,40.901505,2.010783294,-0.149951877,-0.111793084,20.862949,1,1,1,1,1,2.010783294,1,0,-1.498642482,-1.404190809,0.099482165,36.800092,-1.452277603,0.000000000,0.163907267,17.877026,1,1,1,1,1,-1.452277603,1,0,-2.918867010,-2.926041889,-0.008051497,42.038683,-2.918028302,0.000000000,0.054273565,24.158575,1,1,1,1,1,-2.918028302,1,0
24.296279,3,1,1,1,2.006569163,1.990168295,-0.019034465,41.409405,1.999395016,-0.616651347,-0.110927845,20.912524,1,1,1,1,1,1.999395016,1,0,-1.492495793,-1.403447059,0.093136227,37.163687,-1.457773125,-0.156061945,0.153510918,18.472693,1,1,1,1,1,-1.457773125,1,0,-2.918795575,-2.927718207,-0.009716712,41.943273,-2.918365009,0.000000000,0.054678520,24.135373,1,1,1,1,1,-2.918365009,1,0
24.330885,3,1,1,1,2.006569163,1.968600189,-0.040727764,40.166471,2.003005252,0.014979004,-0.110361024,20.945000,1,1,1,1,1,2.003005252,1,0,-1.483814454,-1.401299109,0.085726751,37.588219,-1.456947958,-0.000795938,0.141882804,19.138935,1,1,1,1,1,-1.456947958,1,0,-2.918795575,-2.926720619,-0.008717865,42.000503,-2.919339959,0.000000000,0.054701715,24.134044,1,1,1,1,1,-2.919339959,1,0
24.362621,3,1,1,1,2.006184162,1.998748003,-0.010029794,41.925335,2.005099009,0.327115445,-0.108669244,21.041932,1,1,1,1,1,2.005099009,1,0,-1.470662351,-1.431291362,0.041487356,40.122950,-1.451975152,0.000000000,0.129342523,19.857440,1,1,1,1,1,-1.451975152,1,0,-2.918973909,-2.929425165,-0.011139302,41.861765,-2.919937452,0.000000000,0.055112171,24.110526,1,1,1,1,1,-2.919937452,1,0
24.398572,3,1,1,1,2.004200542,1.989309867,-0.017332619,41.506914,2.009219242,0.314665894,-0.104263752,21.294348,1,1,1,1,1,2.009219242,1,0,-1.470662351,-1.366560049,0.106738124,36.384356,-1.451685887,0.269848043,0.127845002,19.943242,1,1,1,1,1,-1.451685887,1,0,-2.919345014,-2.930675886,-0.011903011,41.818008,-2.921682497,0.000000000,0.055262705,24.101901,1,1,1,1,1,-2.921682497,1,0
24.435478,3,1,1,1,2.004200542,1.967097393,-0.039658279,40.227748,2.014916769,0.305131443,-0.103691184,21.327154,1,1,1,1,1,2.014916769,1,0,-1.457176425,-1.364016631,0.094892990,37.063032,-1.447516521,0.252612402,0.111643666,20.871510,1,1,1,1,1,-1.447516521,1,0,-2.919345014,-2.929672349,-0.010898074,41.875586,-2.923271344,0.000000000,0.055280637,24.100874,1,1,1,1,1,-2.923271344,1,0
24.463170,3,1,1,1,2.002640179,1.989342529,-0.015780162,41.595863,2.029349372,0.453052815,-0.099035197,21.593922,1,1,1,1,1,2.029349372,1,0,-1.448800487,-1.361681823,0.088004396,37.457720,-1.432664273,0.728292633,0.092393583,21.974459,1,1,1,1,1,-1.432664273,1,0,-2.920290239,-2.932081927,-0.012779901,41.767766,-2.924439765,0.000000000,0.046514168,24.603156,1,1,1,1,1,-2.924439765,1,0
24.496494,3,1,1,1,2.002640179,1.967563071,-0.037658106,40.342349,2.035869256,-0.020704258,-0.098442555,21.627878,1,1,1,1,1,2.035869256,1,0,-1.448800487,-1.326412425,0.123418633,35.428633,-1.403967317,1.196641815,0.091848141,22.005710,1,1,1,1,1,-1.403967317,1,0,-2.921152413,-2.934079030,-0.014156393,41.688898,-2.925185975,0.166954789,0.020878783,26.071955,1,1,1,1,1,-2.925185975,1,0
24.529859,3,1,1,1,2.004909655,1.995880433,-0.012550010,41.780937,2.028221199,-0.490611309,-0.098219689,21.640647,1,1,1,1,1,2.028221199,1,0,-1.445280441,-1.352180666,0.093452170,37.145585,-1.392991737,0.154702767,0.075805313,22.924897,1,1,1,1,1,-1.392991737,1,0,-2.921152413,-2.934079030,-0.014156393,41.688898,-2.928455421,-0.137523093,0.020878783,26.071955,1,1,1,1,1,-2.928455421,1,0
24.565944,3,1,1,1,2.012956252,2.009714085,-0.009364809,41.963436,2.018360902,0.021228715,-0.099941693,21.541984,1,1,1,1,1,2.018360902,1,0,-1.434989948,-1.348736665,0.086108422,37.566351,-1.385290399,0.000000000,0.053852841,24.182681,1,1,1,1,1,-1.385290399,1,0,-2.919446883,-2.936988892,-0.014236350,41.684317,-2.929802063,-0.163134141,-0.027250659,25.706873,1,1,1,1,1,-2.929802063,1,0
24.597036,3,1,1,1,2.019870671,2.002837610,-0.026094932,41.004871,2.018189837,0.180123419,-0.099684919,21.556696,1,1,1,1,1,2.018189837,1,0,-1.416966283,-1.296408139,0.120278786,35.608533,-1.384484235,0.285580244,0.034512038,25.290827,1,1,1,1,1,-1.384484235,1,0,-2.915394849,-2.938740422,-0.012098467,41.806809,-2.932931682,0.000000000,-0.065456596,23.517834,1,1,1,1,1,-2.932931682,1,0
24.640569,3,1,1,1,2.020101623,1.983962029,-0.045399802,39.898783,2.025490256,0.474942113,-0.097797410,21.664842,1,1,1,1,1,2.025490256,1,0,-1.415094176,-1.256597126,0.158233066,33.433913,-1.375031232,0.474128252,0.032928778,25.381541,1,1,1,1,1,-1.375031232,1,0,-2.910657200,-2.943029146,-0.012506717,41.783418,-2.938564686,0.000000000,-0.097617918,21.675126,1,1,1,1,1,-2.938564686,1,0
24.676306,3,1,1,1,2.019887035,1.988913735,-0.041398402,40.128046,2.036500768,0.163120633,-0.096234785,21.754374,1,1,1,1,1,2.036500768,1,0,-1.396703744,-1.237567132,0.158945131,33.393115,-1.353795040,0.944432228,0.014769346,26.422000,1,1,1,1,1,-1.353795040,1,0,-2.910657200,-2.942106854,-0.011600628,41.835333,-2.942236299,-0.309225865,-0.097424454,21.686211,1,1,1,1,1,-2.942236299,1,0
24.698470,3,1,1,1,2.015793811,2.008038986,-0.018388348,41.446425,2.046539848,0.306628915,-0.093032570,21.937848,1,1,1,1,1,2.046539848,1,0,-1.380078661,-1.217792152,0.162420112,33.194013,-1.318269577,1.417045369,-0.006306035,26.906912,1,1,1,1,1,-1.318269577,1,0,-2.909458727,-2.948491923,-0.015990646,41.583803,-2.945635699,0.000000000,-0.113739347,20.751437,1,1,1,1,1,-2.945635699,1,0
24.732588,3,1,1,1,2.015793811,2.008038986,-0.018388348,41.446425,2.048698008,-0.161928021,-0.093032570,21.937848,1,1,1,1,1,2.048698008,1,0,-1.380078661,-1.217792152,0.162420112,33.194013,-1.289032589,0.158119468,-0.006306035,26.906912,1,1,1,1,1,-1.289032589,1,0,-2.913152282,-2.956323001,-0.021912360,41.244514,-2.951754986,-0.164627026,-0.116715724,20.580903,1,1,1,1,1,-2.951754986,1,0
24.764724,3,1,1,1,2.016688278,2.027119561,0.000562232,42.467786,2.040733636,-0.473282975,-0.088356375,22.205774,1,1,1,1,1,2.040733636,1,0,-1.362440549,-1.199825168,0.163237274,33.147193,-1.270196426,0.785338944,-0.029042766,25.604193,1,1,1,1,1,-1.270196426,1,0,-2.913941878,-2.956664016,-0.021844353,41.248411,-2.956949409,-0.304475809,-0.116573011,20.589080,1,1,1,1,1,-2.956949409,1,0
24.799658,3,1,1,1,2.021512480,2.009745734,-0.020995611,41.297040,2.033603877,-0.002967690,-0.081738886,22.584928,1,1,1,1,1,2.033603877,1,0,-1.329693025,-1.124427517,0.206500605,30.668387,-1.251597008,0.000000000,-0.049572036,24.427953,1,1,1,1,1,-1.251597008,1,0,-2.921317972,-2.963789637,-0.024359134,41.104324,-2.964657120,0.000000000,-0.115524266,20.649168,1,1,1,1,1,-2.964657120,1,0
24.835944,3,1,1,1,2.030885644,2.033916027,-0.005517032,42.183897,2.046123923,0.627166352,-0.077077888,22.851983,1,1,1,1,1,2.046123923,1,0,-1.329693025,-1.071902812,0.259063096,27.656778,-1.252666069,0.141930480,-0.048034611,24.516041,1,1,1,1,1,-1.252666069,1,0,-2.932756747,-2.974099484,-0.026228005,40.997246,-2.967833418,-0.315889749,-0.113273135,20.778149,1,1,1,1,1,-2.967833418,1,0
24.869195,3,1,1,1,2.030885644,2.013305687,-0.026057563,41.007012,2.072283485,1.102345011,-0.074775711,22.983888,1,1,1,1,1,2.072283485,1,0,-1.297536701,-1.036381639,0.262996381,27.431417,-1.234035159,0.778107689,-0.060238242,23.816824,1,1,1,1,1,-1.234035159,1,0,-2.932756747,-2.973464648,-0.025595394,41.033492,-2.977419664,0.000000000,-0.113183992,20.783256,1,1,1,1,1,-2.977419664,1,0
24.896512,3,1,1,1,2.037161641,2.042190805,-0.002688165,42.345980,2.080598253,0.155841154,-0.069736415,23.272619,1,1,1,1,1,2.080598253,1,0,-1.260417864,-0.998741003,0.264359152,27.353336,-1.203755591,1.247682753,-0.072778612,23.098314,1,1,1,1,1,-1.203755591,1,0,-2.947774881,-2.985827906,-0.026961990,40.955192,-2.983166746,0.000000000,-0.105220569,21.239527,1,1,1,1,1,-2.983166746,1,0
24.930643,3,1,1,1,2.037161641,2.042190805,-0.002688165,42.345980,2.090665350,0.305029247,-0.069736415,23.272619,1,1,1,1,1,2.090665350,1,0,-1.260417864,-0.998741003,0.264359152,27.353336,-1.159755334,1.714357341,-0.072778612,23.098314,1,1,1,1,1,-1.159755334,1,0,-2.947774881,-2.985827906,-0.026961990,40.955192,-2.991246781,-0.147726781,-0.105220569,21.239527,1,1,1,1,1,-2.991246781,1,0
24.963754,3,1,1,1,2.045001847,2.058659921,0.007015151,42.098061,2.094586338,-0.037427066,-0.063607827,23.623761,1,1,1,1,1,2.094586338,1,0,-1.229973174,-0.958418150,0.275216111,26.731278,-1.077970978,2.346987943,-0.082927388,22.516832,1,1,1,1,1,-1.077970978,1,0,-2.961650661,-2.996932991,-0.028313374,40.877763,-2.997523350,-0.152027999,-0.091859616,22.005053,1,1,1,1,1,-2.997523350,1,0
24.996803,3,1,1,1,2.059453442,2.058322293,-0.006105836,42.150161,2.095375592,0.086582136,-0.052751558,24.245780,1,1,1,1,1,2.095375592,1,0,-1.205825987,-0.837606610,0.372462520,21.159470,-1.021686640,0.000000000,-0.080086138,22.679623,1,1,1,1,1,-1.021686640,1,0,-2.974400456,-3.007331328,-0.029488922,40.810409,-3.006214038,0.000000000,-0.075316917,22.952880,1,1,1,1,1,-3.006214038,1,0
25.035888,3,1,1,1,2.079135988,2.084523977,0.002215459,42.373064,2.103969455,0.149837272,-0.041354726,24.898770,1,1,1,1,1,2.103969455,1,0,-1.160666106,-0.776303712,0.388636665,20.232759,-1.009304290,0.623701065,-0.075124773,22.963889,1,1,1,1,1,-1.009304290,1,0,-2.988596305,-3.020534092,-0.031251190,40.709439,-3.015887597,0.000000000,-0.054988311,24.117623,1,1,1,1,1,-3.015887597,1,0
25.064452,3,1,1,1,2.079135988,2.065242972,-0.017022774,41.524667,2.116068537,0.634472298,-0.039852524,24.984840,1,1,1,1,1,2.116068537,1,0,-1.160666106,-0.714815001,0.450158655,16.707809,-0.983018826,1.102172946,-0.071131834,23.192667,1,1,1,1,1,-0.983018826,1,0,-2.988596305,-3.020331145,-0.031048031,40.721079,-3.023006072,-0.472899041,-0.054979034,24.118155,1,1,1,1,1,-3.023006072,1,0
25.097175,3,1,1,1,2.095788200,2.093857280,-0.003657331,42.290450,2.141787611,1.100247071,-0.028194302,25.652807,1,1,1,1,1,2.141787611,1,0,-1.094780072,-0.645832745,0.452923007,16.549423,-0.943520199,1.567058130,-0.062128254,23.708534,1,1,1,1,1,-0.943520199,1,0,-3.000321062,-3.032045189,-0.032143074,40.658338,-3.028885295,-0.317432302,-0.039798547,24.987932,1,1,1,1,1,-3.028885295,1,0
25.129665,3,1,1,1,2.109431174,2.144869085,0.034668575,40.513637,2.145326592,0.153244628,-0.017194841,26.283029,1,1,1,1,1,2.145326592,1,0,-1.026633240,-0.636451579,0.393685380,19.943489,-0.889685698,2.036401705,-0.055339147,24.097522,1,1,1,1,1,-0.889685698,1,0,-3.012807248,-3.044903759,-0.032763953,40.622764,-3.038576874,-0.318281569,-0.022285827,25.991337,1,1,1,1,1,-3.038576874,1,0
25.163194,3,1,1,1,2.109431174,2.126798479,0.016616072,41.547969,2.162347269,0.468316966,-0.016331906,26.332472,1,1,1,1,1,2.162347269,1,0,-0.960508762,-0.556917731,0.406567390,19.205404,-0.794328513,2.672576699,-0.043571682,24.771748,1,1,1,1,1,-0.794328513,1,0,-3.012807248,-3.044932070,-0.032792025,40.621155,-3.045647576,-0.160394516,-0.022277113,25.991837,1,1,1,1,1,-3.045647576,1,0
25.197373,3,1,1,1,2.121084529,2.125100256,0.003744902,42.285433,2.163493720,0.309719881,-0.007114043,26.860616,1,1,1,1,1,2.163493720,1,0,-0.960508762,-0.442751082,0.520731188,12.664301,-0.708143801,3.138509008,-0.037960243,25.093259,1,1,1,1,1,-0.708143801,1,0,-3.021808511,-3.055103143,-0.032947264,40.612261,-3.052837140,-0.135062959,0.008650582,26.772579,1,1,1,1,1,-3.052837140,1,0
25.231727,3,1,1,1,2.137758553,2.148371074,0.010688474,41.887596,2.175766937,0.000000000,0.002531141,27.123197,1,1,1,1,1,2.175766937,1,0,-0.907744623,-0.369960231,0.540329602,11.541394,-0.570233519,3.766008242,-0.028255364,25.649308,1,1,1,1,1,-0.570233519,1,0,-3.029133631,-3.066455293,-0.032434800,40.641623,-3.062093179,-0.166401319,0.076739637,22.871364,1,1,1,1,1,-3.062093179,1,0
25.262437,3,1,1,1,2.156563120,2.175616957,0.019287416,41.394912,2.182915839,0.473908623,0.012997025,26.523546,1,1,1,1,1,2.182915839,1,0,-0.821753745,-0.289475925,0.533602917,11.926805,-0.456003453,0.000000000,-0.007591899,26.833237,1,1,1,1,1,-0.456003453,1,0,-3.031223321,-3.077550957,-0.030955682,40.726370,-3.068569292,-0.156153664,0.172702715,17.373084,1,1,1,1,1,-3.068569292,1,0
25.296006,3,1,1,1,2.156563120,2.158274302,0.001946368,42.388481,2.204423653,0.948829421,0.013324026,26.504811,1,1,1,1,1,2.204423653,1,0,-0.821753745,-0.254489967,0.568665288,9.917879,-0.449056327,0.467172766,-0.006954519,26.869757,1,1,1,1,1,-0.449056327,1,0,-3.031223321,-3.077896738,-0.031304649,40.706376,-3.075130939,-0.158518781,0.172740824,17.370901,1,1,1,1,1,-3.075130939,1,0
25.329832,3,1,1,1,2.174175241,2.189202679,0.015202003,41.628989,2.203538734,0.306629810,0.024403103,25.870026,1,1,1,1,1,2.203538734,1,0,-0.682303555,-0.174022596,0.506865866,13.458725,-0.427800658,0.941284713,0.035165903,25.253363,1,1,1,1,1,-0.427800658,1,0,-3.028646818,-3.088036891,-0.029625039,40.802610,-3.083932316,-0.314698912,0.264610214,12.107173,1,1,1,1,1,-3.083932316,1,0
25.363299,3,1,1,1,2.185916491,2.222790100,0.036904124,40.385549,2.208039313,0.153363286,0.032073908,25.430522,1,1,1,1,1,2.208039313,1,0,-0.570780412,-0.134382819,0.432752842,17.705089,-0.376872633,1.576695280,0.075520245,22.941230,1,1,1,1,1,-0.376872633,1,0,-3.024159808,-3.098108977,-0.028249815,40.881405,-3.089660730,-0.316392309,0.342608544,7.638198,1,1,1,1,1,-3.089660730,1,0
25.396378,3,1,1,1,2.185916491,2.189959203,0.004056414,42.267585,2.219946715,0.630557167,0.032145353,25.426428,1,1,1,1,1,2.219946715,1,0,-0.462289486,-0.045921410,0.412087843,18.889106,-0.323644672,2.039160055,0.114890019,20.685508,1,1,1,1,1,-0.323644672,1,0,-3.023539535,-3.107437876,-0.029500194,40.809763,-3.095986059,-0.311156547,0.375257514,5.767549,1,1,1,1,1,-3.095986059,1,0
25.439273,3,1,1,1,2.196863812,2.207098794,0.010033658,41.925114,2.225882269,0.310520044,0.039250604,25.019327,1,1,1,1,1,2.225882269,1,0,-0.462289486,-0.032837038,0.425385782,18.127190,-0.254886503,2.513617970,0.111049647,20.905545,1,1,1,1,1,-0.254886503,1,0,-3.023539535,-3.108082693,-0.030186327,40.770451,-3.104172944,0.000000000,0.375348557,5.762333,1,1,1,1,1,-3.104172944,1,0
25.462783,3,1,1,1,2.207580751,2.227664153,0.019596364,41.377211,2.242087133,0.778147478,0.046881347,24.582118,1,1,1,1,1,2.242087133,1,0,-0.381116590,0.030688341,0.408880619,19.072866,-0.142703948,3.137290902,0.144774647,18.973245,1,1,1,1,1,-0.142703948,1,0,-3.033598674,-3.116015613,-0.030514669,40.751638,-3.107989780,-0.154149061,0.344351292,7.538345,1,1,1,1,1,-3.107989780,1,0
25.496152,3,1,1,1,2.217033504,2.245762768,0.028108449,40.889504,2.261489070,0.156061113,0.062381948,23.693999,1,1,1,1,1,2.261489070,1,0,-0.320699590,0.094413410,0.414467261,18.752775,-0.042122415,3.605891883,0.167006037,17.699480,1,1,1,1,1,-0.042122415,1,0,-3.055740901,-3.123058981,-0.029063958,40.834758,-3.113032918,-0.158463567,0.247418098,13.092208,1,1,1,1,1,-3.113032918,1,0
25.529853,3,1,1,1,2.217033504,2.245762768,0.028108449,40.889504,2.263787962,0.304891551,0.062381948,23.693999,1,1,1,1,1,2.263787962,1,0,-0.248458399,0.167294265,0.418042612,18.547923,0.074018185,4.080578491,0.193218677,16.197606,1,1,1,1,1,0.074018185,1,0,-3.055740901,-3.123058981,-0.029063958,40.834758,-3.119410898,0.000000000,0.247418098,13.092208,1,1,1,1,1,-3.119410898,1,0
25.562369,3,1,1,1,2.230491249,2.265546403,0.036081932,40.432658,2.288316743,0.929275646,0.108149468,21.071713,1,1,1,1,1,2.288316743,1,0,-0.248458399,0.160865929,0.411321057,18.933039,0.202984828,0.163223096,0.185020601,16.667322,1,1,1,1,1,0.202984828,1,0,-3.084509955,-3.129441404,-0.026041171,41.007951,-3.124410676,0.000000000,0.118073846,20.503088,1,1,1,1,1,-3.124410676,1,0
25.596575,3,1,1,1,2.254667501,2.272998870,0.028598331,40.861436,2.299547822,0.015001576,0.191489188,16.296699,1,1,1,1,1,2.299547822,1,0,-0.138632005,0.219764307,0.363207332,21.689753,0.214839070,0.631707037,0.195924676,16.042564,1,1,1,1,1,0.214839070,1,0,-3.111615294,-3.136052857,-0.023471751,41.155168,-3.127182274,-0.146309656,0.007643522,26.830280,1,1,1,1,1,-3.127182274,1,0
25.639580,3,1,1,1,2.282946462,2.288243509,0.030470857,40.754148,2.301661177,0.318306356,0.260427193,12.346842,1,1,1,1,1,2.301661177,1,0,0.010256332,0.288828313,0.287412863,26.032456,0.255506645,1.294860348,0.213967582,15.008782,1,1,1,1,1,0.255506645,1,0,-3.130334388,-3.140834892,-0.019689417,41.371880,-3.133273487,0.000000000,-0.049256398,24.446037,1,1,1,1,1,-3.133273487,1,0
25.663552,3,1,1,1,2.282946462,2.273567673,0.015351439,41.620427,2.308043395,0.000000000,0.261848831,12.265388,1,1,1,1,1,2.308043395,1,0,0.010256332,0.273206815,0.271124813,26.965692,0.298109251,1.736393870,0.206716155,15.424258,1,1,1,1,1,0.298109251,1,0,-3.130334388,3.141321348,-0.020698894,41.314041,-3.135512519,0.000000000,-0.049049367,24.457899,1,1,1,1,1,-3.135512519,1,0
25.696915,3,1,1,1,2.321666486,2.296397825,0.018697569,41.428708,2.315019129,0.468133701,0.319003267,8.990680,1,1,1,1,1,2.315019129,1,0,0.163276550,0.345386840,0.194928265,31.331433,0.356570634,2.202653438,0.225112097,14.370248,1,1,1,1,1,0.356570634,1,0,-3.138630791,3.138119582,-0.017606260,41.491236,-3.137837081,-0.157658251,-0.059517311,23.858130,1,1,1,1,1,-3.137837081,1,0
25.730643,3,1,1,1,2.354092666,2.326716776,0.025976595,41.011651,2.336359323,0.943170784,0.334134479,8.123726,1,1,1,1,1,2.336359323,1,0,0.287035639,0.445957180,0.177446674,32.333054,0.429636092,2.673406300,0.244564259,13.255721,1,1,1,1,1,0.429636092,1,0,3.137595713,3.136010339,-0.014503331,41.669020,-3.139133852,0.000000000,-0.065616980,23.508645,1,1,1,1,1,-3.139133852,1,0
25.763242,3,1,1,1,2.354092666,2.326716776,0.025976595,41.011651,2.341962006,0.452596090,0.334134479,8.123726,1,1,1,1,1,2.341962006,1,0,0.287035639,0.445957180,0.177446674,32.333054,0.550020918,3.305919249,0.244564259,13.255721,1,1,1,1,1,0.550020918,1,0,3.125115876,3.136393058,-0.011233735,41.856354,-3.140113311,0.000000000,-0.094037269,21.880283,1,1,1,1,1,-3.140113311,1,0
25.796792,3,1,1,1,2.367569614,2.348754434,0.031619013,40.688364,2.362396390,0.920221890,0.321665562,8.838142,1,1,1,1,1,2.362396390,1,0,0.350104848,0.530123550,0.201632208,30.947325,0.649941562,0.000000000,0.249288664,12.985033,1,1,1,1,1,0.649941562,1,0,3.125115876,3.135250938,-0.012341629,41.792877,-3.140434964,-0.156065668,-0.093739543,21.897341,1,1,1,1,1,-3.140434964,1,0
25.833288,3,1,1,1,2.375323577,2.359249645,0.027092614,40.947708,2.395934176,1.099750684,0.302756365,9.921559,1,1,1,1,1,2.395934176,1,0,0.416765552,0.586787622,0.191205878,31.544710,0.657170646,0.476558887,0.239858353,13.525350,1,1,1,1,1,0.657170646,1,0,3.102803087,3.135148061,-0.013082254,41.750442,-3.139708490,0.000000000,-0.143033905,19.072982,1,1,1,1,1,-3.139708490,1,0
25.863140,3,1,1,1,2.381664755,2.386035495,0.035413787,40.470939,2.427225997,0.475804606,0.265305513,12.067335,1,1,1,1,1,2.427225997,1,0,0.515621149,0.698577540,0.201991596,30.926734,0.688489997,1.100470266,0.235280366,13.787649,1,1,1,1,1,0.688489997,1,0,3.075001357,3.138453310,-0.012717897,41.771318,-3.138399750,0.158288141,-0.192765538,16.223569,1,1,1,1,1,-3.138399750,1,0
25.896645,3,1,1,1,2.381664755,2.372299421,0.021274410,41.281066,2.434430246,-0.007865511,0.266913069,11.975229,1,1,1,1,1,2.434430246,1,0,0.515621149,0.651470568,0.153460657,33.707352,0.729011066,1.576084303,0.226826477,14.272021,1,1,1,1,1,0.729011066,1,0,3.052124978,-3.138720408,-0.006874883,42.106098,-3.135264140,0.000000000,-0.226113875,14.312850,1,1,1,1,1,-3.135264140,1,0
25.931378,3,1,1,1,2.395288962,2.406484424,0.022588129,41.205796,2.427410791,-0.469664285,0.187938152,16.500158,1,1,1,1,1,2.427410791,1,0,0.601073359,0.730069368,0.142281493,34.347871,0.783466506,2.048123490,0.218747972,14.734886,1,1,1,1,1,0.783466506,1,0,3.052124978,-3.139817378,-0.007880998,42.048452,-3.129599125,0.000000000,-0.225621581,14.341057,1,1,1,1,1,-3.129599125,1,0
25.964032,3,1,1,1,2.416136613,2.440441286,0.023912468,41.129917,2.410252310,-0.147731274,0.092988601,21.940367,1,1,1,1,1,2.410252310,1,0,0.686177950,0.834337255,0.155569592,33.586519,0.877633462,2.674537713,0.211433344,15.153983,1,1,1,1,1,0.877633462,1,0,3.040991496,-3.130032441,0.006667757,42.117966,-3.123291659,0.000000000,-0.240802342,13.471263,1,1,1,1,1,-3.123291659,1,0
25.996152,3,1,1,1,2.418227366,2.445292208,0.026186945,40.999599,2.412880940,0.323118208,0.083823033,22.465515,1,1,1,1,1,2.412880940,1,0,0.755515576,1.008822385,0.255750928,27.846551,0.965475692,3.148459468,0.216828526,14.844862,1,1,1,1,1,0.965475692,1,0,3.040058683,-3.114236951,0.028289763,40.879116,-3.119885895,0.144929633,-0.255038127,12.655613,1,1,1,1,1,-3.119885895,1,0
26.046182,3,1,1,1,2.430635486,2.471069840,0.039375007,40.243978,2.448978113,1.112848376,0.021185695,26.054370,1,1,1,1,1,2.448978113,1,0,0.829947877,1.129334199,0.297933968,25.429641,1.083509528,0.156695133,0.215601270,14.915178,1,1,1,1,1,1.083509528,1,0,3.041643035,-3.099822586,0.043920052,39.983566,-3.107393508,0.308554146,-0.284148616,10.987705,1,1,1,1,1,-3.107393508,1,0
26.062619,3,1,1,1,2.433282627,2.488358072,0.057055804,39.230943,2.473689011,1.419417931,-0.028271339,25.648393,1,1,1,1,1,2.473689011,1,0,0.829947877,0.989568611,0.157921878,33.451743,1.085842801,0.312818324,0.196183024,16.027762,1,1,1,1,1,1.085842801,1,0,3.041643035,-3.101149779,0.042634006,40.057251,-3.100177716,0.000000000,-0.283660005,11.015700,1,1,1,1,1,-3.100177716,1,0
26.096222,3,1,1,1,2.432717121,2.527609345,0.097558030,36.910337,2.499655364,0.160377520,-0.063699958,23.618482,1,1,1,1,1,2.499655364,1,0,0.906465157,1.131805968,0.222573020,29.747505,1.111190946,0.945616593,0.204588960,15.546137,1,1,1,1,1,1.111190946,1,0,3.047489777,-3.082976753,0.058114596,39.170279,-3.093016455,0.474318099,-0.330766813,8.316679,1,1,1,1,1,-3.093016455,1,0
26.131156,3,1,1,1,2.432717121,2.502111552,0.072025990,38.373215,2.503704746,0.315510072,-0.064668702,23.562977,1,1,1,1,1,2.503704746,1,0,1.007117513,1.160485928,0.150951339,33.851125,1.146736855,1.418061501,0.196861314,15.988899,1,1,1,1,1,1.146736855,1,0,3.065492736,-3.062123458,0.071697737,38.392022,-3.080781531,0.466945817,-0.378771235,5.566228,1,1,1,1,1,-3.080781531,1,0
26.162772,3,1,1,1,2.443538577,2.533855405,0.089116812,37.393983,2.520369165,0.789350852,-0.108910915,21.028085,1,1,1,1,1,2.520369165,1,0,1.007117513,1.095292516,0.085625923,37.593996,1.216291735,2.048421203,0.189310088,16.421552,1,1,1,1,1,1.216291735,1,0,3.065492736,-3.062352854,0.071460470,38.405617,-3.069745138,0.159220267,-0.378704636,5.570044,1,1,1,1,1,-3.069745138,1,0
26.196738,3,1,1,1,2.467922662,2.569711459,0.092467723,37.201990,2.551087479,1.260205958,-0.161366183,18.022620,1,1,1,1,1,2.551087479,1,0,1.095440158,1.183782765,0.087018075,37.514232,1.283550190,2.511775489,0.189431812,16.414578,1,1,1,1,1,1.283550190,1,0,3.100340028,-3.038099654,0.082358840,37.781186,-3.057949783,0.629216257,-0.400591470,4.316021,1,1,1,1,1,-3.057949783,1,0
26.229701,3,1,1,1,2.467922662,2.569711459,0.092467723,37.201990,2.563158415,0.316343897,-0.161366183,18.022620,1,1,1,1,1,2.563158415,1,0,1.159236979,1.322881937,0.163401503,33.137784,1.365687038,2.981513255,0.190173048,16.372108,1,1,1,1,1,1.365687038,1,0,-3.141559735,-3.015681330,0.087630398,37.479148,-3.048948282,0.312385506,-0.387305252,5.077265,1,1,1,1,1,-3.048948282,1,0
26.262908,3,1,1,1,2.499615493,2.609480080,0.094558255,37.082211,2.588453454,0.945907253,-0.204510813,15.550615,1,1,1,1,1,2.588453454,1,0,1.159236979,1.255560960,0.095800940,37.011010,1.350782817,0.475046446,0.185702115,16.628274,1,1,1,1,1,1.350782817,1,0,-3.141559735,-3.015390307,0.087945646,37.461086,-3.031723482,0.155611409,-0.387305439,5.077254,1,1,1,1,1,-3.031723482,1,0
26.295995,3,1,1,1,2.528837530,2.630858396,0.086793732,37.527085,2.610975641,0.000000000,-0.220475562,14.635902,1,1,1,1,1,2.610975641,1,0,1.226124705,1.275172434,0.048561532,39.717629,1.371731161,0.940096155,0.175693638,17.201717,1,1,1,1,1,1.371731161,1,0,-3.093727150,-2.989872503,0.091880578,37.235631,-3.019713103,0.633665584,-0.352565689,7.067695,1,1,1,1,1,-3.019713103,1,0
26.330428,3,1,1,1,2.528837530,2.619193233,0.074869822,38.210275,2.618230480,0.477407038,-0.219651584,14.683112,1,1,1,1,1,2.618230480,1,0,1.306835471,1.384131218,0.077024094,38.086845,1.407251778,1.414105325,0.168249216,17.628251,1,1,1,1,1,1.407251778,1,0,-3.058499444,-2.970687654,0.093703682,37.131174,-3.005048983,0.318507685,-0.325252439,8.632629,1,1,1,1,1,-3.005048983,1,0
26.363364,3,1,1,1,2.558878601,2.653415340,0.081925027,37.806042,2.649453679,1.099464972,-0.219109265,14.714185,1,1,1,1,1,2.649453679,1,0,1.306835471,1.322016280,0.014668397,41.659563,1.415159427,0.149568776,0.165266264,17.799162,1,1,1,1,1,1.415159427,1,0,-3.021859810,-2.949748308,0.093911879,37.119246,-2.988397541,0.790295922,-0.297272252,10.235776,1,1,1,1,1,-2.988397541,1,0
26.397984,3,1,1,1,2.591045325,2.692634285,0.092265955,37.213550,2.675269109,0.000000000,-0.203890533,15.586154,1,1,1,1,1,2.675269109,1,0,1.354129420,1.375563129,0.021079463,41.292236,1.433718813,0.778094542,0.159123242,18.151131,1,1,1,1,1,1.433718813,1,0,-3.021859810,-2.948767818,0.094931145,37.060846,-2.980636217,0.314340928,-0.297161219,10.242137,1,1,1,1,1,-2.980636217,1,0
26.437365,3,1,1,1,2.617291424,2.721458957,0.097498442,36.913751,2.687753982,0.626277784,-0.185580283,16.635254,1,1,1,1,1,2.687753982,1,0,1.397017548,1.445107109,0.047772595,39.762832,1.477615134,1.408713849,0.151510471,18.587311,1,1,1,1,1,1.477615134,1,0,-2.991895741,-2.929588769,0.092740234,37.186376,-2.959771428,0.000000000,-0.268329865,11.894052,1,1,1,1,1,-2.959771428,1,0
26.464229,3,1,1,1,2.617291424,2.721458957,0.097498442,36.913751,2.714056609,1.103877370,-0.185580283,16.635254,1,1,1,1,1,2.714056609,1,0,1.426016732,1.571698784,0.145236551,34.178559,1.526406361,1.875445630,0.144152022,19.008919,1,1,1,1,1,1.526406361,1,0,-2.967095709,-2.912058808,0.086298031,37.555487,-2.952878969,0.465331023,-0.229339551,14.128033,1,1,1,1,1,-2.952878969,1,0
26.497672,3,1,1,1,2.646264145,2.740417627,0.092872660,37.178789,2.738498194,0.156614803,-0.166501444,17.728391,1,1,1,1,1,2.738498194,1,0,1.426016732,1.455101780,0.028221110,40.883050,1.589850907,2.347438070,0.141545959,19.158235,1,1,1,1,1,1.589850907,1,0,-2.952831342,-2.897030792,0.083100095,37.738715,-2.936980286,0.000000000,-0.191182355,16.314279,1,1,1,1,1,-2.936980286,1,0
26.529941,3,1,1,1,2.682374592,2.771027263,0.099150649,36.819086,2.750648419,0.637368611,-0.150295223,18.656939,1,1,1,1,1,2.750648419,1,0,1.459656716,1.541322843,0.080292492,37.899579,1.665771511,2.506581070,0.132291755,19.688462,1,1,1,1,1,1.665771511,1,0,-2.952831342,-2.895563236,0.084574558,37.654235,-2.924236812,0.632730631,-0.190939567,16.328190,1,1,1,1,1,-2.924236812,1,0
26.563591,3,1,1,1,2.730005287,2.802890739,0.101487039,36.685221,2.776124046,1.098443985,-0.136707735,19.435445,1,1,1,1,1,2.776124046,1,0,1.501907702,1.583926913,0.080386818,37.894175,1.754182885,1.872277601,0.125774088,20.061897,1,1,1,1,1,1.754182885,1,0,-2.942216837,-2.881143453,0.078908832,37.978857,-2.916657255,0.306982925,-0.124834169,20.115750,1,1,1,1,1,-2.916657255,1,0
26.596774,3,1,1,1,2.734304240,2.797910639,0.093864985,37.121932,2.783696289,0.158056181,-0.137084175,19.413876,1,1,1,1,1,2.783696289,1,0,1.501907702,1.529184921,0.025480465,41.040077,1.803333756,1.400465378,0.124435463,20.138594,1,1,1,1,1,1.803333756,1,0,-2.939666364,-2.867696733,0.073598581,38.283112,-2.903890951,0.000000000,-0.007453294,26.841179,1,1,1,1,1,-2.903890951,1,0
26.634897,3,1,1,1,2.781213599,2.823391666,0.087029853,37.513557,2.802426761,0.783209353,-0.124660024,20.125728,1,1,1,1,1,2.802426761,1,0,1.574897785,1.576639113,-0.000152823,42.491244,1.847213418,0.763402271,0.117993785,20.507675,1,1,1,1,1,1.847213418,1,0,-2.941842037,-2.857350245,0.070168700,38.479630,-2.891906069,0.000000000,0.113328628,20.774969,1,1,1,1,1,-2.891906069,1,0
26.665245,3,1,1,1,2.819874705,2.850627045,0.080279533,37.900322,2.819231223,0.000000000,-0.106647994,21.157741,1,1,1,1,1,2.819231223,1,0,1.677202775,1.678750915,-0.000203526,42.488339,1.859051465,0.459216541,0.112511685,20.821776,1,1,1,1,1,1.859051465,1,0,-2.941842037,-2.857350245,0.070168700,38.479630,-2.885194848,0.459172355,0.113328628,20.774969,1,1,1,1,1,-2.885194848,1,0
26.696318,3,1,1,1,2.819874705,2.836338779,0.067041675,38.658795,2.831561979,0.622400289,-0.112219471,20.838519,1,1,1,1,1,2.831561979,1,0,1.756978942,1.650837267,-0.108052715,36.309035,1.864866450,-0.167918709,0.107278081,21.121640,1,1,1,1,1,1.864866450,1,0,-2.943882221,-2.845844965,0.067772098,38.616945,-2.876566156,0.297397078,0.224079801,14.429394,1,1,1,1,1,-2.876566156,1,0
26.729989,3,1,1,1,2.844573685,2.850734883,0.052644058,39.483718,2.835451725,0.007257315,-0.094843192,21.834107,1,1,1,1,1,2.835451725,1,0,1.756978942,1.601006781,-0.158004811,33.446991,1.852682008,-0.641078958,0.106167297,21.185283,1,1,1,1,1,1.852682008,1,0,-2.942452463,-2.837303364,0.062470927,38.920680,-2.868610270,0.156831321,0.294624703,10.387469,1,1,1,1,1,-2.868610270,1,0
26.763845,3,1,1,1,2.856091838,2.860251332,0.037570062,40.347394,2.840024244,0.000000000,-0.069634841,23.278439,1,1,1,1,1,2.840024244,1,0,1.835245439,1.639286911,-0.197883540,31.162108,1.814727646,-1.266236025,0.102196133,21.412814,1,1,1,1,1,1.814727646,1,0,-2.936780383,-2.830011818,0.056757199,39.248052,-2.859114214,0.131682793,0.330034297,8.358649,1,1,1,1,1,-2.859114214,1,0
26.797930,3,1,1,1,2.850685147,2.864305133,0.024758952,41.081417,2.847092506,0.471228201,-0.026115322,25.771923,1,1,1,1,1,2.847092506,1,0,1.881931892,1.687686664,-0.195899450,31.275788,1.785529034,0.000000000,0.098506735,21.624201,1,1,1,1,1,1.785529034,1,0,-2.936780383,-2.828133470,0.058719165,39.135640,-2.851419301,0.000000000,0.330324644,8.342013,1,1,1,1,1,-2.851419301,1,0
26.858861,3,1,1,1,2.843710996,2.863223538,0.018125040,41.461512,2.849049113,0.000000000,0.007286448,26.850738,1,1,1,1,1,2.849049113,1,0,1.877554756,1.718882301,-0.160138259,33.324754,1.763318147,-0.327102878,0.095270187,21.809641,1,1,1,1,1,1.763318147,1,0,-2.913430423,-2.817950491,0.043887265,39.985445,-2.839123640,0.308948541,0.331107818,8.297141,1,1,1,1,1,-2.839123640,1,0
26.865150,3,1,1,1,2.843710996,2.863223538,0.018125040,41.461512,2.848190079,-0.164278262,0.007286448,26.850738,1,1,1,1,1,2.848190079,1,0,1.877554756,1.718882301,-0.160138259,33.324754,1.760839748,-0.170690017,0.095270187,21.809641,1,1,1,1,1,1.760839748,1,0,-2.913430423,-2.817950491,0.043887265,39.985445,-2.839123640,0.308948541,0.331107818,8.297141,1,1,1,1,1,-2.839123640,1,0
26.896426,3,1,1,1,2.840439654,2.857905390,0.011558425,41.837751,2.848626999,0.000000000,0.019457133,26.153410,1,1,1,1,1,2.848626999,1,0,1.835767047,1.758648065,-0.078566004,37.998500,1.763001701,0.311536287,0.092115762,21.990377,1,1,1,1,1,1.763001701,1,0,-2.913430423,-2.816084278,0.045836085,39.873786,-2.833435759,0.313829587,0.331403056,8.280225,1,1,1,1,1,-2.833435759,1,0
26.930299,3,1,1,1,2.840439654,2.845422451,-0.000243590,42.486043,2.846415155,0.157550070,0.015382701,26.386857,1,1,1,1,1,2.846415155,1,0,1.775683589,1.764928718,-0.012456302,41.786306,1.778956747,0.773496868,0.089606643,22.134139,1,1,1,1,1,1.778956747,1,0,-2.900716621,-2.809749134,0.041594933,40.116786,-2.826634570,0.170174372,0.316153185,9.153978,1,1,1,1,1,-2.826634570,1,0
26.963550,3,1,1,1,2.834977259,2.836911348,-0.009094139,41.978944,2.844094159,-0.312631210,0.034786113,25.275124,1,1,1,1,1,2.844094159,1,0,1.775683589,1.721482707,-0.055985796,39.292250,1.791554220,0.159669200,0.088954206,22.171521,1,1,1,1,1,1.791554220,1,0,-2.888793593,-2.806238668,0.035442304,40.469306,-2.820380946,0.155193955,0.300012667,10.078762,1,1,1,1,1,-2.820380946,1,0
26.997651,3,1,1,1,2.828771521,2.825110907,-0.018143688,41.460443,2.842984393,-0.158094163,0.080757932,22.641132,1,1,1,1,1,2.842984393,1,0,1.748037274,1.749867358,-0.000082622,42.495266,1.803258663,0.627056741,0.087772066,22.239252,1,1,1,1,1,1.803258663,1,0,-2.877273012,-2.803527640,0.029394629,40.815812,-2.818111954,0.151063498,0.284634345,10.959874,1,1,1,1,1,-2.818111954,1,0
27.059589,3,1,1,1,2.832801147,2.812382172,-0.022177065,41.229348,2.823021386,0.000000000,0.136412937,19.452336,1,1,1,1,1,2.823021386,1,0,1.751029774,1.790900150,0.037917960,40.327461,1.821241433,0.000000000,0.085796125,22.352465,1,1,1,1,1,1.821241433,1,0,-2.867541086,-2.801694599,0.024798287,41.079163,-2.810770766,0.000000000,0.272800153,11.637924,1,1,1,1,1,-2.810770766,1,0
27.065135,3,1,1,1,2.832801147,2.805933773,-0.028686436,40.856388,2.823021386,0.000000000,0.136409520,19.452531,1,1,1,1,1,2.823021386,1,0,1.769958088,1.803847004,0.031974180,40.668014,1.821883031,0.141973269,0.083469623,22.485764,1,1,1,1,1,1.821883031,1,0,-2.867541086,-2.799735162,0.026808502,40.963986,-2.810770766,0.000000000,0.273104313,11.620497,1,1,1,1,1,-2.810770766,1,0
27.097695,3,1,1,1,2.842151973,2.800868491,-0.026348513,40.990341,2.822971053,-0.158289004,0.170842984,17.479639,1,1,1,1,1,2.822971053,1,0,1.769958088,1.803847004,0.031974180,40.668014,1.833398371,0.617997959,0.083469623,22.485764,1,1,1,1,1,1.833398371,1,0,-2.854580571,-2.800778275,0.019807059,41.365139,-2.807825505,0.000000000,0.268083811,11.908150,1,1,1,1,1,-2.807825505,1,0
27.130738,3,1,1,1,2.849200738,2.783278313,-0.041336764,40.131578,2.819479451,0.000000000,0.187296641,16.536914,1,1,1,1,1,2.819479451,1,0,1.804356583,1.797551231,-0.008586869,42.008009,1.870733618,1.246933373,0.079114227,22.735310,1,1,1,1,1,1.870733618,1,0,-2.854580571,-2.796822728,0.023873940,41.132124,-2.804099174,0.315663099,0.268604441,11.878320,1,1,1,1,1,-2.804099174,1,0
27.162776,3,1,1,1,2.849200738,2.776669849,-0.047995207,39.750077,2.814368884,0.000000000,0.188239534,16.482890,1,1,1,1,1,2.814368884,1,0,1.833200807,1.830567980,-0.004201338,42.259281,1.870300843,0.319985773,0.075068438,22.967116,1,1,1,1,1,1.870300843,1,0,-2.842822920,-2.796503525,0.021631428,41.260610,-2.802482776,0.000000000,0.275826512,11.464526,1,1,1,1,1,-2.802482776,1,0
27.196228,3,1,1,1,2.848266440,2.767440651,-0.058770588,39.132693,2.811222656,-0.331306031,0.182798642,16.794630,1,1,1,1,1,2.811222656,1,0,1.833200807,1.791787752,-0.043027666,40.034696,1.885407544,0.475891738,0.074549946,22.996824,1,1,1,1,1,1.885407544,1,0,-2.827754583,-2.796863957,0.018702574,41.428421,-2.798320678,0.000000000,0.282374402,11.089360,1,1,1,1,1,-2.798320678,1,0
27.244608,3,1,1,1,2.841653329,2.759655468,-0.065446683,38.750181,2.803454598,-0.152432997,0.168384619,17.620493,1,1,1,1,1,2.803454598,1,0,1.851283390,1.809624941,-0.043188065,40.025506,1.897036446,0.005443862,0.071351814,23.180063,1,1,1,1,1,1.897036446,1,0,-2.814462664,-2.797065232,0.014308911,41.680160,-2.797495052,0.152180649,0.275956487,11.457079,1,1,1,1,1,-2.797495052,1,0
27.268997,3,1,1,1,2.841653329,2.759655468,-0.065446683,38.750181,2.794157522,0.000000000,0.168384619,17.620493,1,1,1,1,1,2.794157522,1,0,1.866918955,1.866131668,-0.002254902,42.370804,1.893935987,-0.312143290,0.068572675,23.339296,1,1,1,1,1,1.893935987,1,0,-2.814462664,-2.797065232,0.014308911,41.680160,-2.796372786,0.000000000,0.275956487,11.457079,1,1,1,1,1,-2.796372786,1,0
27.296638,3,1,1,1,2.833461885,2.753048007,-0.065466044,38.749072,2.794426520,-0.159132004,0.159038083,18.156010,1,1,1,1,1,2.794426520,1,0,1.881965383,1.889487761,0.006089695,42.151086,1.882124830,-0.476917390,0.064799646,23.555475,1,1,1,1,1,1.882124830,1,0,-2.803073112,-2.797239309,0.008192270,42.030617,-2.794611640,0.000000000,0.256133247,12.592867,1,1,1,1,1,-2.794611640,1,0
27.330075,3,1,1,1,2.824161566,2.740616798,-0.067242384,38.647295,2.791413100,0.000000000,0.155888829,18.336449,1,1,1,1,1,2.791413100,1,0,1.881965383,1.816459094,-0.066999495,38.661212,1.874886248,-0.006590417,0.063798546,23.612834,1,1,1,1,1,1.874886248,1,0,-2.794660168,-2.795619180,0.002938057,42.331662,-2.791687210,0.314187414,0.215624213,14.913864,1,1,1,1,1,-2.791687210,1,0
27.363385,3,1,1,1,2.814613898,2.736171479,-0.060051445,39.059306,2.787777204,0.000000000,0.153173051,18.492052,1,1,1,1,1,2.787777204,1,0,1.891627281,1.851659797,-0.041258548,40.136059,1.887119252,0.619963387,0.058530909,23.914647,1,1,1,1,1,1.887119252,1,0,-2.794660168,-2.793635682,0.004968556,42.215323,-2.791650893,0.000000000,0.215605476,14.914937,1,1,1,1,1,-2.791650893,1,0
27.397981,3,1,1,1,2.814613898,2.729280052,-0.066965064,38.663184,2.785260502,-0.316310832,0.154077955,18.440205,1,1,1,1,1,2.785260502,1,0,1.890514376,1.862753941,-0.028852298,40.846885,1.913209125,1.097265747,0.054277227,24.158365,1,1,1,1,1,1.913209125,1,0,-2.791185997,-2.793804852,-0.000306393,42.482445,-2.788520620,0.000000000,0.160408376,18.077498,1,1,1,1,1,-2.788520620,1,0
27.432863,3,1,1,1,2.807022482,2.725868069,-0.062528868,38.917360,2.784493856,-0.167200399,0.148475497,18.761202,1,1,1,1,1,2.784493856,1,0,1.890514376,1.826541437,-0.065082002,38.771076,1.951355708,1.252250707,0.053819726,24.184578,1,1,1,1,1,1.951355708,1,0,-2.790353285,-2.794148024,-0.003516867,42.298498,-2.788191122,0.164534004,0.092950592,21.942544,1,1,1,1,1,-2.788191122,1,0
27.463982,3,1,1,1,2.801519813,2.724512848,-0.059817923,39.072685,2.775566798,-0.171177750,0.135958808,19.478355,1,1,1,1,1,2.775566798,1,0,1.888649709,1.842697796,-0.046872200,39.814421,1.988717651,0.627990266,0.049473914,24.433575,1,1,1,1,1,1.988717651,1,0,-2.790167871,-2.794104286,-0.004203119,42.259179,-2.788199368,0.000000000,0.047430436,24.550657,1,1,1,1,1,-2.788199368,1,0
27.496654,3,1,1,1,2.801519813,2.724512848,-0.059817923,39.072685,2.768461992,0.000000000,0.135958808,19.478355,1,1,1,1,1,2.768461992,1,0,1.900001829,1.894971186,-0.005820062,42.166535,2.000496535,0.155971891,0.045962488,24.634765,1,1,1,1,1,2.000496535,1,0,-2.790082912,-2.794639669,-0.004834084,42.223027,-2.787192195,0.000000000,0.037438710,25.123141,1,1,1,1,1,-2.787192195,1,0
27.535156,3,1,1,1,2.797321040,2.725198830,-0.055743195,39.306150,2.767979249,-0.307494691,0.116863665,20.572426,1,1,1,1,1,2.767979249,1,0,1.931842018,1.911786415,-0.020776817,41.309576,1.998013187,-0.319912338,0.042795022,24.816247,1,1,1,1,1,1.998013187,1,0,-2.789570990,-2.794574255,-0.005127937,42.206191,-2.784719821,0.317386294,0.010924895,26.642271,1,1,1,1,1,-2.784719821,1,0
27.563598,3,1,1,1,2.793028593,2.718807265,-0.057609179,39.199237,2.770368843,0.000655980,0.104078029,21.304989,1,1,1,1,1,2.770368843,1,0,1.931842018,1.844601033,-0.087978812,37.459185,1.973029044,-0.941936248,0.042213217,24.849582,1,1,1,1,1,1.973029044,1,0,-2.788707464,-2.792219364,-0.003442802,42.302742,-2.785886690,0.000000000,-0.005389591,26.959420,1,1,1,1,1,-2.785886690,1,0
27.597260,3,1,1,1,2.787591465,2.721465238,-0.049338847,39.673092,2.769874784,0.157615086,0.091941665,22.000352,1,1,1,1,1,2.769874784,1,0,1.972070677,1.862017088,-0.110740179,36.155055,1.938206464,0.000000000,0.039680064,24.994721,1,1,1,1,1,1.938206464,1,0,-2.788707464,-2.789909094,-0.001132946,42.435087,-2.782634964,0.000000000,-0.005340476,26.962234,1,1,1,1,1,-2.782634964,1,0
27.630114,3,1,1,1,2.787591465,2.714862070,-0.055835188,39.300879,2.775481136,0.004547754,0.093269846,21.924253,1,1,1,1,1,2.775481136,1,0,1.997899425,1.877808472,-0.120735283,35.582378,1.938826067,-0.164032763,0.037871469,25.098346,1,1,1,1,1,1.938826067,1,0,-2.787108830,-2.790155563,-0.002754377,42.342186,-2.782809450,0.160015215,-0.019684245,26.140397,1,1,1,1,1,-2.782809450,1,0
27.663649,3,1,1,1,2.783121790,2.720045080,-0.046706961,39.823888,2.771107718,-0.313853211,0.083843968,22.464316,1,1,1,1,1,2.771107718,1,0,1.995098896,1.890090598,-0.105613422,36.448797,1.933897692,-0.165580390,0.036741745,25.163074,1,1,1,1,1,1.933897692,1,0,-2.784914821,-2.790422380,-0.004810435,42.224382,-2.782637403,0.158972442,-0.034097646,25.314570,1,1,1,1,1,-2.782637403,1,0
27.696944,3,1,1,1,2.781635257,2.733255798,-0.033714466,40.568303,2.770441885,-0.013236535,0.074115321,23.021726,1,1,1,1,1,2.770441885,1,0,1.992720116,1.896325134,-0.096992681,36.942729,1.921644001,-0.642166577,0.036705765,25.165136,1,1,1,1,1,1.921644001,1,0,-2.782803848,-2.792724451,-0.008607669,42.006817,-2.783443122,0.000000000,-0.047098036,24.569702,1,1,1,1,1,-2.783443122,1,0
27.730817,3,1,1,1,2.781635257,2.726909176,-0.039928948,40.212240,2.769899553,0.156388985,0.075485830,22.943202,1,1,1,1,1,2.769899553,1,0,1.969089506,1.905444258,-0.064191947,38.822072,1.923590884,0.005732511,0.040107555,24.970228,1,1,1,1,1,1.923590884,1,0,-2.782803848,-2.790371450,-0.006253487,42.141702,-2.781300190,0.000000000,-0.047014275,24.574502,1,1,1,1,1,-2.781300190,1,0
27.764155,3,1,1,1,2.780939020,2.729742472,-0.039096371,40.259943,2.771920842,0.154441370,0.065141261,23.535902,1,1,1,1,1,2.771920842,1,0,1.934848680,1.892957058,-0.042132491,40.085986,1.925373698,0.321809295,0.066185026,23.476098,1,1,1,1,1,1.925373698,1,0,-2.780628727,-2.788697382,-0.005808605,42.167191,-2.781899296,0.158443728,-0.060140853,23.822404,1,1,1,1,1,-2.781899296,1,0
27.796570,3,1,1,1,2.778557686,2.743972593,-0.026720711,40.969016,2.776551270,0.000000000,0.046265270,24.617416,1,1,1,1,1,2.776551270,1,0,1.934848680,1.860818488,-0.074326988,38.241377,1.931656571,0.305299880,0.066280390,23.470635,1,1,1,1,1,1.931656571,1,0,-2.779520113,-2.788989488,-0.006619511,42.120730,-2.780846552,0.000000000,-0.066267073,23.471398,1,1,1,1,1,-2.780846552,1,0
27.844013,3,1,1,1,2.776994265,2.753285794,-0.018510100,41.439449,2.788460832,0.000000000,0.033059428,25.374055,1,1,1,1,1,2.788460832,1,0,1.913636716,1.884018607,-0.027783787,40.908106,1.942503495,-0.003587636,0.126293817,20.032118,1,1,1,1,1,1.942503495,1,0,-2.778768000,-2.789974925,-0.007998656,42.041711,-2.782392892,0.157721114,-0.069353185,23.294576,1,1,1,1,1,-2.782392892,1,0
27.863511,3,1,1,1,2.776994265,2.747088365,-0.024617724,41.089508,2.786864464,-0.003172742,0.034131460,25.312633,1,1,1,1,1,2.786864464,1,0,1.914267576,1.891726486,-0.017185441,41.515347,1.935444618,-0.470928901,0.178603003,17.035023,1,1,1,1,1,1.935444618,1,0,-2.778768000,-2.787546197,-0.005567439,42.181009,-2.784242218,0.000000000,-0.069224809,23.301932,1,1,1,1,1,-2.784242218,1,0
27.896403,3,1,1,1,2.777143288,2.756911865,-0.017034495,41.523995,2.791539071,0.000000000,0.022559917,25.975633,1,1,1,1,1,2.791539071,1,0,1.914267576,1.860728004,-0.048656869,39.712167,1.931387637,-0.316951183,0.179648044,16.975146,1,1,1,1,1,1.931387637,1,0,-2.778276007,-2.788639560,-0.006762385,42.112544,-2.784348459,-0.149043926,-0.072729332,23.101137,1,1,1,1,1,-2.784348459,1,0
27.929693,3,1,1,1,2.780963547,2.779047544,-0.000750988,42.456972,2.798653695,0.472771116,0.008914584,26.757453,1,1,1,1,1,2.798653695,1,0,1.928840311,1.905863426,-0.012362382,41.791688,1.935509553,0.041812572,0.228862788,14.155349,1,1,1,1,1,1.935509553,1,0,-2.777774988,-2.792661383,-0.010167052,41.917471,-2.787120405,-0.005877150,-0.082547536,22.538596,1,1,1,1,1,-2.787120405,1,0
27.963112,3,1,1,1,2.780963547,2.773248645,-0.006493594,42.127944,2.799640294,0.161982952,0.009723494,26.711106,1,1,1,1,1,2.799640294,1,0,1.946242090,1.920750598,-0.010403574,41.903919,1.938784949,0.356033805,0.258749713,12.442955,1,1,1,1,1,1.938784949,1,0,-2.777774988,-2.790275828,-0.007778051,42.054351,-2.786157348,0.000047658,-0.082397671,22.547182,1,1,1,1,1,-2.786157348,1,0
27.996809,3,1,1,1,2.788273656,2.788110915,-0.000736034,42.457828,2.811971433,0.643142780,-0.005136679,26.973911,1,1,1,1,1,2.811971433,1,0,1.957181029,1.906577513,-0.033834725,40.561413,1.957053687,0.837071912,0.272910850,11.631581,1,1,1,1,1,1.957053687,1,0,-2.777088801,-2.790550374,-0.006189140,42.145388,-2.784848942,-0.160119485,-0.100579361,21.505448,1,1,1,1,1,-2.784848942,1,0
28.042704,3,1,1,1,2.792336564,2.801882637,0.006285171,42.139886,2.826732506,0.000000000,-0.033841909,25.329223,1,1,1,1,1,2.826732506,1,0,1.961108860,1.918919445,-0.024846578,41.076396,1.992547638,0.356238087,0.271620647,11.705504,1,1,1,1,1,1.992547638,1,0,-2.776278167,-2.792057416,-0.006338622,42.136824,-2.788121128,-0.150347435,-0.113689908,20.754269,1,1,1,1,1,-2.788121128,1,0
28.063758,3,1,1,1,2.792336564,2.796334881,0.000764876,42.456176,2.829778119,0.309323051,-0.033258981,25.362622,1,1,1,1,1,2.829778119,1,0,1.961108860,1.888519128,-0.056337342,39.272108,1.996551759,0.033352734,0.273559777,11.594400,1,1,1,1,1,1.996551759,1,0,-2.776278167,-2.789661197,-0.003936108,42.274478,-2.790514307,-0.149173453,-0.113479979,20.766297,1,1,1,1,1,-2.790514307,1,0
28.096865,3,1,1,1,2.795649077,2.812662598,0.009383381,41.962372,2.833914153,0.161434210,-0.091433417,22.029472,1,1,1,1,1,2.833914153,1,0,1.965874559,1.902837058,-0.048261845,39.734800,1.990761788,-0.427796342,0.258492898,12.457669,1,1,1,1,1,1.990761788,1,0,-2.775401493,-2.792069158,-0.005452392,42.187601,-2.792527649,0.000000000,-0.123035500,20.218806,1,1,1,1,1,-2.792527649,1,0
28.129237,3,1,1,1,2.800712423,2.836171462,0.023467750,41.155397,2.845166152,0.000000000,-0.174419170,17.274739,1,1,1,1,1,2.845166152,1,0,1.979586966,1.959524628,-0.007877143,42.048673,1.970736596,-0.901176817,0.223445041,14.465763,1,1,1,1,1,1.970736596,1,0,-2.775548943,-2.798147851,-0.010679419,41.888114,-2.795638499,0.000000000,-0.126891686,19.997863,1,1,1,1,1,-2.795638499,1,0
28.163802,3,1,1,1,2.808968904,2.853550982,0.031345869,40.704014,2.857654594,0.000000000,-0.246670314,13.135053,1,1,1,1,1,2.857654594,1,0,1.979586966,1.927976188,-0.040170871,40.198379,1.936211979,-0.592503243,0.225292047,14.359938,1,1,1,1,1,1.936211979,1,0,-2.777251790,-2.801573249,-0.012531007,41.782026,-2.796431602,0.154846793,-0.125863899,20.056751,1,1,1,1,1,-2.796431602,1,0
28.196691,3,1,1,1,2.808968904,2.843710748,0.021215747,41.284427,2.864818180,0.474395083,-0.246104458,13.167474,1,1,1,1,1,2.864818180,1,0,1.989263230,1.906681306,-0.074506413,38.231097,1.925501491,-0.120748496,0.200501209,15.780348,1,1,1,1,1,1.925501491,1,0,-2.777815013,-2.798302578,-0.008702694,42.001372,-2.799777755,0.000000000,-0.125145540,20.097910,1,1,1,1,1,-2.799777755,1,0
28.238879,3,1,1,1,2.823152985,2.863968915,0.030613206,40.745993,2.877841715,0.320628637,-0.293011330,10.479909,1,1,1,1,1,2.877841715,1,0,1.987629510,1.930464720,-0.051614189,39.542725,1.933602828,0.518740015,0.171313234,17.452696,1,1,1,1,1,1.933602828,1,0,-2.780619658,-2.802409888,-0.009654098,41.946861,-2.801597006,0.000000000,-0.125002992,20.106077,1,1,1,1,1,-2.801597006,1,0
28.263544,3,1,1,1,2.840304072,2.881324381,0.036627096,40.401422,2.891659059,0.000000000,-0.300368182,10.058392,1,1,1,1,1,2.891659059,1,0,1.965105289,1.960691060,-0.000637933,42.463449,1.956126559,0.988278840,0.148221503,18.775755,1,1,1,1,1,1.956126559,1,0,-2.783365751,-2.807106198,-0.010523519,41.897047,-2.804037106,0.000000000,-0.127050163,19.988783,1,1,1,1,1,-2.804037106,1,0
28.296770,3,1,1,1,2.860967716,2.899864357,0.039371516,40.244178,2.894773940,0.310073373,-0.265805414,12.038693,1,1,1,1,1,2.894773940,1,0,1.965105289,1.926518360,-0.035161881,40.485373,1.975476682,0.162818600,0.149323260,18.712629,1,1,1,1,1,1.975476682,1,0,-2.783365751,-2.804809137,-0.008220976,42.028973,-2.809178207,0.000000000,-0.126805646,20.002793,1,1,1,1,1,-2.809178207,1,0
28.329059,3,1,1,1,2.860967716,2.895732131,0.035088792,40.489560,2.904752374,0.000000000,-0.265802784,12.038843,1,1,1,1,1,2.904752374,1,0,1.944851815,1.945985559,0.003985489,42.271648,1.987398425,0.633279168,0.134885526,19.539850,1,1,1,1,1,1.987398425,1,0,-2.786108647,-2.810154194,-0.009857778,41.935191,-2.811762649,-0.309117072,-0.127958776,19.936723,1,1,1,1,1,-2.811762649,1,0
28.363921,3,1,1,1,2.882118409,2.920172409,0.039226001,40.252516,2.917403342,0.630429901,-0.185601832,16.634019,1,1,1,1,1,2.917403342,1,0,1.938120706,2.009100768,0.074076756,38.255715,2.011568653,0.000000000,0.116439931,20.596704,1,1,1,1,1,2.011568653,1,0,-2.789974935,-2.818161061,-0.014225291,41.684951,-2.816839072,-0.310802835,-0.124620964,20.127966,1,1,1,1,1,-2.816839072,1,0
28.397235,3,1,1,1,2.897650832,2.937170463,0.039582143,40.232110,2.923203865,0.160366178,-0.105862253,21.202761,1,1,1,1,1,2.923203865,1,0,1.953039426,2.038559131,0.088737302,37.415727,2.018571554,0.469044370,0.097489270,21.682497,1,1,1,1,1,2.018571554,1,0,-2.789974935,-2.815994070,-0.012055616,41.809264,-2.818856026,0.000000000,-0.124374032,20.142114,1,1,1,1,1,-2.818856026,1,0
28.436874,3,1,1,1,2.897650832,2.929895330,0.032265958,40.651297,2.939628101,0.000000000,-0.105813022,21.205582,1,1,1,1,1,2.939628101,1,0,1.953039426,1.964142763,0.014060370,41.694400,2.050026706,1.099179401,0.100789762,21.493393,1,1,1,1,1,2.050026706,1,0,-2.795665697,-2.820189810,-0.012203454,41.800794,-2.824634586,0.000000000,-0.114665771,20.698356,1,1,1,1,1,-2.824634586,1,0
28.462782,3,1,1,1,2.910372120,2.949684412,0.039014340,40.264643,2.946689422,0.470996744,-0.045721055,24.648598,1,1,1,1,1,2.946689422,1,0,1.980291910,2.028282302,0.051065793,39.574146,2.083973117,0.943374532,0.082558381,22.537974,1,1,1,1,1,2.083973117,1,0,-2.804170909,-2.831194953,-0.016953807,41.528618,-2.827464262,-0.154335844,-0.101126927,21.474075,1,1,1,1,1,-2.827464262,1,0
28.496377,3,1,1,1,2.921966662,2.962108392,0.040042106,40.205756,2.957479975,0.162351681,-0.010399592,26.672368,1,1,1,1,1,2.957479975,1,0,2.019076927,2.034073969,0.017773587,41.481648,2.105587193,0.459270404,0.068075005,23.367811,1,1,1,1,1,2.105587193,1,0,-2.804170909,-2.827100431,-0.012859665,41.763195,-2.832975842,0.000000000,-0.100710596,21.497929,1,1,1,1,1,-2.832975842,1,0
28.529258,3,1,1,1,2.934797381,2.978084697,0.043356115,40.015878,2.969380928,0.632643294,0.008955413,26.755114,1,1,1,1,1,2.969380928,1,0,2.051640350,2.064449659,0.015283082,41.624344,2.112300460,0.005078133,0.058899177,23.893547,1,1,1,1,1,2.112300460,1,0,-2.810557799,-2.833488667,-0.013928212,41.701972,-2.839624078,0.000000000,-0.092158754,21.987913,1,1,1,1,1,-2.839624078,1,0
28.563109,3,1,1,1,2.934797381,2.975178184,0.040449865,40.182393,2.975916465,0.160082760,0.009014610,26.751722,1,1,1,1,1,2.975916465,1,0,2.051640350,2.022805661,-0.026342662,40.990677,2.100822229,0.000000000,0.061297778,23.756117,1,1,1,1,1,2.100822229,1,0,-2.817474180,-2.840909899,-0.015274585,41.624831,-2.846100607,0.000000000,-0.084003342,22.455184,1,1,1,1,1,-2.846100607,1,0
28.597451,3,1,1,1,2.948583088,2.992718512,0.044065395,39.975239,2.987702100,0.629192443,0.023761167,25.906807,1,1,1,1,1,2.987702100,1,0,2.086057870,2.109152581,0.025136909,41.059761,2.108056590,0.476732790,0.050073491,24.399221,1,1,1,1,1,2.108056590,1,0,-2.826089932,-2.852084485,-0.019089936,41.406227,-2.849507524,-0.154066029,-0.073403356,23.062519,1,1,1,1,1,-2.849507524,1,0
28.632208,3,1,1,1,2.964452282,3.006491607,0.040872861,40.158158,2.998208136,0.470023934,0.043466573,24.777770,1,1,1,1,1,2.998208136,1,0,2.109238743,2.115251668,0.007500867,42.070232,2.139258564,1.098868996,0.043012954,24.803760,1,1,1,1,1,2.139258564,1,0,-2.833797468,-2.857669284,-0.018373715,41.447264,-2.855047461,-0.143341118,-0.062499032,23.687290,1,1,1,1,1,-2.855047461,1,0
28.665171,3,1,1,1,2.964452282,3.003998180,0.038376994,40.301160,3.006141650,0.315877826,0.043437191,24.779453,1,1,1,1,1,3.006141650,1,0,2.109238743,2.069277742,-0.038418406,40.298788,2.151350197,0.155053353,0.045532881,24.659379,1,1,1,1,1,2.151350197,1,0,-2.833797468,-2.855882373,-0.016590690,41.549423,-2.863295774,0.000000000,-0.062336992,23.696575,1,1,1,1,1,-2.863295774,1,0
28.696482,3,1,1,1,2.975923950,3.016097366,0.037163686,40.370678,3.015012914,0.141259923,0.059327935,23.868981,1,1,1,1,1,3.015012914,1,0,2.117539094,2.096593022,-0.019884416,41.360707,2.163124278,0.627642570,0.038113608,25.084472,1,1,1,1,1,2.163124278,1,0,-2.844197329,-2.865957948,-0.018226578,41.455694,-2.865324753,-0.151269807,-0.046678505,24.593740,1,1,1,1,1,-2.865324753,1,0
28.729623,3,1,1,1,2.987665622,3.029496393,0.036251106,40.422965,3.024404961,0.000000000,0.073538043,23.054802,1,1,1,1,1,3.024404961,1,0,2.127402544,2.179738512,0.052829162,39.473112,2.189481222,1.105424353,0.026052935,25.775498,1,1,1,1,1,2.189481222,1,0,-2.854675668,-2.876297385,-0.019822819,41.364236,-2.874583945,0.000000000,-0.029601696,25.572169,1,1,1,1,1,-2.874583945,1,0
28.764676,3,1,1,1,2.998081166,3.041155347,0.035458184,40.468396,3.032167766,0.159988952,0.081293464,22.610449,1,1,1,1,1,3.032167766,1,0,2.127402544,2.129144578,0.002306335,42.367857,2.245681766,1.728454562,0.028366551,25.642937,1,1,1,1,1,2.245681766,1,0,-2.855697897,-2.875896214,-0.018542392,41.437599,-2.881630807,0.000000000,-0.027865755,25.671631,1,1,1,1,1,-2.881630807,1,0
28.796767,3,1,1,1,3.008683205,3.054043571,0.036469626,40.410444,3.038745345,0.000000000,0.084658674,22.417636,1,1,1,1,1,3.038745345,1,0,2.142924994,2.246230791,0.103575491,36.565561,2.304138843,2.196369373,0.019973935,26.123799,1,1,1,1,1,2.304138843,1,0,-2.864597025,-2.886755335,-0.021360666,41.276124,-2.887134975,0.000000000,-0.016210255,26.339442,1,1,1,1,1,-2.887134975,1,0
28.832098,3,1,1,1,3.008683205,3.050449344,0.032876494,40.616316,3.047719226,0.000000000,0.084337177,22.436057,1,1,1,1,1,3.047719226,1,0,2.178450039,2.283785187,0.105485434,36.456130,2.318006339,0.311794808,0.019638058,26.143043,1,1,1,1,1,2.318006339,1,0,-2.873033606,-2.894662468,-0.020953839,41.299433,-2.891533089,0.000000000,-0.013847213,26.474834,1,1,1,1,1,-2.891533089,1,0
28.862499,3,1,1,1,3.018958376,3.059985488,0.032331184,40.647560,3.053531861,0.000000000,0.084434031,22.430507,1,1,1,1,1,3.053531861,1,0,2.178450039,2.229418380,0.051204255,39.566212,2.343048908,0.940186947,0.022222497,25.994966,1,1,1,1,1,2.343048908,1,0,-2.874137626,-2.894674743,-0.019832511,41.363681,-2.899708863,0.000000000,-0.014220789,26.453430,1,1,1,1,1,-2.899708863,1,0
28.896589,3,1,1,1,3.031257952,3.069799833,0.032375027,40.645048,3.059225335,0.000000000,0.081977770,22.571241,1,1,1,1,1,3.059225335,1,0,2.240700328,2.334104250,0.093355207,37.151141,2.378005562,1.407887485,0.022767370,25.963747,1,1,1,1,1,2.378005562,1,0,-2.882232964,-2.904211687,-0.020809514,41.307703,-2.905681863,0.000000000,-0.020417293,26.098396,1,1,1,1,1,-2.905681863,1,0
28.929831,3,1,1,1,3.031257952,3.068226265,0.030798579,40.735371,3.066242797,0.469531757,0.081886692,22.576459,1,1,1,1,1,3.066242797,1,0,2.293020483,2.405952911,0.112620201,36.047338,2.427360634,1.879543162,0.025007045,25.835423,1,1,1,1,1,2.427360634,1,0,-2.891026259,-2.914812856,-0.022116140,41.232839,-2.914047673,0.000000000,-0.026282758,25.762330,1,1,1,1,1,-2.914047673,1,0
28.965929,3,1,1,1,3.041528976,3.075123192,0.030390454,40.758755,3.072839204,0.323630099,0.078631183,22.762986,1,1,1,1,1,3.072839204,1,0,2.342055039,2.482764807,0.140092833,34.473272,2.470494473,0.301096523,0.027917320,25.668677,1,1,1,1,1,2.470494473,1,0,-2.891026259,-2.913554145,-0.020859916,41.304815,-2.921163984,-0.472827130,-0.026196984,25.767244,1,1,1,1,1,-2.921163984,1,0
28.996242,3,1,1,1,3.053196251,3.083968230,0.030416980,40.757235,3.076573616,0.155920872,0.074513292,22.998924,1,1,1,1,1,3.076573616,1,0,2.342055039,2.482764807,0.140092833,34.473272,2.486629723,0.773021953,0.027917320,25.668677,1,1,1,1,1,2.486629723,1,0,-2.898607904,-2.923324469,-0.023070377,41.178165,-2.925810419,-0.315223134,-0.026117529,25.771797,1,1,1,1,1,-2.925810419,1,0
29.030037,3,1,1,1,3.053196251,3.081151796,0.027592539,40.919064,3.083286516,0.150985964,0.074553198,22.996638,1,1,1,1,1,3.083286516,1,0,2.396066970,2.534043882,0.136968226,34.652299,2.516929193,1.244768596,0.034330219,25.301244,1,1,1,1,1,2.516929193,1,0,-2.907269960,-2.931791920,-0.022907462,41.187499,-2.932763855,0.000000000,-0.025896326,25.784471,1,1,1,1,1,-2.932763855,1,0
29.063216,3,1,1,1,3.065416504,3.089219989,0.025012361,41.066897,3.089389488,0.159875399,0.070664208,23.219460,1,1,1,1,1,3.089389488,1,0,2.444970650,2.640141298,0.193774793,31.397522,2.579227772,1.872596174,0.039221504,25.020994,1,1,1,1,1,2.579227772,1,0,-2.916133001,-2.941792941,-0.023440914,41.156935,-2.941685428,0.000000000,-0.032539338,25.403854,1,1,1,1,1,-2.941685428,1,0
29.096679,3,1,1,1,3.076528472,3.097340760,0.022310919,41.221678,3.095867968,0.154344813,0.067603582,23.394821,1,1,1,1,1,3.095867968,1,0,2.488109690,2.743360927,0.253518064,27.974485,2.642904707,2.346718206,0.044452745,24.721266,1,1,1,1,1,2.642904707,1,0,-2.916133001,-2.940759842,-0.022410030,41.216000,-2.948268072,0.000000000,-0.032463785,25.408183,1,1,1,1,1,-2.948268072,1,0
29.129960,3,1,1,1,3.084270513,3.103564063,0.020705513,41.313662,3.101183488,0.304485689,0.063912759,23.606290,1,1,1,1,1,3.101183488,1,0,2.488109690,2.701143277,0.211166371,30.401058,2.721121212,2.822114515,0.048063121,24.514407,1,1,1,1,1,2.721121212,1,0,-2.924777104,-2.950950706,-0.022662947,41.201509,-2.957563124,0.000000000,-0.044484129,24.719468,1,1,1,1,1,-2.957563124,1,0
29.162983,3,1,1,1,3.091239757,3.109800038,0.019962743,41.356219,3.109640956,0.000000000,0.052412085,24.265230,1,1,1,1,1,3.109640956,1,0,2.536892160,2.818753919,0.279637740,26.477938,2.844792014,3.442319443,0.053951285,24.177040,1,1,1,1,1,2.844792014,1,0,-2.934657220,-2.962552019,-0.023303395,41.164814,-2.964329113,-0.461042089,-0.053537108,24.200771,1,1,1,1,1,-2.964329113,1,0
29.196882,3,1,1,1,3.091239757,3.109800038,0.019962743,41.356219,3.114858939,0.000000000,0.052412085,24.265230,1,1,1,1,1,3.114858939,1,0,2.603777700,2.954052427,0.347936978,22.564680,2.943256153,0.000000000,0.055828268,24.069497,1,1,1,1,1,2.943256153,1,0,-2.943533257,-2.972567367,-0.024823204,41.077735,-2.969954704,-0.315157993,-0.051448051,24.320465,1,1,1,1,1,-2.969954704,1,0
29.235447,3,1,1,1,3.099105366,3.116902485,0.018802099,41.422719,3.119958159,0.157952383,0.024040584,25.890797,1,1,1,1,1,3.119958159,1,0,2.704148005,3.037851077,0.330841429,23.544182,2.955738213,0.626207208,0.066095843,23.481208,1,1,1,1,1,2.955738213,1,0,-2.943533257,-2.971024902,-0.023284558,41.165893,-2.977641076,-0.166940024,-0.051313686,24.328163,1,1,1,1,1,-2.977641076,1,0
29.262953,3,1,1,1,3.106486198,3.125191580,0.018229261,41.455540,3.126147855,0.142276527,-0.009037687,26.750400,1,1,1,1,1,3.126147855,1,0,2.704148005,3.021363382,0.314066523,24.505314,2.981788436,1.100239688,0.071541983,23.169167,1,1,1,1,1,2.981788436,1,0,-2.954694615,-2.981751588,-0.024386524,41.102755,-2.986087417,-0.316082454,-0.039046323,25.031032,1,1,1,1,1,-2.986087417,1,0
29.297536,3,1,1,1,3.112547246,3.131808384,0.017592137,41.492045,3.130611115,0.148142163,-0.028442604,25.638580,1,1,1,1,1,3.130611115,1,0,2.849538843,-3.137264192,0.293029755,25.710632,3.021517084,1.568004990,0.077092770,22.851131,1,1,1,1,1,3.021517084,1,0,-2.966562115,-2.992525708,-0.024896594,41.073530,-2.992865184,-0.311909744,-0.021327010,26.046273,1,1,1,1,1,-2.992865184,1,0
29.329306,3,1,1,1,3.112547246,3.131005605,0.016791520,41.537917,3.136728431,0.154218160,-0.028377020,25.642338,1,1,1,1,1,3.136728431,1,0,2.943787488,-3.057575706,0.278304860,26.554306,3.075533663,2.038533920,0.083822737,22.465532,1,1,1,1,1,3.075533663,1,0,-2.979566223,-3.004522271,-0.024933290,41.071428,-3.003441115,0.000000000,-0.001125347,27.203744,1,1,1,1,1,-3.003441115,1,0
29.363388,3,1,1,1,3.119153682,3.137897572,0.016656919,41.545629,-3.138671323,0.317728617,-0.038386513,25.068836,1,1,1,1,1,-3.138671323,1,0,2.943787488,-3.055878688,0.279682397,26.475379,-3.112554390,2.672674481,0.090880120,22.061174,1,1,1,1,1,-3.112554390,1,0,-2.979566223,-3.004007160,-0.024418524,41.100922,-3.010829251,0.000000000,-0.001106173,27.204842,1,1,1,1,1,-3.010829251,1,0
29.396306,3,1,1,1,3.127209661,-3.136630390,0.017555539,41.494142,-3.133194499,0.322496785,-0.041498489,24.890533,1,1,1,1,1,-3.133194499,1,0,3.028629138,-2.970348948,0.280685838,26.417886,-3.026365504,3.138613167,0.090240397,22.097827,1,1,1,1,1,-3.026365504,1,0,-2.990484031,-3.015117275,-0.024759480,41.081386,-3.017109972,0.000000000,0.017912187,26.241928,1,1,1,1,1,-3.017109972,1,0
29.431472,3,1,1,1,3.136575767,-3.128196406,0.017029985,41.524254,-3.127643186,0.000000000,-0.042149263,24.853246,1,1,1,1,1,-3.127643186,1,0,3.097003351,-2.881721092,0.300771926,25.267038,-2.901732787,0.000000000,0.102830755,21.376453,1,1,1,1,1,-2.901732787,1,0,-3.000126785,-3.025120837,-0.024001147,41.124836,-3.024034924,-0.162289100,0.040150646,24.967759,1,1,1,1,1,-3.024034924,1,0
29.462994,3,1,1,1,3.136575767,-3.128746688,0.016480015,41.555765,-3.120991809,0.158972348,-0.042115813,24.855163,1,1,1,1,1,-3.120991809,1,0,-3.121555674,-2.825701013,0.292217857,25.757150,-2.894430873,0.478953440,0.108687683,21.040876,1,1,1,1,1,-2.894430873,1,0,-3.000126785,-3.024761726,-0.023641765,41.145427,-3.030600093,-0.157403688,0.040145476,24.968055,1,1,1,1,1,-3.030600093,1,0
29.496744,3,1,1,1,-3.136384365,-3.118806769,0.016308792,41.565575,-3.116085257,0.152089024,-0.044437331,24.722150,1,1,1,1,1,-3.116085257,1,0,-3.121555674,-2.804129968,0.313582987,24.533018,-2.873487915,0.941986624,0.116500966,20.593207,1,1,1,1,1,-2.873487915,1,0,-3.008692760,-3.036026523,-0.022891358,41.188422,-3.036330403,-0.158038855,0.068108340,23.365901,1,1,1,1,1,-3.036330403,1,0
29.530215,3,1,1,1,-3.128819659,-3.111592884,0.016010642,41.582658,-3.110375101,0.156055678,-0.046230363,24.619416,1,1,1,1,1,-3.110375101,1,0,-3.023495877,-2.745558491,0.274343274,26.781288,-2.838034190,1.414620248,0.120485443,20.364914,1,1,1,1,1,-2.838034190,1,0,-3.014992215,-3.046600971,-0.021945335,41.242625,-3.044887358,-0.319604902,0.095282405,21.808941,1,1,1,1,1,-3.044887358,1,0
29.563679,3,1,1,1,-3.128819659,-3.111592884,0.016010642,41.582658,-3.102749041,0.313531041,-0.046230363,24.619416,1,1,1,1,1,-3.102749041,1,0,-2.926058457,-2.722344055,0.200572965,31.008016,-2.768767691,2.043825257,0.116007322,20.621491,1,1,1,1,1,-2.768767691,1,0,-3.014992215,-3.046600971,-0.021945335,41.242625,-3.050422097,-0.313367521,0.095282405,21.808941,1,1,1,1,1,-3.050422097,1,0
29.596129,3,1,1,1,-3.120273036,-3.103463556,0.015916893,41.588029,-3.097403771,0.316412855,-0.045286780,24.673480,1,1,1,1,1,-3.097403771,1,0,-2.926058457,-2.695459427,0.227358180,29.473336,-2.700793873,2.512505155,0.123048646,20.218053,1,1,1,1,1,-2.700793873,1,0,-3.019834882,-3.056515963,-0.021494757,41.268441,-3.055799504,-0.316659235,0.121185281,20.324816,1,1,1,1,1,-3.055799504,1,0
29.634330,3,1,1,1,-3.111695149,-3.095630502,0.015767061,41.596614,-3.090148107,0.000000000,-0.039372535,25.012341,1,1,1,1,1,-3.090148107,1,0,-2.847982666,-2.619914429,0.225218265,29.595944,-2.634064088,0.160388515,0.131263249,19.747391,1,1,1,1,1,-2.634064088,1,0,-3.023455211,-3.064203210,-0.021428861,41.272217,-3.062604341,0.000000000,0.142851846,19.083413,1,1,1,1,1,-3.062604341,1,0
29.662652,3,1,1,1,-3.104198460,-3.088570936,0.015743360,41.597972,-3.085342043,0.000000000,-0.031848608,25.443430,1,1,1,1,1,-3.085342043,1,0,-2.783521396,-2.581588971,0.199571148,31.065416,-2.622511442,0.623427275,0.129094186,19.871669,1,1,1,1,1,-2.622511442,1,0,-3.027035417,-3.070981891,-0.021281777,41.280644,-3.067224793,0.000000000,0.162049177,17.983487,1,1,1,1,1,-3.067224793,1,0
29.696975,3,1,1,1,-3.103270372,-3.087809272,0.015608748,41.605685,-3.080383192,0.000000000,-0.030971167,25.493704,1,1,1,1,1,-3.080383192,1,0,-2.719865568,-2.548254600,0.169636531,32.780543,-2.596404050,1.099476910,0.120309516,20.374994,1,1,1,1,1,-2.596404050,1,0,-3.027035417,-3.070954102,-0.021253469,41.282266,-3.070998442,-0.160814704,0.162048299,17.983538,1,1,1,1,1,-3.070998442,1,0
29.729661,3,1,1,1,-3.095881491,-3.080886478,0.015268185,41.625197,-3.076389046,0.149800594,-0.025898430,25.784350,1,1,1,1,1,-3.076389046,1,0,-2.719865568,-2.510497500,0.207381955,30.617889,-2.562008155,0.000000000,0.127191971,19.980658,1,1,1,1,1,-2.562008155,1,0,-3.032022540,-3.078219715,-0.020075974,41.349731,-3.076536386,-0.161164300,0.180389085,16.932688,1,1,1,1,1,-3.076536386,1,0
29.763004,3,1,1,1,-3.086840309,-3.072551640,0.014555071,41.666056,-3.069361548,0.302040415,-0.023102321,25.944556,1,1,1,1,1,-3.069361548,1,0,-2.657636131,-2.518921836,0.136990346,34.651031,-2.555052854,0.469609919,0.099591453,21.562051,1,1,1,1,1,-2.555052854,1,0,-3.037116311,-3.083789854,-0.018087029,41.463690,-3.080863441,0.000000000,0.190769112,16.337956,1,1,1,1,1,-3.080863441,1,0
29.797911,3,1,1,1,-3.079915045,-3.066168887,0.013996592,41.698054,-3.064722699,0.000000000,-0.020187446,26.111566,1,1,1,1,1,-3.064722699,1,0,-2.605439425,-2.493354438,0.110534223,36.166856,-2.533834998,0.941866285,0.071925345,23.147202,1,1,1,1,1,-2.533834998,1,0,-3.037116311,-3.083848643,-0.018145891,41.460317,-3.084011079,-0.164076038,0.190780146,16.337324,1,1,1,1,1,-3.084011079,1,0
29.832796,3,1,1,1,-3.078237256,-3.064429407,0.014058176,41.694526,-3.060882981,0.158393745,-0.018985235,26.180447,1,1,1,1,1,-3.060882981,1,0,-2.605439425,-2.415211487,0.188284546,31.712090,-2.498535763,1.412823508,0.084281625,22.439240,1,1,1,1,1,-2.498535763,1,0,-3.043213020,-3.089070940,-0.016166534,41.573726,-3.088438513,-0.158399102,0.194777128,16.108314,1,1,1,1,1,-3.088438513,1,0
29.865169,3,1,1,1,-3.071164596,-3.057608351,0.013780299,41.710447,-3.055705269,0.311123309,-0.010956355,26.640468,1,1,1,1,1,-3.055705269,1,0,-2.565424984,-2.394815347,0.168788178,32.829150,-2.429779201,2.038656756,0.055878571,24.066615,1,1,1,1,1,-2.429779201,1,0,-3.050812156,-3.093388103,-0.014890623,41.646830,-3.091645720,0.000000000,0.188956196,16.441829,1,1,1,1,1,-3.091645720,1,0
29.897625,3,1,1,1,-3.071164596,-3.057440848,0.013947579,41.700863,-3.050906882,0.154671366,-0.010943161,26.641224,1,1,1,1,1,-3.050906882,1,0,-2.536090374,-2.377415994,0.157171953,33.494710,-2.428415573,0.013731367,0.034455597,25.294061,1,1,1,1,1,-2.428415573,1,0,-3.060037699,-3.097029503,-0.014081120,41.693211,-3.094323632,-0.156508523,0.174301050,17.281507,1,1,1,1,1,-3.094323632,1,0
29.930505,3,1,1,1,-3.064575240,-3.050719254,0.013765929,41.711270,-3.046278572,0.000000000,0.002860201,27.104344,1,1,1,1,1,-3.046278572,1,0,-2.504648619,-2.362889454,0.140636975,34.442095,-2.421095442,0.479747069,0.021173518,26.055068,1,1,1,1,1,-2.421095442,1,0,-3.060037699,-3.097177944,-0.014230280,41.684665,-3.097624429,-0.156360742,0.174322505,17.280277,1,1,1,1,1,-3.097624429,1,0
29.963453,3,1,1,1,-3.060214779,-3.044047404,0.012955483,41.757705,-3.041834185,0.000000000,0.044591614,24.713310,1,1,1,1,1,-3.041834185,1,0,-2.465855777,-2.388089094,0.077321605,38.069798,-2.399831987,0.947717454,0.007377123,26.845543,1,1,1,1,1,-2.399831987,1,0,-3.070081497,-3.100187395,-0.012675754,41.773733,-3.099880680,0.000000000,0.155498701,18.358802,1,1,1,1,1,-3.099880680,1,0
29.996485,3,1,1,1,-3.064457650,-3.039109722,0.010819476,41.880090,-3.039127790,0.000000000,0.112115117,20.844498,1,1,1,1,1,-3.039127790,1,0,-2.465855777,-2.352250359,0.112877317,36.032606,-2.398390321,0.163576179,0.012203482,26.569013,1,1,1,1,1,-2.398390321,1,0,-3.079648013,-3.102927985,-0.010091170,41.921819,-3.101997729,0.000000000,0.138335924,19.342157,1,1,1,1,1,-3.101997729,1,0
30.042670,3,1,1,1,-3.086070848,-3.034251347,0.003347423,42.308207,-3.035711102,0.000000000,0.220024023,14.661773,1,1,1,1,1,-3.035711102,1,0,-2.428618441,-2.343815368,0.084325106,37.668527,-2.371107036,0.940152578,0.008123238,26.802794,1,1,1,1,1,-2.371107036,1,0,-3.086673472,-3.104961353,-0.007375192,42.077433,-3.105173065,0.000000000,0.126779270,20.004304,1,1,1,1,1,-3.105173065,1,0
30.063035,3,1,1,1,-3.086070848,-3.033502894,0.004093187,42.265478,-3.034135514,0.000000000,0.220199254,14.651733,1,1,1,1,1,-3.034135514,1,0,-2.398893187,-2.304978446,0.093200274,37.160018,-2.348533142,1.262167443,0.015394303,26.386193,1,1,1,1,1,-2.348533142,1,0,-3.086673472,-3.105362967,-0.007778051,42.054350,-3.106125263,0.000000000,0.126819652,20.001990,1,1,1,1,1,-3.106125263,1,0
30.097451,3,1,1,1,-3.123758374,-3.030519104,-0.006082978,42.151471,-3.033022103,0.000000000,0.322339183,8.799546,1,1,1,1,1,-3.033022103,1,0,-2.398893187,-2.304978446,0.093200274,37.160018,-2.331554829,0.152731810,0.015394303,26.386193,1,1,1,1,1,-2.331554829,1,0,-3.093526343,-3.106879420,-0.004714864,42.229858,-3.107812176,0.000000000,0.100972908,21.482900,1,1,1,1,1,-3.107812176,1,0
30.129556,3,1,1,1,3.115016024,-3.028623308,-0.009276870,41.968474,-3.032510375,0.000000000,0.397895940,4.470463,1,1,1,1,1,-3.032510375,1,0,-2.378340210,-2.273679440,0.103633490,36.562238,-2.325395930,0.000000000,0.028214057,25.651675,1,1,1,1,1,-2.325395930,1,0,-3.093526343,-3.107308656,-0.005144140,42.205263,-3.109340718,0.000000000,0.101016339,21.480411,1,1,1,1,1,-3.109340718,1,0
30.162686,3,1,1,1,3.115016024,-3.028204976,-0.008853622,41.992725,-3.032981650,0.000000000,0.398046844,4.461817,1,1,1,1,1,-3.032981650,1,0,-2.362538107,-2.270385541,0.091057382,37.282796,-2.318732685,0.000000000,0.035819182,25.215933,1,1,1,1,1,-2.318732685,1,0,-3.102287393,-3.108589929,-0.002566943,42.352925,-3.110028365,0.000000000,0.037337955,25.128914,1,1,1,1,1,-3.110028365,1,0
30.196485,3,1,1,1,3.086331150,-3.029838339,-0.002507682,42.356320,-3.034380748,0.000000000,0.425761904,2.873861,1,1,1,1,1,-3.034380748,1,0,-2.342753383,-2.303911021,0.037865624,40.330460,-2.319966592,0.133821951,0.038564057,25.058663,1,1,1,1,1,-2.319966592,1,0,-3.114276138,-3.109188446,-0.001304582,42.425253,-3.110687483,0.000000000,-0.050763296,24.359698,1,1,1,1,1,-3.110687483,1,0
30.234044,3,1,1,1,3.077007696,-3.033096371,0.003792192,42.282723,-3.036094171,-0.153369977,0.424880410,2.924367,1,1,1,1,1,-3.036094171,1,0,-2.342753383,-2.271712140,0.069982559,38.490295,-2.308907769,0.604426562,0.041186400,24.908414,1,1,1,1,1,-2.308907769,1,0,-3.128233743,-3.109479712,-0.001581862,42.409366,-3.111307673,0.000000000,-0.134492420,19.562373,1,1,1,1,1,-3.111307673,1,0
30.262822,3,1,1,1,3.077007696,-3.032339010,0.004563131,42.238552,-3.038987812,-0.155991935,0.425163803,2.908130,1,1,1,1,1,-3.038987812,1,0,-2.324133011,-2.244811121,0.078320306,38.012577,-2.272349973,1.230377384,0.045008591,24.689419,1,1,1,1,1,-2.272349973,1,0,-3.128233743,-3.109941884,-0.002041496,42.383031,-3.111356344,0.000000000,-0.134413516,19.566894,1,1,1,1,1,-3.111356344,1,0
30.296136,3,1,1,1,3.077140471,-3.037344388,0.004923304,42.217915,-3.042671111,0.000000000,0.416674799,3.394514,1,1,1,1,1,-3.042671111,1,0,-2.312729482,-2.244798249,0.066997156,38.661346,-2.272942376,0.003783200,0.041514152,24.889635,1,1,1,1,1,-2.272942376,1,0,-3.139932670,-3.109573233,-0.001009452,42.442163,-3.111141126,0.000000000,-0.190342006,16.362428,1,1,1,1,1,-3.111141126,1,0
30.329370,3,1,1,1,3.084203701,-3.046099767,-0.002436649,42.360390,-3.046036627,-0.154002364,0.403589309,4.144257,1,1,1,1,1,-3.046036627,1,0,-2.299131707,-2.248126914,0.050128103,39.627871,-2.271011936,-0.157056903,0.032213714,25.422511,1,1,1,1,1,-2.271011936,1,0,3.136192345,-3.108309122,0.003370469,42.306886,-3.110420075,0.000000000,-0.219809277,14.674077,1,1,1,1,1,-3.110420075,1,0
30.362926,3,1,1,1,3.097839560,-3.057914436,-0.013625672,41.719306,-3.053344446,-0.318845862,0.382852735,5.332375,1,1,1,1,1,-3.053344446,1,0,-2.299131707,-2.216792582,0.081397870,37.836246,-2.270469359,-0.154225354,0.034379361,25.298429,1,1,1,1,1,-2.270469359,1,0,3.135949983,-3.106481125,0.008722699,42.000226,-3.109449769,0.000000000,-0.226963194,14.264188,1,1,1,1,1,-3.109449769,1,0
30.395977,3,1,1,1,3.099571677,-3.059269217,-0.014731251,41.655961,-3.058650826,-0.314110571,0.380009495,5.495281,1,1,1,1,1,-3.058650826,1,0,-2.283525381,-2.253257652,0.029581412,40.805110,-2.269816635,0.000000000,0.019871136,26.129689,1,1,1,1,1,-2.269816635,1,0,3.136544909,-3.106001019,0.009767873,41.940342,-3.108506564,0.000000000,-0.227045590,14.259467,1,1,1,1,1,-3.108506564,1,0
30.434008,3,1,1,1,3.116050686,-3.070996539,-0.022593359,41.205496,-3.068659455,0.000000000,0.349811538,7.225496,1,1,1,1,1,-3.068659455,1,0,-2.270463362,-2.261322846,0.008787599,41.996508,-2.275331493,-0.142249462,0.008674048,26.771235,1,1,1,1,1,-2.275331493,1,0,-3.141004288,-3.103433601,0.013567967,41.722613,-3.107079728,0.000000000,-0.223440596,14.466018,1,1,1,1,1,-3.107079728,1,0
30.462788,3,1,1,1,3.140268193,-3.084613254,-0.028788315,40.850551,-3.075628991,-0.467925664,0.293197572,10.469238,1,1,1,1,1,-3.075628991,1,0,-2.270463362,-2.204282641,0.065653948,38.738306,-2.268865834,0.472609324,0.013052117,26.520390,1,1,1,1,1,-2.268865834,1,0,-3.135697338,-3.101754885,0.014333087,41.678775,-3.105700985,0.000000000,-0.218376404,14.756175,1,1,1,1,1,-3.105700985,1,0
30.497637,3,1,1,1,3.140268193,-3.084705118,-0.028881292,40.845224,-3.081900282,-0.312770414,0.293174554,10.470556,1,1,1,1,1,-3.081900282,1,0,-2.265518676,-2.206407289,0.058788050,39.131693,-2.247473360,0.946268442,0.007873105,26.817125,1,1,1,1,1,-2.247473360,1,0,-3.135697338,-3.101934732,0.014150103,41.689259,-3.104158350,0.000000000,-0.218354731,14.757417,1,1,1,1,1,-3.104158350,1,0
30.529975,3,1,1,1,-3.107932251,-3.102219354,-0.036656598,40.399732,-3.091087692,-0.158239273,0.182733133,16.798384,1,1,1,1,1,-3.091087692,1,0,-2.265259764,-2.215233953,0.049851216,39.643736,-2.243873440,0.004219128,0.004501391,27.010310,1,1,1,1,1,-2.243873440,1,0,-3.126159747,-3.098361768,0.013781643,41.710370,-3.101877185,0.000000000,-0.209311786,15.275539,1,1,1,1,1,-3.101877185,1,0
30.562396,3,1,1,1,-3.079835180,-3.121162977,-0.049490881,39.664381,-3.106281431,0.000000000,0.048701669,24.477821,1,1,1,1,1,-3.106281431,1,0,-2.264058852,-2.222935671,0.040966595,40.152787,-2.245268424,-0.308424037,0.004210416,27.026982,1,1,1,1,1,-2.245268424,1,0,-3.117340246,-3.094519866,0.012595076,41.778355,-3.099900306,0.000000000,-0.197101578,15.975133,1,1,1,1,1,-3.099900306,1,0
30.596863,3,1,1,1,-3.069307274,3.139526542,-0.068184811,38.593298,-3.113336825,-0.470799044,-0.077421506,22.832296,1,1,1,1,1,-3.113336825,1,0,-2.257540366,-2.256466823,0.000899321,42.448473,-2.250449419,-0.158373278,0.004560496,27.006924,1,1,1,1,1,-2.250449419,1,0,-3.117340246,-3.094519866,0.012595076,41.778355,-3.097929729,0.000000000,-0.197101578,15.975133,1,1,1,1,1,-3.097929729,1,0
30.631893,3,1,1,1,-3.069307274,3.138836880,-0.068876706,38.553655,-3.124568298,-0.153732438,-0.077447046,22.830832,1,1,1,1,1,-3.124568298,1,0,-2.257540366,-2.231539226,0.025772673,41.023335,-2.256174926,-0.012934015,0.006182624,26.913983,1,1,1,1,1,-2.256174926,1,0,-3.109514067,-3.090502719,0.012557596,41.780503,-3.096122583,0.000000000,-0.170235515,17.514445,1,1,1,1,1,-3.096122583,1,0
30.663371,3,1,1,1,-3.077881737,3.117352706,-0.083137975,37.736545,3.139873278,0.000000000,-0.133700354,19.607755,1,1,1,1,1,3.139873278,1,0,-2.249408340,-2.219320614,0.029714770,40.797469,-2.244023167,0.618001650,0.010530569,26.664864,1,1,1,1,1,-2.244023167,1,0,-3.104183711,-3.087480512,0.013362386,41.734392,-3.093205424,0.000000000,-0.136535597,19.445308,1,1,1,1,1,-3.093205424,1,0
30.695744,3,1,1,1,-3.100083770,3.092446508,-0.090767786,37.299389,3.132832061,-0.470325794,-0.151188566,18.605754,1,1,1,1,1,3.132832061,1,0,-2.246033958,-2.229415614,0.016191323,41.572306,-2.239864165,0.317781443,0.012695969,26.540796,1,1,1,1,1,-2.239864165,1,0,-3.104183711,-3.087561862,0.013280458,41.739086,-3.091176155,0.000000000,-0.136526769,19.445813,1,1,1,1,1,-3.091176155,1,0
30.729527,3,1,1,1,-3.100083770,3.091252889,-0.091974739,37.230236,3.114837942,0.000000000,-0.151132490,18.608967,1,1,1,1,1,3.114837942,1,0,-2.246033958,-2.205290302,0.040277781,40.192253,-2.243001490,0.006777609,0.014066546,26.462267,1,1,1,1,1,-2.243001490,1,0,-3.098899893,-3.083811119,0.014520868,41.668016,-3.088301262,0.000000000,-0.088624799,22.190394,1,1,1,1,1,-3.088301262,1,0
30.762850,3,1,1,1,-3.125651314,3.067628099,-0.094471291,37.087194,3.102253441,-0.628771627,-0.159935992,18.104564,1,1,1,1,1,3.102253441,1,0,-2.245191334,-2.220316108,0.024412713,41.101255,-2.242753604,0.002967234,0.015497657,26.380271,1,1,1,1,1,-2.242753604,1,0,-3.094487782,-3.079793335,0.015141792,41.632439,-3.086051747,0.000000000,-0.041348353,24.899135,1,1,1,1,1,-3.086051747,1,0
30.796626,3,1,1,1,3.129061706,3.043835385,-0.096827804,36.952175,3.088336020,-0.150545010,-0.194229137,16.139711,1,1,1,1,1,3.088336020,1,0,-2.244599884,-2.227058190,0.017101944,41.520131,-2.249791802,-0.470234295,0.016760516,26.307914,1,1,1,1,1,-2.249791802,1,0,-3.090757112,-3.075776312,0.015145511,41.632226,-3.083914202,0.000000000,-0.007408798,26.843728,1,1,1,1,1,-3.083914202,1,0
30.832800,3,1,1,1,3.097735196,3.022193156,-0.099791587,36.782363,3.076767804,-0.621361427,-0.251031366,12.885183,1,1,1,1,1,3.076767804,1,0,-2.244599884,-2.227058190,0.017101944,41.520131,-2.252371708,-0.151213510,0.016760516,26.307914,1,1,1,1,1,-2.252371708,1,0,-3.090757112,-3.075776312,0.015145511,41.632226,-3.081030202,0.144130396,-0.007408798,26.843728,1,1,1,1,1,-3.081030202,1,0
30.863012,3,1,1,1,3.097735196,3.018230924,-0.103845860,36.550071,3.059808023,-0.325109381,-0.250495870,12.915865,1,1,1,1,1,3.059808023,1,0,-2.244026909,-2.215711659,0.027903548,40.901244,-2.264803823,-0.153331666,0.019119831,26.172735,1,1,1,1,1,-2.264803823,1,0,-3.087196324,-3.071743016,0.015044808,41.637996,-3.078948503,0.000000000,0.015483061,26.381107,1,1,1,1,1,-3.078948503,1,0
30.896326,3,1,1,1,3.061353838,2.992675639,-0.111390684,36.117784,3.043592198,-0.784303067,-0.306217487,9.723251,1,1,1,1,1,3.043592198,1,0,-2.245492079,-2.224990898,0.020144136,41.345826,-2.263202107,0.000000000,0.020608312,26.087452,1,1,1,1,1,-2.263202107,1,0,-3.084431824,-3.068578124,0.014951882,41.643320,-3.076838531,0.000000000,0.031302051,25.474746,1,1,1,1,1,-3.076838531,1,0
30.930176,3,1,1,1,3.024851748,2.966276931,-0.115972900,35.855242,3.027011085,-0.157333945,-0.325731350,8.605189,1,1,1,1,1,3.027011085,1,0,-2.250723231,-2.235678356,0.014757152,41.654477,-2.256459389,0.460248570,0.021659395,26.027229,1,1,1,1,1,-2.256459389,1,0,-3.084431824,-3.068537918,0.014991869,41.641029,-3.074116276,0.000000000,0.031310958,25.474235,1,1,1,1,1,-3.074116276,1,0
30.963749,3,1,1,1,3.024851748,2.963677109,-0.118658655,35.701360,3.008050985,-0.787656701,-0.325196448,8.635837,1,1,1,1,1,3.008050985,1,0,-2.257563494,-2.245827942,0.011524087,41.839718,-2.252527585,0.313376789,0.022480670,25.980174,1,1,1,1,1,-2.252527585,1,0,-3.081791975,-3.065538370,0.014807450,41.651596,-3.072101069,0.000000000,0.046157181,24.623609,1,1,1,1,1,-3.072101069,1,0
30.996026,3,1,1,1,3.001945035,2.944868584,-0.118140083,35.731072,2.998885336,-0.315103110,-0.311200497,9.437746,1,1,1,1,1,2.998885336,1,0,-2.258179945,-2.229259172,0.028716783,40.854650,-2.250254090,-0.163649221,0.023027255,25.948857,1,1,1,1,1,-2.250254090,1,0,-3.079280583,-3.062844105,0.014482255,41.670228,-3.070171162,0.000000000,0.057980705,23.946171,1,1,1,1,1,-3.070171162,1,0
31.035899,3,1,1,1,2.978784248,2.925620181,-0.113512381,35.996220,2.977542119,0.000000000,-0.280839131,11.177324,1,1,1,1,1,2.977542119,1,0,-2.260943275,-2.236556562,0.024263729,41.109791,-2.261996608,-0.629033510,0.024131067,25.885613,1,1,1,1,1,-2.261996608,1,0,-3.079280583,-3.062770178,0.014556022,41.666001,-3.068231391,0.000000000,0.057990451,23.945613,1,1,1,1,1,-3.068231391,1,0
31.062581,3,1,1,1,2.957555546,2.911267844,-0.104209363,36.529243,2.970546800,-0.468790388,-0.248235406,13.045380,1,1,1,1,1,2.970546800,1,0,-2.259511709,-2.264829947,-0.005331721,42.194515,-2.293298146,-0.625094644,0.025958763,25.780894,1,1,1,1,1,-2.293298146,1,0,-3.076177919,-3.059889411,0.013926327,41.702080,-3.065750127,0.000000000,0.067320945,23.411015,1,1,1,1,1,-3.065750127,1,0
31.096303,3,1,1,1,2.957555546,2.904930785,-0.110543061,36.166349,2.950010328,0.000000000,-0.246667631,13.135207,1,1,1,1,1,2.950010328,1,0,-2.259920990,-2.255523120,0.004527971,42.240566,-2.304984327,-0.153659019,0.029065865,25.602870,1,1,1,1,1,-2.304984327,1,0,-3.072742520,-3.056921932,0.013338987,41.735732,-3.063895725,0.143188531,0.073084509,23.080787,1,1,1,1,1,-3.063895725,1,0
31.131003,3,1,1,1,2.937108059,2.888032415,-0.103039437,36.596275,2.937470050,-0.627665881,-0.210226985,15.223102,1,1,1,1,1,2.937470050,1,0,-2.259920990,-2.237125587,0.022932097,41.186088,-2.302455713,0.321013796,0.029244832,25.592616,1,1,1,1,1,-2.302455713,1,0,-3.072742520,-3.056812120,0.013448807,41.729440,-3.061655738,0.000000000,0.073094854,23.080195,1,1,1,1,1,-3.061655738,1,0
31.163578,3,1,1,1,2.923257532,2.874947209,-0.096067033,36.995764,2.925891389,-0.156221444,-0.174400823,17.275790,1,1,1,1,1,2.925891389,1,0,-2.271636361,-2.248908578,0.023042534,41.179760,-2.276753046,0.954213263,0.032577456,25.401670,1,1,1,1,1,-2.276753046,1,0,-3.070206590,-3.054808636,0.012938355,41.758687,-3.059885306,0.000000000,0.077160602,22.847244,1,1,1,1,1,-3.059885306,1,0
31.196462,3,1,1,1,2.913173397,2.863752222,-0.087257273,37.500527,2.914325165,-0.622710835,-0.131421163,19.738343,1,1,1,1,1,2.914325165,1,0,-2.286363958,-2.255117877,0.031721516,40.682491,-2.270157305,-0.158402275,0.035368304,25.241767,1,1,1,1,1,-2.270157305,1,0,-3.067749418,-3.052721143,0.012266062,41.797206,-3.058245767,0.000000000,0.091192181,22.043294,1,1,1,1,1,-3.058245767,1,0
31.231367,3,1,1,1,2.913173397,2.863752222,-0.087257273,37.500527,2.907817844,-0.321213146,-0.131421163,19.738343,1,1,1,1,1,2.907817844,1,0,-2.286363958,-2.255117877,0.031721516,40.682491,-2.269404208,0.001466715,0.035368304,25.241767,1,1,1,1,1,-2.269404208,1,0,-3.066319076,-3.050927638,0.011298587,41.852639,-3.056207317,0.000000000,0.128622613,19.898688,1,1,1,1,1,-3.056207317,1,0
31.263517,3,1,1,1,2.906823862,2.854924120,-0.077819713,38.041259,2.896254895,-0.313228144,-0.086190746,22.329855,1,1,1,1,1,2.896254895,1,0,-2.294490335,-2.263075184,0.032073665,40.662314,-2.275811001,-0.000589834,0.038446179,25.065417,1,1,1,1,1,-2.275811001,1,0,-3.066319076,-3.050786041,0.011441126,41.844472,-3.054837015,0.000000000,0.128632412,19.898127,1,1,1,1,1,-3.054837015,1,0
31.296278,3,1,1,1,2.902199685,2.843910653,-0.069306477,38.529031,2.890619082,-0.312673858,-0.031852598,25.443202,1,1,1,1,1,2.890619082,1,0,-2.288895189,-2.256402375,0.033369865,40.588048,-2.268887230,0.466387195,0.041820795,24.872066,1,1,1,1,1,-2.268887230,1,0,-3.066116694,-3.048951500,0.010676477,41.888283,-3.053429689,0.000000000,0.181728930,16.855920,1,1,1,1,1,-3.053429689,1,0
31.330390,3,1,1,1,2.900215165,2.839158455,-0.061922397,38.952108,2.883452636,-0.143779622,0.005009322,26.981208,1,1,1,1,1,2.883452636,1,0,-2.277999959,-2.263039813,0.016031280,41.581475,-2.262458913,0.319335887,0.045316622,24.671770,1,1,1,1,1,-2.262458913,1,0,-3.066624504,-3.047147950,0.009581134,41.951041,-3.051547706,0.000000000,0.244943559,13.233989,1,1,1,1,1,-3.051547706,1,0
31.363390,3,1,1,1,2.900215165,2.835577692,-0.065367108,38.754741,2.871934010,-0.156059510,0.005987722,26.925150,1,1,1,1,1,2.871934010,1,0,-2.277999959,-2.247143805,0.031942391,40.669836,-2.265570436,0.135779729,0.045140812,24.681843,1,1,1,1,1,-2.265570436,1,0,-3.066517244,-3.045690517,0.009022074,41.983073,-3.050455019,0.000000000,0.280920209,11.172679,1,1,1,1,1,-3.050455019,1,0
31.396320,3,1,1,1,2.898916854,2.832391621,-0.058821440,39.129780,2.862479958,0.000000000,0.037669381,25.109925,1,1,1,1,1,2.862479958,1,0,-2.267732942,-2.253793769,0.015243664,41.626602,-2.268356000,-0.325495341,0.049334733,24.441549,1,1,1,1,1,-2.268356000,1,0,-3.066517244,-3.045518527,0.009200787,41.972834,-3.049115747,0.000000000,0.280930728,11.172076,1,1,1,1,1,-3.049115747,1,0
31.437717,3,1,1,1,2.896746454,2.830961588,-0.050806069,39.589027,2.858098882,-0.309482785,0.066717435,23.445594,1,1,1,1,1,2.858098882,1,0,-2.261044347,-2.262074940,0.000530598,42.469599,-2.273707587,-0.462759472,0.054664770,24.136161,1,1,1,1,1,-2.273707587,1,0,-3.065005951,-3.044213580,0.009026436,41.982823,-3.047713232,0.000000000,0.289576224,10.676726,1,1,1,1,1,-3.047713232,1,0
31.463524,3,1,1,1,2.896746454,2.830961588,-0.050806069,39.589027,2.855778738,0.000000000,0.066717435,23.445594,1,1,1,1,1,2.855778738,1,0,-2.261044347,-2.262074940,0.000530598,42.469599,-2.288774214,-0.309473973,0.054664770,24.136161,1,1,1,1,1,-2.288774214,1,0,-3.061970673,-3.043266636,0.008607496,42.006827,-3.046833387,0.000000000,0.271726585,11.699435,1,1,1,1,1,-3.046833387,1,0
31.496868,3,1,1,1,2.892628525,2.827511899,-0.044897005,39.927591,2.852102847,0.000000000,0.090528432,22.081324,1,1,1,1,1,2.852102847,1,0,-2.260646112,-2.251779211,0.010642868,41.890209,-2.290989232,0.161824883,0.058963749,23.889847,1,1,1,1,1,-2.290989232,1,0,-3.061970673,-3.042893335,0.008994561,41.984650,-3.045849842,0.000000000,0.271745653,11.698342,1,1,1,1,1,-3.045849842,1,0
31.534153,3,1,1,1,2.887096113,2.829348386,-0.034398744,40.529097,2.849119271,-0.314172177,0.108011424,21.079622,1,1,1,1,1,2.849119271,1,0,-2.267613976,-2.259038165,0.010482441,41.899400,-2.272268834,0.783776709,0.063828696,23.611106,1,1,1,1,1,-2.272268834,1,0,-3.057458049,-3.041804871,0.008207537,42.029743,-3.044518269,0.000000000,0.231319045,14.014616,1,1,1,1,1,-3.044518269,1,0
31.565511,3,1,1,1,2.881350358,2.832531543,-0.024309736,41.107155,2.845885952,-0.154043032,0.120373066,20.371352,1,1,1,1,1,2.845885952,1,0,-2.276243547,-2.260380626,0.017812210,41.479436,-2.264967869,0.319083602,0.067546826,23.398073,1,1,1,1,1,-2.264967869,1,0,-3.052566888,-3.040788516,0.006759462,42.112711,-3.043652991,0.000000000,0.184063329,16.722169,1,1,1,1,1,-3.043652991,1,0
31.597477,3,1,1,1,2.875789795,2.836932649,-0.015098452,41.634922,2.842058559,0.000000000,0.127299375,19.974504,1,1,1,1,1,2.842058559,1,0,-2.276243547,-2.245445986,0.032778334,40.621940,-2.269298027,-0.317416029,0.067282102,23.413241,1,1,1,1,1,-2.269298027,1,0,-3.049612448,-3.040079993,0.005679838,42.174569,-3.042641257,0.000000000,0.157884366,18.222113,1,1,1,1,1,-3.042641257,1,0
31.636649,3,1,1,1,2.875789795,2.833411769,-0.018580576,41.435411,2.842014544,0.000000000,0.127983856,19.935286,1,1,1,1,1,2.842014544,1,0,-2.281901373,-2.251510325,0.032297605,40.649484,-2.272763513,-0.167392021,0.072405969,23.119665,1,1,1,1,1,-2.272763513,1,0,-3.049612448,-3.039874088,0.005888194,42.162631,-3.041875603,0.000000000,0.157892730,18.221634,1,1,1,1,1,-3.041875603,1,0
31.663216,3,1,1,1,2.869114832,2.843392999,-0.004707703,42.230269,2.844690215,0.157210684,0.128235091,19.920892,1,1,1,1,1,2.844690215,1,0,-2.278712908,-2.270048117,0.010340533,41.907531,-2.278199305,0.000342261,0.077914581,22.804044,1,1,1,1,1,-2.278199305,1,0,-3.047470011,-3.039469764,0.004869697,42.220987,-3.041353585,0.000000000,0.141057809,19.186204,1,1,1,1,1,-3.041353585,1,0
31.697294,3,1,1,1,2.862992762,2.846499214,0.000963149,42.444816,2.845119300,0.000000000,0.124407839,20.140177,1,1,1,1,1,2.845119300,1,0,-2.278115741,-2.243112578,0.036734254,40.395282,-2.270813932,0.481682919,0.078245414,22.785089,1,1,1,1,1,-2.270813932,1,0,-3.045552669,-3.038651422,0.004392443,42.248332,-3.040680786,0.000000000,0.126403196,20.025851,1,1,1,1,1,-3.040680786,1,0
31.729915,3,1,1,1,2.862992762,2.843117974,-0.002407744,42.362046,2.846958131,-0.154207636,0.124903870,20.111757,1,1,1,1,1,2.846958131,1,0,-2.273129095,-2.245918181,0.028650346,40.858456,-2.254225492,0.000000000,0.084373683,22.433965,1,1,1,1,1,-2.254225492,1,0,-3.045552669,-3.038436224,0.004609253,42.235909,-3.039914035,0.000000000,0.126411298,20.025387,1,1,1,1,1,-3.039914035,1,0
31.762565,3,1,1,1,2.858010179,2.850540360,0.006059987,42.152788,2.846896076,0.001389165,0.116985597,20.565440,1,1,1,1,1,2.846896076,1,0,-2.268931109,-2.249570978,0.020371083,41.332823,-2.260403995,-0.005601538,0.091957335,21.999454,1,1,1,1,1,-2.260403995,1,0,-3.043792399,-3.037848491,0.004051714,42.267854,-3.039117850,0.000000000,0.109659964,20.985168,1,1,1,1,1,-3.039117850,1,0
31.797662,3,1,1,1,2.854485308,2.859704065,0.014590438,41.664029,2.846701920,0.000000000,0.105926018,21.199107,1,1,1,1,1,2.846701920,1,0,-2.268931109,-2.235122736,0.034880424,40.501499,-2.259576535,-0.155019565,0.091938574,22.000529,1,1,1,1,1,-2.259576535,1,0,-3.042150024,-3.037309148,0.003523153,42.298138,-3.038449503,0.000000000,0.089295704,22.151954,1,1,1,1,1,-3.038449503,1,0
31.832066,3,1,1,1,2.854485308,2.859704065,0.014590438,41.664029,2.848785681,0.000000000,0.105926018,21.199107,1,1,1,1,1,2.848785681,1,0,-2.263757965,-2.253641042,0.010552176,41.895405,-2.261131750,-0.156861826,0.101225581,21.468423,1,1,1,1,1,-2.261131750,1,0,-3.042150024,-3.037309148,0.003523153,42.298138,-3.038020628,0.000000000,0.089295704,22.151954,1,1,1,1,1,-3.038020628,1,0
31.866263,3,1,1,1,2.852623951,2.867801119,0.021551606,41.265184,2.855292637,0.155195321,0.095092748,21.819808,1,1,1,1,1,2.855292637,1,0,-2.259546955,-2.259996729,-0.000902145,42.448311,-2.266865901,-0.008561453,0.112280405,20.835028,1,1,1,1,1,-2.266865901,1,0,-3.040931322,-3.036889197,0.003072737,42.323945,-3.037424858,0.000000000,0.073929236,23.032388,1,1,1,1,1,-3.037424858,1,0
31.896845,3,1,1,1,2.852507815,2.873702483,0.026732333,40.968350,2.858227598,0.306711240,0.083421021,22.488549,1,1,1,1,1,2.858227598,1,0,-2.259546955,-2.232216899,0.027051551,40.950060,-2.267506873,-0.030213105,0.112648824,20.813919,1,1,1,1,1,-2.267506873,1,0,-3.039805942,-3.036293043,0.002774407,42.341038,-3.037185813,0.000000000,0.062542020,23.684827,1,1,1,1,1,-3.037185813,1,0
31.930226,3,1,1,1,2.855259791,2.881910240,0.034079807,40.547371,2.863201696,0.000024253,0.072417107,23.119027,1,1,1,1,1,2.863201696,1,0,-2.259650828,-2.232192937,0.026402129,40.987269,-2.261472503,0.436449466,0.120093348,20.387379,1,1,1,1,1,-2.261472503,1,0,-3.038769313,-3.035961491,0.002222461,42.372662,-3.036767425,0.000000000,0.054755887,24.130940,1,1,1,1,1,-3.036767425,1,0
31.963697,3,1,1,1,2.855259791,2.878929229,0.031108322,40.717624,2.866959152,0.000000000,0.072738814,23.100594,1,1,1,1,1,2.866959152,1,0,-2.262822755,-2.234701173,0.025891056,41.016552,-2.244660482,-0.158867969,0.128403654,19.911234,1,1,1,1,1,-2.244660482,1,0,-3.038769313,-3.035728066,0.002456173,42.359272,-3.036302778,0.000000000,0.054763063,24.130529,1,1,1,1,1,-3.036302778,1,0
31.996009,3,1,1,1,2.860597174,2.887441145,0.036869038,40.387560,2.870074749,0.162890951,0.061646295,23.736149,1,1,1,1,1,2.870074749,1,0,-2.265423954,-2.237708323,0.024055434,41.121725,-2.254798671,-0.312502719,0.136672623,19.437457,1,1,1,1,1,-2.254798671,1,0,-3.037848204,-3.035433983,0.001945657,42.388522,-3.035695021,0.000000000,0.048922913,24.465145,1,1,1,1,1,-3.035695021,1,0
32.036413,3,1,1,1,2.867649741,2.897879781,0.041188273,40.140086,2.878379888,0.164580813,0.047671573,24.536841,1,1,1,1,1,2.878379888,1,0,-2.263859556,-2.240943880,0.017691483,41.486353,-2.256291608,-0.008467582,0.144613921,18.982454,1,1,1,1,1,-2.256291608,1,0,-3.037129517,-3.035177174,0.001577808,42.409598,-3.035304122,0.000000000,0.043873342,24.754464,1,1,1,1,1,-3.035304122,1,0
32.063170,3,1,1,1,2.873401776,2.910833694,0.046389485,39.842078,2.889577609,0.000000000,0.033375024,25.355973,1,1,1,1,1,2.889577609,1,0,-2.263859556,-2.240943880,0.017691483,41.486353,-2.255545102,-0.159840983,0.144613921,18.982454,1,1,1,1,1,-2.255545102,1,0,-3.036542968,-3.035191925,0.001053961,42.439612,-3.034973794,0.000000000,0.038897154,25.039578,1,1,1,1,1,-3.034973794,1,0
32.096740,3,1,1,1,2.873401776,2.905347138,0.041056698,40.147624,2.893128493,0.321366456,0.034677951,25.281321,1,1,1,1,1,2.893128493,1,0,-2.261344296,-2.232535263,0.021916032,41.244304,-2.260938792,0.003514201,0.153316048,18.483859,1,1,1,1,1,-2.260938792,1,0,-3.036542968,-3.034703651,0.001542517,42.411620,-3.034662907,0.000000000,0.038910365,25.038821,1,1,1,1,1,-3.034662907,1,0
32.130091,3,1,1,1,2.878382502,2.917487223,0.043968173,39.980809,2.900301738,0.161125800,0.020371678,26.101010,1,1,1,1,1,2.900301738,1,0,-2.261344296,-2.218586809,0.036011472,40.436695,-2.254939933,0.000000000,0.154042794,18.442219,1,1,1,1,1,-2.254939933,1,0,-3.035931514,-3.034511388,0.001190292,42.431801,-3.034603735,0.000000000,0.033797253,25.331781,1,1,1,1,1,-3.034603735,1,0
32.164996,3,1,1,1,2.884950114,2.933015040,0.048682408,39.710704,2.911267561,-0.155700945,0.007520769,26.837313,1,1,1,1,1,2.911267561,1,0,-2.261280046,-2.221985629,0.030969896,40.725556,-2.243681330,0.000000000,0.160372829,18.079535,1,1,1,1,1,-2.243681330,1,0,-3.035287798,-3.034350265,0.000759079,42.456508,-3.034340765,0.000000000,0.029502368,25.577860,1,1,1,1,1,-3.034340765,1,0
32.196317,3,1,1,1,2.893669287,2.947067303,0.053043081,39.460855,2.913687442,0.316647422,0.006448814,26.898731,1,1,1,1,1,2.913687442,1,0,-2.263233015,-2.227264752,0.026352287,40.990125,-2.249185959,-0.150588929,0.163067006,17.925170,1,1,1,1,1,-2.249185959,1,0,-3.035287798,-3.034099825,0.001009596,42.442154,-3.033834826,0.000000000,0.029508489,25.577509,1,1,1,1,1,-3.033834826,1,0
32.242575,3,1,1,1,2.895784098,2.948369277,0.052043239,39.518142,2.926669109,0.459542199,0.007711792,26.826368,1,1,1,1,1,2.926669109,1,0,-2.263142098,-2.232741174,0.020691280,41.314477,-2.254539979,0.042687223,0.157351738,18.252631,1,1,1,1,1,-2.254539979,1,0,-3.034871647,-3.033948870,0.000772068,42.455764,-3.033624469,0.000000000,0.027182458,25.710781,1,1,1,1,1,-3.033624469,1,0
32.268022,3,1,1,1,2.903540487,2.962186498,0.056010772,39.290819,2.931570589,0.000000000,0.018396275,26.214192,1,1,1,1,1,2.931570589,1,0,-2.260533837,-2.252735272,-0.000929427,42.446748,-2.255501385,-0.162127277,0.142252625,19.117746,1,1,1,1,1,-2.255501385,1,0,-3.034492801,-3.034070521,0.000295894,42.483047,-3.033398696,0.000000000,0.025121948,25.828840,1,1,1,1,1,-3.033398696,1,0
32.296154,3,1,1,1,2.910663316,2.971907045,0.054291514,39.389325,2.938763149,0.475353489,0.032899174,25.383237,1,1,1,1,1,2.938763149,1,0,-2.260533837,-2.224920036,0.027106221,40.946928,-2.260951919,-0.000091075,0.144172277,19.007758,1,1,1,1,1,-2.260951919,1,0,-3.034120498,-3.033709526,0.000307354,42.482390,-3.033194807,0.000000000,0.022906897,25.955753,1,1,1,1,1,-3.033194807,1,0
32.330347,3,1,1,1,2.910663316,2.969717262,0.052178657,39.510383,2.942824808,0.304135276,0.032319338,25.416459,1,1,1,1,1,2.942824808,1,0,-2.258311312,-2.233625853,0.017797260,41.480292,-2.258534113,0.000000000,0.125381262,20.084404,1,1,1,1,1,-2.258534113,1,0,-3.034120498,-3.033446449,0.000570478,42.467314,-3.033288539,0.000000000,0.022912503,25.955431,1,1,1,1,1,-3.033288539,1,0
32.363073,3,1,1,1,2.917587816,2.979942739,0.051239589,39.564188,2.948946279,0.000000000,0.044082653,24.742471,1,1,1,1,1,2.948946279,1,0,-2.258778141,-2.239502597,0.013527376,41.724938,-2.249254364,0.000000000,0.112098569,20.845446,1,1,1,1,1,-2.249254364,1,0,-3.033777752,-3.033343890,0.000349780,42.479959,-3.033110779,0.000000000,0.020418738,26.098314,1,1,1,1,1,-3.033110779,1,0
32.398302,3,1,1,1,2.925755088,2.989092873,0.048521873,39.719901,2.952643208,0.000000000,0.051508139,24.317022,1,1,1,1,1,2.952643208,1,0,-2.258936386,-2.227731133,0.025622165,41.031958,-2.254769468,-0.169531225,0.111478660,20.880964,1,1,1,1,1,-2.254769468,1,0,-3.033415101,-3.033295044,0.000056731,42.496750,-3.032725796,0.000000000,0.016989615,26.294788,1,1,1,1,1,-3.032725796,1,0
32.443756,3,1,1,1,2.932359467,2.995817499,0.044866405,39.929344,2.959048753,0.000000000,0.058691563,23.905442,1,1,1,1,1,2.959048753,1,0,-2.259958448,-2.235200767,0.019858488,41.362192,-2.259868193,0.000000000,0.101807781,21.435065,1,1,1,1,1,-2.259868193,1,0,-3.033197499,-3.033201749,-0.000054638,42.496869,-3.032575527,0.000000000,0.014478887,26.438642,1,1,1,1,1,-3.032575527,1,0
32.462575,3,1,1,1,2.932359467,2.995817499,0.044866405,39.929344,2.959939399,0.000000000,0.058691563,23.905442,1,1,1,1,1,2.959939399,1,0,-2.259865610,-2.258779751,-0.003399159,42.305243,-2.263027800,-0.315058672,0.093329462,21.920837,1,1,1,1,1,-2.263027800,1,0,-3.033197499,-3.033201749,-0.000054638,42.496869,-3.032434340,0.000000000,0.014478887,26.438642,1,1,1,1,1,-3.032434340,1,0
32.497239,3,1,1,1,2.934544698,2.996702206,0.040646275,40.171140,2.963561728,0.165447061,0.067462644,23.402896,1,1,1,1,1,2.963561728,1,0,-2.259865610,-2.229562457,0.025899733,41.016055,-2.263920004,-0.311203608,0.095001805,21.825019,1,1,1,1,1,-2.263920004,1,0,-3.032964809,-3.032882762,0.000044197,42.497468,-3.032301450,0.000000000,0.011839975,26.589841,1,1,1,1,1,-3.032301450,1,0
32.529934,3,1,1,1,2.934544698,2.994775206,0.038835733,40.274876,2.965378605,0.000000000,0.066791528,23.441348,1,1,1,1,1,2.965378605,1,0,-2.259939514,-2.239498500,0.016560662,41.551144,-2.278745207,-0.466150162,0.087340329,22.263989,1,1,1,1,1,-2.278745207,1,0,-3.032742361,-3.032839801,-0.000125641,42.492801,-3.032497195,0.000000000,0.009731854,26.710627,1,1,1,1,1,-3.032497195,1,0
32.563237,3,1,1,1,2.935536855,2.995564570,0.037084744,40.375201,2.965064605,0.000000000,0.079004232,22.741612,1,1,1,1,1,2.965064605,1,0,-2.261861528,-2.251430280,0.007314092,42.080933,-2.284771523,0.167253319,0.078173330,22.789219,1,1,1,1,1,-2.284771523,1,0,-3.032742361,-3.032567693,0.000146468,42.491608,-3.032387849,0.000000000,0.009736445,26.710364,1,1,1,1,1,-3.032387849,1,0
32.596885,3,1,1,1,2.938235304,2.994314715,0.034338531,40.532547,2.966001323,-0.147812673,0.089741809,22.126394,1,1,1,1,1,2.966001323,1,0,-2.268155779,-2.262878599,0.002915752,42.332940,-2.272947785,0.632002645,0.069196799,23.303537,1,1,1,1,1,-2.272947785,1,0,-3.032547015,-3.032528693,-0.000002442,42.499860,-3.032005770,0.000000000,0.008059930,26.806421,1,1,1,1,1,-3.032005770,1,0
32.633791,3,1,1,1,2.943181910,2.993139963,0.030812621,40.734567,2.964951950,0.000000000,0.095256751,21.810411,1,1,1,1,1,2.964951950,1,0,-2.270053369,-2.268836673,-0.000998826,42.442771,-2.273976490,0.006240255,0.067158054,23.420348,1,1,1,1,1,-2.273976490,1,0,-3.032386208,-3.032817026,-0.000444827,42.474513,-3.031963418,0.000000000,0.006264866,26.909271,1,1,1,1,1,-3.031963418,1,0
32.663260,3,1,1,1,2.943181910,2.991183246,0.028884790,40.845023,2.964624677,0.000000000,0.094874443,21.832316,1,1,1,1,1,2.964624677,1,0,-2.276609782,-2.276098062,-0.001220107,42.430093,-2.286139722,-0.618189423,0.060880632,23.780018,1,1,1,1,1,-2.286139722,1,0,-3.032266231,-3.032802363,-0.000545448,42.468748,-3.031870290,0.000000000,0.004663098,27.001045,1,1,1,1,1,-3.031870290,1,0
32.696263,3,1,1,1,2.947764974,2.984787733,0.020102335,41.348221,2.965475912,0.000000000,0.094653810,21.844957,1,1,1,1,1,2.965475912,1,0,-2.281602136,-2.276814689,0.003546734,42.296787,-2.285952140,-0.316039760,0.054319023,24.155970,1,1,1,1,1,-2.285952140,1,0,-3.032266231,-3.032240992,0.000015914,42.499088,-3.031777704,0.000000000,0.004671210,27.000580,1,1,1,1,1,-3.031777704,1,0
32.730430,3,1,1,1,2.950731931,2.979795776,0.013834273,41.707355,2.963709481,0.000000000,0.092671151,21.958555,1,1,1,1,1,2.963709481,1,0,-2.281602136,-2.261448849,0.018926312,41.415602,-2.296201686,-0.159013801,0.054847004,24.125719,1,1,1,1,1,-2.296201686,1,0,-3.032099471,-3.032309370,-0.000214120,42.487732,-3.031764535,0.000000000,0.002373237,27.132245,1,1,1,1,1,-3.031764535,1,0
32.762796,3,1,1,1,2.950731931,2.977730058,0.011784401,41.824804,2.960560952,-0.317340960,0.092352400,21.976818,1,1,1,1,1,2.960560952,1,0,-2.283981738,-2.279121477,0.003996788,42.271001,-2.294623179,0.161495581,0.048790952,24.472706,1,1,1,1,1,-2.294623179,1,0,-3.031962193,-3.032321886,-0.000360112,42.479367,-3.031972005,0.000000000,0.000258298,27.253422,1,1,1,1,1,-3.031972005,1,0
32.797370,3,1,1,1,2.952698328,2.971341229,0.005499366,42.184910,2.958245700,-0.156073506,0.089656925,22.131258,1,1,1,1,1,2.958245700,1,0,-2.286683388,-2.288527114,-0.002452382,42.359489,-2.292034274,0.014535851,0.044683124,24.708067,1,1,1,1,1,-2.292034274,1,0,-3.031962193,-3.032032376,-0.000070608,42.495954,-3.031612443,0.000000000,0.000262099,27.253204,1,1,1,1,1,-3.031612443,1,0
32.832126,3,1,1,1,2.953274870,2.964108678,0.000108317,42.493794,2.953447741,0.000000000,0.087457532,22.257274,1,1,1,1,1,2.953447741,1,0,-2.286683388,-2.272475486,0.013609949,41.720207,-2.304137474,-0.616801845,0.045100706,24.684141,1,1,1,1,1,-2.304137474,1,0,-3.031864768,-3.032048996,-0.000181936,42.489576,-3.031617687,0.000000000,-0.001613324,27.175784,1,1,1,1,1,-3.031617687,1,0
32.862409,3,1,1,1,2.953274870,2.964108678,0.000108317,42.493794,2.951372283,-0.168651611,0.087457532,22.257274,1,1,1,1,1,2.951372283,1,0,-2.290658570,-2.302659454,-0.012328308,41.793640,-2.317237580,0.162390841,0.039892289,24.982561,1,1,1,1,1,-2.317237580,1,0,-3.031795413,-3.032360227,-0.000561272,42.467841,-3.031550446,0.000000000,-0.003000314,27.096316,1,1,1,1,1,-3.031550446,1,0
32.896473,3,1,1,1,2.952269624,2.955897140,-0.004452652,42.244882,2.947916660,0.000000000,0.085238458,22.384417,1,1,1,1,1,2.947916660,1,0,-2.294911116,-2.318812568,-0.023969269,41.126662,-2.319214589,-0.327617377,0.035103490,25.256939,1,1,1,1,1,-2.319214589,1,0,-3.031730142,-3.032391455,-0.000657493,42.462328,-3.031485740,0.000000000,-0.004016566,27.038089,1,1,1,1,1,-3.031485740,1,0
32.929583,3,1,1,1,2.949348581,2.943484686,-0.011288903,41.853193,2.943653516,0.000000000,0.080875127,22.634418,1,1,1,1,1,2.943653516,1,0,-2.301801649,-2.318419455,-0.016482585,41.555617,-2.327413398,-0.156886613,0.031157944,25.483002,1,1,1,1,1,-2.327413398,1,0,-3.031730142,-3.031804930,-0.000070969,42.495934,-3.031499613,0.000000000,-0.004009870,27.038473,1,1,1,1,1,-3.031499613,1,0
32.962556,3,1,1,1,2.946867131,2.935850900,-0.015164267,41.631152,2.939119812,-0.314285353,0.076931679,22.860361,1,1,1,1,1,2.939119812,1,0,-2.301801649,-2.301771561,0.000172797,42.490099,-2.339920145,-0.152060986,0.031317476,25.473862,1,1,1,1,1,-2.339920145,1,0,-3.031658429,-3.031835762,-0.000173503,42.490059,-3.031735163,0.000000000,-0.005009199,26.981215,1,1,1,1,1,-3.031735163,1,0
32.996683,3,1,1,1,2.946867131,2.933349802,-0.017670420,41.487559,2.933380731,-0.159030012,0.076820811,22.866713,1,1,1,1,1,2.933380731,1,0,-2.311659708,-2.318150172,-0.006208066,42.144304,-2.343744335,-0.311540230,0.027677882,25.682395,1,1,1,1,1,-2.343744335,1,0,-3.031601491,-3.031894610,-0.000289297,42.483425,-3.031381517,0.000000000,-0.006346960,26.904567,1,1,1,1,1,-3.031381517,1,0
33.037678,3,1,1,1,2.942730293,2.923058717,-0.022434252,41.214612,2.924722317,-0.162506640,0.070277509,23.241616,1,1,1,1,1,2.924722317,1,0,-2.323325673,-2.334017495,-0.010311781,41.909178,-2.345322128,0.000000000,0.024619996,25.857599,1,1,1,1,1,-2.345322128,1,0,-3.031571184,-3.031932078,-0.000357232,42.479532,-3.031405446,0.000000000,-0.007918925,26.814500,1,1,1,1,1,-3.031405446,1,0
33.065058,3,1,1,1,2.936638636,2.911619897,-0.026529865,40.979951,2.920400792,-0.316224124,0.063092677,23.653277,1,1,1,1,1,2.920400792,1,0,-2.335415296,-2.350646597,-0.014782924,41.653001,-2.347574386,-0.151439500,0.021813614,26.018393,1,1,1,1,1,-2.347574386,1,0,-3.031571184,-3.031625367,-0.000050512,42.497106,-3.031341718,0.000000000,-0.007915818,26.814678,1,1,1,1,1,-3.031341718,1,0
33.096819,3,1,1,1,2.936638636,2.911619897,-0.026529865,40.979951,2.915713927,0.000000000,0.063092677,23.653277,1,1,1,1,1,2.915713927,1,0,-2.335415296,-2.350646597,-0.014782924,41.653001,-2.358937037,-0.616362006,0.021813614,26.018393,1,1,1,1,1,-2.358937037,1,0,-3.031530061,-3.031997255,-0.000464235,42.473401,-3.031374920,0.000000000,-0.009813462,26.705951,1,1,1,1,1,-3.031374920,1,0
33.130897,3,1,1,1,2.930859144,2.902465940,-0.029092767,40.833107,2.909706607,0.000000000,0.058230233,23.931875,1,1,1,1,1,2.909706607,1,0,-2.344826197,-2.368067030,-0.022751187,41.196453,-2.365447296,-0.315556991,0.019209828,26.167579,1,1,1,1,1,-2.365447296,1,0,-3.031482595,-3.031982913,-0.000498101,42.471461,-3.031622661,0.000000000,-0.011850455,26.589240,1,1,1,1,1,-3.031622661,1,0
33.163598,3,1,1,1,2.923061727,2.888817101,-0.034136608,40.544116,2.904162587,-0.319511911,0.052531737,24.258374,1,1,1,1,1,2.904162587,1,0,-2.351498587,-2.367540022,-0.015531359,41.610119,-2.384135237,-0.310804798,0.016528373,26.321215,1,1,1,1,1,-2.384135237,1,0,-3.031482595,-3.031359577,0.000125278,42.492822,-3.031563304,0.000000000,-0.011844546,26.589579,1,1,1,1,1,-3.031563304,1,0
33.196796,3,1,1,1,2.915522166,2.878660924,-0.036219736,40.424762,2.896116276,-0.158053668,0.046850665,24.583876,1,1,1,1,1,2.896116276,1,0,-2.358802612,-2.385408379,-0.026097349,41.004732,-2.385649934,0.162220519,0.014194952,26.454910,1,1,1,1,1,-2.385649934,1,0,-3.031434361,-3.031408546,0.000027714,42.498412,-3.031200528,0.000000000,-0.016405567,26.328251,1,1,1,1,1,-3.031200528,1,0
33.232793,3,1,1,1,2.914670752,2.874763033,-0.039224114,40.252624,2.885345310,-0.163153274,0.046246024,24.618519,1,1,1,1,1,2.885345310,1,0,-2.358802612,-2.367565027,-0.008255070,42.027019,-2.382992894,-0.158509968,0.013837083,26.475415,1,1,1,1,1,-2.382992894,1,0,-3.031433383,-3.031450606,-0.000014399,42.499175,-3.031223835,0.000000000,-0.023253252,25.935908,1,1,1,1,1,-3.031223835,1,0
33.262984,3,1,1,1,2.908087719,2.865768218,-0.041388044,40.128640,2.880310768,-0.321274533,0.041246320,24.904981,1,1,1,1,1,2.880310768,1,0,-2.369285323,-2.385168354,-0.015400478,41.617618,-2.388194926,-0.154812000,0.011491982,26.609779,1,1,1,1,1,-2.388194926,1,0,-3.031442032,-3.031504616,-0.000058184,42.496666,-3.031176209,0.000000000,-0.030699648,25.509261,1,1,1,1,1,-3.031176209,1,0
33.296368,3,1,1,1,2.897628707,2.854601253,-0.041939483,40.097045,2.874209209,0.000000000,0.034197854,25.308828,1,1,1,1,1,2.874209209,1,0,-2.379989933,-2.402173048,-0.021758507,41.253329,-2.399930073,-0.626607761,0.009114532,26.745997,1,1,1,1,1,-2.399930073,1,0,-3.031440329,-3.031225099,0.000219876,42.487402,-3.031109064,0.000000000,-0.031437699,25.466974,1,1,1,1,1,-3.031109064,1,0
33.329803,3,1,1,1,2.897628707,2.854601253,-0.041939483,40.097045,2.867211318,-0.468876546,0.034197854,25.308828,1,1,1,1,1,2.867211318,1,0,-2.379989933,-2.402173048,-0.021758507,41.253329,-2.409976902,-0.310073404,0.009114532,26.745997,1,1,1,1,1,-2.409976902,1,0,-3.031388617,-3.031584070,-0.000191576,42.489024,-3.031447240,0.000000000,-0.037024335,25.146883,1,1,1,1,1,-3.031447240,1,0
33.362947,3,1,1,1,2.885360617,2.839715783,-0.044531015,39.948561,2.858796153,-0.473079840,0.027260219,25.706326,1,1,1,1,1,2.858796153,1,0,-2.389293762,-2.404076074,-0.014474880,41.670650,-2.428609457,-0.310669553,0.005871540,26.931807,1,1,1,1,1,-2.428609457,1,0,-3.031298692,-3.031336700,-0.000037876,42.497830,-3.031387282,0.000000000,-0.041025470,24.917635,1,1,1,1,1,-3.031387282,1,0
33.396523,3,1,1,1,2.876367070,2.830567851,-0.044714061,39.938073,2.851689249,0.000000000,0.022728596,25.965968,1,1,1,1,1,2.851689249,1,0,-2.400111112,-2.428458242,-0.028185990,40.885062,-2.432424233,-0.152989185,0.003389450,27.074020,1,1,1,1,1,-2.432424233,1,0,-3.031298692,-3.031018585,0.000280507,42.483928,-3.031002144,0.000000000,-0.041022745,24.917791,1,1,1,1,1,-3.031002144,1,0
33.430431,3,1,1,1,2.876367070,2.826947994,-0.048329443,39.730927,2.844635175,-0.470754999,0.022927271,25.954585,1,1,1,1,1,2.844635175,1,0,-2.400111112,-2.409378564,-0.009123565,41.977258,-2.429891169,0.320911585,0.002543012,27.122517,1,1,1,1,1,-2.429891169,1,0,-3.031260263,-3.031111879,0.000142403,42.491841,-3.031020164,0.000000000,-0.043357941,24.783994,1,1,1,1,1,-3.031020164,1,0
33.463166,3,1,1,1,2.866168340,2.817022184,-0.048123705,39.742715,2.832857243,-0.469744081,0.018491968,26.208709,1,1,1,1,1,2.832857243,1,0,-2.412301248,-2.423933512,-0.011624936,41.833940,-2.433599684,-0.179396439,0.000490075,27.240142,1,1,1,1,1,-2.433599684,1,0,-3.031261523,-3.031100660,0.000149625,42.491427,-3.030945898,0.000000000,-0.043677568,24.765681,1,1,1,1,1,-3.030945898,1,0
33.496177,3,1,1,1,2.854888221,2.807075782,-0.046909117,39.812306,2.829169380,0.000000000,0.014390834,26.443687,1,1,1,1,1,2.829169380,1,0,-2.426796622,-2.442682482,-0.016055424,41.580092,-2.445743481,-0.643188710,-0.001656893,27.173288,1,1,1,1,1,-2.445743481,1,0,-3.031261523,-3.030776171,0.000474424,42.472817,-3.030876907,0.000000000,-0.043674927,24.765832,1,1,1,1,1,-3.030876907,1,0
33.529971,3,1,1,1,2.845339339,2.802589918,-0.041998692,40.093652,2.822234298,0.000000000,0.011086403,26.633017,1,1,1,1,1,2.822234298,1,0,-2.435544681,-2.471789987,-0.036554194,40.405599,-2.447150293,-0.316161559,-0.002419298,27.129606,1,1,1,1,1,-2.447150293,1,0,-3.031223606,-3.031154180,0.000052894,42.496969,-3.031220524,0.000000000,-0.042877779,24.811505,1,1,1,1,1,-3.031220524,1,0
33.563168,3,1,1,1,2.845339339,2.798684925,-0.045890295,39.870680,2.816892447,-0.315947020,0.011412753,26.614319,1,1,1,1,1,2.816892447,1,0,-2.435544681,-2.452703705,-0.017500071,41.497320,-2.466131172,-0.328288940,-0.003563987,27.064020,1,1,1,1,1,-2.466131172,1,0,-3.031138772,-3.031187370,-0.000069387,42.496024,-3.031144340,0.000000000,-0.041532875,24.888563,1,1,1,1,1,-3.031144340,1,0
33.595842,3,1,1,1,2.834750203,2.786163277,-0.048237061,39.736220,2.807536845,-0.154729611,0.006194987,26.913275,1,1,1,1,1,2.807536845,1,0,-2.442612584,-2.444088961,-0.002054291,42.382298,-2.468899183,0.144270621,-0.006699300,26.884379,1,1,1,1,1,-2.468899183,1,0,-3.031068390,-3.030894386,0.000148921,42.491467,-3.030740825,0.000000000,-0.039947166,24.979417,1,1,1,1,1,-3.030740825,1,0
33.632473,3,1,1,1,2.823077127,2.781781797,-0.042089145,40.088470,2.796227600,0.000000000,-0.010687298,26.655884,1,1,1,1,1,2.796227600,1,0,-2.450357580,-2.476061859,-0.026434367,40.985422,-2.457365309,0.619000268,-0.006942580,26.870441,1,1,1,1,1,-2.457365309,1,0,-3.031068390,-3.030894386,0.000148921,42.491467,-3.030737065,0.000000000,-0.039947166,24.979417,1,1,1,1,1,-3.030737065,1,0
33.666431,3,1,1,1,2.813439245,2.770012520,-0.044441000,39.953718,2.791019021,-0.308836968,-0.034201708,25.308608,1,1,1,1,1,2.791019021,1,0,-2.459595289,-2.465189214,-0.006554753,42.124440,-2.456942914,0.207076603,-0.009867980,26.702828,1,1,1,1,1,-2.456942914,1,0,-3.031050783,-3.030571853,0.000449533,42.474244,-3.030649656,0.000000000,-0.038567634,25.058458,1,1,1,1,1,-3.030649656,1,0
33.696802,3,1,1,1,2.811059354,2.764921531,-0.046887933,39.813519,2.784848305,-0.157856910,-0.041049634,24.916250,1,1,1,1,1,2.784848305,1,0,-2.459595289,-2.443584285,0.014996040,41.640790,-2.456396135,0.035191870,-0.011446825,26.612366,1,1,1,1,1,-2.456396135,1,0,-3.031013748,-3.030645356,0.000335404,42.480783,-3.030562077,0.000000000,-0.039481377,25.006105,1,1,1,1,1,-3.030562077,1,0
33.730906,3,1,1,1,2.802075036,2.757228792,-0.043033520,40.034361,2.776235307,-0.158156429,-0.069306170,23.297270,1,1,1,1,1,2.776235307,1,0,-2.466109687,-2.456382519,0.008441984,42.016310,-2.467418321,-0.589500321,-0.013402513,26.500314,1,1,1,1,1,-2.467418321,1,0,-3.030915334,-3.030665602,0.000219273,42.487437,-3.030890776,0.000000000,-0.046214819,24.620307,1,1,1,1,1,-3.030890776,1,0
33.763647,3,1,1,1,2.794504299,2.753977164,-0.035107649,40.488480,2.771318929,-0.322758951,-0.091811244,22.007824,1,1,1,1,1,2.771318929,1,0,-2.466349037,-2.479873043,-0.014986885,41.641315,-2.478035675,-0.118138021,-0.013637488,26.486851,1,1,1,1,1,-2.478035675,1,0,-3.030915334,-3.030665602,0.000219273,42.487437,-3.030797321,0.000000000,-0.046214819,24.620307,1,1,1,1,1,-3.030797321,1,0
33.797358,3,1,1,1,2.793553961,2.744501902,-0.043187646,40.025530,2.760068419,0.000000000,-0.094834664,21.834595,1,1,1,1,1,2.760068419,1,0,-2.466349037,-2.434197889,0.030552158,40.749490,-2.475175902,0.316844165,-0.017295664,26.277253,1,1,1,1,1,-2.475175902,1,0,-3.030794632,-3.030355931,0.000422960,42.475766,-3.030363306,0.000000000,-0.057684385,23.963149,1,1,1,1,1,-3.030363306,1,0
33.835430,3,1,1,1,2.787791622,2.736571116,-0.042795391,40.048005,2.747277115,-0.633916927,-0.108183077,21.069787,1,1,1,1,1,2.747277115,1,0,-2.466854481,-2.438395865,0.026599749,40.975947,-2.461855016,0.000000000,-0.019242394,26.165713,1,1,1,1,1,-2.461855016,1,0,-3.030700267,-3.030360032,0.000347394,42.480096,-3.030341510,0.000000000,-0.068674910,23.333439,1,1,1,1,1,-3.030341510,1,0
33.863744,3,1,1,1,2.780127147,2.727713082,-0.043112072,40.029860,2.743814374,-0.161372258,-0.110767273,20.921724,1,1,1,1,1,2.743814374,1,0,-2.470862833,-2.440808429,0.028010652,40.895108,-2.454942755,0.465999036,-0.020790665,26.077004,1,1,1,1,1,-2.454942755,1,0,-3.030700267,-3.030006995,0.000701265,42.459820,-3.030238760,0.000000000,-0.068672012,23.333605,1,1,1,1,1,-3.030238760,1,0
33.895697,3,1,1,1,2.780127147,2.722993564,-0.047845416,39.758660,2.733975866,-0.161453327,-0.111146851,20.899976,1,1,1,1,1,2.733975866,1,0,-2.470862833,-2.415327444,0.053409479,39.439862,-2.442923314,0.155730947,-0.022936503,25.954056,1,1,1,1,1,-2.442923314,1,0,-3.030595759,-3.030026129,0.000597305,42.465777,-3.030144179,0.000000000,-0.076128123,22.906401,1,1,1,1,1,-3.030144179,1,0
33.929563,3,1,1,1,2.767870449,2.718679442,-0.043719671,39.995047,2.725084107,0.000000000,-0.079172835,22.731952,1,1,1,1,1,2.725084107,1,0,-2.471270732,-2.434414088,0.034667919,40.513675,-2.437512396,0.000000000,-0.022429150,25.983125,1,1,1,1,1,-2.437512396,1,0,-3.030461842,-3.030406323,0.000090608,42.494809,-3.030474422,0.000000000,-0.079683914,22.702669,1,1,1,1,1,-3.030474422,1,0
33.962953,3,1,1,1,2.751062477,2.708871897,-0.042097484,40.087992,2.719466865,-0.312483933,-0.003503278,27.067498,1,1,1,1,1,2.719466865,1,0,-2.465401424,-2.425129405,0.037912544,40.327771,-2.435940240,0.313926693,-0.024283794,25.876862,1,1,1,1,1,-2.435940240,1,0,-3.030330389,-3.030418315,-0.000052927,42.496968,-3.030368644,0.000000000,-0.080288260,22.668043,1,1,1,1,1,-3.030368644,1,0
33.998209,3,1,1,1,2.735607953,2.693176723,-0.040844442,40.159786,2.706875532,0.000000000,0.103738090,21.324466,1,1,1,1,1,2.706875532,1,0,-2.453984875,-2.384548622,0.066775171,38.674065,-2.433731744,-0.008932475,-0.028981257,25.607717,1,1,1,1,1,-2.433731744,1,0,-3.030330389,-3.029702406,0.000665294,42.461881,-3.029906309,0.000000000,-0.080282310,22.668384,1,1,1,1,1,-3.029906309,1,0
34.033135,3,1,1,1,2.735607953,2.688156556,-0.045891225,39.870626,2.699729671,-0.473807794,0.103811726,21.320247,1,1,1,1,1,2.699729671,1,0,-2.453984875,-2.354655535,0.096579055,36.966428,-2.427050765,0.458223672,-0.031475015,25.464836,1,1,1,1,1,-2.427050765,1,0,-3.030240069,-3.029781480,0.000491719,42.471827,-3.029898271,0.000000000,-0.077530879,22.826029,1,1,1,1,1,-3.029898271,1,0
34.062432,3,1,1,1,2.726803089,2.677168974,-0.038465680,40.296079,2.688021627,-0.317600927,0.202976854,15.638504,1,1,1,1,1,2.688021627,1,0,-2.443330009,-2.336603448,0.103793559,36.553067,-2.395742258,1.092499291,-0.034048943,25.317360,1,1,1,1,1,-2.395742258,1,0,-3.030186563,-3.029725007,0.000492428,42.471786,-3.029793940,0.000000000,-0.073770492,23.041483,1,1,1,1,1,-3.029793940,1,0
34.096610,3,1,1,1,2.720603069,2.668267314,-0.037383065,40.358108,2.681089901,-0.154992468,0.229283713,14.131232,1,1,1,1,1,2.681089901,1,0,-2.433868560,-2.314135102,0.116646550,35.816645,-2.356325011,1.559449915,-0.036921347,25.152784,1,1,1,1,1,-2.356325011,1,0,-3.030083180,-3.029525108,0.000586336,42.466405,-3.029414272,0.000000000,-0.067093564,23.424043,1,1,1,1,1,-3.029414272,1,0
34.129799,3,1,1,1,2.720603069,2.668267314,-0.037383065,40.358108,2.672728747,0.000000000,0.229283713,14.131232,1,1,1,1,1,2.672728747,1,0,-2.433868560,-2.314135102,0.116646550,35.816645,-2.328956783,-0.157108017,-0.036921347,25.152784,1,1,1,1,1,-2.328956783,1,0,-3.030083180,-3.029525108,0.000586336,42.466405,-3.029758834,0.000000000,-0.067093564,23.424043,1,1,1,1,1,-3.029758834,1,0
34.163446,3,1,1,1,2.704541432,2.658906891,-0.038519407,40.293001,2.663529348,0.000000000,0.163234601,17.915567,1,1,1,1,1,2.663529348,1,0,-2.418354369,-2.288746288,0.126446705,35.255137,-2.333771136,0.158577324,-0.039384265,25.011669,1,1,1,1,1,-2.333771136,1,0,-3.029896031,-3.029318637,0.000601764,42.465521,-3.029322035,0.000000000,-0.060012321,23.829768,1,1,1,1,1,-3.029322035,1,0
34.196104,3,1,1,1,2.686321981,2.644624520,-0.041718371,40.109713,2.660736103,-0.155693044,0.018729301,26.195111,1,1,1,1,1,2.660736103,1,0,-2.383908256,-2.220746118,0.159963561,33.334763,-2.322287471,0.621221971,-0.043695515,24.764653,1,1,1,1,1,-2.322287471,1,0,-3.029713815,-3.028283563,0.001452339,42.416787,-3.028677255,0.159466049,-0.055795448,24.071377,1,1,1,1,1,-3.028677255,1,0
34.229924,3,1,1,1,2.686321981,2.639318564,-0.047025266,39.805651,2.648385381,-0.642066753,0.018733731,26.194857,1,1,1,1,1,2.648385381,1,0,-2.383908256,-2.178943586,0.201708185,30.942972,-2.296217662,1.097690286,-0.046560974,24.600474,1,1,1,1,1,-2.296217662,1,0,-3.029713815,-3.027580128,0.002156869,42.376421,-3.027845512,0.000000000,-0.055792147,24.071567,1,1,1,1,1,-3.027845512,1,0
34.262803,3,1,1,1,2.675668104,2.630373080,-0.041273382,40.135209,2.638879188,-0.470498629,-0.110035746,20.963637,1,1,1,1,1,2.638879188,1,0,-2.350862049,-2.142523382,0.205207174,30.742495,-2.240133715,1.722455550,-0.047693569,24.535581,1,1,1,1,1,-2.240133715,1,0,-3.029464669,-3.027270669,0.002212326,42.373243,-3.027402103,0.000000000,-0.051351981,24.325969,1,1,1,1,1,-3.027402103,1,0
34.295892,3,1,1,1,2.669431063,2.621317423,-0.037291206,40.363371,2.628982026,-0.160077623,-0.193324228,16.191559,1,1,1,1,1,2.628982026,1,0,-2.321487148,-2.103565599,0.215022368,30.180126,-2.181475858,2.193090068,-0.050677196,24.364632,1,1,1,1,1,-2.181475858,1,0,-3.029072436,-3.026946261,0.002139471,42.377417,-3.026960317,0.000000000,-0.046061903,24.629068,1,1,1,1,1,-3.026960317,1,0
34.329826,3,1,1,1,2.663531867,2.617470807,-0.030710624,40.740411,2.619781333,0.000000000,-0.240936973,13.463549,1,1,1,1,1,2.619781333,1,0,-2.289367397,-2.108524098,0.178734263,32.259281,-2.131487873,0.000000000,-0.057935151,23.948782,1,1,1,1,1,-2.131487873,1,0,-3.028433588,-3.027360823,0.001081717,42.438022,-3.027333891,0.000000000,-0.039604676,24.999040,1,1,1,1,1,-3.027333891,1,0
34.363140,3,1,1,1,2.663531867,2.611882313,-0.036456850,40.411176,2.609591979,0.000000000,-0.241244686,13.445919,1,1,1,1,1,2.609591979,1,0,-2.289367397,-2.063351701,0.223971349,29.667387,-2.118764491,0.632231651,-0.058826041,23.897737,1,1,1,1,1,-2.118764491,1,0,-3.028433588,-3.026653584,0.001789510,42.397469,-3.026907504,0.000000000,-0.039601375,24.999229,1,1,1,1,1,-3.026907504,1,0
34.396771,3,1,1,1,2.655471070,2.595422405,-0.042081116,40.088930,2.606408938,-0.156790276,-0.279581679,11.249371,1,1,1,1,1,2.606408938,1,0,-2.230712805,-1.974583140,0.257688130,27.735558,-2.092990091,1.099747024,-0.071320102,23.181880,1,1,1,1,1,-2.092990091,1,0,-3.027615270,-3.025682174,0.001940959,42.388791,-3.026382093,0.149408555,-0.032493271,25.406494,1,1,1,1,1,-3.026382093,1,0
34.431430,3,1,1,1,2.646604278,2.584507515,-0.040953082,40.153561,2.589764901,0.000000000,-0.317328681,9.086627,1,1,1,1,1,2.589764901,1,0,-2.150577446,-1.938432613,0.220621948,29.859293,-2.052583070,1.574441972,-0.082864414,22.520440,1,1,1,1,1,-2.052583070,1,0,-3.026975629,-3.025443857,0.001538205,42.411867,-3.026033859,0.000000000,-0.026552821,25.746857,1,1,1,1,1,-3.026033859,1,0
34.463283,3,1,1,1,2.639421171,2.574611705,-0.041583321,40.117451,2.582594682,-0.474614634,-0.343857416,7.566642,1,1,1,1,1,2.582594682,1,0,-2.150577446,-1.887862223,0.271010300,26.972254,-1.991498447,0.000000000,-0.077039414,22.854188,1,1,1,1,1,-1.991498447,1,0,-3.026585343,-3.025103469,0.001487111,42.414795,-3.024962847,0.000000000,-0.022525885,25.977583,1,1,1,1,1,-3.024962847,1,0
34.496682,3,1,1,1,2.639421171,2.568537506,-0.048026097,39.748307,2.571026496,-0.162957835,-0.344186948,7.547762,1,1,1,1,1,2.571026496,1,0,-2.095379990,-1.853008108,0.254958200,27.891971,-1.984054779,0.483580111,-0.076672598,22.875205,1,1,1,1,1,-1.984054779,1,0,-3.026585343,-3.024366592,0.002224174,42.372564,-3.024525913,0.000000000,-0.022522334,25.977786,1,1,1,1,1,-3.024525913,1,0
34.530004,3,1,1,1,2.626285308,2.563023402,-0.039696364,40.225566,2.561071854,0.000000000,-0.366677847,6.259128,1,1,1,1,1,2.561071854,1,0,-2.034235963,-1.877737996,0.171826461,32.655069,-1.963022702,0.945828682,-0.079928269,22.688669,1,1,1,1,1,-1.963022702,1,0,-3.026160754,-3.024773009,0.001394918,42.420077,-3.024935197,0.000000000,-0.019423915,26.155313,1,1,1,1,1,-3.024935197,1,0
34.563015,3,1,1,1,2.605205011,2.550680689,-0.035923930,40.441710,2.550286465,0.000000000,-0.362127782,6.519828,1,1,1,1,1,2.550286465,1,0,-2.034235963,-1.828992833,0.219885352,29.901497,-1.912998591,1.570396669,-0.071045671,23.197604,1,1,1,1,1,-1.912998591,1,0,-3.025490883,-3.024546951,0.000963476,42.444797,-3.024517397,0.000000000,-0.017736338,26.252004,1,1,1,1,1,-3.024517397,1,0
34.596036,3,1,1,1,2.605205011,2.538243882,-0.049214596,39.680211,2.543202635,-0.471746846,-0.362607489,6.492342,1,1,1,1,1,2.543202635,1,0,-1.982734308,-1.765664599,0.228957517,29.381701,-1.880514224,0.000000000,-0.048821546,24.470953,1,1,1,1,1,-1.880514224,1,0,-3.024894236,-3.023530317,0.001404363,42.419536,-3.023925580,0.159145827,-0.017924841,26.241203,1,1,1,1,1,-3.023925580,1,0
34.641488,3,1,1,1,2.587011453,2.521119118,-0.054124727,39.398882,2.528990447,-0.319281538,-0.342538348,7.642219,1,1,1,1,1,2.528990447,1,0,-1.941915849,-1.712212901,0.237409825,28.897419,-1.875451012,0.461207871,-0.025306793,25.818249,1,1,1,1,1,-1.875451012,1,0,-3.024779445,-3.022120806,0.002704644,42.345035,-3.023173841,0.000000000,-0.018053884,26.233810,1,1,1,1,1,-3.023173841,1,0
34.663368,3,1,1,1,2.566293087,2.516514302,-0.043928080,39.983106,2.514437486,0.000000000,-0.302091534,9.959651,1,1,1,1,1,2.514437486,1,0,-1.941915849,-1.712212901,0.237409825,28.897419,-1.863037629,0.776331511,-0.025306793,25.818249,1,1,1,1,1,-1.863037629,1,0,-3.024304304,-3.022626810,0.001746082,42.399957,-3.022657121,0.000000000,-0.018494818,26.208546,1,1,1,1,1,-3.022657121,1,0
34.696636,3,1,1,1,2.543343832,2.505295721,-0.038282780,40.306558,2.511653787,-0.146203078,-0.214582603,14.973544,1,1,1,1,1,2.511653787,1,0,-1.899720883,-1.721170187,0.183533342,31.984314,-1.833238578,1.240506114,-0.015149979,26.400191,1,1,1,1,1,-1.833238578,1,0,-3.023781929,-3.022385531,0.001478833,42.415269,-3.022261138,0.000000000,-0.018183891,26.226361,1,1,1,1,1,-3.022261138,1,0
34.729525,3,1,1,1,2.543343832,2.498809767,-0.044920764,39.926230,2.502390353,0.000000000,-0.214534330,14.976309,1,1,1,1,1,2.502390353,1,0,-1.874282670,-1.718974863,0.158968505,33.391776,-1.788866603,1.712554271,-0.009694643,26.712759,1,1,1,1,1,-1.788866603,1,0,-3.023781929,-3.021605438,0.002259030,42.370567,-3.022763852,0.000000000,-0.018176763,26.226769,1,1,1,1,1,-3.022763852,1,0
34.763844,3,1,1,1,2.523542440,2.494404074,-0.031014216,40.723016,2.492697475,0.000000000,-0.086703102,22.300499,1,1,1,1,1,2.492697475,1,0,-1.851900237,-1.764210435,0.090905856,37.291478,-1.781714345,-0.163350660,-0.013278039,26.507446,1,1,1,1,1,-1.781714345,1,0,-3.023169648,-3.022156327,0.001099052,42.437029,-3.022381440,0.000000000,-0.017130295,26.286728,1,1,1,1,1,-3.022381440,1,0
34.797414,3,1,1,1,2.512091919,2.478946353,-0.032744658,40.623869,2.485744272,-0.467377048,0.012491447,26.552514,1,1,1,1,1,2.485744272,1,0,-1.851900237,-1.677363419,0.176561980,32.383744,-1.785639547,-0.310855802,0.000991982,27.211385,1,1,1,1,1,-1.785639547,1,0,-3.022611137,-3.021229304,0.001466182,42.415994,-3.021428475,0.000000000,-0.015512197,26.379438,1,1,1,1,1,-3.021428475,1,0
34.831203,3,1,1,1,2.502484089,2.469739488,-0.028994823,40.838719,2.476042982,-0.158093597,0.091507954,22.025202,1,1,1,1,1,2.476042982,1,0,-1.818887244,-1.698735902,0.120679649,35.585565,-1.795687641,-0.155597775,0.004732237,26.997084,1,1,1,1,1,-1.795687641,1,0,-3.022178458,-3.021067027,0.001194348,42.431569,-3.021110933,0.000000000,-0.013328556,26.504551,1,1,1,1,1,-3.021110933,1,0
34.863593,3,1,1,1,2.502484089,2.463504548,-0.035250565,40.480291,2.461464524,0.000000000,0.091768605,22.010267,1,1,1,1,1,2.461464524,1,0,-1.791245974,-1.721649283,0.068549366,38.572411,-1.808148244,-0.153244298,0.012952430,26.526102,1,1,1,1,1,-1.808148244,1,0,-3.022178458,-3.020301419,0.001959988,42.387701,-3.020786873,0.000000000,-0.013320326,26.505023,1,1,1,1,1,-3.020786873,1,0
34.896272,3,1,1,1,2.493976512,2.455013448,-0.032782866,40.621680,2.459809901,-0.157441638,0.132662335,19.667229,1,1,1,1,1,2.459809901,1,0,-1.780855755,-1.740718258,0.038296104,40.305795,-1.805691461,0.317278930,0.021972036,26.009316,1,1,1,1,1,-1.805691461,1,0,-3.021759290,-3.020161138,0.001678565,42.403825,-3.020473324,0.000000000,-0.010917723,26.642682,1,1,1,1,1,-3.020473324,1,0
34.930562,3,1,1,1,2.483894054,2.453111872,-0.021649776,41.259559,2.452827929,0.000000000,0.156903475,18.278314,1,1,1,1,1,2.452827929,1,0,-1.780855755,-1.740718258,0.038296104,40.305795,-1.789040240,0.789797100,0.021972036,26.009316,1,1,1,1,1,-1.789040240,1,0,-3.021292684,-3.020848143,0.000519313,42.470246,-3.021127244,0.000000000,-0.008714264,26.768931,1,1,1,1,1,-3.021127244,1,0
34.962740,3,1,1,1,2.483894054,2.446929059,-0.027899072,40.901501,2.445569116,0.000000000,0.157263028,18.257713,1,1,1,1,1,2.445569116,1,0,-1.786279747,-1.762430207,0.021874702,41.246672,-1.777421493,0.153477545,0.028510013,25.634718,1,1,1,1,1,-1.777421493,1,0,-3.021292684,-3.020077039,0.001290388,42.426066,-3.020870472,0.000000000,-0.008704203,26.769507,1,1,1,1,1,-3.020870472,1,0
34.996830,3,1,1,1,2.476006764,2.433342960,-0.029801915,40.792476,2.442145935,-0.319229780,0.181703180,16.857396,1,1,1,1,1,2.442145935,1,0,-1.794135975,-1.738515670,0.053670371,39.424914,-1.776163776,-0.161864294,0.034188477,25.309366,1,1,1,1,1,-1.776163776,1,0,-3.020894784,-3.019226446,0.001732085,42.400759,-3.020378904,0.162732929,-0.006734094,26.882386,1,1,1,1,1,-3.020378904,1,0
35.029725,3,1,1,1,2.470786940,2.426825800,-0.026064827,41.006595,2.432350551,0.000000000,0.213504879,15.035293,1,1,1,1,1,2.432350551,1,0,-1.794135975,-1.700585898,0.091544670,37.254877,-1.776361177,-0.160097054,0.036553078,25.173884,1,1,1,1,1,-1.776361177,1,0,-3.020665684,-3.019263227,0.001452102,42.416801,-3.019832255,0.000000000,-0.004999768,26.981756,1,1,1,1,1,-3.019832255,1,0
35.062846,3,1,1,1,2.467244362,2.420852635,-0.023998122,41.125009,2.420054181,-0.621531874,0.243883627,13.294719,1,1,1,1,1,2.420054181,1,0,-1.795837782,-1.724101606,0.069921021,38.493821,-1.781990377,-0.002269314,0.037529334,25.117949,1,1,1,1,1,-1.781990377,1,0,-3.020560970,-3.019322026,0.001281375,42.426583,-3.019642180,0.000000000,-0.004164747,27.029599,1,1,1,1,1,-3.019642180,1,0
35.097669,3,1,1,1,2.467244362,2.414713170,-0.030300326,40.763919,2.419456724,-0.161528678,0.244427932,13.263532,1,1,1,1,1,2.419456724,1,0,-1.789039188,-1.753456659,0.034040294,40.549635,-1.779409349,0.174093603,0.039253299,25.019173,1,1,1,1,1,-1.779409349,1,0,-3.020560970,-3.018543240,0.002060093,42.381965,-3.019477109,0.000000000,-0.004153406,27.030248,1,1,1,1,1,-3.019477109,1,0
35.131838,3,1,1,1,2.461233101,2.409635434,-0.026318789,40.992044,2.415201494,0.000000000,0.267959281,11.915285,1,1,1,1,1,2.415201494,1,0,-1.780462901,-1.782924953,-0.003543447,42.296975,-1.761714493,0.486444238,0.043065266,24.800763,1,1,1,1,1,-1.761714493,1,0,-3.020339210,-3.018659715,0.001742872,42.400141,-3.020335575,0.000000000,-0.005888376,26.930842,1,1,1,1,1,-3.020335575,1,0
35.162851,3,1,1,1,2.453359361,2.411191151,-0.016185631,41.572632,2.409915428,0.000000000,0.273401748,11.603455,1,1,1,1,1,2.409915428,1,0,-1.779752697,-1.789290301,-0.010563623,41.894749,-1.754185313,0.009583099,0.043413443,24.780814,1,1,1,1,1,-1.754185313,1,0,-3.019939122,-3.019722523,0.000344879,42.480240,-3.020229162,0.000000000,-0.010816839,26.648462,1,1,1,1,1,-3.020229162,1,0
35.196877,3,1,1,1,2.453359361,2.398790051,-0.029014397,40.837597,2.407169288,-0.312481906,0.274522761,11.539226,1,1,1,1,1,2.407169288,1,0,-1.774648920,-1.769621665,0.004506851,42.241776,-1.761205269,-0.469712932,0.047432567,24.550535,1,1,1,1,1,-1.761205269,1,0,-3.019939122,-3.018143284,0.001924019,42.389762,-3.019363183,0.000000000,-0.010791258,26.649928,1,1,1,1,1,-3.019363183,1,0
35.231401,3,1,1,1,2.444338887,2.394958256,-0.024373023,41.103529,2.399271480,-0.151419347,0.270699029,11.758309,1,1,1,1,1,2.399271480,1,0,-1.767887550,-1.792295141,-0.024437787,41.099818,-1.781636800,-0.928711855,0.049597866,24.426473,1,1,1,1,1,-1.781636800,1,0,-3.019644657,-3.018509866,0.001344273,42.422979,-3.020105713,0.000000000,-0.016144278,26.343222,1,1,1,1,1,-3.020105713,1,0
35.262644,3,1,1,1,2.434165501,2.392387047,-0.017757852,41.482550,2.389668876,0.000000000,0.260660048,12.333500,1,1,1,1,1,2.389668876,1,0,-1.767887550,-1.758282019,0.009612519,41.949243,-1.804391091,-0.311503002,0.049741645,24.418235,1,1,1,1,1,-1.804391091,1,0,-3.019529739,-3.018917179,0.000876098,42.449803,-3.019533672,0.000000000,-0.019476846,26.152280,1,1,1,1,1,-3.019533672,1,0
35.296953,3,1,1,1,2.434165501,2.386200014,-0.024136720,41.117068,2.390260775,-0.151393083,0.261205517,12.302247,1,1,1,1,1,2.390260775,1,0,-1.763110892,-1.786862748,-0.023431540,41.157472,-1.814626973,-0.152867904,0.049900711,24.409121,1,1,1,1,1,-1.814626973,1,0,-3.019490333,-3.019201776,0.000568919,42.467403,-3.019548285,0.000000000,-0.020683370,26.083151,1,1,1,1,1,-3.019548285,1,0
35.330103,3,1,1,1,2.426038424,2.383516624,-0.019722611,41.369978,2.387540675,0.000000000,0.252364581,12.808796,1,1,1,1,1,2.387540675,1,0,-1.773944951,-1.820456651,-0.046227020,39.851387,-1.818268184,-0.301937103,0.047055950,24.572114,1,1,1,1,1,-1.818268184,1,0,-3.019490333,-3.018410960,0.001359785,42.422090,-3.020629144,0.000000000,-0.020669271,26.083959,1,1,1,1,1,-3.020629144,1,0
35.362489,3,1,1,1,2.417128327,2.387657689,-0.008128312,42.034282,2.384460017,0.000000000,0.240353934,13.496955,1,1,1,1,1,2.384460017,1,0,-1.773944951,-1.820456651,-0.046227020,39.851387,-1.817704199,0.329975959,0.047055950,24.572114,1,1,1,1,1,-1.817704199,1,0,-3.019471820,-3.019787675,-0.000039549,42.497734,-3.020723349,0.000000000,-0.020861757,26.072930,1,1,1,1,1,-3.020723349,1,0
35.397614,3,1,1,1,2.409078121,2.385898830,-0.004071113,42.266742,2.385155968,-0.158979055,0.225007422,14.376245,1,1,1,1,1,2.385155968,1,0,-1.793114417,-1.838828129,-0.045712636,39.880859,-1.813253439,0.178337612,0.041901514,24.867441,1,1,1,1,1,-1.813253439,1,0,-3.019645726,-3.020600368,-0.000689108,42.460517,-3.020051570,0.000000000,-0.020501900,26.093549,1,1,1,1,1,-3.020051570,1,0
35.443101,3,1,1,1,2.402214101,2.378054347,-0.008181409,42.031240,2.374472577,-0.304954509,0.199754887,15.823109,1,1,1,1,1,2.374472577,1,0,-1.814665688,-1.832774223,-0.018439032,41.443521,-1.824149449,-0.611647402,0.034516516,25.290570,1,1,1,1,1,-1.824149449,1,0,-3.019889808,-3.020247953,-0.000099921,42.494275,-3.020324335,0.000000000,-0.020048208,26.119543,1,1,1,1,1,-3.020324335,1,0
35.464356,3,1,1,1,2.401514244,2.372256155,-0.013746803,41.712366,2.368883483,0.000000000,0.196474528,16.011060,1,1,1,1,1,2.368883483,1,0,-1.824713697,-1.852621721,-0.028391323,40.873297,-1.839937020,-0.932788135,0.027647272,25.684149,1,1,1,1,1,-1.839937020,1,0,-3.019889808,-3.019473328,0.000674753,42.461340,-3.020655723,0.000000000,-0.020034947,26.120303,1,1,1,1,1,-3.020655723,1,0
35.498412,3,1,1,1,2.393359706,2.370853469,-0.011601120,41.835305,2.370244499,-0.162544150,0.143944359,19.020817,1,1,1,1,1,2.370244499,1,0,-1.825591196,-1.833581939,-0.008485093,42.013840,-1.872207074,-1.075470147,0.026825920,25.731209,1,1,1,1,1,-1.872207074,1,0,-3.020166815,-3.020070884,0.000349853,42.479955,-3.021150690,0.000000000,-0.019747761,26.136758,1,1,1,1,1,-3.021150690,1,0
35.529735,3,1,1,1,2.393359706,2.364482689,-0.018020761,41.467486,2.369056591,0.151212960,0.144419612,18.993587,1,1,1,1,1,2.369056591,1,0,-1.828079901,-1.847015322,-0.019425488,41.387002,-1.897487335,-0.602024248,0.022213841,25.995462,1,1,1,1,1,-1.897487335,1,0,-3.020166815,-3.019289546,0.001131236,42.435185,-3.022142347,0.000000000,-0.019734402,26.137523,1,1,1,1,1,-3.022142347,1,0
35.562906,3,1,1,1,2.381576222,2.364093520,-0.013157941,41.746106,2.367831104,0.155819650,0.059319006,23.869492,1,1,1,1,1,2.367831104,1,0,-1.838611228,-1.865626333,-0.027447072,40.927399,-1.909008959,0.021695839,0.018243223,26.222961,1,1,1,1,1,-1.909008959,1,0,-3.020418190,-3.020020546,0.000666652,42.461804,-3.022386528,0.000000000,-0.020808273,26.075995,1,1,1,1,1,-3.022386528,1,0
35.596628,3,1,1,1,2.369805733,2.370502122,-0.001287270,42.426245,2.366478106,-0.316786501,-0.027414212,25.697502,1,1,1,1,1,2.366478106,1,0,-1.838611228,-1.865626333,-0.027447072,40.927399,-1.901166001,0.496854628,0.018243223,26.222961,1,1,1,1,1,-1.901166001,1,0,-3.020747813,-3.021573808,-0.000546109,42.468710,-3.022653444,0.000000000,-0.021935762,26.011395,1,1,1,1,1,-3.022653444,1,0
35.630325,3,1,1,1,2.361019886,2.364603410,-0.003046071,42.325473,2.361995002,-0.150561959,-0.090963156,22.056416,1,1,1,1,1,2.361995002,1,0,-1.862136522,-1.854151432,0.007604622,42.064287,-1.885949822,0.000000000,0.017075152,26.289887,1,1,1,1,1,-1.885949822,1,0,-3.021287566,-3.021646544,-0.000110587,42.493664,-3.023688094,0.000000000,-0.020621780,26.086680,1,1,1,1,1,-3.023688094,1,0
35.663315,3,1,1,1,2.360443189,2.358865788,-0.008528212,42.011369,2.356900661,0.165607093,-0.094611098,21.847405,1,1,1,1,1,2.356900661,1,0,-1.890243343,-1.874313540,0.015594334,41.606511,-1.879826042,-0.007115770,0.017310207,26.276419,1,1,1,1,1,-1.879826042,1,0,-3.021287566,-3.020892441,0.000643583,42.463125,-3.023604872,0.000000000,-0.020609490,26.087384,1,1,1,1,1,-3.023604872,1,0
35.696673,3,1,1,1,2.355851423,2.358778869,-0.006445601,42.130694,2.360056911,-0.160941734,-0.123334819,20.201657,1,1,1,1,1,2.360056911,1,0,-1.905204870,-1.892718519,0.012186378,41.801772,-1.886941517,-0.472852891,0.019061451,26.176080,1,1,1,1,1,-1.886941517,1,0,-3.022050766,-3.021806883,0.000406515,42.476708,-3.023239714,0.000000000,-0.015245718,26.394706,1,1,1,1,1,-3.023239714,1,0
35.730175,3,1,1,1,2.351677543,2.359716374,-0.003051028,42.325189,2.361030638,0.314178083,-0.137691013,19.379107,1,1,1,1,1,2.361030638,1,0,-1.905204870,-1.865282548,0.039618798,40.230010,-1.907044940,-0.651262681,0.019635201,26.143207,1,1,1,1,1,-1.907044940,1,0,-3.022827693,-3.022765032,0.000120922,42.493072,-3.023952761,0.000000000,-0.006570907,26.891736,1,1,1,1,1,-3.023952761,1,0
35.763028,3,1,1,1,2.349220900,2.361258318,0.000534010,42.469403,2.361272839,0.158571873,-0.129765328,19.833216,1,1,1,1,1,2.361272839,1,0,-1.904186009,-1.881788326,0.022141922,41.231361,-1.920913303,0.000000000,0.021167032,26.055440,1,1,1,1,1,-1.920913303,1,0,-3.023417156,-3.023758148,-0.000359977,42.479375,-3.025046966,0.000000000,0.002686871,27.114275,1,1,1,1,1,-3.025046966,1,0
35.796366,3,1,1,1,2.349220900,2.361258318,0.000534010,42.469403,2.366811512,-0.000850963,-0.129765328,19.833216,1,1,1,1,1,2.366811512,1,0,-1.898191292,-1.926144636,-0.028154595,40.886861,-1.913957070,0.467478883,0.021298790,26.047890,1,1,1,1,1,-1.913957070,1,0,-3.023417156,-3.023758148,-0.000359977,42.479375,-3.025433783,0.000000000,0.002686871,27.114275,1,1,1,1,1,-3.025433783,1,0
35.834975,3,1,1,1,2.351170312,2.364146920,0.003884077,42.277459,2.367386557,0.000094248,-0.087937037,22.229800,1,1,1,1,1,2.367386557,1,0,-1.898975589,-1.946316035,-0.047489927,39.779028,-1.902253500,-0.157332672,0.020763331,26.078570,1,1,1,1,1,-1.902253500,1,0,-3.023983632,-3.024957387,-0.001030797,42.440940,-3.026197496,0.000000000,0.010518350,26.665564,1,1,1,1,1,-3.026197496,1,0
35.864361,3,1,1,1,2.358377128,2.361057889,-0.000607377,42.465200,2.363692012,0.000000000,-0.027198018,25.709889,1,1,1,1,1,2.363692012,1,0,-1.898975589,-1.895158633,0.003669358,42.289761,-1.913978577,-0.626983040,0.021433080,26.040196,1,1,1,1,1,-1.913978577,1,0,-3.024576211,-3.025246479,-0.000733634,42.457966,-3.026389622,0.137507919,0.014804418,26.419990,1,1,1,1,1,-3.026389622,1,0
35.897189,3,1,1,1,2.359364703,2.355604258,-0.006249107,42.141953,2.357669477,0.000000000,-0.019926019,26.126544,1,1,1,1,1,2.357669477,1,0,-1.904622887,-1.917592232,-0.013076752,41.750757,-1.940281847,-1.104286798,0.020325492,26.103656,1,1,1,1,1,-1.940281847,1,0,-3.025352998,-3.026309966,-0.001014558,42.441870,-3.027044020,0.000000000,0.017808904,26.247846,1,1,1,1,1,-3.027044020,1,0
35.929605,3,1,1,1,2.368385502,2.359357954,-0.004555839,42.238970,2.358547858,0.000000000,0.033055034,25.374307,1,1,1,1,1,2.358547858,1,0,-1.910301943,-1.930932870,-0.020747933,41.311231,-1.973897852,-0.954340701,0.019049617,26.176758,1,1,1,1,1,-1.973897852,1,0,-3.025352998,-3.025590173,-0.000294665,42.483117,-3.027151667,0.000000000,0.017814452,26.247528,1,1,1,1,1,-3.027151667,1,0
35.964633,3,1,1,1,2.374859628,2.365197103,0.000766471,42.456084,2.368601581,0.000000000,0.070922100,23.204684,1,1,1,1,1,2.368601581,1,0,-1.910301943,-1.905810775,0.004374314,42.249370,-1.999651070,-0.318912118,0.019356180,26.159194,1,1,1,1,1,-1.999651070,1,0,-3.026185142,-3.026675775,-0.000535238,42.469333,-3.027597366,0.000000000,0.020513722,26.092871,1,1,1,1,1,-3.027597366,1,0
35.997036,3,1,1,1,2.376801641,2.369199478,0.005459659,42.187185,2.368271596,0.158527954,0.086630494,22.304659,1,1,1,1,1,2.368271596,1,0,-1.924147959,-1.922676264,0.001287426,42.426236,-2.002225110,0.144357549,0.017028380,26.292567,1,1,1,1,1,-2.002225110,1,0,-3.026895220,-3.027749170,-0.000878100,42.449689,-3.028730730,0.000000000,0.022934576,25.954167,1,1,1,1,1,-3.028730730,1,0
36.037096,3,1,1,1,2.376801641,2.369199478,0.005459659,42.187185,2.372105049,0.306332490,0.086630494,22.304659,1,1,1,1,1,2.372105049,1,0,-1.949925308,-1.962701805,-0.013016299,41.754221,-1.983628999,0.777851634,0.013145952,26.515014,1,1,1,1,1,-1.983628999,1,0,-3.027475444,-3.029398847,-0.001923686,42.389781,-3.029532966,0.000000000,0.024017896,25.892097,1,1,1,1,1,-3.029532966,1,0
36.067799,3,1,1,1,2.378627107,2.375461793,0.011339405,41.850300,2.379370554,-0.170547970,0.096444273,21.742371,1,1,1,1,1,2.379370554,1,0,-1.981037509,-1.979680252,0.001126223,42.435472,-1.956790251,0.000000000,0.009336036,26.733306,1,1,1,1,1,-1.956790251,1,0,-3.027475444,-3.028713975,-0.001238616,42.429033,-3.029966344,0.000000000,0.024021048,25.891916,1,1,1,1,1,-3.029966344,1,0
36.097645,3,1,1,1,2.382843584,2.378036730,0.010697489,41.887079,2.377455486,0.155604247,0.106615637,21.159595,1,1,1,1,1,2.377455486,1,0,-1.981037509,-1.932170877,0.048609771,39.714865,-1.963610290,-0.462879921,0.010836534,26.647333,1,1,1,1,1,-1.963610290,1,0,-3.028161595,-3.029137664,-0.000950700,42.445529,-3.030101463,0.000000000,0.023641139,25.913684,1,1,1,1,1,-3.030101463,1,0
36.131564,3,1,1,1,2.382843584,2.378036730,0.010697489,41.887079,2.376898725,0.163646048,0.106615637,21.159595,1,1,1,1,1,2.376898725,1,0,-1.998125050,-1.977808858,0.020141329,41.345987,-1.984642127,-0.935410328,0.006180871,26.914083,1,1,1,1,1,-1.984642127,1,0,-3.028982127,-3.030881818,-0.001855893,42.393665,-3.030542040,0.000000000,0.022270327,25.992225,1,1,1,1,1,-3.030542040,1,0
36.164015,3,1,1,1,2.387313843,2.376666344,0.005286998,42.197077,2.380126944,0.165242370,0.113900654,20.742194,1,1,1,1,1,2.380126944,1,0,-1.992165109,-1.971890694,0.020131193,41.346568,-2.002027957,0.312311365,0.004855505,26.990021,1,1,1,1,1,-2.002027957,1,0,-3.028982127,-3.029511192,-0.000484918,42.472216,-3.030964281,0.000000000,0.022274013,25.992014,1,1,1,1,1,-3.030964281,1,0
36.196468,3,1,1,1,2.392560588,2.386517640,0.009746710,41.941555,2.391866993,0.629388243,0.118625555,20.471478,1,1,1,1,1,2.391866993,1,0,-1.991011360,-1.953179394,0.037673512,40.341467,-1.994299007,0.155216291,0.005548106,26.950338,1,1,1,1,1,-1.994299007,1,0,-3.029765585,-3.030455220,-0.000632899,42.463738,-3.031775484,0.000000000,0.020972429,26.066589,1,1,1,1,1,-3.031775484,1,0
36.230953,3,1,1,1,2.392560588,2.380062477,0.003302922,42.310756,2.392760569,0.316169680,0.119481412,20.422440,1,1,1,1,1,2.392760569,1,0,-1.983439942,-1.966758072,0.016506500,41.554247,-1.985504649,0.000000000,0.005915787,26.929271,1,1,1,1,1,-1.985504649,1,0,-3.030487316,-3.031494956,-0.000941489,42.446057,-3.032855961,0.000000000,0.019708243,26.139022,1,1,1,1,1,-3.032855961,1,0
36.262831,3,1,1,1,2.396068018,2.399829197,0.018071600,41.464574,2.400539826,0.327567426,0.115629322,20.643149,1,1,1,1,1,2.400539826,1,0,-1.981587799,-2.000802260,-0.019420013,41.387315,-1.990553270,-0.155412814,0.006824929,26.877182,1,1,1,1,1,-1.990553270,1,0,-3.031171707,-3.033276673,-0.002027544,42.383830,-3.033278279,0.000000000,0.019307318,26.161993,1,1,1,1,1,-3.033278279,1,0
36.297882,2,0,1,1,2.398730722,2.410369745,0.023727671,41.140505,2.415227043,0.478574815,0.107019096,21.136479,1,1,0,1,0,2.415227043,1,0,-1.984065670,-2.017212650,-0.033396536,40.586519,-2.002319515,-0.627535379,0.008760969,26.766255,1,1,1,1,1,-2.002319515,1,0,-3.031171707,-3.032617971,-0.001368712,42.421579,-3.033686531,0.000000000,0.019307824,26.161964,1,1,1,1,1,-3.033686531,1,0
36.330751,2,0,1,1,2.402785892,2.414520057,0.021255023,41.282177,2.422516940,0.003868903,0.094203050,21.870784,1,1,0,1,0,2.422516940,1,0,-1.984535842,-1.977583148,0.006672787,42.117677,-2.027817771,0.000000000,0.010339950,26.675786,1,1,1,1,1,-2.027817771,1,0,-3.032020229,-3.033229414,-0.001104216,42.436733,-3.033767400,0.000000000,0.021552509,26.033353,1,1,1,1,1,-3.033767400,1,0
36.363946,2,0,1,1,2.402785892,2.414520057,0.021255023,41.282177,2.416722203,0.000000000,0.094203050,21.870784,1,1,0,1,0,2.416722203,1,0,-1.990016405,-2.012180381,-0.022429429,41.214888,-2.034004466,0.006269692,0.009889976,26.701567,1,1,1,1,1,-2.034004466,1,0,-3.032753657,-3.034653958,-0.001765043,42.398870,-3.034804089,0.000000000,0.024471834,25.866088,1,1,1,1,1,-3.034804089,1,0
36.397550,2,0,1,1,2.411330543,2.422225101,0.017392055,41.503509,2.422208701,0.000000000,0.071087098,23.195230,1,1,0,1,0,2.422208701,1,0,-2.003747348,-2.011917296,-0.008410343,42.018123,-2.031348975,0.169165811,0.009893441,26.701369,1,1,1,1,1,-2.031348975,1,0,-3.032753657,-3.033347363,-0.000458042,42.473756,-3.034542300,0.000000000,0.024470935,25.866140,1,1,1,1,1,-3.034542300,1,0
36.446403,2,0,1,1,2.420438614,2.439196571,0.022186932,41.228782,2.433057909,0.155229313,0.039406564,25.010391,1,1,0,1,0,2.433057909,1,0,-2.021545779,-2.032947516,-0.011601206,41.835300,-2.025419140,0.003881061,0.010118246,26.688488,1,1,1,1,1,-2.025419140,1,0,-3.033533493,-3.034281215,-0.000575048,42.467052,-3.035560513,0.000000000,0.027723774,25.679766,1,1,1,1,1,-3.035560513,1,0
36.477228,2,0,1,1,2.425363164,2.452487390,0.028437736,40.870638,2.444726969,0.625052390,0.015336013,26.389532,1,1,0,1,0,2.444726969,1,0,-2.021545779,-2.011808495,0.009528680,41.954047,-2.032376769,-0.467541888,0.010708679,26.654659,1,1,1,1,1,-2.032376769,1,0,-3.034195729,-3.035267052,-0.000870468,42.450126,-3.036200239,0.000000000,0.029567432,25.574132,1,1,1,1,1,-3.036200239,1,0
36.496630,2,0,1,1,2.425363164,2.452487390,0.028437736,40.870638,2.447735640,0.153269933,0.015336013,26.389532,1,1,0,1,0,2.447735640,1,0,-2.032877819,-2.049093671,-0.016390863,41.560873,-2.045714323,-0.798502987,0.013554305,26.491617,1,1,1,1,1,-2.045714323,1,0,-3.034680302,-3.036587631,-0.001715933,42.401684,-3.036521508,0.000000000,0.027481541,25.693645,1,1,1,1,1,-3.036521508,1,0
36.529491,2,0,1,1,2.430355359,2.466486420,0.035933425,40.441166,2.459333319,0.622770824,-0.004120054,27.032159,1,1,0,1,0,2.459333319,1,0,-2.032877819,-2.028975050,0.003723265,42.286673,-2.060791300,-0.150457847,0.013984272,26.466981,1,1,1,1,1,-2.060791300,1,0,-3.034810256,-3.036286395,-0.001293042,42.425914,-3.037159281,0.000000000,0.026292441,25.761775,1,1,1,1,1,-3.037159281,1,0
36.563601,2,0,1,1,2.430355359,2.454101439,0.023578058,41.149077,2.463345818,0.477218307,-0.003262869,27.081272,1,1,0,1,0,2.463345818,1,0,-2.037514962,-2.025122604,0.012302934,41.795094,-2.072999212,-0.148956307,0.020873104,26.072280,1,1,1,1,1,-2.072999212,1,0,-3.035408601,-3.036295326,-0.000757715,42.456586,-3.036940333,0.161511603,0.019126838,26.172334,1,1,1,1,1,-3.036940333,1,0
36.596740,2,0,1,1,2.438168099,2.474815262,0.035998063,40.437463,2.465891456,0.002801452,-0.019561623,26.147423,1,1,0,1,0,2.465891456,1,0,-2.042457276,-2.061406676,-0.018836768,41.420733,-2.075309103,-0.004959931,0.028348784,25.643955,1,1,1,1,1,-2.075309103,1,0,-3.036222924,-3.037699888,-0.001420113,42.418634,-3.037770306,0.000000000,0.009024346,26.751164,1,1,1,1,1,-3.037770306,1,0
36.632575,2,0,1,1,2.450953899,2.485854701,0.036311037,40.419531,2.473379873,0.485039600,-0.034256123,25.305490,1,1,0,1,0,2.473379873,1,0,-2.053687485,-2.061431827,-0.007333049,42.079847,-2.064553954,0.306658933,0.034983127,25.263836,1,1,1,1,1,-2.064553954,1,0,-3.036222924,-3.036436950,-0.000157109,42.490998,-3.037706867,0.000000000,0.009022748,26.751256,1,1,1,1,1,-3.037706867,1,0
36.663700,2,0,1,1,2.466782543,2.502791392,0.042539544,40.062664,2.488164558,0.313223966,-0.046265390,24.617410,1,1,0,1,0,2.488164558,1,0,-2.053687485,-2.041988100,0.012120906,41.805523,-2.062392592,-0.161674039,0.034913411,25.267830,1,1,1,1,1,-2.062392592,1,0,-3.037060642,-3.037281101,-0.000215117,42.487675,-3.037976339,0.000000000,0.000888449,27.217317,1,1,1,1,1,-3.037976339,1,0
36.697925,2,0,1,1,2.468513600,2.498995778,0.037684309,40.340848,2.494539765,0.309393721,-0.048086952,24.513042,1,1,0,1,0,2.494539765,1,0,-2.065530403,-2.058108984,0.008023687,42.040277,-2.074277388,-0.632068336,0.037343299,25.128608,1,1,1,1,1,-2.074277388,1,0,-3.037618872,-3.037926594,-0.000323867,42.481444,-3.038840979,0.000000000,-0.002684207,27.114427,1,1,1,1,1,-3.038840979,1,0
36.730080,2,0,1,1,2.485291165,2.518610646,0.046208095,39.852471,2.501947100,0.155678357,-0.055659372,24.079174,1,1,0,1,0,2.501947100,1,0,-2.071462196,-2.087935487,-0.016004322,41.583020,-2.100224878,-1.102122869,0.035164195,25.253461,1,1,1,1,1,-2.100224878,1,0,-3.037618872,-3.037926594,-0.000323867,42.481444,-3.039361798,0.000000000,-0.002684207,27.114427,1,1,1,1,1,-3.039361798,1,0
36.763370,2,0,1,1,2.503459563,2.525430107,0.040022645,40.206871,2.514758446,0.167800710,-0.063701781,23.618378,1,1,0,1,0,2.514758446,1,0,-2.075090085,-2.080349764,-0.005145052,42.205210,-2.108845262,0.155499914,0.028288330,25.647419,1,1,1,1,1,-2.108845262,1,0,-3.038057960,-3.037972055,0.000057599,42.496700,-3.038955837,0.000000000,-0.004659100,27.001274,1,1,1,1,1,-3.038955837,1,0
36.796374,2,0,1,1,2.505018148,2.521180467,0.034748983,40.509030,2.515917627,0.160573414,-0.065562881,23.511745,1,1,0,1,0,2.515917627,1,0,-2.075090085,-2.061819543,0.013391225,41.732739,-2.106097321,0.156702123,0.028362887,25.643147,1,1,1,1,1,-2.106097321,1,0,-3.038536984,-3.038768612,-0.000272786,42.484370,-3.039167043,0.000000000,-0.006882943,26.873858,1,1,1,1,1,-3.039167043,1,0
36.835981,3,1,1,1,2.521895068,2.531683516,0.031620372,40.688286,2.515072985,0.147704131,-0.069948333,23.260477,1,1,1,1,1,2.515072985,1,0,-2.083322646,-2.075969943,0.007152148,42.090212,-2.100050357,-0.163326234,0.018301463,26.219625,1,1,1,1,1,-2.100050357,1,0,-3.039010749,-3.039507917,-0.000551449,42.468404,-3.039641753,0.000000000,-0.009581036,26.719268,1,1,1,1,1,-3.039641753,1,0
36.863148,3,1,1,1,2.538378045,2.539998519,0.028366678,40.874709,2.523125431,0.000000000,-0.081524538,22.597209,1,1,1,1,1,2.523125431,1,0,-2.094994943,-2.090048054,0.004735333,42.228685,-2.109659664,0.000000000,0.008734202,26.767788,1,1,1,1,1,-2.109659664,1,0,-3.039010749,-3.038892929,0.000063576,42.496357,-3.039805831,0.000000000,-0.009581266,26.719255,1,1,1,1,1,-3.039805831,1,0
36.896226,3,1,1,1,2.556004425,2.550951357,0.032078523,40.662036,2.530291839,0.474488514,-0.108420460,21.056186,1,1,1,1,1,2.530291839,1,0,-2.104107582,-2.121454345,-0.017387881,41.503748,-2.116862513,-0.475693378,0.001058381,27.207580,1,1,1,1,1,-2.116862513,1,0,-3.039342581,-3.040057656,-0.000776467,42.455512,-3.040577637,0.000000000,-0.011447150,26.612348,1,1,1,1,1,-3.040577637,1,0
36.929124,3,1,1,1,2.560486016,2.547487206,0.027674177,40.914386,2.533608867,0.000000000,-0.118754740,20.464076,1,1,1,1,1,2.533608867,1,0,-2.104107582,-2.103907441,0.000144018,42.491748,-2.127407961,-0.152289097,0.001762293,27.167249,1,1,1,1,1,-2.127407961,1,0,-3.039631388,-3.040524059,-0.000956141,42.445217,-3.040978221,0.000000000,-0.012286572,26.564252,1,1,1,1,1,-3.040978221,1,0
36.963257,3,1,1,1,2.582722103,2.545019103,0.020939889,41.300233,2.540505133,0.024874110,-0.167119110,17.693001,1,1,1,1,1,2.540505133,1,0,-2.110403118,-2.103719693,0.006776695,42.111724,-2.140118521,-0.166961591,-0.002617940,27.118224,1,1,1,1,1,-2.140118521,1,0,-3.039631388,-3.039295887,0.000272141,42.484407,-3.040520027,0.000000000,-0.012286354,26.564265,1,1,1,1,1,-3.040520027,1,0
36.996006,3,1,1,1,2.605209219,2.546814128,0.017262970,41.510905,2.537673482,0.000000000,-0.212223778,15.108694,1,1,1,1,1,2.537673482,1,0,-2.115835847,-2.114417149,0.001632210,42.406481,-2.141123843,-0.158546835,-0.006405469,26.901215,1,1,1,1,1,-2.141123843,1,0,-3.040067836,-3.039945361,0.000057256,42.496719,-3.040675064,0.000000000,-0.013049732,26.520527,1,1,1,1,1,-3.040675064,1,0
37.037377,3,1,1,1,2.605209219,2.541016640,0.011700160,41.829630,2.532498524,0.156200882,-0.214236687,14.993363,1,1,1,1,1,2.532498524,1,0,-2.124457109,-2.127984821,-0.003178834,42.317866,-2.140212615,0.000000000,-0.013425161,26.499016,1,1,1,1,1,-2.140212615,1,0,-3.040609716,-3.040702347,-0.000160491,42.490805,-3.041005773,0.000000000,-0.014096971,26.460524,1,1,1,1,1,-3.041005773,1,0
37.063631,3,1,1,1,2.619087357,2.540772942,0.004035210,42.268799,2.535952728,-0.152308245,-0.238258778,13.616999,1,1,1,1,1,2.535952728,1,0,-2.124457109,-2.110911344,0.013885378,41.704426,-2.143566801,0.000000000,-0.012841573,26.532453,1,1,1,1,1,-2.143566801,1,0,-3.040609716,-3.040091939,0.000449987,42.474218,-3.041129104,0.000000000,-0.014096622,26.460544,1,1,1,1,1,-3.041129104,1,0
37.097342,3,1,1,1,2.617041621,2.544082332,0.000652063,42.462640,2.536445351,0.000000000,-0.231651795,13.995551,1,1,1,1,1,2.536445351,1,0,-2.134251072,-2.142137404,-0.007634618,42.062569,-2.150745345,-0.474890104,-0.024366071,25.872148,1,1,1,1,1,-2.150745345,1,0,-3.040890987,-3.041065998,-0.000238743,42.486321,-3.041790621,0.000000000,-0.013667346,26.485140,1,1,1,1,1,-3.041790621,1,0
37.131364,3,1,1,1,2.599953147,2.539128718,-0.007981968,42.042667,2.535345907,0.000000000,-0.199972333,15.810650,1,1,1,1,1,2.535345907,1,0,-2.142228630,-2.155757826,-0.013899402,41.703623,-2.160295848,-0.472764565,-0.036113412,25.199075,1,1,1,1,1,-2.160295848,1,0,-3.041115622,-3.041491151,-0.000426327,42.475573,-3.042090315,0.000000000,-0.011302223,26.620651,1,1,1,1,1,-3.042090315,1,0
37.163341,3,1,1,1,2.599953147,2.527441166,-0.019500484,41.382705,2.535956946,-0.164364389,-0.203011555,15.636516,1,1,1,1,1,2.535956946,1,0,-2.148614443,-2.152955422,-0.005649119,42.176329,-2.175394798,-0.329616687,-0.044764037,24.703431,1,1,1,1,1,-2.175394798,1,0,-3.041115622,-3.040271483,0.000793436,42.454539,-3.042170032,0.000000000,-0.011301107,26.620715,1,1,1,1,1,-3.042170032,1,0
37.196476,3,1,1,1,2.566044444,2.521177568,-0.026761588,40.966674,2.529611011,0.000000000,-0.121683229,20.296286,1,1,1,1,1,2.529611011,1,0,-2.149333543,-2.140285674,0.007647811,42.061813,-2.178194483,0.143848768,-0.045727720,24.648216,1,1,1,1,1,-2.178194483,1,0,-3.041383200,-3.040807588,0.000542207,42.468934,-3.041649143,0.000000000,-0.007779235,26.822504,1,1,1,1,1,-3.041649143,1,0
37.236447,3,1,1,1,2.539498704,2.513737486,-0.025316431,41.049475,2.521415264,0.000000000,-0.022274143,25.992007,1,1,1,1,1,2.521415264,1,0,-2.157402309,-2.153075255,0.002236764,42.371843,-2.166817702,0.614902092,-0.048364462,24.497142,1,1,1,1,1,-2.166817702,1,0,-3.041788033,-3.041401313,0.000367994,42.478915,-3.042477986,0.000000000,-0.004540236,27.008085,1,1,1,1,1,-3.042477986,1,0
37.263136,3,1,1,1,2.539498704,2.507832346,-0.031222118,40.711104,2.522331005,-0.150080541,-0.022378949,25.986002,1,1,1,1,1,2.522331005,1,0,-2.168244189,-2.168211363,-0.001733359,42.400686,-2.171719446,-0.142024587,-0.038987688,25.034391,1,1,1,1,1,-2.171719446,1,0,-3.042056014,-3.041655884,0.000388888,42.477718,-3.041907182,0.000000000,-0.002775108,27.109219,1,1,1,1,1,-3.041907182,1,0
37.296359,3,1,1,1,2.529471527,2.506557816,-0.019811278,41.364897,2.520322440,0.000000000,0.047100312,24.569572,1,1,1,1,1,2.520322440,1,0,-2.168244189,-2.168211363,-0.001733359,42.400686,-2.181503836,-0.302711192,-0.038987688,25.034391,1,1,1,1,1,-2.181503836,1,0,-3.042056014,-3.041655884,0.000388888,42.477718,-3.041931292,0.000000000,-0.002775108,27.109219,1,1,1,1,1,-3.041931292,1,0
37.329811,3,1,1,1,2.526983375,2.499780541,-0.017826904,41.478594,2.517904063,-0.316294983,0.085298523,22.380976,1,1,1,1,1,2.517904063,1,0,-2.174469174,-2.178991957,-0.005097554,42.207932,-2.182404642,-0.313322251,-0.016237557,26.337878,1,1,1,1,1,-2.182404642,1,0,-3.042218606,-3.041985920,0.000225697,42.487069,-3.042738769,0.000000000,-0.001772637,27.166657,1,1,1,1,1,-3.042738769,1,0
37.362849,3,1,1,1,2.527736489,2.487899472,-0.028141738,40.887597,2.518235518,-0.153750581,0.098436721,21.628212,1,1,1,1,1,2.518235518,1,0,-2.177457819,-2.174291461,0.003423744,42.303834,-2.189762873,-0.316658826,0.012767274,26.536710,1,1,1,1,1,-2.189762873,1,0,-3.042247542,-3.041703364,0.000536525,42.469259,-3.042734461,0.000000000,-0.002056986,27.150365,1,1,1,1,1,-3.042734461,1,0
37.395822,3,1,1,1,2.527969505,2.481942025,-0.034252005,40.537505,2.510459657,0.000000000,0.099793245,21.550489,1,1,1,1,1,2.510459657,1,0,-2.177457819,-2.159141985,0.018572806,41.435857,-2.199779326,-0.156033027,0.012573284,26.547825,1,1,1,1,1,-2.199779326,1,0,-3.042247542,-3.041097400,0.001142498,42.434540,-3.042748697,0.000000000,-0.002055941,27.150424,1,1,1,1,1,-3.042748697,1,0
37.435163,3,1,1,1,2.530086532,2.476876568,-0.041398891,40.128018,2.503133909,-0.479734456,0.104619340,21.273975,1,1,1,1,1,2.503133909,1,0,-2.180056227,-2.169263260,0.011091526,41.864502,-2.200348448,0.000000000,0.037818528,25.101379,1,1,1,1,1,-2.200348448,1,0,-3.042294281,-3.041392867,0.000890213,42.448995,-3.042297205,0.160536673,-0.003294369,27.079468,1,1,1,1,1,-3.042297205,1,0
37.462742,3,1,1,1,2.530760735,2.472918354,-0.045029682,39.919989,2.502595815,-0.160052318,0.117475436,20.537374,1,1,1,1,1,2.502595815,1,0,-2.185861162,-2.182144015,0.003757608,42.284705,-2.192756128,0.000000000,0.054401201,24.151262,1,1,1,1,1,-2.192756128,1,0,-3.042446127,-3.041669544,0.000762165,42.456331,-3.042892221,0.000000000,-0.004687577,26.999643,1,1,1,1,1,-3.042892221,1,0
37.496167,3,1,1,1,2.530760735,2.466768962,-0.051182720,39.567446,2.500903579,0.164364279,0.118167157,20.497742,1,1,1,1,1,2.500903579,1,0,-2.193524522,-2.193832370,-0.000424902,42.475655,-2.194129996,0.000000000,0.061182922,23.762698,1,1,1,1,1,-2.194129996,1,0,-3.042630189,-3.041998528,0.000615635,42.464727,-3.042263340,0.000000000,-0.005694230,26.941966,1,1,1,1,1,-3.042263340,1,0
37.529846,3,1,1,1,2.528563307,2.468858739,-0.045264280,39.906548,2.498993054,-0.295019552,0.131320048,19.744137,1,1,1,1,1,2.498993054,1,0,-2.194050314,-2.195884520,-0.001963095,42.387523,-2.201279250,-0.473920279,0.061498771,23.744601,1,1,1,1,1,-2.201279250,1,0,-3.042630189,-3.041998528,0.000615635,42.464727,-3.042411276,0.000000000,-0.005694230,26.941966,1,1,1,1,1,-3.042411276,1,0
37.562952,3,1,1,1,2.522999867,2.466458241,-0.039759723,40.221936,2.499125205,-0.159880551,0.148822475,18.741321,1,1,1,1,1,2.499125205,1,0,-2.197886519,-2.202328365,-0.004661346,42.232925,-2.207803375,-0.454789346,0.062273358,23.700221,1,1,1,1,1,-2.207803375,1,0,-3.042677991,-3.042427123,0.000233971,42.486594,-3.042951692,0.000000000,-0.006414129,26.900719,1,1,1,1,1,-3.042951692,1,0
37.596335,3,1,1,1,2.517666853,2.458418791,-0.041656884,40.113236,2.487440228,-0.626622840,0.158201093,18.203966,1,1,1,1,1,2.487440228,1,0,-2.199926609,-2.197292825,0.002375375,42.363901,-2.222377505,-0.295582180,0.054514302,24.144782,1,1,1,1,1,-2.222377505,1,0,-3.042616335,-3.041962885,0.000636469,42.463533,-3.042896192,0.000000000,-0.006667623,26.886194,1,1,1,1,1,-3.042896192,1,0
37.631078,3,1,1,1,2.517245193,2.458813122,-0.040844717,40.159770,2.483989996,-0.311901120,0.158506269,18.186481,1,1,1,1,1,2.483989996,1,0,-2.199926609,-2.197292825,0.002375375,42.363901,-2.224163491,0.176806164,0.054514302,24.144782,1,1,1,1,1,-2.224163491,1,0,-3.042616335,-3.041962885,0.000636469,42.463533,-3.043016628,0.000000000,-0.006667623,26.886194,1,1,1,1,1,-3.043016628,1,0
37.663635,3,1,1,1,2.512324800,2.451362353,-0.044242651,39.965083,2.485329424,-0.156535823,0.159940283,18.104318,1,1,1,1,1,2.485329424,1,0,-2.202952516,-2.191789660,0.010957936,41.872157,-2.211326185,0.000000000,0.037454794,25.122220,1,1,1,1,1,-2.211326185,1,0,-3.042587483,-3.041643116,0.000929732,42.446730,-3.042356446,0.000000000,-0.005950953,26.927257,1,1,1,1,1,-3.042356446,1,0
37.697307,3,1,1,1,2.505613379,2.451313100,-0.039730247,40.223625,2.484068647,0.157555961,0.154530592,18.414270,1,1,1,1,1,2.484068647,1,0,-2.209839609,-2.201017020,0.008729798,41.999819,-2.212398231,0.000000000,0.015491084,26.380647,1,1,1,1,1,-2.212398231,1,0,-3.042675500,-3.041943441,0.000723805,42.458529,-3.042868231,0.000000000,-0.003463755,27.069763,1,1,1,1,1,-3.042868231,1,0
37.729418,3,1,1,1,2.505613379,2.445101828,-0.045988113,39.865075,2.481837547,-0.308084336,0.155122550,18.380354,1,1,1,1,1,2.481837547,1,0,-2.209839609,-2.187299060,0.022448090,41.213819,-2.219427185,-0.469916052,0.015664931,26.370687,1,1,1,1,1,-2.219427185,1,0,-3.042675500,-3.041337318,0.001329938,42.423800,-3.042367158,0.000000000,-0.003461915,27.069868,1,1,1,1,1,-3.042367158,1,0
37.762835,3,1,1,1,2.498390154,2.451970961,-0.034930065,40.498655,2.483029732,-0.179096165,0.142340275,19.112724,1,1,1,1,1,2.483029732,1,0,-2.216266242,-2.212009008,0.004290974,42.254145,-2.226364751,-0.315602262,-0.004754188,26.995826,1,1,1,1,1,-2.226364751,1,0,-3.042735628,-3.042123780,0.000611022,42.464991,-3.042262300,0.000000000,-0.000353652,27.247958,1,1,1,1,1,-3.042262300,1,0
37.796344,3,1,1,1,2.492948642,2.452219759,-0.032059699,40.663115,2.477510049,0.000000000,0.127767066,19.947707,1,1,1,1,1,2.477510049,1,0,-2.219098346,-2.222081781,-0.002856702,42.336323,-2.237113081,-0.176761648,-0.015102822,26.402893,1,1,1,1,1,-2.237113081,1,0,-3.042701518,-3.042282500,0.000424838,42.475659,-3.042772660,0.000000000,0.002500165,27.124972,1,1,1,1,1,-3.042772660,1,0
37.830830,3,1,1,1,2.492948642,2.439817073,-0.044535196,39.948321,2.470592415,-0.466180086,0.128623143,19.898658,1,1,1,1,1,2.470592415,1,0,-2.221385238,-2.215199374,0.006337656,42.136879,-2.235333599,0.295209713,-0.014615707,26.430803,1,1,1,1,1,-2.235333599,1,0,-3.042596246,-3.041828242,0.000777586,42.455448,-3.042821564,0.000000000,0.004111372,27.032657,1,1,1,1,1,-3.042821564,1,0
37.863392,3,1,1,1,2.488450252,2.440728736,-0.041481763,40.123270,2.471844467,-0.166247491,0.113113428,20.787299,1,1,1,1,1,2.471844467,1,0,-2.221385238,-2.202126393,0.019409872,41.387896,-2.224327782,-0.161600981,-0.014389662,26.443754,1,1,1,1,1,-2.224327782,1,0,-3.042596246,-3.041224502,0.001381337,42.420855,-3.042716528,0.000000000,0.004113221,27.032551,1,1,1,1,1,-3.042716528,1,0
37.896690,3,1,1,1,2.483286249,2.442417305,-0.036381715,40.415481,2.471283429,0.160895615,0.098951611,21.598711,1,1,1,1,1,2.471283429,1,0,-2.225966006,-2.209699746,0.016339193,41.563833,-2.229559636,0.000000000,-0.004832612,26.991333,1,1,1,1,1,-2.229559636,1,0,-3.042515492,-3.041400153,0.001118966,42.435888,-3.042262631,0.155922694,0.001587088,27.177288,1,1,1,1,1,-3.042262631,1,0
37.931882,3,1,1,1,2.478264809,2.443729240,-0.031144369,40.715559,2.470968778,0.000000000,0.088542900,22.195087,1,1,1,1,1,2.470968778,1,0,-2.230195742,-2.218196509,0.011753627,41.826567,-2.235772901,0.000000000,0.011032757,26.636091,1,1,1,1,1,-2.235772901,1,0,-3.042576724,-3.041692134,0.000863015,42.450553,-3.042642347,0.000000000,-0.010541831,26.664219,1,1,1,1,1,-3.042642347,1,0
37.963812,3,1,1,1,2.478264809,2.437420680,-0.037472710,40.352972,2.471926740,-0.145654995,0.088796235,22.180572,1,1,1,1,1,2.471926740,1,0,-2.230195742,-2.205400755,0.024544598,41.093698,-2.242763676,-0.468638099,0.011404997,26.614763,1,1,1,1,1,-2.242763676,1,0,-3.042576724,-3.041089450,0.001465737,42.416019,-3.041925549,0.000000000,-0.010539818,26.664334,1,1,1,1,1,-3.041925549,1,0
37.996407,3,1,1,1,2.474157767,2.445510258,-0.026150915,41.001663,2.466924028,0.000000000,0.078816504,22.752368,1,1,1,1,1,2.466924028,1,0,-2.232559208,-2.229142409,0.002555496,42.353581,-2.258331956,-0.335167692,0.027192982,25.710178,1,1,1,1,1,-2.258331956,1,0,-3.042623066,-3.041734105,0.000848305,42.451396,-3.041792429,0.000000000,-0.022446011,25.982159,1,1,1,1,1,-3.041792429,1,0
38.033156,3,1,1,1,2.471435651,2.448351707,-0.021470666,41.269821,2.460057683,-0.464448707,0.067523590,23.399404,1,1,1,1,1,2.460057683,1,0,-2.235787128,-2.242298973,-0.007916659,42.046409,-2.261360445,0.131128240,0.037004401,25.148025,1,1,1,1,1,-2.261360445,1,0,-3.042544310,-3.041840171,0.000650150,42.462749,-3.041807685,0.000000000,-0.033558891,25.345438,1,1,1,1,1,-3.041807685,1,0
38.063774,3,1,1,1,2.471435651,2.435434923,-0.034412794,40.528292,2.462221670,-0.152447307,0.067857196,23.380290,1,1,1,1,1,2.462221670,1,0,-2.242760094,-2.237847081,0.003374799,42.306638,-2.246970290,0.000000000,0.040133310,24.968752,1,1,1,1,1,-2.246970290,1,0,-3.042342937,-3.041326526,0.000956218,42.445213,-3.042256560,0.000000000,-0.040471795,24.949358,1,1,1,1,1,-3.042256560,1,0
38.097119,3,1,1,1,2.468362444,2.445883763,-0.021640753,41.260076,2.461865468,0.144033290,0.055112284,24.110520,1,1,1,1,1,2.461865468,1,0,-2.242760094,-2.237847081,0.003374799,42.306638,-2.249033394,0.000000000,0.040133310,24.968752,1,1,1,1,1,-2.249033394,1,0,-3.042293293,-3.041481885,0.000750130,42.457021,-3.041504999,0.000000000,-0.041515685,24.889548,1,1,1,1,1,-3.041504999,1,0
38.129880,3,1,1,1,2.465073805,2.441737474,-0.022904057,41.187694,2.460768478,0.000000000,0.046199639,24.621177,1,1,1,1,1,2.460768478,1,0,-2.252027810,-2.237420369,0.013596259,41.720992,-2.256024889,-0.468662258,0.030516402,25.519760,1,1,1,1,1,-2.256024889,1,0,-3.042122099,-3.040910227,0.001147911,42.434230,-3.041953889,0.000000000,-0.044489925,24.719136,1,1,1,1,1,-3.041953889,1,0
38.163993,3,1,1,1,2.465073805,2.435233055,-0.029415015,40.814644,2.460585591,-0.318056097,0.046273917,24.616921,1,1,1,1,1,2.460585591,1,0,-2.255794287,-2.248742184,0.007227543,42.085892,-2.262856119,-0.474173161,-0.008661218,26.771970,1,1,1,1,1,-2.262856119,1,0,-3.041960808,-3.041028069,0.000865098,42.450434,-3.041353472,0.000000000,-0.045843488,24.641583,1,1,1,1,1,-3.041353472,1,0
38.196262,3,1,1,1,2.462137863,2.438098959,-0.023846611,41.133690,2.458246471,0.152278604,0.038640895,25.054261,1,1,1,1,1,2.458246471,1,0,-2.255949316,-2.239687386,0.016536605,41.552522,-2.277305406,-0.303514717,-0.015100274,26.403039,1,1,1,1,1,-2.277305406,1,0,-3.041960808,-3.040414756,0.001479060,42.415256,-3.041199600,0.000000000,-0.045841133,24.641718,1,1,1,1,1,-3.041199600,1,0
38.231895,3,1,1,1,2.460241378,2.448756283,-0.011417830,41.845807,2.455814957,-0.315558295,0.031960908,25.436996,1,1,1,1,1,2.455814957,1,0,-2.257211675,-2.260341576,-0.003125681,42.320912,-2.279383036,0.163861294,-0.069611649,23.279767,1,1,1,1,1,-2.279383036,1,0,-3.041782111,-3.041176928,0.000535727,42.469305,-3.041763065,0.000000000,-0.044683290,24.708057,1,1,1,1,1,-3.041763065,1,0
38.264039,3,1,1,1,2.460241378,2.442182759,-0.017994661,41.468982,2.458086801,0.156470384,0.031988710,25.435403,1,1,1,1,1,2.458086801,1,0,-2.262704033,-2.268851101,-0.008322584,42.023151,-2.266692816,0.000000000,-0.117732768,20.522630,1,1,1,1,1,-2.266692816,1,0,-3.041633244,-3.041164472,0.000401433,42.477000,-3.041590022,0.000000000,-0.041669155,24.880754,1,1,1,1,1,-3.041590022,1,0
38.296495,3,1,1,1,2.458759268,2.438048032,-0.020714023,41.313174,2.455876071,0.000000000,0.027225158,25.708335,1,1,1,1,1,2.455876071,1,0,-2.262704033,-2.245714645,0.014973982,41.642054,-2.268309920,0.000000000,-0.117980273,20.508449,1,1,1,1,1,-2.268309920,1,0,-3.041633244,-3.039936205,0.001630775,42.406563,-3.040803192,0.000000000,-0.041664652,24.881012,1,1,1,1,1,-3.040803192,1,0
38.330028,3,1,1,1,2.457104141,2.448081330,-0.009078490,41.979841,2.453497428,0.133771230,0.022636913,25.971222,1,1,1,1,1,2.453497428,1,0,-2.271387537,-2.266188482,0.000437603,42.474927,-2.275364517,-0.470772466,-0.145874984,18.910200,1,1,1,1,1,-2.275364517,1,0,-3.041515473,-3.040685543,0.000768938,42.455943,-3.040773737,0.000000000,-0.035864504,25.213336,1,1,1,1,1,-3.040773737,1,0
38.362789,3,1,1,1,2.457104141,2.434711588,-0.022451661,41.213615,2.457499891,-0.174118752,0.022629143,25.971667,1,1,1,1,1,2.457499891,1,0,-2.277397488,-2.262938419,0.008505422,42.012675,-2.281017612,-0.307924665,-0.148957407,18.733590,1,1,1,1,1,-2.281017612,1,0,-3.041398785,-3.040201137,0.001144189,42.434443,-3.040593210,0.000000000,-0.029197352,25.595336,1,1,1,1,1,-3.040593210,1,0
38.396695,3,1,1,1,2.456037111,2.436042048,-0.020085157,41.349205,2.458050662,0.010020879,0.019398003,26.156797,1,1,1,1,1,2.458050662,1,0,-2.280240634,-2.271210668,0.003968311,42.272633,-2.291036336,-0.148914382,-0.130081292,19.815112,1,1,1,1,1,-2.291036336,1,0,-3.041208214,-3.040239557,0.000922815,42.447127,-3.040387530,0.000000000,-0.022912806,25.955414,1,1,1,1,1,-3.040387530,1,0
38.432776,3,1,1,1,2.455561752,2.438347160,-0.017320591,41.507603,2.451741957,0.000000000,0.016269135,26.336068,1,1,1,1,1,2.451741957,1,0,-2.280240634,-2.260051942,0.015216919,41.628135,-2.288427606,0.322693606,-0.130426171,19.795352,1,1,1,1,1,-2.288427606,1,0,-3.041208214,-3.039621821,0.001540719,42.411723,-3.040336989,0.000000000,-0.022910772,25.955531,1,1,1,1,1,-3.040336989,1,0
38.463375,3,1,1,1,2.455730807,2.448494132,-0.007337211,42.079609,2.445438432,0.000000000,0.013317307,26.505196,1,1,1,1,1,2.445438432,1,0,-2.282656234,-2.279927207,0.000106382,42.493905,-2.278769789,-0.158644633,-0.097307492,21.692913,1,1,1,1,1,-2.278769789,1,0,-3.040940592,-3.040249908,0.000657489,42.462329,-3.040723263,0.000000000,-0.014916819,26.413550,1,1,1,1,1,-3.040723263,1,0
38.496143,3,1,1,1,2.455730807,2.441712401,-0.014119428,41.691016,2.451111390,0.118600228,0.013277609,26.507470,1,1,1,1,1,2.451111390,1,0,-2.285440906,-2.288080295,-0.003328317,42.309301,-2.282837380,0.000000000,-0.065497570,23.515487,1,1,1,1,1,-2.282837380,1,0,-3.040663255,-3.040295227,0.000357266,42.479530,-3.040522513,0.000000000,-0.004312608,27.021127,1,1,1,1,1,-3.040522513,1,0
38.530604,3,1,1,1,2.454051125,2.437954205,-0.016161091,41.574038,2.449549426,0.000000000,0.009934656,26.699007,1,1,1,1,1,2.449549426,1,0,-2.285899004,-2.281603904,0.004330909,42.251857,-2.289877152,-0.470277555,-0.045382568,24.667992,1,1,1,1,1,-2.289877152,1,0,-3.040663255,-3.039057248,0.001595270,42.408598,-3.039823836,0.000000000,-0.004309109,27.021327,1,1,1,1,1,-3.039823836,1,0
38.562587,3,1,1,1,2.451292724,2.440223532,-0.011087960,41.864707,2.449327395,0.300752252,0.006205950,26.912646,1,1,1,1,1,2.449327395,1,0,-2.285807099,-2.275705819,0.010244018,41.913061,-2.293831510,-0.310350241,-0.040049945,24.973528,1,1,1,1,1,-2.293831510,1,0,-3.040490460,-3.039135579,0.001371537,42.421417,-3.040206013,0.000000000,0.006119961,26.917573,1,1,1,1,1,-3.040206013,1,0
38.595972,3,1,1,1,2.451292724,2.432942311,-0.018369315,41.447516,2.448839594,-0.309052387,0.006194881,26.913281,1,1,1,1,1,2.448839594,1,0,-2.285848357,-2.279573667,0.006518053,42.126543,-2.308737573,-0.470261643,-0.024925880,25.840073,1,1,1,1,1,-2.308737573,1,0,-3.040333642,-3.039239438,0.001136299,42.434895,-3.039351312,0.000000000,0.014550115,26.434561,1,1,1,1,1,-3.039351312,1,0
38.635257,3,1,1,1,2.448749781,2.436497360,-0.012249338,41.798165,2.452284083,0.000297556,0.001715538,27.169928,1,1,1,1,1,2.452284083,1,0,-2.288973233,-2.288077175,0.000989517,42.443305,-2.315776866,0.000292875,-0.006720837,26.883146,1,1,1,1,1,-2.315776866,1,0,-3.040333642,-3.038647037,0.001728770,42.400949,-3.039262084,0.000000000,0.014551560,26.434478,1,1,1,1,1,-3.039262084,1,0
38.665090,3,1,1,1,2.448065831,2.438303273,-0.009772203,41.940094,2.447314066,0.155299716,-0.001780017,27.166234,1,1,1,1,1,2.447314066,1,0,-2.288973233,-2.277956184,0.011108558,41.863527,-2.303244738,0.627461960,-0.006513408,26.895030,1,1,1,1,1,-2.303244738,1,0,-3.040105501,-3.038552774,0.001611515,42.407667,-3.039630717,0.000000000,0.019389845,26.157265,1,1,1,1,1,-3.039630717,1,0
38.696817,3,1,1,1,2.448592623,2.447528379,-0.001103383,42.436781,2.444827086,-0.319763631,-0.004861668,26.989668,1,1,1,1,1,2.444827086,1,0,-2.298550094,-2.296231033,0.002206104,42.373600,-2.299211564,-0.009024822,0.008714253,26.768931,1,1,1,1,1,-2.299211564,1,0,-3.039748673,-3.039126787,0.000700470,42.459866,-3.039380414,0.000000000,0.024470922,25.866141,1,1,1,1,1,-3.039380414,1,0
38.729707,3,1,1,1,2.448592623,2.433019556,-0.015611737,41.605513,2.445336802,0.313222458,-0.004725557,26.997467,1,1,1,1,1,2.445336802,1,0,-2.305898816,-2.290657477,0.015156840,41.631577,-2.298659399,-0.164545675,0.013445692,26.497840,1,1,1,1,1,-2.298659399,1,0,-3.039409594,-3.038443317,0.001067508,42.438836,-3.038614612,0.000000000,0.029022927,25.605330,1,1,1,1,1,-3.038614612,1,0
38.762948,3,1,1,1,2.448641508,2.436538761,-0.012183828,41.801918,2.447326581,0.000000000,-0.007675816,26.828429,1,1,1,1,1,2.447326581,1,0,-2.305898816,-2.280984548,0.024829844,41.077355,-2.305887415,-0.470706571,0.013567587,26.490856,1,1,1,1,1,-2.305887415,1,0,-3.039409594,-3.037827511,0.001683581,42.403538,-3.038956281,0.000000000,0.029024023,25.605267,1,1,1,1,1,-3.038956281,1,0
38.796289,3,1,1,1,2.447602672,2.439290805,-0.008435234,42.016697,2.445171715,0.149318626,-0.010084040,26.690448,1,1,1,1,1,2.445171715,1,0,-2.308556930,-2.287284862,0.021332637,41.277730,-2.305875266,-0.316587418,0.010514083,26.665809,1,1,1,1,1,-2.305875266,1,0,-3.039150185,-3.037759238,0.001516291,42.413123,-3.038079453,0.000000000,0.031912790,25.439753,1,1,1,1,1,-3.038079453,1,0
38.830312,3,1,1,1,2.447602672,2.431781399,-0.015944344,41.586456,2.450011244,-0.152757885,-0.009983318,26.696219,1,1,1,1,1,2.450011244,1,0,-2.306473827,-2.292736011,0.013834958,41.707315,-2.320863095,-0.468393982,0.005427527,26.957247,1,1,1,1,1,-2.320863095,1,0,-3.038881892,-3.037656153,0.001373353,42.421313,-3.037777753,0.000000000,0.032904164,25.382951,1,1,1,1,1,-3.037777753,1,0
38.863016,3,1,1,1,2.446441013,2.435503440,-0.011099023,41.864073,2.444096365,-0.154970870,-0.012065951,26.576893,1,1,1,1,1,2.444096365,1,0,-2.304403703,-2.300291991,0.004264671,42.255652,-2.327087593,0.154416834,0.005716059,26.940715,1,1,1,1,1,-2.327087593,1,0,-3.038539297,-3.037509574,0.001193613,42.431611,-3.038201227,0.000000000,0.032804429,25.388666,1,1,1,1,1,-3.038201227,1,0
38.898755,3,1,1,1,2.446095845,2.445634343,-0.000643278,42.463143,2.438986998,-0.307136015,-0.013478234,26.495975,1,1,1,1,1,2.438986998,1,0,-2.304403703,-2.300291991,0.004264671,42.255652,-2.315390246,0.625561799,0.005716059,26.940715,1,1,1,1,1,-2.315390246,1,0,-3.038539297,-3.037509574,0.001193613,42.431611,-3.037890842,0.000000000,0.032804429,25.388666,1,1,1,1,1,-3.037890842,1,0
38.929906,3,1,1,1,2.446095845,2.438128026,-0.008149474,42.033070,2.442773829,0.015938572,-0.013368756,26.502248,1,1,1,1,1,2.442773829,1,0,-2.307841072,-2.303736021,0.004458440,42.244550,-2.308925813,0.160576445,0.012046161,26.578027,1,1,1,1,1,-2.308925813,1,0,-3.038085587,-3.037415067,0.000844061,42.451639,-3.037662509,0.000000000,0.031976310,25.436114,1,1,1,1,1,-3.037662509,1,0
38.963098,3,1,1,1,2.445194858,2.434388279,-0.011002228,41.869619,2.444664662,0.320557810,-0.014420129,26.442009,1,1,1,1,1,2.444664662,1,0,-2.314857553,-2.301178655,0.014413926,41.674143,-2.313802810,-0.461277300,0.024612827,25.858010,1,1,1,1,1,-2.313802810,1,0,-3.037758918,-3.036606784,0.001326491,42.423998,-3.036709197,0.000000000,0.030874895,25.499220,1,1,1,1,1,-3.036709197,1,0
38.998296,3,1,1,1,2.443353897,2.438428501,-0.005134244,42.205829,2.447228360,-0.149051481,-0.015656269,26.371183,1,1,1,1,1,2.447228360,1,0,-2.314857553,-2.292069717,0.023522980,41.152233,-2.320572117,0.010616368,0.024395419,25.870467,1,1,1,1,1,-2.320572117,1,0,-3.037758918,-3.035964176,0.001969413,42.387161,-3.036983738,0.000000000,0.030874527,25.499241,1,1,1,1,1,-3.036983738,1,0
39.031183,3,1,1,1,2.442555544,2.440195314,-0.002592022,42.351488,2.443684792,-0.299265634,-0.017062717,26.290599,1,1,1,1,1,2.443684792,1,0,-2.317118614,-2.299198976,0.019068881,41.407434,-2.317781047,0.171830557,0.038879254,25.040604,1,1,1,1,1,-2.317781047,1,0,-3.037466949,-3.035758271,0.001879655,42.392304,-3.036056651,0.000000000,0.029344485,25.586906,1,1,1,1,1,-3.036056651,1,0
39.062555,3,1,1,1,2.442555544,2.432673936,-0.010113689,41.920528,2.446076552,0.135408078,-0.016953017,26.296885,1,1,1,1,1,2.446076552,1,0,-2.316369134,-2.302434143,0.015355664,41.620185,-2.312450203,-0.161197067,0.048844592,24.469632,1,1,1,1,1,-2.312450203,1,0,-3.037044347,-3.035595096,0.001613134,42.407574,-3.035691761,0.000000000,0.027126329,25.713997,1,1,1,1,1,-3.035691761,1,0
39.095997,3,1,1,1,2.442896482,2.443367988,0.000139956,42.491981,2.442981496,-0.339954977,-0.020435972,26.097326,1,1,1,1,1,2.442981496,1,0,-2.314944415,-2.314153646,0.002409756,42.361931,-2.308231184,0.000000000,0.059339824,23.868300,1,1,1,1,1,-2.308231184,1,0,-3.036519573,-3.035970394,0.000705831,42.459559,-3.035928963,0.000000000,0.025173392,25.825892,1,1,1,1,1,-3.035928963,1,0
39.130225,3,1,1,1,2.443540657,2.446704556,0.002570070,42.352746,2.444312166,0.001357671,-0.026513278,25.749122,1,1,1,1,1,2.444312166,1,0,-2.314944415,-2.305667915,0.010908360,41.874997,-2.313787106,-0.146732263,0.059154411,23.878923,1,1,1,1,1,-2.313787106,1,0,-3.036519573,-3.035335360,0.001341075,42.423162,-3.035596703,0.000000000,0.025172598,25.825938,1,1,1,1,1,-3.035596703,1,0
39.163701,3,1,1,1,2.443784578,2.442475631,-0.002326397,42.366707,2.444300184,0.010978138,-0.033651001,25.340161,1,1,1,1,1,2.444300184,1,0,-2.312642148,-2.300685350,0.013699988,41.715049,-2.311855497,0.170609530,0.071815783,23.153480,1,1,1,1,1,-2.311855497,1,0,-3.035999724,-3.034386180,0.001762963,42.398990,-3.035171701,0.000000000,0.023545378,25.919170,1,1,1,1,1,-3.035171701,1,0
39.196777,3,1,1,1,2.443763292,2.435851797,-0.008980937,41.985430,2.448195801,0.315202683,-0.034221279,25.307486,1,1,1,1,1,2.448195801,1,0,-2.310511359,-2.303495715,0.008639872,42.004972,-2.315540832,-0.307287173,0.096107594,21.761662,1,1,1,1,1,-2.315540832,1,0,-3.035502300,-3.034101131,0.001539486,42.411794,-3.034455907,0.163038307,0.021872805,26.015002,1,1,1,1,1,-3.034455907,1,0
39.238690,3,1,1,1,2.443352014,2.438226756,-0.006585665,42.122669,2.459177232,-0.000282508,-0.039882993,24.983094,1,1,1,1,1,2.459177232,1,0,-2.310653952,-2.307735064,0.002790987,42.340088,-2.326266588,0.011192646,0.158314458,18.197471,1,1,1,1,1,-2.326266588,1,0,-3.035502300,-3.033435758,0.002205025,42.373661,-3.033692235,0.000000000,0.021871851,26.015056,1,1,1,1,1,-3.033692235,1,0
39.263155,3,1,1,1,2.443737332,2.442451608,-0.003048381,42.325341,2.452193646,-0.468397186,-0.044452062,24.721306,1,1,1,1,1,2.452193646,1,0,-2.310653952,-2.299557619,0.011071896,41.865627,-2.318902233,0.481127124,0.158356607,18.195056,1,1,1,1,1,-2.318902233,1,0,-3.035189015,-3.033057438,0.002259222,42.370556,-3.033228444,0.000000000,0.020518744,26.092584,1,1,1,1,1,-3.033228444,1,0
39.295904,3,1,1,1,2.446906380,2.446891364,-0.001900484,42.391110,2.451433303,0.313551744,-0.047183009,24.564834,1,1,1,1,1,2.451433303,1,0,-2.319202217,-2.304689036,0.007014467,42.098101,-2.316566896,-0.311819297,0.255308607,12.640115,1,1,1,1,1,-2.316566896,1,0,-3.034751730,-3.032674071,0.002195424,42.374211,-3.032742028,0.000000000,0.019445885,26.154054,1,1,1,1,1,-3.032742028,1,0
39.330887,3,1,1,1,2.447329098,2.448293969,-0.000923468,42.447089,2.451281305,-0.321076094,-0.047418324,24.551351,1,1,1,1,1,2.451281305,1,0,-2.330783175,-2.314704870,-0.001866295,42.393069,-2.318872821,0.157443633,0.325813209,8.600499,1,1,1,1,1,-2.318872821,1,0,-3.034058749,-3.032937521,0.001232986,42.429355,-3.032292004,0.000000000,0.019012079,26.178909,1,1,1,1,1,-3.032292004,1,0
39.363491,3,1,1,1,2.450763864,2.444954293,-0.007544864,42.067711,2.453639289,0.007235041,-0.046870846,24.582719,1,1,1,1,1,2.453639289,1,0,-2.330783175,-2.298329017,0.015394961,41.617934,-2.314693778,0.154633934,0.326721567,8.548454,1,1,1,1,1,-2.314693778,1,0,-3.034058749,-3.031596548,0.002574217,42.352508,-3.032440111,0.000000000,0.019010598,26.178994,1,1,1,1,1,-3.032440111,1,0
39.397112,3,1,1,1,2.453076564,2.451417772,-0.002731713,42.343484,2.452983633,0.159777507,-0.040208014,24.964472,1,1,1,1,1,2.452983633,1,0,-2.344248536,-2.302046375,0.013096993,41.749598,-2.319412324,-0.457197660,0.383378207,5.302268,1,1,1,1,1,-2.319412324,1,0,-3.033280922,-3.031166224,0.002223257,42.372617,-3.031910226,0.000000000,0.018952017,26.182351,1,1,1,1,1,-3.031910226,1,0
39.433866,3,1,1,1,2.453076564,2.443159325,-0.010993633,41.870111,2.456662878,0.316108844,-0.039979292,24.977576,1,1,1,1,1,2.456662878,1,0,-2.353781447,-2.305994019,0.009883290,41.933729,-2.326057277,0.016503556,0.410286716,3.760524,1,1,1,1,1,-2.326057277,1,0,-3.032586414,-3.030684520,0.002006484,42.385037,-3.031309934,0.151150301,0.018915690,26.184432,1,1,1,1,1,-3.031309934,1,0
39.463048,3,1,1,1,2.453683742,2.446078268,-0.008057268,42.038353,2.462016949,-0.311728050,-0.030850679,25.500607,1,1,1,1,1,2.462016949,1,0,-2.359631332,-2.309967749,0.007226452,42.085955,-2.321775018,-0.152833880,0.416792412,3.387775,1,1,1,1,1,-2.321775018,1,0,-3.032073106,-3.030170404,0.002000708,42.385368,-3.030863035,0.000000000,0.018553558,26.205181,1,1,1,1,1,-3.030863035,1,0
39.496100,3,1,1,1,2.454413465,2.451801458,-0.002581170,42.352110,2.461415948,0.154654088,-0.018616399,26.201580,1,1,1,1,1,2.461415948,1,0,-2.359631332,-2.302009979,0.015889704,41.589587,-2.331863386,-0.307747982,0.417564167,3.343557,1,1,1,1,1,-2.331863386,1,0,-3.032073106,-3.029496022,0.002675214,42.346722,-3.029624224,0.000000000,0.018553128,26.205205,1,1,1,1,1,-3.029624224,1,0
39.529677,3,1,1,1,2.456705296,2.465778453,0.009211870,41.972199,2.459045893,-0.313648458,-0.008715602,26.768854,1,1,1,1,1,2.459045893,1,0,-2.365273523,-2.316935067,0.003099052,42.322437,-2.334025937,0.163616282,0.415149539,3.481905,1,1,1,1,1,-2.334025937,1,0,-3.031500278,-3.029676594,0.001909662,42.390584,-3.029087044,0.000000000,0.017520373,26.264378,1,1,1,1,1,-3.029087044,1,0
39.562728,3,1,1,1,2.456705296,2.449277681,-0.007287731,42.082444,2.464706891,0.158071433,-0.008960538,26.754820,1,1,1,1,1,2.464706891,1,0,-2.371287116,-2.316819990,0.008551450,42.010038,-2.321004177,0.000000000,0.410870842,3.727056,1,1,1,1,1,-2.321004177,1,0,-3.030693274,-3.028437521,0.002274224,42.369697,-3.029217700,0.000000000,0.007171683,26.857314,1,1,1,1,1,-3.029217700,1,0
39.596209,3,1,1,1,2.459713776,2.456371070,-0.003260938,42.313162,2.466246370,0.160867812,-0.003122321,27.089325,1,1,1,1,1,2.466246370,1,0,-2.371828134,-2.310369026,0.016136256,41.575461,-2.322164345,0.000000000,0.410829778,3.729409,1,1,1,1,1,-2.322164345,1,0,-3.030693274,-3.027740637,0.002971131,42.329767,-3.028684549,0.000000000,0.007173076,26.857234,1,1,1,1,1,-3.028684549,1,0
39.631613,3,1,1,1,2.462183767,2.462496528,0.000313938,42.482013,2.465646251,0.010169555,-0.000028829,27.266569,1,1,1,1,1,2.465646251,1,0,-2.373817614,-2.317495982,0.012325392,41.793807,-2.329159547,-0.468786477,0.398934438,4.410962,1,1,1,1,1,-2.329159547,1,0,-3.029605848,-3.027170669,0.002619159,42.349933,-3.028217352,0.000000000,-0.031350520,25.471969,1,1,1,1,1,-3.028217352,1,0
39.663768,3,1,1,1,2.462183767,2.454178683,-0.007999260,42.041676,2.473208307,0.054064940,-0.000306834,27.250641,1,1,1,1,1,2.473208307,1,0,-2.368881821,-2.327472968,0.002152184,42.376689,-2.333813050,-0.467914292,0.373383056,5.874948,1,1,1,1,1,-2.333813050,1,0,-3.027698493,-3.026612037,0.002810275,42.338983,-3.027215787,0.000000000,-0.090882085,22.061061,1,1,1,1,1,-3.027215787,1,0
39.697655,3,1,1,1,2.464132843,2.466049258,0.001833807,42.394931,2.467890798,-0.412283268,0.002076454,27.149249,1,1,1,1,1,2.467890798,1,0,-2.368881821,-2.327472968,0.002152184,42.376689,-2.348875109,-0.294407758,0.373383056,5.874948,1,1,1,1,1,-2.348875109,1,0,-3.022782569,-3.026927726,0.003074665,42.323835,-3.027068470,0.000000000,-0.182375024,16.818902,1,1,1,1,1,-3.027068470,1,0
39.729738,3,1,1,1,2.466603515,2.470562464,0.003809694,42.281721,2.463796279,0.000000000,0.003285672,27.079966,1,1,1,1,1,2.463796279,1,0,-2.361618333,-2.336738299,-0.007971587,42.043262,-2.350767815,0.164969099,0.340266181,7.772405,1,1,1,1,1,-2.350767815,1,0,-3.022782569,-3.026223809,0.003789773,42.282862,-3.026873954,0.000000000,-0.182344249,16.820665,1,1,1,1,1,-3.026873954,1,0
39.762561,3,1,1,1,2.468797201,2.466850117,-0.002037427,42.383264,2.474730593,0.311685324,0.001698942,27.170879,1,1,1,1,1,2.474730593,1,0,-2.358427349,-2.338416037,-0.005883134,42.162921,-2.339210078,0.000000000,0.302946547,9.910663,1,1,1,1,1,-2.339210078,1,0,-3.015301507,-3.025387230,0.005287135,42.197069,-3.026798613,0.000000000,-0.260749223,12.328391,1,1,1,1,1,-3.026798613,1,0
39.796565,3,1,1,1,2.468797201,2.458332593,-0.010544066,41.895869,2.476998229,-0.160959154,0.001268253,27.195556,1,1,1,1,1,2.476998229,1,0,-2.359450940,-2.349115399,-0.009939897,41.930486,-2.342290051,0.000000000,0.264768276,12.098116,1,1,1,1,1,-2.342290051,1,0,-3.009595724,-3.025396622,0.004664075,42.232768,-3.027553860,0.000000000,-0.296052952,10.305636,1,1,1,1,1,-3.027553860,1,0
39.837237,3,1,1,1,2.469675197,2.462347655,-0.007226808,42.085934,2.474432665,0.322340805,-0.002048422,27.150855,1,1,1,1,1,2.474432665,1,0,-2.359596933,-2.343184230,-0.002920056,42.332693,-2.349772739,0.000000000,0.260191295,12.360358,1,1,1,1,1,-2.349772739,1,0,-3.009595724,-3.024673234,0.005418457,42.189545,-3.028002275,0.000000000,-0.296001630,10.308577,1,1,1,1,1,-3.028002275,1,0
39.862869,3,1,1,1,2.471421589,2.466929968,-0.004141287,42.262722,2.484544168,0.156310052,-0.006387997,26.902216,1,1,1,1,1,2.484544168,1,0,-2.359673092,-2.352700850,-0.008124588,42.034495,-2.356838810,-0.471155143,0.227010275,14.261490,1,1,1,1,1,-2.356838810,1,0,-3.004861480,-3.025117098,0.003281942,42.311959,-3.028307477,0.000000000,-0.311707061,9.408722,1,1,1,1,1,-3.028307477,1,0
39.896534,3,1,1,1,2.471421589,2.458278983,-0.012779483,41.767790,2.482138692,-0.316232685,-0.006861697,26.875075,1,1,1,1,1,2.482138692,1,0,-2.358366581,-2.366038011,-0.018491006,41.440543,-2.371544467,-0.310011515,0.188894911,16.445340,1,1,1,1,1,-2.371544467,1,0,-3.003145676,-3.025956478,0.000663141,42.462005,-3.028278636,0.152934788,-0.307594436,9.644358,1,1,1,1,1,-3.028278636,1,0
39.929237,3,1,1,1,2.474877164,2.472590247,-0.001709305,42.402064,2.465670679,-0.785723224,-0.010325098,26.676637,1,1,1,1,1,2.465670679,1,0,-2.358366581,-2.366038011,-0.018491006,41.440543,-2.373773026,0.161539155,0.188894911,16.445340,1,1,1,1,1,-2.373773026,1,0,-3.004650669,-3.027730655,-0.001945395,42.388537,-3.028981917,0.000000000,-0.291067422,10.591286,1,1,1,1,1,-3.028981917,1,0
39.964060,3,1,1,1,2.478262631,2.473771634,-0.003828936,42.280618,2.473013393,0.154212081,-0.012171985,26.570818,1,1,1,1,1,2.473013393,1,0,-2.358809254,-2.380113736,-0.028562707,40.863477,-2.368360580,-0.153320607,0.151517404,18.586913,1,1,1,1,1,-2.368360580,1,0,-3.004650669,-3.027033650,-0.001219714,42.430116,-3.029649870,0.000000000,-0.291016749,10.594190,1,1,1,1,1,-3.029649870,1,0
39.996512,3,1,1,1,2.478961536,2.468112046,-0.010149042,41.918503,2.473317769,0.000000000,-0.014016813,26.465117,1,1,1,1,1,2.473317769,1,0,-2.364267269,-2.389899687,-0.029467238,40.811652,-2.377638279,0.000000000,0.107490885,21.109447,1,1,1,1,1,-2.377638279,1,0,-3.009167795,-3.028071574,-0.001813728,42.396081,-3.030390335,0.000000000,-0.261902659,12.262304,1,1,1,1,1,-3.030390335,1,0
40.037365,3,1,1,1,2.478961536,2.459509604,-0.018741745,41.426177,2.472976126,0.000458751,-0.014443936,26.440645,1,1,1,1,1,2.472976126,1,0,-2.369072076,-2.404366644,-0.036476722,40.410038,-2.384774415,-0.473485294,0.060052555,23.827463,1,1,1,1,1,-2.384774415,1,0,-3.015558537,-3.030411844,-0.002553254,42.353709,-3.032388273,0.000000000,-0.222650528,14.511286,1,1,1,1,1,-3.032388273,1,0
40.063892,3,1,1,1,2.476419631,2.461782564,-0.013919453,41.702474,2.471890308,0.000000000,-0.015913645,26.356436,1,1,1,1,1,2.471890308,1,0,-2.369072076,-2.394774873,-0.026871678,40.960366,-2.397482488,-0.315374041,0.060337372,23.811144,1,1,1,1,1,-2.397482488,1,0,-3.015558537,-3.029756477,-0.001882433,42.392145,-3.033340949,0.000000000,-0.222612442,14.513468,1,1,1,1,1,-3.033340949,1,0
40.101568,3,1,1,1,2.473616522,2.462453886,-0.010409963,41.903553,2.477528856,0.165817816,-0.018096747,26.231354,1,1,1,1,1,2.477528856,1,0,-2.374923708,-2.411353683,-0.036570818,40.404646,-2.403147890,0.000000000,-0.014336626,26.446793,1,1,1,1,1,-2.403147890,1,0,-3.020319026,-3.031411325,-0.002146290,42.377027,-3.034166071,0.000000000,-0.189981179,16.383101,1,1,1,1,1,-3.034166071,1,0
40.130206,3,1,1,1,2.473616522,2.462453886,-0.010409963,41.903553,2.475469722,-0.303620039,-0.018096747,26.231354,1,1,1,1,1,2.475469722,1,0,-2.385412420,-2.438205983,-0.057556058,39.202281,-2.409804238,-0.457291295,-0.100391434,21.516216,1,1,1,1,1,-2.409804238,1,0,-3.026485417,-3.034254105,-0.003971220,42.272466,-3.035040604,0.000000000,-0.139813256,19.257512,1,1,1,1,1,-3.035040604,1,0
40.162769,3,1,1,1,2.472253546,2.462922499,-0.008503182,42.012804,2.458807075,0.000000000,-0.021333590,26.045896,1,1,1,1,1,2.458807075,1,0,-2.402999739,-2.457222799,-0.069748512,38.503705,-2.414578520,-0.318284915,-0.182434903,16.815471,1,1,1,1,1,-2.414578520,1,0,-3.032027028,-3.036502768,-0.005434624,42.188619,-3.035814353,0.000000000,-0.074426946,23.003871,1,1,1,1,1,-3.035814353,1,0
40.197190,3,1,1,1,2.472759507,2.455516139,-0.016205926,41.571469,2.464362223,0.170344065,-0.027815367,25.674518,1,1,1,1,1,2.464362223,1,0,-2.402999739,-2.436760331,-0.048995535,39.692763,-2.430823161,0.000000000,-0.183967171,16.727679,1,1,1,1,1,-2.430823161,1,0,-3.032027028,-3.035304430,-0.004232922,42.257471,-3.036424405,0.000000000,-0.074431889,23.003588,1,1,1,1,1,-3.036424405,1,0
40.237162,3,1,1,1,2.472759507,2.446350995,-0.025368678,41.046482,2.458435061,-0.463922820,-0.028146401,25.655551,1,1,1,1,1,2.458435061,1,0,-2.425525974,-2.457333139,-0.059887908,39.068676,-2.443179322,-0.623041126,-0.248399773,13.035963,1,1,1,1,1,-2.443179322,1,0,-3.034000910,-3.037691992,-0.003752684,42.284987,-3.037178740,0.000000000,-0.000715235,27.227241,1,1,1,1,1,-3.037178740,1,0
40.263330,3,1,1,1,2.471119997,2.446877681,-0.022816655,41.192702,2.460504650,0.319308006,-0.037350104,25.128218,1,1,1,1,1,2.460504650,1,0,-2.447472925,-2.475193264,-0.066687943,38.679062,-2.456982593,-0.156586513,-0.288290822,10.750374,1,1,1,1,1,-2.456982593,1,0,-3.032273813,-3.039051916,-0.001789165,42.397488,-3.037903081,0.000000000,0.043024210,24.803115,1,1,1,1,1,-3.037903081,1,0
40.296564,3,1,1,1,2.467423152,2.447268686,-0.018205078,41.456926,2.460013312,-0.315484876,-0.048710088,24.477339,1,1,1,1,1,2.460013312,1,0,-2.472014751,-2.495298608,-0.071401955,38.408969,-2.468690508,-0.626365968,-0.313701737,9.294436,1,1,1,1,1,-2.468690508,1,0,-3.028614206,-3.040235154,-0.000006551,42.499625,-3.037260039,0.000000000,0.074188617,23.017526,1,1,1,1,1,-3.037260039,1,0
40.331891,3,1,1,1,2.464307442,2.445663592,-0.016343049,41.563612,2.460923521,-0.145734383,-0.057142773,23.994181,1,1,1,1,1,2.460923521,1,0,-2.472014751,-2.484647475,-0.060310592,39.044458,-2.479207908,0.310211336,-0.315188522,9.209249,1,1,1,1,1,-2.479207908,1,0,-3.028614206,-3.039693182,0.000531425,42.469552,-3.036976844,0.000000000,0.074111414,23.021950,1,1,1,1,1,-3.036976844,1,0
40.363421,3,1,1,1,2.464307442,2.445663592,-0.016343049,41.563612,2.453083205,0.000000000,-0.057142773,23.994181,1,1,1,1,1,2.453083205,1,0,-2.491715917,-2.518886639,-0.069490419,38.518492,-2.483689912,-0.311902518,-0.300059396,10.076084,1,1,1,1,1,-2.483689912,1,0,-3.023987393,-3.040780103,-0.000224701,42.487126,-3.036296573,0.000000000,0.090356091,22.091198,1,1,1,1,1,-3.036296573,1,0
40.396746,3,1,1,1,2.462118714,2.444068696,-0.015576035,41.607559,2.445991177,-0.472019725,-0.063694347,23.618804,1,1,1,1,1,2.445991177,1,0,-2.497721137,-2.534094616,-0.062079964,38.943080,-2.485634709,-0.156689274,-0.254396639,12.692367,1,1,1,1,1,-2.485634709,1,0,-3.019397561,-3.040333921,-0.001312334,42.424809,-3.035344017,0.000000000,0.101006303,21.480986,1,1,1,1,1,-3.035344017,1,0
40.448649,3,1,1,1,2.460288141,2.433107668,-0.024771728,41.080685,2.440280947,-0.307897160,-0.067852953,23.380533,1,1,1,1,1,2.440280947,1,0,-2.497593274,-2.541369307,-0.051808624,39.531584,-2.513086992,-0.941801694,-0.186347246,16.591310,1,1,1,1,1,-2.513086992,1,0,-3.013192602,-3.038520090,-0.001669502,42.404345,-3.033528239,0.000000000,0.118094807,20.501887,1,1,1,1,1,-3.033528239,1,0
40.465719,3,1,1,1,2.456643729,2.430815454,-0.023600425,41.147795,2.440630419,-0.146940802,-0.069556489,23.282928,1,1,1,1,1,2.440630419,1,0,-2.497593274,-2.530212970,-0.040457808,40.181938,-2.520995693,-0.154293040,-0.186635505,16.574794,1,1,1,1,1,-2.520995693,1,0,-3.013192602,-3.037968581,-0.001123720,42.435616,-3.032836052,0.000000000,0.117992441,20.507752,1,1,1,1,1,-3.032836052,1,0
40.496898,3,1,1,1,2.456643729,2.421271217,-0.033163669,40.599862,2.437722517,0.159894751,-0.069840035,23.266682,1,1,1,1,1,2.437722517,1,0,-2.495991901,-2.547206242,-0.050933219,39.581741,-2.526436842,-0.304210910,-0.129521249,19.847200,1,1,1,1,1,-2.526436842,1,0,-3.007396177,-3.035811198,-0.001024705,42.441289,-3.030980083,0.000000000,0.136794436,19.430477,1,1,1,1,1,-3.030980083,1,0
40.530978,3,1,1,1,2.450554317,2.419134651,-0.029455810,40.812306,2.443356648,0.009740178,-0.070189455,23.246662,1,1,1,1,1,2.443356648,1,0,-2.499398384,-2.565944351,-0.064193722,38.821971,-2.530196872,-0.156488071,-0.097988167,21.653913,1,1,1,1,1,-2.530196872,1,0,-3.004223962,-3.032801058,-0.000152303,42.491274,-3.027748034,0.000000000,0.148232526,18.775123,1,1,1,1,1,-3.027748034,1,0
40.562979,3,1,1,1,2.444245865,2.416556835,-0.026005395,41.010001,2.431179660,-0.618584039,-0.066983931,23.430325,1,1,1,1,1,2.431179660,1,0,-2.499398384,-2.554748656,-0.052953901,39.465965,-2.549422401,-0.792764978,-0.097476860,21.683208,1,1,1,1,1,-2.549422401,1,0,-3.004223962,-3.032223323,0.000422544,42.475790,-3.025941057,0.000000000,0.148129642,18.781018,1,1,1,1,1,-3.025941057,1,0
40.596611,3,1,1,1,2.439765887,2.423599296,-0.014775795,41.653409,2.425840576,0.148958019,-0.058591962,23.911149,1,1,1,1,1,2.425840576,1,0,-2.511619626,-2.588803589,-0.076855546,38.096502,-2.557592576,-0.157989611,-0.112674675,20.812438,1,1,1,1,1,-2.557592576,1,0,-3.004138596,-3.028607488,0.001381193,42.420863,-3.022639668,0.000000000,0.148723338,18.747002,1,1,1,1,1,-3.022639668,1,0
40.649676,3,1,1,1,2.435880253,2.410359882,-0.024415387,41.101101,2.415350119,0.000000000,-0.048938178,24.464270,1,1,1,1,1,2.415350119,1,0,-2.535676252,-2.601492689,-0.076543483,38.114381,-2.576577160,-0.788275988,-0.169191406,17.574268,1,1,1,1,1,-2.576577160,1,0,-3.005531002,-3.022472207,0.004229735,42.257654,-3.019669270,0.153126001,0.141541324,19.158501,1,1,1,1,1,-3.019669270,1,0
40.665433,3,1,1,1,2.434799371,2.402016347,-0.031748898,40.680922,2.412292312,-0.309941662,-0.046558147,24.600636,1,1,1,1,1,2.412292312,1,0,-2.564880917,-2.617677773,-0.081220612,37.846402,-2.594782170,-0.154845096,-0.218895491,14.726433,1,1,1,1,1,-2.594782170,1,0,-3.005531002,-3.021834406,0.004867853,42.221093,-3.016683435,0.143548165,0.141453348,19.163541,1,1,1,1,1,-3.016683435,1,0
40.697232,3,1,1,1,2.429109190,2.398653069,-0.029664050,40.800375,2.413241833,0.000000000,-0.036772912,25.161288,1,1,1,1,1,2.413241833,1,0,-2.564880917,-2.606852198,-0.070184089,38.478748,-2.599987055,-0.313037748,-0.220008614,14.662656,1,1,1,1,1,-2.599987055,1,0,-3.005919645,-3.017071808,0.006597114,42.122013,-3.013336475,0.000000000,0.139643535,19.267236,1,1,1,1,1,-3.013336475,1,0
40.729727,3,1,1,1,2.429109190,2.388628332,-0.039693668,40.225720,2.407965047,0.000000000,-0.036969948,25.149999,1,1,1,1,1,2.407965047,1,0,-2.602142571,-2.623867737,-0.070016250,38.488364,-2.602431843,-0.155227554,-0.256253017,12.586005,1,1,1,1,1,-2.602431843,1,0,-3.005775161,-3.011373885,0.007691758,42.059295,-3.008702508,0.299237454,0.146716978,18.861958,1,1,1,1,1,-3.008702508,1,0
40.762758,3,1,1,1,2.421410849,2.385263927,-0.035542693,40.463554,2.406275559,-0.318226418,-0.029623189,25.570937,1,1,1,1,1,2.406275559,1,0,-2.637926949,-2.638751084,-0.061233471,38.991581,-2.621244155,-0.784284265,-0.268001468,11.912868,1,1,1,1,1,-2.621244155,1,0,-3.006116181,-3.005367557,0.008079129,42.037100,-3.005004825,0.000000000,0.160398029,18.078091,1,1,1,1,1,-3.005004825,1,0
40.798634,3,1,1,1,2.413924632,2.391948156,-0.021499479,41.268171,2.402299350,-0.318129217,-0.024062899,25.889519,1,1,1,1,1,2.402299350,1,0,-2.665283107,-2.661453318,-0.059286198,39.103151,-2.625504056,0.004621895,-0.260238734,12.357640,1,1,1,1,1,-2.625504056,1,0,-3.007102634,-3.000619651,0.007859173,42.049703,-3.000656581,0.000000000,0.171458637,17.444365,1,1,1,1,1,-3.000656581,1,0
40.829720,3,1,1,1,2.408133920,2.388611265,-0.019155061,41.402496,2.392977821,0.000000000,-0.018902028,26.185215,1,1,1,1,1,2.392977821,1,0,-2.667632942,-2.653937671,-0.049193342,39.681429,-2.632440322,-0.466830348,-0.260907046,12.319349,1,1,1,1,1,-2.632440322,1,0,-3.007360131,-2.998687419,0.008669489,42.003275,-2.998871198,0.000000000,0.173425301,17.331683,1,1,1,1,1,-2.998871198,1,0
40.866055,3,1,1,1,2.408133920,2.368347087,-0.039419680,40.241419,2.380472016,-0.626802555,-0.019264920,26.164422,1,1,1,1,1,2.380472016,1,0,-2.682180120,-2.649697717,-0.028302081,40.878410,-2.647061870,-0.316823477,-0.254175170,12.705057,1,1,1,1,1,-2.647061870,1,0,-3.007998578,-2.992421960,0.011058689,41.866384,-2.994531218,0.000000000,0.177153076,17.118098,1,1,1,1,1,-2.994531218,1,0
40.896726,3,1,1,1,2.402809058,2.374914975,-0.027637516,40.916487,2.381605773,-0.003731144,-0.013390962,26.500976,1,1,1,1,1,2.381605773,1,0,-2.692364834,-2.664984978,-0.030286955,40.764685,-2.651018917,-0.317948167,-0.242707511,13.362105,1,1,1,1,1,-2.651018917,1,0,-3.007475007,-2.987028257,0.012741706,41.769954,-2.991182468,0.158766982,0.174090444,17.293573,1,1,1,1,1,-2.991182468,1,0
40.929814,3,1,1,1,2.395815773,2.360799073,-0.034868481,40.502183,2.376638655,0.000000000,-0.007942792,26.813133,1,1,1,1,1,2.376638655,1,0,-2.692364834,-2.644707667,-0.009792551,41.938928,-2.665534322,-0.469927000,-0.246725036,13.131918,1,1,1,1,1,-2.665534322,1,0,-3.007475007,-2.985317317,0.014476779,41.670542,-2.986068274,0.000000000,0.174176266,17.288656,1,1,1,1,1,-2.986068274,1,0
40.964314,3,1,1,1,2.395815773,2.350416807,-0.045249405,39.907400,2.371456324,0.156424642,-0.008129288,26.802447,1,1,1,1,1,2.371456324,1,0,-2.697447271,-2.646376059,-0.001822302,42.395590,-2.671679777,0.166632069,-0.236128916,13.739031,1,1,1,1,1,-2.671679777,1,0,-3.004977216,-2.978605205,0.016396014,41.560578,-2.983662431,0.000000000,0.162498256,17.957757,1,1,1,1,1,-2.983662431,1,0
40.996143,3,1,1,1,2.387399233,2.356884584,-0.030457388,40.754920,2.370251575,-0.312321795,-0.003277885,27.080412,1,1,1,1,1,2.370251575,1,0,-2.699799171,-2.654648375,-0.000413947,42.476283,-2.659974511,0.628886326,-0.217729897,14.793217,1,1,1,1,1,-2.659974511,1,0,-3.000604200,-2.974680964,0.015251353,41.626162,-2.979680854,0.000000000,0.129613839,19.841895,1,1,1,1,1,-2.979680854,1,0
41.032655,3,1,1,1,2.379112597,2.352824660,-0.026293951,40.993468,2.350570405,0.000000000,0.000083830,27.263418,1,1,1,1,1,2.350570405,1,0,-2.700226324,-2.650415262,0.015607174,41.605775,-2.657089844,-0.003641106,-0.189972021,16.383626,1,1,1,1,1,-2.657089844,1,0,-3.000604200,-2.973759523,0.016177010,41.573126,-2.977601022,0.000000000,0.129694921,19.837250,1,1,1,1,1,-2.977601022,1,0
41.062089,3,1,1,1,2.372364423,2.337901714,-0.034506399,40.522929,2.351126774,-0.165534805,0.002186870,27.142923,1,1,1,1,1,2.351126774,1,0,-2.700226324,-2.630470388,0.035714126,40.453731,-2.656747428,-0.162815835,-0.192871831,16.217479,1,1,1,1,1,-2.656747428,1,0,-2.989395267,-2.967564591,0.016014525,41.582435,-2.974227695,0.000000000,0.048943521,24.463964,1,1,1,1,1,-2.974227695,1,0
41.096715,3,1,1,1,2.372364423,2.327184560,-0.045222153,39.908962,2.346107068,-0.160330757,0.002012287,27.152926,1,1,1,1,1,2.346107068,1,0,-2.694703684,-2.623389933,0.047882622,39.756528,-2.662228985,0.133502514,-0.161895875,17.992271,1,1,1,1,1,-2.662228985,1,0,-2.968454074,-2.962461900,0.016947952,41.528954,-2.971724584,0.000000000,-0.063429824,23.633960,1,1,1,1,1,-2.971724584,1,0
41.131970,3,1,1,1,2.364632222,2.322960141,-0.041744372,40.108224,2.342970075,0.000000000,0.004444054,27.013596,1,1,1,1,1,2.342970075,1,0,-2.682628096,-2.615130282,0.054338452,39.386636,-2.653377876,-0.156519785,-0.127101957,19.985815,1,1,1,1,1,-2.653377876,1,0,-2.968454074,-2.961462864,0.017933412,41.472491,-2.968096615,0.000000000,-0.063254100,23.644028,1,1,1,1,1,-2.968096615,1,0
41.162648,3,1,1,1,2.356288079,2.317937290,-0.038431724,40.298024,2.336646804,0.000000000,0.008099962,26.804127,1,1,1,1,1,2.336646804,1,0,-2.682628096,-2.604572151,0.064957940,38.778184,-2.652612132,0.308645990,-0.127866227,19.942026,1,1,1,1,1,-2.652612132,1,0,-2.951140968,-2.958030551,0.019209896,41.399354,-2.966622307,0.160087299,-0.131447210,19.736851,1,1,1,1,1,-2.966622307,1,0
41.196099,3,1,1,1,2.346859434,2.324718477,-0.022139451,41.231503,2.337112684,-0.173360858,0.013978172,26.467331,1,1,1,1,1,2.337112684,1,0,-2.671064463,-2.605349099,0.059448036,39.093878,-2.643570350,0.000000000,-0.104133236,21.301826,1,1,1,1,1,-2.643570350,1,0,-2.934607825,-2.956238895,0.016818010,41.536399,-2.964472427,0.000000000,-0.180093932,16.949599,1,1,1,1,1,-2.964472427,1,0
41.234946,3,1,1,1,2.346859434,2.314428212,-0.032430713,40.641857,2.317849750,-0.797004950,0.013990158,26.466644,1,1,1,1,1,2.317849750,1,0,-2.658886907,-2.595978729,0.062277176,38.931781,-2.630948877,0.629694580,-0.086523654,22.310781,1,1,1,1,1,-2.630948877,1,0,-2.934607825,-2.955223550,0.017825420,41.478679,-2.963089699,0.171659529,-0.179873444,16.962232,1,1,1,1,1,-2.963089699,1,0
41.263601,3,1,1,1,2.339354440,2.300209804,-0.038932344,40.269341,2.307690007,0.164421802,0.020068965,26.118354,1,1,1,1,1,2.307690007,1,0,-2.658886907,-2.575833818,0.082496256,37.773313,-2.631688930,-0.156329892,-0.086053204,22.337736,1,1,1,1,1,-2.631688930,1,0,-2.926001893,-2.952494389,0.016103993,41.577309,-2.962873772,0.000000000,-0.197013754,15.980165,1,1,1,1,1,-2.962873772,1,0
41.296520,3,1,1,1,2.331946233,2.295920513,-0.035582216,40.461289,2.311394090,0.002858991,0.024110438,25.886795,1,1,1,1,1,2.311394090,1,0,-2.645926468,-2.567328345,0.081592312,37.825105,-2.627012524,0.000000000,-0.068749988,23.329137,1,1,1,1,1,-2.627012524,1,0,-2.919935355,-2.951604297,0.011710053,41.829063,-2.962091464,0.000000000,-0.203816874,15.590374,1,1,1,1,1,-2.962091464,1,0
41.329840,3,1,1,1,2.331946233,2.285146378,-0.046357488,39.843912,2.306293112,0.000000000,0.024318982,25.874846,1,1,1,1,1,2.306293112,1,0,-2.637046648,-2.559525366,0.081185318,37.848424,-2.620750031,0.000000000,-0.054257487,24.159496,1,1,1,1,1,-2.620750031,1,0,-2.919003733,-2.951506891,0.009027446,41.982765,-2.960785150,0.000000000,-0.200692456,15.769390,1,1,1,1,1,-2.960785150,1,0
41.362825,3,1,1,1,2.322108796,2.280940840,-0.040523019,40.178202,2.304515549,-0.320355963,0.026945872,25.724336,1,1,1,1,1,2.304515549,1,0,-2.628809990,-2.552879086,0.078922706,37.978062,-2.619325612,0.321613825,-0.036084174,25.200750,1,1,1,1,1,-2.619325612,1,0,-2.919003733,-2.950421651,0.010110130,41.920732,-2.961585465,0.000000000,-0.200464165,15.782471,1,1,1,1,1,-2.961585465,1,0
41.395941,3,1,1,1,2.312734617,2.277145086,-0.034748879,40.509036,2.300098734,-0.316950005,0.027713088,25.680378,1,1,1,1,1,2.300098734,1,0,-2.628809990,-2.542896370,0.088861117,37.408633,-2.603037587,0.784307874,-0.035065657,25.259107,1,1,1,1,1,-2.603037587,1,0,-2.922178401,-2.951314381,0.007862943,42.049487,-2.960658118,0.000000000,-0.188527847,16.466371,1,1,1,1,1,-2.960658118,1,0
41.434103,3,1,1,1,2.305342302,2.285324633,-0.018971973,41.412986,2.289180742,-0.159774035,0.025223289,25.823033,1,1,1,1,1,2.289180742,1,0,-2.621940602,-2.548305249,0.074984429,38.203709,-2.595018245,0.000000000,-0.015252442,26.394321,1,1,1,1,1,-2.595018245,1,0,-2.928317288,-2.953947896,0.005114363,42.206969,-2.961461814,0.000000000,-0.169806364,17.539033,1,1,1,1,1,-2.961461814,1,0
41.462525,3,1,1,1,2.305342302,2.274479121,-0.029810973,40.791957,2.277386330,-0.629333061,0.025689349,25.796330,1,1,1,1,1,2.277386330,1,0,-2.614113834,-2.545851974,0.068064713,38.600179,-2.596266944,0.156473949,0.005279510,26.965727,1,1,1,1,1,-2.596266944,1,0,-2.936459905,-2.956369613,0.003101440,42.322301,-2.963052703,0.000000000,-0.143049388,19.072095,1,1,1,1,1,-2.963052703,1,0
41.496248,3,1,1,1,2.299114614,2.261384155,-0.036546306,40.406051,2.278903730,0.016884223,0.022348825,25.987728,1,1,1,1,1,2.278903730,1,0,-2.614113834,-2.526924724,0.086935308,37.518974,-2.591820248,-0.156161675,0.006775781,26.879997,1,1,1,1,1,-2.591820248,1,0,-2.937232880,-2.954666102,0.004844657,42.222422,-2.963858834,0.000000000,-0.139974663,19.248264,1,1,1,1,1,-2.963858834,1,0
41.529527,3,1,1,1,2.292753038,2.268913267,-0.022670041,41.201102,2.275832796,0.000000000,0.018513086,26.207499,1,1,1,1,1,2.275832796,1,0,-2.606221503,-2.533594803,0.071871370,38.382074,-2.589944867,0.309314505,0.019212156,26.167446,1,1,1,1,1,-2.589944867,1,0,-2.946840798,-2.958824228,0.001418023,42.418753,-2.965536331,0.000000000,-0.101578907,21.448178,1,1,1,1,1,-2.965536331,1,0
41.564039,3,1,1,1,2.292753038,2.246578604,-0.044959191,39.924028,2.274387972,-0.309661479,0.020001307,26.122231,1,1,1,1,1,2.274387972,1,0,-2.598337000,-2.521890828,0.075497502,38.174312,-2.587435588,0.173896170,0.031025476,25.490592,1,1,1,1,1,-2.587435588,1,0,-2.956423405,-2.961365311,0.000335711,42.480765,-2.966088904,0.162125580,-0.052876809,24.238603,1,1,1,1,1,-2.966088904,1,0
41.596400,3,1,1,1,2.284896026,2.244637988,-0.039087722,40.260439,2.271664353,-0.321240117,0.017242757,26.280284,1,1,1,1,1,2.271664353,1,0,-2.598337000,-2.512603239,0.084778872,37.642528,-2.575327784,0.000000000,0.031489770,25.463990,1,1,1,1,1,-2.575327784,1,0,-2.956423405,-2.960403482,0.001293330,42.425898,-2.968038720,0.000000000,-0.052773396,24.244528,1,1,1,1,1,-2.968038720,1,0
41.638721,3,1,1,1,2.278084864,2.243492457,-0.033489126,40.581214,2.264319378,0.000000000,0.015205818,26.396992,1,1,1,1,1,2.264319378,1,0,-2.591374502,-2.512061914,0.078172552,38.021043,-2.562621607,0.631804018,0.043033442,24.802587,1,1,1,1,1,-2.562621607,1,0,-2.963929368,-2.964198008,0.000046466,42.497338,-2.969412290,-0.161349528,-0.004610343,27.004068,1,1,1,1,1,-2.969412290,1,0
41.665123,3,1,1,1,2.273290864,2.253853729,-0.018444703,41.443196,2.257399997,-0.466238975,0.012764475,26.536871,1,1,1,1,1,2.257399997,1,0,-2.585706827,-2.520857388,0.063409764,38.866888,-2.560146482,0.311875265,0.052926327,24.235766,1,1,1,1,1,-2.560146482,1,0,-2.968733796,-2.969332555,-0.002048167,42.382649,-2.970953862,0.000000000,0.034741019,25.277707,1,1,1,1,1,-2.970953862,1,0
41.696315,3,1,1,1,2.273290864,2.231396311,-0.040825594,40.160866,2.256772175,0.149965842,0.014641979,26.429297,1,1,1,1,1,2.256772175,1,0,-2.585706827,-2.502810242,0.081467010,37.832284,-2.560079491,0.000000000,0.053707692,24.190997,1,1,1,1,1,-2.560079491,1,0,-2.971091441,-2.972957550,-0.003251127,42.313724,-2.973483894,-0.158605174,0.060724431,23.788968,1,1,1,1,1,-2.973483894,1,0
41.729785,3,1,1,1,2.268267861,2.231529469,-0.035769313,40.450569,2.255674150,0.000000000,0.012905778,26.528774,1,1,1,1,1,2.255674150,1,0,-2.576314553,-2.504564149,0.070342084,38.469695,-2.555077455,0.000000000,0.050192394,24.392409,1,1,1,1,1,-2.555077455,1,0,-2.971091441,-2.972082796,-0.002375183,42.363912,-2.976110448,0.000000000,0.060752969,23.787332,1,1,1,1,1,-2.976110448,1,0
41.764405,3,1,1,1,2.262221568,2.232468251,-0.028922192,40.842880,2.255669535,0.000000000,0.010735273,26.653135,1,1,1,1,1,2.255669535,1,0,-2.566342983,-2.504672562,0.060835321,39.014393,-2.554259082,0.311711368,0.028319332,25.645643,1,1,1,1,1,-2.554259082,1,0,-2.972434931,-2.977561609,-0.005793098,42.168080,-2.977017275,-0.161200161,0.080974548,22.628721,1,1,1,1,1,-2.977017275,1,0
41.796676,3,1,1,1,2.257287775,2.234357558,-0.022252555,41.225023,2.256323603,-0.162856990,0.008558411,26.777860,1,1,1,1,1,2.256323603,1,0,-2.566342983,-2.495947803,0.069555073,38.514788,-2.544930412,0.154850594,0.028717114,25.622852,1,1,1,1,1,-2.544930412,1,0,-2.973402673,-2.981200778,-0.007732439,42.056964,-2.979002901,0.000000000,0.095450611,21.799304,1,1,1,1,1,-2.979002901,1,0
41.832410,3,1,1,1,2.257287775,2.222984479,-0.033579269,40.576050,2.250623888,0.000000000,0.009589377,26.718790,1,1,1,1,1,2.250623888,1,0,-2.557935920,-2.496200594,0.061702212,38.964724,-2.534429313,0.000000000,0.001918921,27.158275,1,1,1,1,1,-2.534429313,1,0,-2.973402673,-2.980376255,-0.006904143,42.104422,-2.981765097,0.000000000,0.095458971,21.798825,1,1,1,1,1,-2.981765097,1,0
41.864202,3,1,1,1,2.254576133,2.236950183,-0.017244484,41.511964,2.240386129,0.000000000,0.005051765,26.978776,1,1,1,1,1,2.240386129,1,0,-2.551013656,-2.505533440,0.046212842,39.852199,-2.534020732,0.313789767,-0.018205569,26.225119,1,1,1,1,1,-2.534020732,1,0,-2.974780533,-2.985750862,-0.009609162,41.949436,-2.983668495,0.000000000,0.116080518,20.617297,1,1,1,1,1,-2.983668495,1,0
41.895902,3,1,1,1,2.252108669,2.228899191,-0.023855631,41.133173,2.245882259,0.148702529,-0.006777766,26.879884,1,1,1,1,1,2.245882259,1,0,-2.543807149,-2.498948858,0.045878139,39.871376,-2.536127431,0.000000000,-0.021611591,26.029968,1,1,1,1,1,-2.536127431,1,0,-2.976094953,-2.989498473,-0.010051499,41.924092,-2.986236541,-0.153177460,0.144663231,18.979629,1,1,1,1,1,-2.986236541,1,0
41.930483,3,1,1,1,2.247801007,2.232278648,-0.017786879,41.480887,2.244879786,-0.008826729,-0.030852258,25.500517,1,1,1,1,1,2.244879786,1,0,-2.543807149,-2.490556327,0.054257845,39.391254,-2.532723838,0.000000000,-0.021107954,26.058824,1,1,1,1,1,-2.532723838,1,0,-2.976094953,-2.988728073,-0.009272979,41.968697,-2.989201840,0.000000000,0.144654131,18.980150,1,1,1,1,1,-2.989201840,1,0
41.962647,3,1,1,1,2.247801007,2.220989764,-0.029050469,40.835531,2.249167708,0.299697839,-0.030022907,25.548035,1,1,1,1,1,2.249167708,1,0,-2.537053246,-2.493612476,0.044109215,39.972728,-2.532749698,0.305317803,-0.012144041,26.572419,1,1,1,1,1,-2.532749698,1,0,-2.977070797,-2.993625563,-0.010120142,41.920159,-2.990245218,-0.158855889,0.185651566,16.631170,1,1,1,1,1,-2.990245218,1,0
41.996132,3,1,1,1,2.242887575,2.225742246,-0.020726703,41.312447,2.258705417,0.133536914,-0.061042053,23.770769,1,1,1,1,1,2.258705417,1,0,-2.533430417,-2.494228438,0.039560302,40.233362,-2.525603787,0.161870153,-0.006101714,26.918619,1,1,1,1,1,-2.525603787,1,0,-2.977595200,-2.997282484,-0.010504663,41.898127,-2.992244451,0.000000000,0.218680108,14.738774,1,1,1,1,1,-2.992244451,1,0
42.033103,3,1,1,1,2.240571687,2.231211167,-0.013375717,41.733628,2.251431624,-0.496331584,-0.087650851,22.246197,1,1,1,1,1,2.251431624,1,0,-2.530787667,-2.496677110,0.034376552,40.530369,-2.518536251,-0.156323137,-0.005054582,26.978615,1,1,1,1,1,-2.518536251,1,0,-2.977595200,-2.996580327,-0.009785678,41.939322,-2.995014395,0.000000000,0.218658683,14.740001,1,1,1,1,1,-2.995014395,1,0
42.064463,3,1,1,1,2.243150510,2.248022556,0.001207029,42.430842,2.240076876,0.000000000,-0.104442431,21.284111,1,1,1,1,1,2.240076876,1,0,-2.530787667,-2.496677110,0.034376552,40.530369,-2.524069246,-0.000283042,-0.005054582,26.978615,1,1,1,1,1,-2.524069246,1,0,-2.978594658,-3.001203054,-0.011370636,41.848511,-2.996840996,0.000000000,0.240762350,13.473555,1,1,1,1,1,-2.996840996,1,0
42.096355,3,1,1,1,2.243150510,2.225503217,-0.021418985,41.272783,2.245715890,0.176703984,-0.103603698,21.332166,1,1,1,1,1,2.245715890,1,0,-2.527362308,-2.492266283,0.035378096,40.472984,-2.522373576,0.000000000,-0.006681537,26.885397,1,1,1,1,1,-2.522373576,1,0,-2.980418479,-3.002916673,-0.011391135,41.847336,-2.999281020,-0.145562193,0.237890294,13.638111,1,1,1,1,1,-2.999281020,1,0
42.129775,3,1,1,1,2.246456823,2.231458791,-0.018051290,41.465737,2.247578959,0.160905574,-0.109790725,20.977676,1,1,1,1,1,2.247578959,1,0,-2.523506041,-2.496399029,0.027269819,40.937554,-2.520493390,0.000000000,-0.004319536,27.020730,1,1,1,1,1,-2.520493390,1,0,-2.985031678,-3.006429670,-0.012593280,41.778458,-3.002023695,0.000000000,0.208732472,15.308731,1,1,1,1,1,-3.002023695,1,0
42.162852,3,1,1,1,2.247197682,2.237669057,-0.011554831,41.837957,2.253495752,0.000000000,-0.107252724,21.123093,1,1,1,1,1,2.253495752,1,0,-2.523506041,-2.488796608,0.034864427,40.502415,-2.526655768,0.006772504,-0.003968099,27.040866,1,1,1,1,1,-2.526655768,1,0,-2.985031678,-3.005775838,-0.011925249,41.816734,-3.003050401,-0.155453230,0.208711867,15.309912,1,1,1,1,1,-3.003050401,1,0
42.196828,3,1,1,1,2.247255264,2.243815850,-0.004380426,42.249020,2.254324363,-0.154185315,-0.099977486,21.539933,1,1,1,1,1,2.254324363,1,0,-2.521264982,-2.491806112,0.029282370,40.822244,-2.519421995,0.476761535,0.005537179,26.950964,1,1,1,1,1,-2.519421995,1,0,-2.991455519,-3.009474216,-0.012161052,41.803223,-3.005497665,0.000000000,0.165222845,17.801649,1,1,1,1,1,-3.005497665,1,0
42.231624,3,1,1,1,2.247255264,2.232891452,-0.015358863,41.620002,2.249989987,0.157412107,-0.099853100,21.547060,1,1,1,1,1,2.249989987,1,0,-2.521150197,-2.495187446,0.025283025,41.051389,-2.509340352,-0.156920621,0.018477210,26.209555,1,1,1,1,1,-2.509340352,1,0,-2.995749387,-3.011795258,-0.011522233,41.839825,-3.007310661,-0.149217451,0.141730697,19.147650,1,1,1,1,1,-3.007310661,1,0
42.262606,3,1,1,1,2.248709318,2.250285092,0.001524208,42.412669,2.245660376,0.000000000,-0.092518807,21.967284,1,1,1,1,1,2.245660376,1,0,-2.520983499,-2.506091144,0.013925181,41.702146,-2.511410005,0.000000000,0.025341963,25.816234,1,1,1,1,1,-2.511410005,1,0,-2.995749387,-3.011795258,-0.011522233,41.839825,-3.009040893,0.000000000,0.141730697,19.147650,1,1,1,1,1,-3.009040893,1,0
42.297096,3,1,1,1,2.250557991,2.256388296,0.006391018,42.133822,2.251147693,0.167110659,-0.087066597,22.279673,1,1,1,1,1,2.251147693,1,0,-2.520811775,-2.500224488,0.019613816,41.376211,-2.517446675,0.000000000,0.025765688,25.791956,1,1,1,1,1,-2.517446675,1,0,-2.999592602,-3.014151502,-0.010760234,41.883484,-3.011319540,0.000000000,0.127272831,19.976025,1,1,1,1,1,-3.011319540,1,0
42.329405,3,1,1,1,2.250557991,2.234414154,-0.015666543,41.602373,2.253336399,0.153357317,-0.087164411,22.274068,1,1,1,1,1,2.253336399,1,0,-2.518498540,-2.495707600,0.021981219,41.240569,-2.515447761,-0.157159288,0.023136276,25.942610,1,1,1,1,1,-2.515447761,1,0,-3.003055228,-3.016088230,-0.009622065,41.948696,-3.012954638,0.000000000,0.118638211,20.470752,1,1,1,1,1,-3.012954638,1,0
42.363116,3,1,1,1,2.251302606,2.240787794,-0.009652822,41.946934,2.259592531,0.000000000,-0.083386403,22.490532,1,1,1,1,1,2.259592531,1,0,-2.515587324,-2.499820630,0.015225668,41.627633,-2.519971787,0.158054752,0.017374135,26.272756,1,1,1,1,1,-2.519971787,1,0,-3.006379614,-3.018861777,-0.009475205,41.957111,-3.015270543,0.000000000,0.108980780,21.024082,1,1,1,1,1,-3.015270543,1,0
42.396855,3,1,1,1,2.251862113,2.246733588,-0.004319993,42.252483,2.260224531,-0.164857494,-0.087198415,22.272120,1,1,1,1,1,2.260224531,1,0,-2.514695356,-2.503879055,0.010283220,41.910815,-2.521570792,-0.004439227,0.018156167,26.227949,1,1,1,1,1,-2.521570792,1,0,-3.006379614,-3.018273940,-0.008883920,41.990989,-3.016231630,0.000000000,0.108970656,21.024662,1,1,1,1,1,-3.016231630,1,0
42.434175,3,1,1,1,2.253246789,2.254010373,-0.000265298,42.484800,2.253356982,-0.311314035,-0.118316267,20.489198,1,1,1,1,1,2.253356982,1,0,-2.514782075,-2.498326300,0.015897760,41.589125,-2.517972827,-0.164278734,0.019104193,26.173632,1,1,1,1,1,-2.517972827,1,0,-3.009930622,-3.021239295,-0.008893872,41.990419,-3.019008496,0.000000000,0.093688397,21.900271,1,1,1,1,1,-3.019008496,1,0
42.462806,3,1,1,1,2.253246789,2.243272081,-0.011078508,41.865248,2.250613365,0.165874380,-0.118202528,20.495715,1,1,1,1,1,2.250613365,1,0,-2.516563935,-2.501138317,0.014532812,41.667331,-2.515980324,0.299305580,0.028790991,25.618619,1,1,1,1,1,-2.515980324,1,0,-3.012418756,-3.023083332,-0.008666733,42.003433,-3.019898413,0.000000000,0.082095836,22.564476,1,1,1,1,1,-3.019898413,1,0
42.496410,3,1,1,1,2.252585084,2.256789474,-0.001274518,42.426976,2.254295443,0.000000000,-0.160403762,18.077763,1,1,1,1,1,2.254295443,1,0,-2.519449424,-2.512250058,0.005695766,42.173657,-2.516336406,-0.000253841,0.041432111,24.894336,1,1,1,1,1,-2.516336406,1,0,-3.015158777,-3.025760996,-0.008970810,41.986010,-3.021374218,0.000000000,0.071228748,23.187114,1,1,1,1,1,-3.021374218,1,0
42.530021,3,1,1,1,2.246395292,2.262692748,0.001549200,42.411237,2.261117229,0.462939234,-0.215339233,14.930192,1,1,1,1,1,2.261117229,1,0,-2.519449424,-2.505793468,0.012151267,41.803784,-2.515556079,-0.158827615,0.041728990,24.877326,1,1,1,1,1,-2.515556079,1,0,-3.015158777,-3.025219286,-0.008427736,42.017126,-3.023970085,0.000000000,0.071222041,23.187499,1,1,1,1,1,-3.023970085,1,0
42.562734,3,1,1,1,2.237084123,2.260541170,-0.000318063,42.481776,2.265591936,0.302535294,-0.252261020,12.814729,1,1,1,1,1,2.265591936,1,0,-2.520541727,-2.503769039,0.015015593,41.639670,-2.520425768,-0.312998808,0.041710508,24.878385,1,1,1,1,1,-2.520425768,1,0,-3.017715577,-3.026725475,-0.007601655,42.064457,-3.025352740,0.000000000,0.064074820,23.597004,1,1,1,1,1,-3.025352740,1,0
42.596531,3,1,1,1,2.237084123,2.260541170,-0.000318063,42.481776,2.280078921,0.462401017,-0.252261020,12.814729,1,1,1,1,1,2.280078921,1,0,-2.519253272,-2.514827519,0.003181400,42.317719,-2.520868182,0.314793977,0.025798091,25.790099,1,1,1,1,1,-2.520868182,1,0,-3.020387590,-3.029451683,-0.007805146,42.052798,-3.026165590,0.000000000,0.059054116,23.884670,1,1,1,1,1,-3.026165590,1,0
42.635142,3,1,1,1,2.234441812,2.255591092,-0.003680535,42.289121,2.285995885,-0.167116142,-0.253360426,12.751738,1,1,1,1,1,2.285995885,1,0,-2.517803109,-2.513269390,0.004144639,42.262530,-2.521564278,-0.313902911,0.007484661,26.839382,1,1,1,1,1,-2.521564278,1,0,-3.020387590,-3.028397799,-0.006749428,42.113286,-3.028147021,0.000000000,0.059042702,23.885323,1,1,1,1,1,-3.028147021,1,0
42.662581,3,1,1,1,2.242119645,2.263174655,0.003377614,42.306477,2.273710559,-0.643337166,-0.221775237,14.561436,1,1,1,1,1,2.273710559,1,0,-2.517803109,-2.506943907,0.010458243,41.900787,-2.518740488,-0.151833848,0.007877488,26.816874,1,1,1,1,1,-2.518740488,1,0,-3.022816320,-3.030298552,-0.006348573,42.136254,-3.029274739,0.000000000,0.054606503,24.139499,1,1,1,1,1,-3.029274739,1,0
42.697078,3,1,1,1,2.260136660,2.280751407,0.015073543,41.636350,2.273375985,0.018731024,-0.146870247,18.853176,1,1,1,1,1,2.273375985,1,0,-2.517750798,-2.518328814,-0.000449335,42.474255,-2.521510207,0.000000000,-0.002291164,27.136947,1,1,1,1,1,-2.521510207,1,0,-3.025084311,-3.032590661,-0.006520005,42.126431,-3.030497073,0.000000000,0.049408787,24.437306,1,1,1,1,1,-3.030497073,1,0
42.732660,3,1,1,1,2.260136660,2.271114772,0.005339491,42.194070,2.274591804,0.000000000,-0.146500031,18.874388,1,1,1,1,1,2.274591804,1,0,-2.518849637,-2.523390176,-0.004650281,42.233559,-2.531172526,0.000000000,0.001685411,27.171654,1,1,1,1,1,-2.531172526,1,0,-3.027454086,-3.034587062,-0.006314919,42.138182,-3.032267949,0.000000000,0.043128300,24.797152,1,1,1,1,1,-3.032267949,1,0
42.763668,3,1,1,1,2.274684449,2.269191182,-0.004943476,42.216760,2.281617004,0.469790577,-0.047195714,24.564106,1,1,1,1,1,2.281617004,1,0,-2.521428741,-2.523667602,-0.003292110,42.311376,-2.531067424,-0.147254616,0.016346307,26.331647,1,1,1,1,1,-2.531067424,1,0,-3.027454086,-3.033582245,-0.005309155,42.195808,-3.033899632,0.000000000,0.043119536,24.797654,1,1,1,1,1,-3.033899632,1,0
42.797115,3,1,1,1,2.278788713,2.277563466,-0.003918416,42.275491,2.283325019,0.156217375,0.048410212,24.494520,1,1,1,1,1,2.283325019,1,0,-2.521428741,-2.517420736,0.002939331,42.331589,-2.541090350,-0.312173245,0.016798421,26.305742,1,1,1,1,1,-2.541090350,1,0,-3.029662885,-3.035287984,-0.004931934,42.217421,-3.035003898,0.000000000,0.037961565,25.093184,1,1,1,1,1,-3.035003898,1,0
42.830841,3,1,1,1,2.278788713,2.268743570,-0.012735895,41.770287,2.293753986,0.308710628,0.047938125,24.521569,1,1,1,1,1,2.293753986,1,0,-2.526169486,-2.524448843,-0.000074081,42.495755,-2.543394642,0.158305655,0.028087683,25.658915,1,1,1,1,1,-2.543394642,1,0,-3.031402592,-3.036213032,-0.004179092,42.260556,-3.035260010,0.159681610,0.035101555,25.257050,1,1,1,1,1,-3.035260010,1,0
42.862695,2,0,1,1,2.275043756,2.278272023,-0.006591123,42.122356,2.293643523,-0.314281002,0.117748064,20.521754,1,0,1,1,0,2.293643523,1,0,-2.532680202,-2.531214600,0.000100179,42.494260,-2.533382875,0.000000000,0.024399275,25.870246,1,1,1,1,1,-2.533382875,1,0,-3.031402592,-3.035250989,-0.003216524,42.315707,-3.036959366,0.000000000,0.035089164,25.257760,1,1,1,1,1,-3.036959366,1,0
42.896588,2,0,1,1,2.270838185,2.296413154,0.010214240,41.914767,2.283661645,0.000000000,0.160589693,18.067109,1,0,1,1,0,2.283661645,1,0,-2.533388518,-2.532552457,-0.000444909,42.474509,-2.534839390,0.000000000,0.023358460,25.929880,1,1,1,1,1,-2.534839390,1,0,-3.033388646,-3.037404524,-0.003433402,42.303281,-3.036520465,0.000000000,0.032609487,25.399835,1,1,1,1,1,-3.036520465,1,0
42.930333,2,0,1,1,2.270838185,2.288037854,0.001766417,42.398792,2.284770937,0.000000000,0.159817733,18.111340,1,0,1,1,0,2.284770937,1,0,-2.538389130,-2.538315905,-0.000528807,42.469702,-2.541696502,-0.464136307,0.013894102,26.472148,1,1,1,1,1,-2.541696502,1,0,-3.035168393,-3.038636547,-0.002951741,42.330878,-3.037514534,0.000000000,0.029508389,25.577515,1,1,1,1,1,-3.037514534,1,0
42.964010,2,0,1,1,2.272446060,2.285452393,-0.000507975,42.470895,2.297297967,0.627334238,0.179007809,17.011829,1,0,1,1,0,2.297297967,1,0,-2.540320368,-2.539685588,0.000246543,42.485874,-2.546022455,-0.472035370,0.011912133,26.585706,1,1,1,1,1,-2.546022455,1,0,-3.035168393,-3.036731226,-0.001045724,42.440084,-3.038917608,0.000000000,0.029484150,25.578904,1,1,1,1,1,-3.038917608,1,0
42.996795,2,0,1,1,2.282092837,2.291800889,0.012223694,41.799634,2.295566863,0.308731222,0.193608078,16.175295,1,0,1,1,0,2.295566863,1,0,-2.540320368,-2.533575420,0.006352306,42.136040,-2.545950349,0.311477555,0.012157253,26.571662,1,1,1,1,1,-2.545950349,1,0,-3.036242729,-3.037520805,-0.000832722,42.452289,-3.039374822,0.000000000,0.026236210,25.764997,1,1,1,1,1,-3.039374822,1,0
43.035922,2,0,1,1,2.298168911,2.295450120,0.021430790,41.272106,2.300591537,0.315894446,0.203785384,15.592179,1,0,1,1,0,2.300591537,1,0,-2.540716521,-2.538393160,0.001739958,42.400308,-2.546713619,0.000000000,0.020837995,26.074292,1,1,1,1,1,-2.546713619,1,0,-3.037171486,-3.038419342,-0.000881235,42.449509,-3.040150253,0.000000000,0.022500674,25.979027,1,1,1,1,1,-3.040150253,1,0
43.065294,2,0,1,1,2.298168911,2.287480352,0.013351403,41.735021,2.315591505,0.466533154,0.204748021,15.537024,1,0,1,1,0,2.315591505,1,0,-2.542461188,-2.545446220,-0.004043892,42.268302,-2.546711248,-0.162276895,0.040425246,24.952025,1,1,1,1,1,-2.546711248,1,0,-3.038088642,-3.039386799,-0.000995364,42.442970,-3.040220460,0.156309990,0.019170414,26.169837,1,1,1,1,1,-3.040220460,1,0
43.098597,2,0,1,1,2.324318954,2.293857976,0.019446311,41.385808,2.322519216,-0.003570844,0.217275282,14.819264,1,0,1,1,0,2.322519216,1,0,-2.545176850,-2.551646269,-0.008054630,42.038504,-2.550546742,0.000000000,0.061516813,23.743567,1,1,1,1,1,-2.550546742,1,0,-3.039008982,-3.040170342,-0.000898875,42.448498,-3.040260349,0.000000000,0.016840923,26.303307,1,1,1,1,1,-3.040260349,1,0
43.129382,2,0,1,1,2.358836228,2.312376250,0.023125961,41.174980,2.315214927,-0.479044625,0.224412343,14.410341,1,0,1,1,0,2.315214927,1,0,-2.545939802,-2.554542137,-0.010312052,41.909163,-2.557225012,-0.458043706,0.066517365,23.457057,1,1,1,1,1,-2.557225012,1,0,-3.039109936,-3.040360064,-0.000991367,42.443199,-3.040521615,0.000000000,0.016618534,26.316049,1,1,1,1,1,-3.040521615,1,0
43.162569,2,0,1,1,2.358836228,2.304696591,0.015622742,41.604883,2.311284617,0.156170079,0.226756610,14.276024,1,0,1,1,0,2.311284617,1,0,-2.549007014,-2.559090761,-0.012179533,41.802164,-2.560776092,-0.159039233,0.083918773,22.460030,1,1,1,1,1,-2.560776092,1,0,-3.039820459,-3.040889104,-0.000837800,42.451998,-3.040738440,0.000000000,0.014960810,26.411030,1,1,1,1,1,-3.040738440,1,0
43.196956,2,0,1,1,2.379716009,2.304554775,-0.000665530,42.461868,2.323041371,0.627485789,0.228809754,14.158388,1,0,1,1,0,2.323041371,1,0,-2.553896205,-2.559869449,-0.008429624,42.017018,-2.570808074,-0.307053203,0.105149014,21.243626,1,1,1,1,1,-2.570808074,1,0,-3.040370560,-3.040746514,-0.000182044,42.489570,-3.041867331,0.000000000,0.012970642,26.525058,1,1,1,1,1,-3.041867331,1,0
43.245946,2,0,1,1,2.391941804,2.310970074,-0.008499009,42.013043,2.335777679,0.000000000,0.218961369,14.722659,1,0,1,1,0,2.335777679,1,0,-2.561311579,-2.561857386,-0.003447555,42.302470,-2.566329055,0.484761994,0.131783106,19.717605,1,1,1,1,1,-2.566329055,1,0,-3.040764823,-3.040529405,0.000389406,42.477689,-3.042757466,0.000000000,0.010946957,26.641007,1,1,1,1,1,-3.042757466,1,0
43.264452,2,0,1,1,2.391684651,2.334475842,0.009506021,41.955345,2.339106846,0.323402004,0.196000800,16.038203,1,0,1,1,0,2.339106846,1,0,-2.561311579,-2.561857386,-0.003447555,42.302470,-2.563925973,-0.156099911,0.131783106,19.717605,1,1,1,1,1,-2.563925973,1,0,-3.040800343,-3.040666282,0.000284917,42.483675,-3.041547787,0.000000000,0.010787139,26.650164,1,1,1,1,1,-3.041547787,1,0
43.296410,2,0,1,1,2.391320832,2.329705109,0.004701401,42.230630,2.346249525,0.000000000,0.195795874,16.049944,1,0,1,1,0,2.346249525,1,0,-2.570125049,-2.570253809,-0.003898095,42.276656,-2.568100048,0.000000000,0.164507553,17.842633,1,1,1,1,1,-2.568100048,1,0,-3.041206421,-3.041009298,0.000318980,42.481724,-3.041657011,0.000000000,0.009227177,26.739543,1,1,1,1,1,-3.041657011,1,0
43.330173,2,0,1,1,2.388207679,2.344033579,0.016238121,41.569624,2.353124633,0.464744959,0.175732991,17.199462,1,0,1,1,0,2.353124633,1,0,-2.570125049,-2.564836902,0.001590634,42.408863,-2.574904062,-0.462335813,0.164669573,17.833350,1,1,1,1,1,-2.574904062,1,0,-3.041206421,-3.040015883,0.001312399,42.424805,-3.042035707,0.000000000,0.009217773,26.740082,1,1,1,1,1,-3.042035707,1,0
43.362763,2,0,1,1,2.386545870,2.369887395,0.035120523,40.487742,2.364430657,-0.002814333,0.149933606,18.677658,1,0,1,1,0,2.364430657,1,0,-2.574506664,-2.575437984,-0.005662579,42.175558,-2.580047830,-0.477725093,0.191427214,16.300250,1,1,1,1,1,-2.580047830,1,0,-3.041677895,-3.041488048,0.000281754,42.483857,-3.042065972,0.000000000,0.007400443,26.844207,1,1,1,1,1,-3.042065972,1,0
43.396124,2,0,1,1,2.386545870,2.362768992,0.028335830,40.876477,2.371356810,0.466475537,0.152317532,18.541069,1,0,1,1,0,2.371356810,1,0,-2.577569080,-2.582981461,-0.011545676,41.838482,-2.579787320,0.312778520,0.223409780,14.467784,1,1,1,1,1,-2.579787320,1,0,-3.042019756,-3.041925044,0.000161477,42.490748,-3.043023230,0.000000000,0.005637949,26.945190,1,1,1,1,1,-3.043023230,1,0
43.433062,2,0,1,1,2.388359881,2.380623300,0.033142898,40.601052,2.403801015,1.112143968,0.127275806,19.975855,1,0,1,1,0,2.403801015,1,0,-2.577569080,-2.572508729,-0.000811774,42.453489,-2.582306780,-0.159326390,0.223768941,14.447205,1,1,1,1,1,-2.582306780,1,0,-3.042286340,-3.041468337,0.000862419,42.450587,-3.043270611,0.000000000,0.003906915,27.044371,1,1,1,1,1,-3.043270611,1,0
43.462758,2,0,1,1,2.391741942,2.400959368,0.040395970,40.185481,2.406802335,0.318789203,0.105516679,21.222561,1,0,1,1,0,2.406802335,1,0,-2.580956977,-2.579289224,-0.005494867,42.185167,-2.583226449,-0.151854976,0.251603608,12.852396,1,1,1,1,1,-2.583226449,1,0,-3.042286340,-3.040424639,0.001906098,42.390789,-3.042209286,0.000000000,0.003898647,27.044845,1,1,1,1,1,-3.042209286,1,0
43.496700,2,0,1,1,2.399688250,2.429942676,0.050535998,39.604501,2.416168579,0.160288895,0.078334892,22.779962,1,0,1,1,0,2.416168579,1,0,-2.586022114,-2.587193577,-0.009871530,41.934403,-2.587763313,0.000000000,0.279072879,11.278523,1,1,1,1,1,-2.587763313,1,0,-3.042494790,-3.040620796,0.001903952,42.390912,-3.043104034,0.000000000,0.002739459,27.111262,1,1,1,1,1,-3.043104034,1,0
43.530243,2,0,1,1,2.399688250,2.423280583,0.044057214,39.975708,2.428015916,0.630783330,0.079969388,22.686313,1,0,1,1,0,2.428015916,1,0,-2.586022114,-2.582083078,-0.004558988,42.238789,-2.594775762,-0.469363996,0.279267341,11.267381,1,1,1,1,1,-2.594775762,1,0,-3.042729417,-3.041063013,0.001680727,42.403701,-3.042291357,0.000000000,0.001409746,27.187449,1,1,1,1,1,-3.042291357,1,0
43.564529,2,0,1,1,2.413059012,2.466228889,0.063762946,38.846652,2.446064677,0.301496966,0.048383257,24.496065,1,0,1,1,0,2.446064677,1,0,-2.591539191,-2.593890710,-0.012812198,41.765915,-2.600152553,-0.466601939,0.302470157,9.937958,1,1,1,1,1,-2.600152553,1,0,-3.042729417,-3.041063013,0.001680727,42.403701,-3.042140658,0.000000000,0.001409746,27.187449,1,1,1,1,1,-3.042140658,1,0
43.596977,2,0,1,1,2.424293210,2.491448474,0.072861703,38.325332,2.462168153,0.772532226,0.029108224,25.600443,1,0,1,1,0,2.462168153,1,0,-2.598593452,-2.601982661,-0.016037693,41.581108,-2.600603850,0.308338931,0.325331284,8.628112,1,1,1,1,1,-2.600603850,1,0,-3.042756930,-3.041437587,0.001319213,42.424415,-3.042962984,0.000000000,-0.000020176,27.267065,1,1,1,1,1,-3.042962984,1,0
43.631403,2,0,1,1,2.424293210,2.479046978,0.060632326,39.026024,2.492486178,1.244698711,0.031200485,25.480565,1,0,1,1,0,2.492486178,1,0,-2.606012899,-2.604068163,-0.012276715,41.796596,-2.604604508,-0.313571929,0.341906024,7.678449,1,1,1,1,1,-2.604604508,1,0,-3.042651841,-3.040483233,0.002157784,42.376368,-3.042760261,0.000000000,-0.001288314,27.194406,1,1,1,1,1,-3.042760261,1,0
43.662978,2,0,1,1,2.437756390,2.506834822,0.071351770,38.411845,2.506900678,0.475274164,0.012671031,26.542225,1,0,1,1,0,2.506900678,1,0,-2.606012899,-2.598672311,-0.006555597,42.124392,-2.606767766,-0.131246238,0.342164749,7.663625,1,1,1,1,1,-2.606767766,1,0,-3.042543905,-3.040573555,0.001949277,42.388315,-3.042812566,0.000000000,-0.002703482,27.113323,1,1,1,1,1,-3.042812566,1,0
43.699220,2,0,1,1,2.457755066,2.540282325,0.082352057,37.781575,2.519700668,0.151885748,-0.005809303,26.935373,1,0,1,1,0,2.519700668,1,0,-2.613830671,-2.606924537,-0.008636286,42.005177,-2.611513912,0.000000000,0.354149054,6.976975,1,1,1,1,1,-2.611513912,1,0,-3.042542563,-3.040745441,0.001766692,42.398776,-3.041790542,0.000000000,-0.004215889,27.026668,1,1,1,1,1,-3.041790542,1,0
43.730239,2,0,1,1,2.457755066,2.534467757,0.076568095,38.112971,2.538245660,0.778252784,-0.005211999,26.969596,1,0,1,1,0,2.538245660,1,0,-2.620719318,-2.614860534,-0.011307356,41.852136,-2.618232027,-0.459408116,0.362164052,6.517749,1,1,1,1,1,-2.618232027,1,0,-3.042542563,-3.039695319,0.002816818,42.338608,-3.042546782,0.000000000,-0.004220311,27.026415,1,1,1,1,1,-3.042546782,1,0
43.763599,2,0,1,1,2.485142864,2.576219578,0.089673858,37.362066,2.567669422,0.000000000,-0.024404855,25.869926,1,0,1,1,0,2.567669422,1,0,-2.620719318,-2.614860534,-0.011307356,41.852136,-2.621819843,-0.155468781,0.362164052,6.517749,1,1,1,1,1,-2.621819843,1,0,-3.042629886,-3.040966014,0.001621157,42.407115,-3.041227519,0.000000000,-0.006902211,26.872754,1,1,1,1,1,-3.041227519,1,0
43.797368,2,0,1,1,2.516508531,2.615470367,0.097505656,36.913337,2.574734477,0.471121261,-0.042171654,24.851963,1,0,0,1,0,2.574734477,1,0,-2.626868308,-2.622592727,-0.014333113,41.678773,-2.625194701,0.000000000,0.365934471,6.301720,1,1,1,1,1,-2.625194701,1,0,-3.042553154,-3.040911664,0.001591977,42.408786,-3.040930406,0.000000000,-0.009882135,26.702016,1,1,1,1,1,-3.040930406,1,0
43.833503,2,0,1,1,2.516508531,2.610425618,0.092460611,37.202397,2.606159943,1.099643304,-0.041964283,24.863845,1,0,0,1,0,2.606159943,1,0,-2.633341897,-2.630987798,-0.017092246,41.520686,-2.632221142,0.000000000,0.364132785,6.404949,1,1,1,1,1,-2.632221142,1,0,-3.042553154,-3.039849309,0.002654385,42.347915,-3.040902618,0.153702405,-0.009884351,26.701890,1,1,1,1,1,-3.040902618,1,0
43.862913,2,0,1,1,2.543818317,2.638352047,0.093889308,37.120539,2.621376188,0.306773020,-0.052849948,24.240142,1,0,0,1,0,2.621376188,1,0,-2.639184743,-2.633935251,-0.013775051,41.710748,-2.631611862,-0.161837528,0.356980302,6.814756,1,1,1,1,1,-2.631611862,1,0,-3.042183068,-3.038806230,0.003328834,42.309272,-3.041564543,0.000000000,-0.013565964,26.490949,1,1,1,1,1,-3.041564543,1,0
43.896484,2,0,1,1,2.571266190,2.674549287,0.103884249,36.547871,2.638250263,0.790078728,-0.059854193,23.838828,1,0,0,1,0,2.638250263,1,0,-2.639184743,-2.633935251,-0.013775051,41.710748,-2.640983484,0.000000000,0.356980302,6.814756,1,1,1,1,1,-2.640983484,1,0,-3.041753106,-3.039737583,0.001975649,42.386804,-3.041207758,0.000000000,-0.016525472,26.321381,1,1,1,1,1,-3.041207758,1,0
43.930923,2,0,1,1,2.601907803,2.703537111,0.103687603,36.559138,2.665498790,0.153387790,-0.063540064,23.627644,1,1,0,1,0,2.665498790,1,0,-2.644769077,-2.638323291,-0.011731402,41.827840,-2.648059115,-0.471473779,0.344618743,7.523022,1,1,1,1,1,-2.648059115,1,0,-3.041341984,-3.038670527,0.002647056,42.348335,-3.041089192,0.161220535,-0.019882481,26.129039,1,1,1,1,1,-3.041089192,1,0
43.962564,2,0,1,1,2.601907803,2.699442031,0.099585577,36.794167,2.677440842,0.631425723,-0.063649703,23.621362,1,1,0,1,0,2.677440842,1,0,-2.650175997,-2.650096276,-0.016996493,41.526173,-2.656048353,-0.476627059,0.324852323,8.655554,1,1,1,1,1,-2.656048353,1,0,-3.041341984,-3.037576448,0.003741355,42.285636,-3.040742098,0.000000000,-0.019880718,26.129140,1,1,1,1,1,-3.040742098,1,0
43.998758,2,0,1,1,2.636779995,2.735827501,0.102549596,36.624341,2.702701659,1.091920515,-0.064448399,23.575600,1,1,0,1,0,2.702701659,1,0,-2.655323097,-2.660515522,-0.020373163,41.332704,-2.670726757,-0.316740791,0.300830153,10.031923,1,1,1,1,1,-2.670726757,1,0,-3.041159583,-3.037580491,0.003573339,42.295263,-3.039303270,0.000000000,-0.022757690,25.964302,1,1,1,1,1,-3.039303270,1,0
44.031255,2,0,1,1,2.636779995,2.735827501,0.102549596,36.624341,2.723163313,0.154334258,-0.064448399,23.575600,1,1,0,1,0,2.723163313,1,0,-2.656133750,-2.662679287,-0.021428274,41.272250,-2.673145559,0.155999412,0.296982374,10.252384,1,1,1,1,1,-2.673145559,1,0,-3.040962342,-3.038665751,0.002310301,42.367629,-3.040030439,0.000000000,-0.024834908,25.845286,1,1,1,1,1,-3.040030439,1,0
44.063021,2,0,1,1,2.666146534,2.764834466,0.103191615,36.587556,2.741851503,0.781617477,-0.063418475,23.634610,1,1,0,1,0,2.741851503,1,0,-2.662659390,-2.671965942,-0.021690259,41.257240,-2.670798907,-0.006261807,0.269193596,11.844564,1,1,1,1,1,-2.670798907,1,0,-3.040507953,-3.038613649,0.001929042,42.389474,-3.039865543,0.000000000,-0.026201472,25.766987,1,1,1,1,1,-3.039865543,1,0
44.096751,2,0,1,1,2.695575860,2.788617694,0.098386349,36.862877,2.770182037,0.000000000,-0.060801564,23.784548,1,1,0,1,0,2.770182037,1,0,-2.672531962,-2.681211568,-0.017226680,41.512984,-2.678065266,-0.477826975,0.226115415,14.312762,1,1,1,1,1,-2.678065266,1,0,-3.040507953,-3.036299422,0.004244053,42.256834,-3.039501652,0.000000000,-0.026191995,25.767530,1,1,1,1,1,-3.039501652,1,0
44.129639,2,0,1,1,2.725674485,2.816194621,0.096465108,36.972956,2.777315913,0.473410320,-0.053544915,24.200323,1,1,0,1,0,2.777315913,1,0,-2.672531962,-2.676338883,-0.012232372,41.799137,-2.688313499,-0.159263165,0.226353583,14.299116,1,1,1,1,1,-2.688313499,1,0,-3.039908290,-3.036377805,0.003590743,42.294266,-3.038249698,0.000000000,-0.027435432,25.696287,1,1,1,1,1,-3.038249698,1,0
44.163057,2,0,1,1,2.725674485,2.813346635,0.093625916,37.135630,2.806397086,0.000000000,-0.053816702,24.184751,1,1,0,1,0,2.806397086,1,0,-2.679243269,-2.691307653,-0.017079981,41.521389,-2.697793243,-0.474011950,0.179273991,16.996578,1,1,1,1,1,-2.697793243,1,0,-3.039311811,-3.036530383,0.002869444,42.335593,-3.037934233,0.158614552,-0.028849925,25.615242,1,1,1,1,1,-3.037934233,1,0
44.196402,2,0,1,1,2.753876110,2.838726785,0.090708743,37.302772,2.813447935,0.470647399,-0.041647275,24.882008,1,1,0,1,0,2.813447935,1,0,-2.684060369,-2.705803048,-0.023637054,41.145697,-2.701237315,-0.158091131,0.125034968,20.104245,1,1,1,1,1,-2.701237315,1,0,-3.039311811,-3.035339548,0.004060759,42.267336,-3.037477226,0.000000000,-0.028843047,25.615636,1,1,1,1,1,-3.037477226,1,0
44.229604,3,1,1,1,2.785227234,2.867590505,0.086862257,37.523159,2.835173896,0.950815520,-0.022969049,25.952192,1,1,1,1,1,2.835173896,1,0,-2.684060369,-2.700609027,-0.018404014,41.445528,-2.711942512,0.000000000,0.125186085,20.095587,1,1,1,1,1,-2.711942512,1,0,-3.038733241,-3.035525981,0.003319671,42.309797,-3.037542786,0.146410941,-0.030233652,25.535960,1,1,1,1,1,-3.037542786,1,0
44.263434,3,1,1,1,2.785227234,2.867590505,0.086862257,37.523159,2.849974932,0.466979103,-0.022969049,25.952192,1,1,1,1,1,2.849974932,1,0,-2.689917138,-2.720587829,-0.030318691,40.762867,-2.723899831,0.000000000,0.046428584,24.608059,1,1,1,1,1,-2.723899831,1,0,-3.038239712,-3.036545341,0.001841495,42.394490,-3.038143876,0.000000000,-0.033414406,25.353717,1,1,1,1,1,-3.038143876,1,0
44.296093,3,1,1,1,2.807239125,2.887667949,0.082903555,37.749976,2.870847156,0.934767212,-0.005165898,26.972237,1,1,1,1,1,2.870847156,1,0,-2.700920163,-2.736956207,-0.038471371,40.295753,-2.730855060,-0.467445142,-0.057401465,23.979359,1,1,1,1,1,-2.730855060,1,0,-3.037339940,-3.036666544,0.001268618,42.427314,-3.037828546,0.000000000,-0.063889915,23.607599,1,1,1,1,1,-3.037828546,1,0
44.329763,3,1,1,1,2.827347394,2.905569106,0.075356582,38.182386,2.878240311,0.314189236,0.020996243,26.065225,1,1,1,1,1,2.878240311,1,0,-2.717737723,-2.747201904,-0.041090955,40.145662,-2.739019266,-0.311664668,-0.147248159,18.831523,1,1,1,1,1,-2.739019266,1,0,-3.037339940,-3.034317767,0.003622034,42.292473,-3.036726490,0.000000000,-0.063861746,23.609213,1,1,1,1,1,-3.036726490,1,0
44.362797,3,1,1,1,2.827347394,2.903716547,0.073567443,38.284896,2.899893703,0.000000000,0.020513986,26.092856,1,1,1,1,1,2.899893703,1,0,-2.717737723,-2.741841762,-0.035681895,40.455578,-2.751018521,-0.314364961,-0.147582383,18.812373,1,1,1,1,1,-2.751018521,1,0,-3.034093193,-3.034744777,0.003586457,42.294511,-3.036555458,0.159874739,-0.166037413,17.754978,1,1,1,1,1,-3.036555458,1,0
44.397042,3,1,1,1,2.840380133,2.921344751,0.064334628,38.813897,2.907193824,0.478894629,0.056658350,24.021937,1,1,1,1,1,2.907193824,1,0,-2.743840656,-2.761078169,-0.043657169,39.998628,-2.755788954,-0.155409766,-0.217521177,14.805176,1,1,1,1,1,-2.755788954,1,0,-3.028605899,-3.034824826,0.004885752,42.220067,-3.036436851,0.000000000,-0.266311976,12.009669,1,1,1,1,1,-3.036436851,1,0
44.434761,3,1,1,1,2.839524342,2.937414732,0.051984388,39.521514,2.918734773,0.469318694,0.113060298,20.790343,1,1,1,1,1,2.918734773,1,0,-2.776424148,-2.782632586,-0.048261972,39.734793,-2.767905781,-0.160824678,-0.257227852,12.530151,1,1,1,1,1,-2.767905781,1,0,-3.028605899,-3.033626451,0.006126740,42.148964,-3.036794622,0.000000000,-0.266260007,12.012646,1,1,1,1,1,-3.036794622,1,0
44.464973,3,1,1,1,2.825166300,2.948785148,0.048304221,39.732372,2.924585109,0.317493155,0.184601067,16.691359,1,1,1,1,1,2.924585109,1,0,-2.776424148,-2.777290760,-0.042791989,40.048200,-2.779028767,0.000000000,-0.257981409,12.486975,1,1,1,1,1,-2.779028767,1,0,-3.019834506,-3.034088549,0.007040489,42.096610,-3.038053637,0.000000000,-0.364147624,6.404099,1,1,1,1,1,-3.038053637,1,0
44.496094,3,1,1,1,2.823657348,2.949894698,0.048747508,39.706974,2.933103032,0.152070442,0.192100526,16.261672,1,1,1,1,1,2.933103032,1,0,-2.798707804,-2.794931063,-0.047925937,39.754046,-2.786227100,-0.475544199,-0.277225658,11.384361,1,1,1,1,1,-2.786227100,1,0,-3.011879041,-3.035969882,0.004347700,42.250895,-3.038259149,0.000000000,-0.418890445,3.267567,1,1,1,1,1,-3.038259149,1,0
44.530387,3,1,1,1,2.815500377,2.956274956,0.052821568,39.473547,2.938348556,0.160227650,0.244862609,13.238627,1,1,1,1,1,2.938348556,1,0,-2.825918320,-2.810077535,-0.048121900,39.742818,-2.793698715,-0.313739784,-0.305257674,9.778245,1,1,1,1,1,-2.793698715,1,0,-3.007814433,-3.037257723,0.000116790,42.493308,-3.038996516,0.000000000,-0.427218307,2.790415,1,1,1,1,1,-3.038996516,1,0
44.563043,3,1,1,1,2.816804654,2.960148305,0.048225473,39.736884,2.944616547,0.000000000,0.280208081,11.213481,1,1,1,1,1,2.944616547,1,0,-2.854987706,-2.820799340,-0.043101206,40.030483,-2.804854271,-0.479902971,-0.339976426,7.789007,1,1,1,1,1,-2.804854271,1,0,-3.007814433,-3.034894227,0.002708023,42.344842,-3.038252777,0.000000000,-0.427063481,2.799286,1,1,1,1,1,-3.038252777,1,0
44.596770,3,1,1,1,2.816804654,2.960148305,0.048225473,39.736884,2.946646795,0.168801512,0.280208081,11.213481,1,1,1,1,1,2.946646795,1,0,-2.854987706,-2.820799340,-0.043101206,40.030483,-2.808004820,-0.154753723,-0.339976426,7.789007,1,1,1,1,1,-2.808004820,1,0,-3.012984415,-3.037762553,-0.003307921,42.310470,-3.039855522,0.000000000,-0.364987065,6.356003,1,1,1,1,1,-3.039855522,1,0
44.633217,3,1,1,1,2.823619157,2.961332572,0.028474361,40.868539,2.947633606,-0.163891171,0.290961955,10.597329,1,1,1,1,1,2.947633606,1,0,-2.874737359,-2.825726374,-0.035830076,40.447088,-2.819710873,-0.625863565,-0.361606534,6.549693,1,1,1,1,1,-2.819710873,1,0,-3.021867744,-3.037852207,-0.003999712,42.270833,-3.039749977,0.000000000,-0.270413651,11.774660,1,1,1,1,1,-3.039749977,1,0
44.663200,3,1,1,1,2.827081755,2.960847168,0.012043087,41.809982,2.946930795,-0.161675814,0.293670030,10.442168,1,1,1,1,1,2.946930795,1,0,-2.890007736,-2.835830498,-0.033415296,40.585445,-2.819690890,-0.150993111,-0.370386392,6.046644,1,1,1,1,1,-2.819690890,1,0,-3.021867744,-3.036674050,-0.002778393,42.340810,-3.040303366,0.000000000,-0.270360137,11.777726,1,1,1,1,1,-3.040303366,1,0
44.696331,3,1,1,1,2.825817410,2.957954183,0.002206780,42.373561,2.945126476,0.000000000,0.300216401,10.067088,1,1,1,1,1,2.945126476,1,0,-2.898250151,-2.844558657,-0.030299569,40.763963,-2.831005322,0.000000000,-0.365142883,6.347075,1,1,1,1,1,-2.831005322,1,0,-3.032069010,-3.038513746,-0.002606246,42.350673,-3.042019952,0.000000000,-0.145278663,18.944367,1,1,1,1,1,-3.042019952,1,0
44.729138,3,1,1,1,2.825817410,2.957954183,0.002206780,42.373561,2.943708446,-0.152799338,0.300216401,10.067088,1,1,1,1,1,2.943708446,1,0,-2.898250151,-2.844558657,-0.030299569,40.763963,-2.838192694,-0.475182021,-0.365142883,6.347075,1,1,1,1,1,-2.838192694,1,0,-3.039180552,-3.041630217,-0.001935030,42.389131,-3.042648509,0.000000000,-0.042132383,24.854213,1,1,1,1,1,-3.042648509,1,0
44.763285,3,1,1,1,2.821520872,2.951061487,0.000889270,42.449049,2.939506799,0.000000000,0.309979411,9.507709,1,1,1,1,1,2.939506799,1,0,-2.900023121,-2.846764280,-0.021871172,41.246874,-2.845578763,-0.474517354,-0.351059716,7.153981,1,1,1,1,1,-2.845578763,1,0,-3.042741421,-3.042458607,0.000217324,42.487548,-3.042830253,0.000000000,0.015352966,26.388561,1,1,1,1,1,-3.042830253,1,0
44.797022,3,1,1,1,2.819410270,2.942768896,0.002693958,42.345648,2.934713218,0.000000000,0.315396112,9.197355,1,1,1,1,1,2.934713218,1,0,-2.899211002,-2.851258088,-0.017214173,41.513701,-2.848106595,-0.309580661,-0.334701003,8.091266,1,1,1,1,1,-2.848106595,1,0,-3.042741421,-3.041305780,0.001370221,42.421492,-3.043425788,0.000000000,0.015370419,26.387561,1,1,1,1,1,-3.043425788,1,0
44.833508,3,1,1,1,2.821376205,2.932090826,-0.006035953,42.154165,2.928105396,-0.162188428,0.297216818,10.238952,1,1,1,1,1,2.928105396,1,0,-2.899211002,-2.846113465,-0.011836757,41.821804,-2.852118290,0.311743538,-0.335534404,8.043516,1,1,1,1,1,-2.852118290,1,0,-3.044013866,-3.043623706,0.000390409,42.477631,-3.044761819,0.000000000,0.042262591,24.846753,1,1,1,1,1,-3.044761819,1,0
44.863127,3,1,1,1,2.821376205,2.930583071,-0.007492553,42.070708,2.918802178,0.000000000,0.296639522,10.272028,1,1,1,1,1,2.918802178,1,0,-2.898290696,-2.847082489,-0.005473132,42.186413,-2.855519706,-0.313483305,-0.322247719,8.804787,1,1,1,1,1,-2.855519706,1,0,-3.043820782,-3.046110153,-0.002109618,42.379128,-3.045460633,0.000000000,0.058897500,23.893643,1,1,1,1,1,-3.045460633,1,0
44.896427,3,1,1,1,2.824922945,2.918784744,-0.020298102,41.337004,2.912669503,0.000000000,0.264953807,12.087486,1,1,1,1,1,2.912669503,1,0,-2.896832879,-2.852757173,-0.002799399,42.339606,-2.852884063,0.000000000,-0.302920171,9.912174,1,1,1,1,1,-2.852884063,1,0,-3.043820782,-3.046110153,-0.002109618,42.379128,-3.047240430,0.000000000,0.058897500,23.893643,1,1,1,1,1,-3.047240430,1,0
44.929785,3,1,1,1,2.825987169,2.903014449,-0.027898201,40.901551,2.905563532,-0.472483503,0.245885359,13.180028,1,1,1,1,1,2.905563532,1,0,-2.893362021,-2.851442408,0.005077953,42.209055,-2.858469221,-0.172743205,-0.279605622,11.247999,1,1,1,1,1,-2.858469221,1,0,-3.043641427,-3.047301795,-0.003301507,42.310838,-3.048498497,0.000000000,0.071254070,23.185664,1,1,1,1,1,-3.048498497,1,0
44.962846,3,1,1,1,2.825987169,2.899441061,-0.031253329,40.709316,2.894349165,-0.305551317,0.244410474,13.264533,1,1,1,1,1,2.894349165,1,0,-2.893362021,-2.840927135,0.015968311,41.585083,-2.859064836,-0.157677965,-0.280656006,11.187816,1,1,1,1,1,-2.859064836,1,0,-3.044042664,-3.048391818,-0.003662556,42.290151,-3.049199495,0.000000000,0.089750600,22.125891,1,1,1,1,1,-3.049199495,1,0
44.996723,3,1,1,1,2.824905129,2.880215589,-0.032495993,40.638117,2.881812378,0.000000000,0.250306400,12.926721,1,1,1,1,1,2.881812378,1,0,-2.887398983,-2.838319941,0.021958057,41.241896,-2.858981559,0.000000000,-0.252743984,12.787058,1,1,1,1,1,-2.858981559,1,0,-3.045418062,-3.050417876,-0.004036466,42.268728,-3.049422768,0.170364595,0.103155361,21.357854,1,1,1,1,1,-3.049422768,1,0
45.039682,3,1,1,1,2.829941700,2.856345453,-0.032159289,40.657408,2.869144301,-0.630856074,0.272797320,11.638086,1,1,1,1,1,2.869144301,1,0,-2.880230166,-2.834953688,0.026615336,40.975054,-2.857586691,0.308357435,-0.221017314,14.604862,1,1,1,1,1,-2.857586691,1,0,-3.045636263,-3.049764600,-0.003135937,42.320324,-3.050137168,0.000000000,0.104245636,21.295386,1,1,1,1,1,-3.050137168,1,0
45.063016,3,1,1,1,2.843492812,2.830937104,-0.040267622,40.192835,2.861414390,-0.300343295,0.285900211,10.887346,1,1,1,1,1,2.861414390,1,0,-2.874014911,-2.830809010,0.030855637,40.732102,-2.856469056,-0.006814601,-0.191457804,16.298497,1,1,1,1,1,-2.856469056,1,0,-3.047135712,-3.051084552,-0.002845447,42.336968,-3.050829453,0.000000000,0.108824841,21.033017,1,1,1,1,1,-3.050829453,1,0
45.096632,3,1,1,1,2.845024895,2.825947875,-0.044235075,39.965517,2.845290727,-0.772493302,0.285910940,10.886731,1,1,1,1,1,2.845290727,1,0,-2.874014911,-2.825342304,0.036422282,40.413157,-2.849698514,0.461247534,-0.191649392,16.287520,1,1,1,1,1,-2.849698514,1,0,-3.048660226,-3.052687749,-0.002857160,42.336297,-3.051484692,0.000000000,0.110763388,20.921946,1,1,1,1,1,-3.051484692,1,0
45.131046,3,1,1,1,2.856666449,2.803775125,-0.060733368,39.020234,2.834649016,-0.310455296,0.278884423,11.289321,1,1,1,1,1,2.834649016,1,0,-2.868186316,-2.826232037,0.034533129,40.521397,-2.850014664,0.172754531,-0.162257202,17.971568,1,1,1,1,1,-2.850014664,1,0,-3.048660226,-3.052687749,-0.002857160,42.336297,-3.053737458,0.000000000,0.110763388,20.921946,1,1,1,1,1,-3.053737458,1,0
45.162877,3,1,1,1,2.860333017,2.776221123,-0.083088186,37.739398,2.810789901,0.000000000,0.259996329,12.371529,1,1,1,1,1,2.810789901,1,0,-2.861774206,-2.821410014,0.036665987,40.399194,-2.849040447,0.000000000,-0.132431670,19.680445,1,1,1,1,1,-2.849040447,1,0,-3.049724289,-3.054211790,-0.003261865,42.313109,-3.054320563,0.000000000,0.111574387,20.875480,1,1,1,1,1,-3.054320563,1,0
45.196237,3,1,1,1,2.860333017,2.769903818,-0.089625395,37.364843,2.803481552,-0.479164429,0.260000261,12.371303,1,1,1,1,1,2.803481552,1,0,-2.855510014,-2.811239441,0.042840968,40.045393,-2.845567610,0.000000000,-0.105601362,21.217709,1,1,1,1,1,-2.845567610,1,0,-3.050551665,-3.054660628,-0.002832038,42.337736,-3.054644939,0.153434207,0.111526234,20.878239,1,1,1,1,1,-3.054644939,1,0
45.230919,3,1,1,1,2.853777030,2.746624822,-0.099899629,36.776173,2.784925588,0.000000000,0.244603241,13.253488,1,1,1,1,1,2.784925588,1,0,-2.854083177,-2.811378725,0.041646808,40.113814,-2.842747450,0.315786548,-0.099396483,21.573222,1,1,1,1,1,-2.842747450,1,0,-3.051554857,-3.057020272,-0.004193273,42.259743,-3.055124856,0.000000000,0.109568562,20.990405,1,1,1,1,1,-3.055124856,1,0
45.263205,3,1,1,1,2.840670708,2.715621060,-0.109058571,36.251404,2.772574716,-0.622907750,0.237399106,13.666254,1,1,1,1,1,2.772574716,1,0,-2.849163853,-2.801003103,0.048124777,39.742653,-2.837715751,0.000000000,-0.076029592,22.912046,1,1,1,1,1,-2.837715751,1,0,-3.051554857,-3.055065571,-0.002226560,42.372427,-3.055677999,0.000000000,0.109576688,20.989939,1,1,1,1,1,-3.055677999,1,0
45.297150,3,1,1,1,2.825651139,2.688052450,-0.110006985,36.197064,2.747178600,0.000000000,0.237212130,13.676967,1,1,1,1,1,2.747178600,1,0,-2.844360749,-2.796757288,0.048014399,39.748978,-2.828737725,0.000000000,-0.052517496,24.259190,1,1,1,1,1,-2.828737725,1,0,-3.052812425,-3.056610296,-0.002570247,42.352736,-3.056274280,0.000000000,0.105294700,21.235279,1,1,1,1,1,-3.056274280,1,0
45.329138,3,1,1,1,2.824023881,2.681134614,-0.114000901,35.968230,2.740258881,-0.466250332,0.237921886,13.636301,1,1,1,1,1,2.740258881,1,0,-2.844360749,-2.791233059,0.053544644,39.432118,-2.828389636,0.165325104,-0.052348960,24.268847,1,1,1,1,1,-2.828389636,1,0,-3.053822169,-3.057638547,-0.002663586,42.347388,-3.057350195,0.000000000,0.100639726,21.501990,1,1,1,1,1,-3.057350195,1,0
45.362748,3,1,1,1,2.810325253,2.658652397,-0.110974783,36.141613,2.710930963,0.000000000,0.240448066,13.491562,1,1,1,1,1,2.710930963,1,0,-2.839096973,-2.792482197,0.047061108,39.803597,-2.824996862,0.000000000,-0.032232309,25.421446,1,1,1,1,1,-2.824996862,1,0,-3.054996587,-3.060025017,-0.003971780,42.272434,-3.058785321,0.000000000,0.094854254,21.833473,1,1,1,1,1,-3.058785321,1,0
45.398363,3,1,1,1,2.797124958,2.632135523,-0.113943468,35.971520,2.704410217,-0.452609426,0.243740696,13.302908,1,1,1,1,1,2.704410217,1,0,-2.832323055,-2.788768012,0.043792841,39.990855,-2.820674183,0.000000000,-0.012980221,26.524509,1,1,1,1,1,-2.820674183,1,0,-3.054996587,-3.059102164,-0.003044677,42.325553,-3.059299973,0.000000000,0.094856847,21.833324,1,1,1,1,1,-3.059299973,1,0
45.437121,3,1,1,1,2.797124958,2.622118547,-0.124031872,35.393497,2.674379185,0.000000000,0.245873201,13.180724,1,1,1,1,1,2.674379185,1,0,-2.827248301,-2.779610789,0.047648729,39.769929,-2.813737560,0.471640032,-0.000202046,27.256645,1,1,1,1,1,-2.813737560,1,0,-3.056199955,-3.059554601,-0.002357403,42.364931,-3.060728984,0.000000000,0.089783006,22.124034,1,1,1,1,1,-3.060728984,1,0
45.462672,3,1,1,1,2.783093101,2.600270278,-0.123199737,35.441175,2.667074516,-0.479043792,0.247844237,13.067792,1,1,1,1,1,2.667074516,1,0,-2.826001904,-2.780053368,0.045901403,39.870043,-2.810729828,0.151392313,0.002821897,27.106538,1,1,1,1,1,-2.810729828,1,0,-3.057277483,-3.061306331,-0.003099750,42.322397,-3.060729723,0.000000000,0.085045702,22.395461,1,1,1,1,1,-3.060729723,1,0
45.496590,3,1,1,1,2.767120595,2.567934300,-0.132558384,34.904964,2.645544940,-0.951763904,0.251680886,12.847969,1,1,1,1,1,2.645544940,1,0,-2.821217469,-2.771361878,0.049597090,39.658296,-2.801920806,0.000000000,0.014260893,26.451132,1,1,1,1,1,-2.801920806,1,0,-3.057277483,-3.059465118,-0.001251719,42.428282,-3.060227442,0.000000000,0.085048757,22.395286,1,1,1,1,1,-3.060227442,1,0
45.532625,3,1,1,1,2.746884702,2.540335143,-0.134416712,34.798490,2.634274489,-0.478068878,0.252237701,12.816065,1,1,1,1,1,2.634274489,1,0,-2.814781186,-2.768890177,0.045461825,39.895229,-2.801425631,0.166774808,0.026576957,25.745474,1,1,1,1,1,-2.801425631,1,0,-3.058417331,-3.060311520,-0.001056010,42.439495,-3.061094812,0.000000000,0.078618784,22.763697,1,1,1,1,1,-3.061094812,1,0
45.563225,3,1,1,1,2.746884702,2.540335143,-0.134416712,34.798490,2.612442929,-0.956247098,0.252237701,12.816065,1,1,1,1,1,2.612442929,1,0,-2.814781186,-2.768890177,0.045461825,39.895229,-2.798145131,0.000000000,0.026576957,25.745474,1,1,1,1,1,-2.798145131,1,0,-3.059465049,-3.062240278,-0.002062004,42.381856,-3.062422744,0.000000000,0.070425507,23.233137,1,1,1,1,1,-3.062422744,1,0
45.597802,3,1,1,1,2.719763362,2.511765333,-0.134530404,34.791976,2.585262975,0.000000000,0.245349249,13.210745,1,1,1,1,1,2.585262975,1,0,-2.807026861,-2.766657869,0.039882783,40.214885,-2.793476238,0.000000000,0.037959784,25.093286,1,1,1,1,1,-2.793476238,1,0,-3.060236504,-3.063117395,-0.002260725,42.370470,-3.062760337,0.000000000,0.063356211,23.638178,1,1,1,1,1,-3.062760337,1,0
45.633544,3,1,1,1,2.719763362,2.498223905,-0.147771059,34.033342,2.572759780,-0.626737147,0.249659816,12.963767,1,1,1,1,1,2.572759780,1,0,-2.807026861,-2.756268073,0.050277376,39.619319,-2.789408796,0.000000000,0.038230680,25.077764,1,1,1,1,1,-2.789408796,1,0,-3.060943442,-3.063157483,-0.001647815,42.405587,-3.062652774,0.000000000,0.058194247,23.933936,1,1,1,1,1,-3.062652774,1,0
45.663944,3,1,1,1,2.686311974,2.474888683,-0.149077706,33.958477,2.552992715,0.000000000,0.218294185,14.760886,1,1,1,1,1,2.552992715,1,0,-2.800839970,-2.754022420,0.046379144,39.842671,-2.786350830,0.319479380,0.046244596,24.618601,1,1,1,1,1,-2.786350830,1,0,-3.060943442,-3.062237560,-0.000726286,42.458387,-3.063890085,0.000000000,0.058194686,23.933911,1,1,1,1,1,-3.063890085,1,0
45.697936,3,1,1,1,2.633617584,2.452742100,-0.148258006,34.005442,2.540501603,-0.626434251,0.136143843,19.467754,1,1,1,1,1,2.540501603,1,0,-2.795640352,-2.752021080,0.043277143,40.020402,-2.780674713,0.000000000,0.052897583,24.237413,1,1,1,1,1,-2.780674713,1,0,-3.061691197,-3.063092758,-0.000867806,42.450278,-3.063708316,0.000000000,0.054523337,24.144264,1,1,1,1,1,-3.063708316,1,0
45.729720,3,1,1,1,2.568400342,2.430155854,-0.141293173,34.404498,2.524869903,-0.939949034,0.002267034,27.138330,1,1,1,1,1,2.524869903,1,0,-2.790197102,-2.750428853,0.039574818,40.232530,-2.773970474,0.458933421,0.058797823,23.899354,1,1,1,1,1,-2.773970474,1,0,-3.062434789,-3.063915979,-0.000992816,42.443116,-3.063987610,0.000000000,0.050456036,24.377303,1,1,1,1,1,-3.063987610,1,0
45.763640,3,1,1,1,2.568400342,2.430155854,-0.141293173,34.404498,2.500839085,-0.306037322,0.002267034,27.138330,1,1,1,1,1,2.500839085,1,0,-2.790197102,-2.750428853,0.039574818,40.232530,-2.768823988,0.315025434,0.058797823,23.899354,1,1,1,1,1,-2.768823988,1,0,-3.062434789,-3.063915979,-0.000992816,42.443116,-3.065144059,0.000000000,0.050456036,24.377303,1,1,1,1,1,-3.065144059,1,0
45.796956,3,1,1,1,2.516438295,2.408847010,-0.131252577,34.979781,2.484628028,-0.776494811,-0.124510983,20.134267,1,1,1,1,1,2.484628028,1,0,-2.783773951,-2.748895611,0.034856794,40.502853,-2.768396682,0.000000000,0.063862275,23.609182,1,1,1,1,1,-2.768396682,1,0,-3.063075710,-3.064688442,-0.001193976,42.431590,-3.065400643,0.000000000,0.045060411,24.686450,1,1,1,1,1,-3.065400643,1,0
45.834958,3,1,1,1,2.476336780,2.378373085,-0.134401068,34.799386,2.449503402,0.000000000,-0.211375325,15.157307,1,1,1,1,1,2.449503402,1,0,-2.776054295,-2.742330777,0.033968289,40.553760,-2.764608452,0.000000000,0.081765794,22.583386,1,1,1,1,1,-2.764608452,1,0,-3.063769302,-3.064691572,-0.000587751,42.466324,-3.065062670,0.000000000,0.038366810,25.069965,1,1,1,1,1,-3.065062670,1,0
45.863328,3,1,1,1,2.476336780,2.368617705,-0.144205289,34.237646,2.442441918,-0.471002163,-0.209574924,15.260462,1,1,1,1,1,2.442441918,1,0,-2.776054295,-2.737216080,0.039100240,40.259721,-2.761810567,0.312982158,0.081788399,22.582091,1,1,1,1,1,-2.761810567,1,0,-3.064454568,-3.065391893,-0.000663839,42.461965,-3.065264274,0.000000000,0.033099310,25.371770,1,1,1,1,1,-3.065264274,1,0
45.896369,3,1,1,1,2.447895586,2.349818286,-0.145737873,34.149835,2.421920935,0.000000000,-0.249838524,12.953528,1,1,1,1,1,2.421920935,1,0,-2.769432362,-2.735455448,0.034917093,40.499398,-2.755489770,0.163152944,0.129895356,19.825765,1,1,1,1,1,-2.755489770,1,0,-3.064601987,-3.064848621,0.000016608,42.499048,-3.065471931,0.000000000,0.032114440,25.428199,1,1,1,1,1,-3.065471931,1,0
45.930330,3,1,1,1,2.413741108,2.330508475,-0.144722869,34.207990,2.409219996,-0.631673783,-0.279496483,11.254252,1,1,1,1,1,2.409219996,1,0,-2.761969605,-2.734199353,0.031000526,40.723801,-2.747802912,0.000000000,0.224013799,14.433176,1,1,1,1,1,-2.747802912,1,0,-3.065101835,-3.065323567,0.000008903,42.499490,-3.065967193,0.000000000,0.028895516,25.612630,1,1,1,1,1,-3.065967193,1,0
45.963991,3,1,1,1,2.379896597,2.324427706,-0.128435820,35.141170,2.382491688,-1.112971841,-0.306856382,9.686646,1,1,1,1,1,2.382491688,1,0,-2.761969605,-2.734199353,0.031000526,40.723801,-2.748284658,0.154106995,0.224013799,14.433176,1,1,1,1,1,-2.748284658,1,0,-3.065508526,-3.066996306,-0.001283584,42.426456,-3.066999837,0.000000000,0.026048061,25.775777,1,1,1,1,1,-3.066999837,1,0
45.996433,3,1,1,1,2.379896597,2.313162231,-0.139878657,34.485543,2.357154576,-0.164791442,-0.304060878,9.846816,1,1,1,1,1,2.357154576,1,0,-2.754122233,-2.732414896,0.028594578,40.861651,-2.745674313,0.000000000,0.308382910,9.599182,1,1,1,1,1,-2.745674313,1,0,-3.065508526,-3.066105777,-0.000392733,42.477498,-3.067121905,0.000000000,0.026047040,25.775836,1,1,1,1,1,-3.067121905,1,0
46.034786,3,1,1,1,2.344079288,2.285440001,-0.141461684,34.394843,2.337581720,-0.801283721,-0.327521359,8.502630,1,1,1,1,1,2.337581720,1,0,-2.745557688,-2.725368821,0.031036196,40.721757,-2.742326557,0.000000000,0.362012233,6.526448,1,1,1,1,1,-2.742326557,1,0,-3.065893715,-3.065943739,0.000118545,42.493208,-3.066676820,0.000000000,0.022198461,25.996343,1,1,1,1,1,-3.066676820,1,0
46.063544,3,1,1,1,2.309846841,2.271635177,-0.126876756,35.230497,2.330129157,-0.316370318,-0.348165441,7.319811,1,1,1,1,1,2.330129157,1,0,-2.738013467,-2.723342728,0.027099719,40.947300,-2.739724616,0.308909585,0.378391248,5.588000,1,1,1,1,1,-2.739724616,1,0,-3.066404055,-3.066486062,0.000000056,42.499997,-3.066764355,0.000000000,0.012469526,26.553770,1,1,1,1,1,-3.066764355,1,0
46.096246,3,1,1,1,2.275764436,2.259840997,-0.107645927,36.332343,2.313721718,-0.784566819,-0.361031456,6.582642,1,1,1,1,1,2.313721718,1,0,-2.738013467,-2.718127947,0.032708286,40.625953,-2.733821051,0.151582552,0.378219605,5.597834,1,1,1,1,1,-2.733821051,1,0,-3.066404055,-3.065564520,0.000921685,42.447191,-3.066842973,0.000000000,0.012468943,26.553803,1,1,1,1,1,-3.066842973,1,0
46.129838,3,1,1,1,2.275764436,2.246800404,-0.121092948,35.561885,2.308139689,-0.311234851,-0.357626499,6.777732,1,1,1,1,1,2.308139689,1,0,-2.734000982,-2.716027453,0.027734066,40.910955,-2.726102875,0.000000000,0.351845433,7.108963,1,1,1,1,1,-2.726102875,1,0,-3.066918437,-3.066035461,0.000863554,42.450522,-3.067227629,0.000000000,-0.004156887,27.030049,1,1,1,1,1,-3.067227629,1,0
46.163281,3,1,1,1,2.247342530,2.250835534,-0.088203603,37.446306,2.282781477,-0.945261263,-0.364021679,6.411315,1,1,1,1,1,2.282781477,1,0,-2.733016053,-2.719066240,0.016215705,41.570909,-2.724000593,0.313505798,0.281344354,11.148377,1,1,1,1,1,-2.724000593,1,0,-3.067247200,-3.067576740,-0.000381259,42.478155,-3.068173671,0.000000000,-0.025946157,25.781616,1,1,1,1,1,-3.068173671,1,0
46.198648,3,1,1,1,2.227055935,2.245733748,-0.068145882,38.595529,2.253670724,0.000000000,-0.357341481,6.794062,1,1,1,1,1,2.253670724,1,0,-2.733016053,-2.713958403,0.021532471,41.266280,-2.724651204,0.000000000,0.281309863,11.150353,1,1,1,1,1,-2.724651204,1,0,-3.067379897,-3.067901320,-0.000524166,42.469967,-3.068264408,0.000000000,-0.040203629,24.964723,1,1,1,1,1,-3.068264408,1,0
46.236444,3,1,1,1,2.216023897,2.241455582,-0.054188029,39.395255,2.249515632,-0.311097532,-0.346403765,7.420747,1,1,1,1,1,2.249515632,1,0,-2.731735848,-2.710981743,0.019030627,41.409625,-2.721756119,0.000000000,0.219461767,14.693988,1,1,1,1,1,-2.721756119,1,0,-3.067379897,-3.067004258,0.000373621,42.478593,-3.067719060,0.000000000,-0.040199067,24.964984,1,1,1,1,1,-3.067719060,1,0
46.264203,3,1,1,1,2.216023897,2.214658865,-0.081850363,37.810320,2.239308536,0.000000000,-0.340115784,7.781022,1,1,1,1,1,2.239308536,1,0,-2.728967008,-2.703366747,0.021891256,41.245723,-2.719109146,0.318858852,0.154224544,18.431806,1,1,1,1,1,-2.719109146,1,0,-3.067551626,-3.066583843,0.001051830,42.439735,-3.067817535,0.000000000,-0.050885686,24.352686,1,1,1,1,1,-3.067817535,1,0
46.298161,3,1,1,1,2.204345089,2.227303895,-0.046785800,39.819371,2.232566431,-0.460227631,-0.328904563,8.423378,1,1,1,1,1,2.232566431,1,0,-2.726280212,-2.706095719,0.016469936,41.556342,-2.713570212,0.161473684,0.115081938,20.674512,1,1,1,1,1,-2.713570212,1,0,-3.067716268,-3.067973242,0.000000561,42.499968,-3.067893842,0.000000000,-0.063365781,23.637629,1,1,1,1,1,-3.067893842,1,0
46.329634,3,1,1,1,2.193816040,2.215862842,-0.036263287,40.422267,2.225416309,-0.313914174,-0.308789760,9.575871,1,1,1,1,1,2.225416309,1,0,-2.725559215,-2.696023241,0.025995280,41.010580,-2.706389015,0.000000000,0.107952050,21.083024,1,1,1,1,1,-2.706389015,1,0,-3.067716268,-3.066152304,0.001825109,42.395429,-3.068348664,0.000000000,-0.063349776,23.638546,1,1,1,1,1,-3.068348664,1,0
46.363120,3,1,1,1,2.193816040,2.201961453,-0.050576227,39.602196,2.199639425,-0.953072299,-0.306115868,9.729074,1,1,1,1,1,2.199639425,1,0,-2.721771747,-2.693559014,0.025303460,41.050219,-2.704703762,0.311116523,0.082723860,22.528493,1,1,1,1,1,-2.704703762,1,0,-3.067422342,-3.066813715,0.001523571,42.412706,-3.069384805,0.000000000,-0.092170240,21.987255,1,1,1,1,1,-3.069384805,1,0
46.396296,3,1,1,1,2.187014823,2.221710009,-0.010873266,41.877008,2.193606612,-0.323477339,-0.286649250,10.844429,1,1,1,1,1,2.193606612,1,0,-2.715896372,-2.696996754,0.016834406,41.535460,-2.706006443,0.000000000,0.055609038,24.082058,1,1,1,1,1,-2.706006443,1,0,-3.066200720,-3.068610401,0.000239049,42.486304,-3.069569228,0.000000000,-0.138513137,19.332003,1,1,1,1,1,-3.069569228,1,0
46.434237,3,1,1,1,2.182271813,2.231908051,0.016670149,41.544871,2.187729665,-0.309136361,-0.258153016,12.477143,1,1,1,1,1,2.187729665,1,0,-2.715896372,-2.691498582,0.022336211,41.220229,-2.703793903,0.000000000,0.055842796,24.068665,1,1,1,1,1,-2.703793903,1,0,-3.064988756,-3.069095506,0.000223656,42.487185,-3.069292185,0.000000000,-0.169744905,17.542554,1,1,1,1,1,-3.069292185,1,0
46.464936,3,1,1,1,2.182271813,2.205432565,-0.010465649,41.900363,2.185156172,-0.157506512,-0.254694130,12.675322,1,1,1,1,1,2.185156172,1,0,-2.709165524,-2.683940556,0.024334834,41.105717,-2.704611360,0.154233601,0.022598844,25.973403,1,1,1,1,1,-2.704611360,1,0,-3.064988756,-3.067288747,0.002055993,42.382200,-3.069601794,0.000000000,-0.169692507,17.545557,1,1,1,1,1,-3.069601794,1,0
46.496689,3,1,1,1,2.177229574,2.213042654,0.011111646,41.863350,2.181362095,0.157840102,-0.228923509,14.151870,1,1,1,1,1,2.181362095,1,0,-2.703004058,-2.682744853,0.020982413,41.297796,-2.692798272,0.628416360,-0.015913657,26.356436,1,1,1,1,1,-2.692798272,1,0,-3.063772369,-3.068052141,0.001651844,42.405356,-3.069921552,0.000000000,-0.192659226,16.229661,1,1,1,1,1,-3.069921552,1,0
46.529991,3,1,1,1,2.172403406,2.221740222,0.032205312,40.654772,2.186776090,-0.000198234,-0.201820038,15.704785,1,1,1,1,1,2.186776090,1,0,-2.703004058,-2.676921241,0.026799367,40.964509,-2.689979391,0.316934753,-0.015619062,26.373315,1,1,1,1,1,-2.689979391,1,0,-3.062824486,-3.068973099,0.000861453,42.450642,-3.070787407,0.000000000,-0.204904590,15.528053,1,1,1,1,1,-3.070787407,1,0
46.563176,3,1,1,1,2.170151624,2.230718486,0.049586346,39.658912,2.186551589,0.007873789,-0.174330090,17.279843,1,1,1,1,1,2.186551589,1,0,-2.699246498,-2.675594342,0.025617190,41.032243,-2.691644169,0.153197190,-0.042066801,24.857971,1,1,1,1,1,-2.691644169,1,0,-3.061305491,-3.070034463,0.000205791,42.488209,-3.072161986,0.000000000,-0.225076578,14.372283,1,1,1,1,1,-3.072161986,1,0
46.596491,3,1,1,1,2.170151624,2.230718486,0.049586346,39.658912,2.179597987,-0.467456797,-0.174330090,17.279843,1,1,1,1,1,2.179597987,1,0,-2.695271817,-2.680618099,0.017277840,41.510053,-2.690467383,-0.149552408,-0.057534862,23.971716,1,1,1,1,1,-2.690467383,1,0,-3.061305491,-3.070034463,0.000205791,42.488209,-3.072734830,0.000000000,-0.225076578,14.372283,1,1,1,1,1,-3.072734830,1,0
46.638038,3,1,1,1,2.172230382,2.239945368,0.061474154,38.977790,2.162353373,0.140954136,-0.146879567,18.852642,1,1,1,1,1,2.162353373,1,0,-2.691463752,-2.679587087,0.014663648,41.659835,-2.688258661,0.000000000,-0.064135128,23.593549,1,1,1,1,1,-2.688258661,1,0,-3.058003016,-3.071524039,0.000034205,42.498040,-3.073121945,0.000000000,-0.268328768,11.894115,1,1,1,1,1,-3.073121945,1,0
46.663357,3,1,1,1,2.176160958,2.237246186,0.058088985,39.171746,2.172268811,0.314267697,-0.119821328,20.402965,1,1,1,1,1,2.172268811,1,0,-2.691463752,-2.667415842,0.026844400,40.961929,-2.687323897,0.314905441,-0.063521845,23.628687,1,1,1,1,1,-2.687323897,1,0,-3.054507477,-3.071862240,0.001237158,42.429116,-3.074772161,0.000000000,-0.306751222,9.692671,1,1,1,1,1,-3.074772161,1,0
46.696827,3,1,1,1,2.176329187,2.246346362,0.069121009,38.539658,2.176166737,0.153948329,-0.094355750,21.862035,1,1,1,1,1,2.176166737,1,0,-2.688144578,-2.666374288,0.024745489,41.082188,-2.684406478,-0.158157749,-0.069753175,23.271659,1,1,1,1,1,-2.684406478,1,0,-3.051371006,-3.073571515,0.000751300,42.456954,-3.074828408,0.000000000,-0.333492554,8.160505,1,1,1,1,1,-3.074828408,1,0
46.731982,3,1,1,1,2.176329187,2.234784616,0.057508406,39.205011,2.175243545,-0.002383354,-0.094229025,21.869296,1,1,1,1,1,2.175243545,1,0,-2.684748179,-2.666399779,0.022290115,41.222870,-2.682036005,0.315411614,-0.086007529,22.340353,1,1,1,1,1,-2.682036005,1,0,-3.051371006,-3.072718558,0.001651998,42.405347,-3.076546415,0.000000000,-0.333436028,8.163744,1,1,1,1,1,-3.076546415,1,0
46.763156,3,1,1,1,2.174184760,2.243988231,0.070005198,38.488998,2.179895684,0.317579329,-0.070196241,23.246273,1,1,1,1,1,2.179895684,1,0,-2.680104850,-2.667580041,0.019087829,41.406348,-2.679121510,0.149234573,-0.116981095,20.565698,1,1,1,1,1,-2.679121510,1,0,-3.050810008,-3.074731368,-0.000153592,42.491200,-3.078464168,0.000000000,-0.332097607,8.240430,1,1,1,1,1,-3.078464168,1,0
46.797238,3,1,1,1,2.173094864,2.265466859,0.093059645,37.168075,2.194826552,0.474256571,-0.044221049,24.734542,1,1,1,1,1,2.194826552,1,0,-2.680104850,-2.667580041,0.019087829,41.406348,-2.680655547,0.000000000,-0.116981095,20.565698,1,1,1,1,1,-2.680655547,1,0,-3.052984702,-3.077815981,-0.003271503,42.312557,-3.079713227,0.000000000,-0.309123330,9.556759,1,1,1,1,1,-3.079713227,1,0
46.833581,3,1,1,1,2.174799207,2.269450958,0.095277052,37.041027,2.201985128,0.005097407,-0.026375853,25.756996,1,1,1,1,1,2.201985128,1,0,-2.675313139,-2.667668135,0.017037014,41.523851,-2.678467266,-0.152801380,-0.142841744,19.083992,1,1,1,1,1,-2.678467266,1,0,-3.052984702,-3.077009535,-0.002426808,42.360954,-3.081023651,0.000000000,-0.309069741,9.559829,1,1,1,1,1,-3.081023651,1,0
46.867697,3,1,1,1,2.174799207,2.248163061,0.073985902,38.260920,2.189644583,-0.622668172,-0.026800237,25.732681,1,1,1,1,1,2.189644583,1,0,-2.669425664,-2.663569740,0.018075184,41.464368,-2.681448931,0.164432452,-0.164398180,17.848899,1,1,1,1,1,-2.681448931,1,0,-3.055990112,-3.078738839,-0.002882580,42.334840,-3.082468799,0.000000000,-0.287109577,10.818054,1,1,1,1,1,-3.082468799,1,0
46.898892,3,1,1,1,2.180439448,2.252171941,0.072065686,38.370940,2.186358412,-0.006392953,-0.010471258,26.668262,1,1,1,1,1,2.186358412,1,0,-2.669425664,-2.656757561,0.024957546,41.070038,-2.677694879,-0.149241186,-0.163846564,17.880504,1,1,1,1,1,-2.677694879,1,0,-3.057398803,-3.079951173,-0.002664427,42.347340,-3.084851864,-0.158443445,-0.281755205,11.124837,1,1,1,1,1,-3.084851864,1,0
46.930566,3,1,1,1,2.189073802,2.259511899,0.070280641,38.473216,2.189915806,0.323230661,0.005771805,26.937521,1,1,1,1,1,2.189915806,1,0,-2.665990386,-2.660562490,0.018468810,41.441815,-2.675055600,0.324327486,-0.171040235,17.468338,1,1,1,1,1,-2.675055600,1,0,-3.058600329,-3.082414660,-0.002291112,42.368729,-3.086669160,0.000000000,-0.285351785,10.918768,1,1,1,1,1,-3.086669160,1,0
46.962723,3,1,1,1,2.189073802,2.249092173,0.059865624,39.069952,2.197633174,0.313443186,0.005453797,26.955742,1,1,1,1,1,2.197633174,1,0,-2.665090362,-2.660787461,0.017354506,41.505660,-2.673920710,0.181283311,-0.171603856,17.436044,1,1,1,1,1,-2.673920710,1,0,-3.058600329,-3.081644912,-0.001491067,42.414568,-3.088524816,0.000000000,-0.285295651,10.921984,1,1,1,1,1,-3.088524816,1,0
46.996089,3,1,1,1,2.194522950,2.258202750,0.063020113,38.889214,2.212236154,0.475786825,0.018985878,26.180410,1,1,1,1,1,2.212236154,1,0,-2.663016141,-2.663879852,0.013754242,41.711940,-2.672971750,0.000000000,-0.179526554,16.982107,1,1,1,1,1,-2.672971750,1,0,-3.058712921,-3.085632377,-0.001013693,42.441920,-3.091082026,-0.162885437,-0.302185723,9.954255,1,1,1,1,1,-3.091082026,1,0
47.030339,3,1,1,1,2.196004504,2.272243325,0.075234801,38.189363,2.219439705,-0.008177660,0.028264093,25.648808,1,1,1,1,1,2.219439705,1,0,-2.663016141,-2.663879852,0.013754242,41.711940,-2.679070523,0.000000000,-0.179526554,16.982107,1,1,1,1,1,-2.679070523,1,0,-3.060727856,-3.089408775,-0.002345054,42.365638,-3.093937976,-0.156496192,-0.296185440,10.298045,1,1,1,1,1,-3.093937976,1,0
47.062121,3,1,1,1,2.196004504,2.262431096,0.065424078,38.751476,2.207015774,-0.624800905,0.027939570,25.667402,1,1,1,1,1,2.207015774,1,0,-2.658287974,-2.667749074,0.009564589,41.951989,-2.679471974,-0.013495292,-0.199209156,15.854377,1,1,1,1,1,-2.679471974,1,0,-3.060727856,-3.088711046,-0.001618272,42.407280,-3.096019198,-0.156435229,-0.296125418,10.301484,1,1,1,1,1,-3.096019198,1,0
47.095688,3,1,1,1,2.199276791,2.257436662,0.056686084,39.252127,2.211373587,0.309733452,0.039175234,25.023646,1,1,1,1,1,2.211373587,1,0,-2.652746320,-2.667179973,0.010492195,41.898841,-2.680715457,0.140550897,-0.220949793,14.608730,1,1,1,1,1,-2.680715457,1,0,-3.067207270,-3.091515798,-0.003050965,42.325193,-3.097687595,0.000000000,-0.254353457,12.694842,1,1,1,1,1,-3.097687595,1,0
47.130946,3,1,1,1,2.205448062,2.264508226,0.056793021,39.246000,2.214501020,0.315960827,0.056253390,24.045139,1,1,1,1,1,2.214501020,1,0,-2.652746320,-2.660845067,0.016940022,41.529408,-2.681676163,-0.312626922,-0.220209997,14.651118,1,1,1,1,1,-2.681676163,1,0,-3.078316703,-3.095957349,-0.005283877,42.197256,-3.100916288,0.000000000,-0.176241364,17.170335,1,1,1,1,1,-3.100916288,1,0
47.162510,3,1,1,1,2.209713853,2.270568759,0.057640407,39.197448,2.221439345,0.313880826,0.074256252,23.013651,1,1,1,1,1,2.221439345,1,0,-2.651920047,-2.669470012,0.008766828,41.997698,-2.679564229,-0.155781794,-0.223730124,14.449429,1,1,1,1,1,-2.679564229,1,0,-3.088668104,-3.100432483,-0.005570258,42.180848,-3.103102313,-0.161613422,-0.105355829,21.231777,1,1,1,1,1,-3.103102313,1,0
47.196163,3,1,1,1,2.209713853,2.261366210,0.048419685,39.725756,2.236255178,0.477181519,0.073894674,23.034368,1,1,1,1,1,2.236255178,1,0,-2.655187246,-2.674458799,0.003590206,42.294296,-2.683120965,0.000000000,-0.208969964,15.295124,1,1,1,1,1,-2.683120965,1,0,-3.089773434,-3.100474748,-0.005012180,42.212823,-3.106154120,0.000000000,-0.098383160,21.631281,1,1,1,1,1,-3.106154120,1,0
47.231822,3,1,1,1,2.211832689,2.272809724,0.056981799,39.235183,2.242759129,-0.152887334,0.087511634,22.254174,1,1,1,1,1,2.242759129,1,0,-2.660068639,-2.686425428,-0.008194028,42.030517,-2.690001091,-0.464914526,-0.187619839,16.518396,1,1,1,1,1,-2.690001091,1,0,-3.096802250,-3.105202772,-0.005229232,42.200387,-3.109572215,0.000000000,-0.060089127,23.825368,1,1,1,1,1,-3.109572215,1,0
47.262431,3,1,1,1,2.215733170,2.275797331,0.055169079,39.339045,2.230855474,-0.630348235,0.101236946,21.467771,1,1,1,1,1,2.230855474,1,0,-2.660068639,-2.680338332,-0.002029267,42.383732,-2.695059875,-0.480896405,-0.187014183,16.553098,1,1,1,1,1,-2.695059875,1,0,-3.102407490,-3.109710530,-0.005445236,42.188011,-3.111981850,0.000000000,-0.037454646,25.122228,1,1,1,1,1,-3.111981850,1,0
47.295382,3,1,1,1,2.223634514,2.271425041,0.041643170,40.114022,2.231491044,-0.008685388,0.116548801,20.590467,1,1,1,1,1,2.231491044,1,0,-2.666255261,-2.683137735,-0.002005679,42.385083,-2.695504008,0.316054133,-0.165221261,17.801740,1,1,1,1,1,-2.695504008,1,0,-3.102407490,-3.108686955,-0.004422698,42.246598,-3.113758762,-0.153143358,-0.037393956,25.125705,1,1,1,1,1,-3.113758762,1,0
47.328905,3,1,1,1,2.223634514,2.262583442,0.032751976,40.623450,2.234487811,0.315038974,0.116118073,20.615146,1,1,1,1,1,2.234487811,1,0,-2.673224839,-2.693319220,-0.006116643,42.149542,-2.697179746,0.000081697,-0.153752102,18.458875,1,1,1,1,1,-2.697179746,1,0,-3.107923266,-3.114036083,-0.005544711,42.182311,-3.117508594,0.000000000,-0.013030316,26.521639,1,1,1,1,1,-3.117508594,1,0
47.362497,3,1,1,1,2.228487010,2.265482477,0.029492804,40.810187,2.239744173,0.475428463,0.130074364,19.815509,1,1,1,1,1,2.239744173,1,0,-2.673971585,-2.689101052,-0.001154735,42.433839,-2.699737204,-0.156092858,-0.152346772,18.539394,1,1,1,1,1,-2.699737204,1,0,-3.111553791,-3.117492334,-0.006261821,42.141224,-3.119834240,-0.156607231,0.008391467,26.787425,1,1,1,1,1,-3.119834240,1,0
47.395508,3,1,1,1,2.228995782,2.267455767,0.029594690,40.804349,2.254981870,0.303821226,0.143066614,19.071108,1,1,1,1,1,2.254981870,1,0,-2.680019483,-2.696641846,-0.003299803,42.310935,-2.705495518,0.000000000,-0.143768878,19.030871,1,1,1,1,1,-2.705495518,1,0,-3.111553791,-3.117041847,-0.005811868,42.167005,-3.119834240,-0.156607231,0.008414466,26.786108,1,1,1,1,1,-3.119834240,1,0
47.433981,3,1,1,1,2.228995782,2.258966948,0.021033181,41.294888,2.254886508,-0.308712231,0.142571119,19.099498,1,1,1,1,1,2.254886508,1,0,-2.686703199,-2.706338228,-0.008401229,42.018645,-2.712792009,-0.478775563,-0.128149466,19.925798,1,1,1,1,1,-2.712792009,1,0,-3.112042548,-3.117127460,-0.005518413,42.183818,-3.119834240,-0.156607231,0.011591157,26.604097,1,1,1,1,1,-3.119834240,1,0
47.463526,3,1,1,1,2.228629321,2.268618487,0.029940676,40.784526,2.245362858,-0.628090373,0.154114135,18.438132,1,1,1,1,1,2.245362858,1,0,-2.686703199,-2.706338228,-0.008401229,42.018645,-2.715907990,-0.326467397,-0.128149466,19.925798,1,1,1,1,1,-2.715907990,1,0,-3.112042548,-3.117127460,-0.005518413,42.183818,-3.119834240,-0.156607231,0.011591157,26.604097,1,1,1,1,1,-3.119834240,1,0
47.495692,3,1,1,1,2.231221225,2.268817376,0.026702979,40.970032,2.244099455,0.162555963,0.162720220,17.945039,1,1,1,1,1,2.244099455,1,0,-2.691094699,-2.711781140,-0.011178122,41.859541,-2.723042904,-0.328361463,-0.116119183,20.615082,1,1,1,1,1,-2.723042904,1,0,-3.112042548,-3.116671466,-0.005062926,42.209916,-3.119834240,-0.156607231,0.011614100,26.602782,1,1,1,1,1,-3.119834240,1,0
47.528863,3,1,1,1,2.234660881,2.261462678,0.015263468,41.625468,2.245193584,0.157659194,0.169400146,17.562308,1,1,1,1,1,2.245193584,1,0,-2.691094699,-2.700526630,0.000110485,42.493670,-2.731529326,0.147449630,-0.115155245,20.670312,1,1,1,1,1,-2.731529326,1,0,-3.112042548,-3.115749244,-0.004141729,42.262696,-3.119834240,-0.156607231,0.011660492,26.600124,1,1,1,1,1,-3.119834240,1,0
47.565102,3,1,1,1,2.234660881,2.252908818,0.006604401,42.121596,2.249841556,-0.163862960,0.168840475,17.594374,1,1,1,1,1,2.249841556,1,0,-2.691094699,-2.694558951,0.006095215,42.150770,-2.732298859,0.000000000,-0.114638211,20.699935,1,1,1,1,1,-2.732298859,1,0,-3.112042548,-3.115266967,-0.003659988,42.290298,-3.119834240,-0.156607231,0.011684749,26.598734,1,1,1,1,1,-3.119834240,1,0
47.596268,3,1,1,1,2.235955300,2.254109680,0.006273674,42.140545,2.245601591,-0.326781116,0.174204361,17.287046,1,1,1,1,1,2.245601591,1,0,-2.691094699,-2.688539060,0.012131580,41.804912,-2.733708490,-0.154857113,-0.114112531,20.730055,1,1,1,1,1,-2.733708490,1,0,-3.112042548,-3.114785064,-0.003178619,42.317879,-3.119834240,-0.156607231,0.011708985,26.597346,1,1,1,1,1,-3.119834240,1,0
47.632122,3,1,1,1,2.235021728,2.255775102,0.007657674,42.061248,2.243209757,-0.148669589,0.184910943,16.673604,1,1,1,1,1,2.243209757,1,0,-2.691094699,-2.682670159,0.018015840,41.467768,-2.739943613,0.000000000,-0.113596067,20.759646,1,1,1,1,1,-2.739943613,1,0,-3.112042548,-3.114319593,-0.002713665,42.344518,-3.119834240,-0.156607231,0.011732392,26.596005,1,1,1,1,1,-3.119834240,1,0
47.671769,3,1,1,1,2.229025103,2.253627431,0.005165823,42.204020,2.239972013,0.305431827,0.216795308,14.846765,1,1,1,1,1,2.239972013,1,0,-2.691094699,-2.675786483,0.024916641,41.072382,-2.747039129,-0.472135791,-0.112985337,20.794638,1,1,1,1,1,-2.747039129,1,0,-3.112042548,-3.113778986,-0.002173657,42.375459,-3.119834240,-0.156607231,0.011759574,26.594447,1,1,1,1,1,-3.119834240,1,0
47.696172,3,1,1,1,2.229025103,2.253627431,0.005165823,42.204020,2.242835491,-0.153213526,0.216795308,14.846765,1,1,1,1,1,2.242835491,1,0,-2.691094699,-2.675786483,0.024916641,41.072382,-2.746078888,0.000000000,-0.112985337,20.794638,1,1,1,1,1,-2.746078888,1,0,-3.112042548,-3.113778986,-0.002173657,42.375459,-3.119834240,-0.156607231,0.011759574,26.594447,1,1,1,1,1,-3.119834240,1,0
47.729361,3,1,1,1,2.211905411,2.244965623,-0.005074726,42.209240,2.242984143,0.129336369,0.279695984,11.242822,1,1,1,1,1,2.242984143,1,0,-2.691094699,-2.663480994,0.037250348,40.365712,-2.746078888,0.000000000,-0.111880304,20.857952,1,1,1,1,1,-2.746078888,1,0,-3.112042548,-3.112826533,-0.001222259,42.429970,-3.119834240,-0.156607231,0.011807455,26.591704,1,1,1,1,1,-3.119834240,1,0
47.762712,3,1,1,1,2.211905411,2.236792750,-0.013500575,41.726474,2.246429766,-0.190389484,0.278604654,11.305350,1,1,1,1,1,2.246429766,1,0,-2.691094699,-2.656906834,0.043838318,39.988249,-2.746078888,0.000000000,-0.111283018,20.892174,1,1,1,1,1,-2.746078888,1,0,-3.112042548,-3.112324802,-0.000721084,42.458685,-3.119834240,-0.156607231,0.011832673,26.590259,1,1,1,1,1,-3.119834240,1,0
47.795547,3,1,1,1,2.185029094,2.234615156,-0.018926710,41.415579,2.241512335,-0.314893848,0.346158045,7.434826,1,1,1,1,1,2.241512335,1,0,-2.691094699,-2.650065690,0.050692896,39.595511,-2.746078888,0.000000000,-0.110656391,20.928077,1,1,1,1,1,-2.746078888,1,0,-3.112042548,-3.111807796,-0.000204651,42.488274,-3.119834240,-0.156607231,0.011858656,26.588770,1,1,1,1,1,-3.119834240,1,0
47.829752,3,1,1,1,2.175753079,2.228063855,-0.026659550,40.972520,2.233504974,-0.158829186,0.362315176,6.509091,1,1,1,1,1,2.233504974,1,0,-2.691094699,-2.643112728,0.057658528,39.196410,-2.746078888,0.000000000,-0.110014239,20.964870,1,1,1,1,1,-2.746078888,1,0,-3.112042548,-3.111287545,0.000315025,42.481950,-3.119834240,-0.156607231,0.011884799,26.587272,1,1,1,1,1,-3.119834240,1,0
47.862153,3,1,1,1,2.175753079,2.219658100,-0.035440370,40.469416,2.222838416,0.000000000,0.360527830,6.611498,1,1,1,1,1,2.222838416,1,0,-2.691094699,-2.636023256,0.064759897,38.789531,-2.746078888,0.000000000,-0.109354029,21.002697,1,1,1,1,1,-2.746078888,1,0,-3.112042548,-3.110762349,0.000839640,42.451892,-3.119834240,-0.156607231,0.011911187,26.585760,1,1,1,1,1,-3.119834240,1,0
