run	time	uav	message
20260925_190928_365841	1790334712.318213149	2	[side-both-failed-fallback] drone=2 generation=334 nominal_id=1077 L_status=4.74553:imp=0 R_status=4.74553:imp=0 selected=NOMINAL reason=SIDE_BOTH_FAILED_FALLBACK_NOMINAL
20260925_190928_365841	1790334717.666542009	0	[side-both-failed-fallback] drone=0 generation=335 nominal_id=1205 L_status=7.39972:imp=0 R_status=7.39972:imp=0 selected=NOMINAL reason=SIDE_BOTH_FAILED_FALLBACK_NOMINAL
20260925_190928_365841	1790334720.880431524	2	[side-both-failed-fallback] drone=2 generation=340 nominal_id=1155 L_status=7.01584:imp=9.26643e-05 R_status=7.0159:imp=0.000155312 selected=NOMINAL reason=SIDE_BOTH_FAILED_FALLBACK_NOMINAL
20260925_190928_365841	1790334723.276015558	0	[side-both-failed-fallback] drone=0 generation=339 nominal_id=1251 L_status=6.61469:imp=0.000370707 R_status=6.61469:imp=0.000371608 selected=NOMINAL reason=SIDE_BOTH_FAILED_FALLBACK_NOMINAL
20260925_190928_365841	1790334723.823713323	2	[side-both-failed-fallback] drone=2 generation=342 nominal_id=1191 L_status=5.75233:imp=0.0185169 R_status=5.75228:imp=0.0184734 selected=NOMINAL reason=SIDE_BOTH_FAILED_FALLBACK_NOMINAL
20260925_190928_365841	1790334728.911217744	0	[side-both-failed-fallback] drone=0 generation=343 nominal_id=1302 L_status=3.42475:imp=7.31495e-05 R_status=3.42474:imp=6.37318e-05 selected=NOMINAL reason=SIDE_BOTH_FAILED_FALLBACK_NOMINAL
20260925_190928_365841	1790334740.469862309	1	[side-both-failed-fallback] drone=1 generation=350 nominal_id=1351 L_status=4.85077:imp=0.0135656 R_status=4.85077:imp=0.0135657 selected=NOMINAL reason=SIDE_BOTH_FAILED_FALLBACK_NOMINAL
20260925_190928_365841	1790334746.005705406	1	[side-both-failed-fallback] drone=1 generation=354 nominal_id=1393 L_status=1.83451:imp=-1.27004e-06 R_status=1.83451:imp=-2.17798e-06 selected=NOMINAL reason=SIDE_BOTH_FAILED_FALLBACK_NOMINAL
20260925_190928_365841	1790334749.355238893	2	[side-both-failed-fallback] drone=2 generation=360 nominal_id=1431 L_status=4.7531:imp=1.23868e-05 R_status=4.7531:imp=7.58726e-06 selected=NOMINAL reason=SIDE_BOTH_FAILED_FALLBACK_NOMINAL
20260925_190928_365841	1790334751.901853261	0	[side-both-failed-fallback] drone=0 generation=359 nominal_id=1534 L_status=4.52815:imp=0 R_status=4.52815:imp=0 selected=NOMINAL reason=SIDE_BOTH_FAILED_FALLBACK_NOMINAL
20260925_190928_365841	1790334752.284345992	2	[side-both-failed-fallback] drone=2 generation=362 nominal_id=1466 L_status=4.99216:imp=0 R_status=4.99216:imp=0 selected=NOMINAL reason=SIDE_BOTH_FAILED_FALLBACK_NOMINAL
20260925_190928_365841	1790334757.555176087	1	[side-both-failed-fallback] drone=1 generation=362 nominal_id=1517 L_status=5.16504:imp=0 R_status=5.16504:imp=0 selected=NOMINAL reason=SIDE_BOTH_FAILED_FALLBACK_NOMINAL
20260925_190928_365841	1790334757.603802715	0	[side-both-failed-fallback] drone=0 generation=363 nominal_id=1591 L_status=8.13235:imp=0 R_status=8.13235:imp=0 selected=NOMINAL reason=SIDE_BOTH_FAILED_FALLBACK_NOMINAL
20260925_190928_365841	1790334768.950061641	1	[side-both-failed-fallback] drone=1 generation=370 nominal_id=1628 L_status=1.91426:imp=0.00518256 R_status=1.91427:imp=0.00519682 selected=NOMINAL reason=SIDE_BOTH_FAILED_FALLBACK_NOMINAL
20260925_190928_365841	1790334774.543876732	1	[side-both-failed-fallback] drone=1 generation=374 nominal_id=1676 L_status=4.3668:imp=0 R_status=4.3668:imp=0 selected=NOMINAL reason=SIDE_BOTH_FAILED_FALLBACK_NOMINAL
20260925_190928_365841	1790334774.645473879	1	[side-both-failed-fallback] drone=1 generation=374 nominal_id=1686 L_status=4.42988:imp=0 R_status=4.42988:imp=0 selected=NOMINAL reason=SIDE_BOTH_FAILED_FALLBACK_NOMINAL
20260925_190928_365841	1790334774.688911835	0	[side-both-failed-fallback] drone=0 generation=375 nominal_id=1754 L_status=7.41419:imp=0 R_status=7.41419:imp=0 selected=NOMINAL reason=SIDE_BOTH_FAILED_FALLBACK_NOMINAL
20260925_190928_365841	1790334774.923607802	2	[side-both-failed-fallback] drone=2 generation=378 nominal_id=1671 L_status=6.67166:imp=0 R_status=6.67166:imp=0 selected=NOMINAL reason=SIDE_BOTH_FAILED_FALLBACK_NOMINAL
20260925_190928_365841	1790334780.756263942	2	[side-both-failed-fallback] drone=2 generation=382 nominal_id=1740 L_status=5.7891:imp=0.0203851 R_status=5.7891:imp=0.0203837 selected=NOMINAL reason=SIDE_BOTH_FAILED_FALLBACK_NOMINAL
20260925_190928_365841	1790334574.792842542	1	[side-both-failed-fallback] drone=1 generation=2 nominal_id=8 L_status=10.8836:imp=0.000388596 R_status=10.8836:imp=0.000380246 selected=NOMINAL reason=SIDE_BOTH_FAILED_FALLBACK_NOMINAL
20260925_190928_365841	1790334575.968555653	1	[side-both-failed-fallback] drone=1 generation=7 nominal_id=15 L_status=8.45566:imp=0.0242561 R_status=8.40756:imp=-0.0238445 selected=NOMINAL reason=SIDE_BOTH_FAILED_FALLBACK_NOMINAL
20260925_190928_365841	1790334576.250138228	1	[side-both-failed-fallback] drone=1 generation=8 nominal_id=18 L_status=8.21284:imp=0.0235014 R_status=8.16654:imp=-0.0227922 selected=NOMINAL reason=SIDE_BOTH_FAILED_FALLBACK_NOMINAL
20260925_190928_365841	1790334576.509080062	1	[side-both-failed-fallback] drone=1 generation=9 nominal_id=21 L_status=7.83903:imp=-0.103842 R_status=7.92246:imp=-0.0204118 selected=NOMINAL reason=SIDE_BOTH_FAILED_FALLBACK_NOMINAL
20260925_190928_365841	1790334580.696410766	0	[side-both-failed-fallback] drone=0 generation=23 nominal_id=24 L_status=5.84617:imp=0 R_status=5.84617:imp=0 selected=NOMINAL reason=SIDE_BOTH_FAILED_FALLBACK_NOMINAL
20260925_190928_365841	1790334580.930978595	1	[side-both-failed-fallback] drone=1 generation=25 nominal_id=39 L_status=6.30267:imp=9.78983e-05 R_status=6.30238:imp=-0.000189418 selected=NOMINAL reason=SIDE_BOTH_FAILED_FALLBACK_NOMINAL
20260925_190928_365841	1790334581.195617545	2	[side-both-failed-fallback] drone=2 generation=25 nominal_id=28 L_status=FAILED R_status=3.4661:imp=0 selected=NOMINAL reason=SIDE_BOTH_FAILED_FALLBACK_NOMINAL
20260925_190928_365841	1790334581.211439887	1	[side-both-failed-fallback] drone=1 generation=26 nominal_id=42 L_status=6.3062:imp=0 R_status=6.3062:imp=0 selected=NOMINAL reason=SIDE_BOTH_FAILED_FALLBACK_NOMINAL
20260925_190928_365841	1790334581.237290268	0	[side-both-failed-fallback] drone=0 generation=25 nominal_id=30 L_status=6.14627:imp=0 R_status=6.14627:imp=0 selected=NOMINAL reason=SIDE_BOTH_FAILED_FALLBACK_NOMINAL
20260925_190928_365841	1790334581.362115748	1	[side-both-failed-fallback] drone=1 generation=27 nominal_id=45 L_status=6.32309:imp=0 R_status=6.32309:imp=0 selected=NOMINAL reason=SIDE_BOTH_FAILED_FALLBACK_NOMINAL
20260925_190928_365841	1790334581.476447116	1	[side-both-failed-fallback] drone=1 generation=28 nominal_id=48 L_status=6.34724:imp=0 R_status=6.34724:imp=0 selected=NOMINAL reason=SIDE_BOTH_FAILED_FALLBACK_NOMINAL
20260925_190928_365841	1790334581.502204549	2	[side-both-failed-fallback] drone=2 generation=26 nominal_id=31 L_status=3.54362:imp=0 R_status=3.54362:imp=0 selected=NOMINAL reason=SIDE_BOTH_FAILED_FALLBACK_NOMINAL
20260925_190928_365841	1790334581.738339372	0	[side-both-failed-fallback] drone=0 generation=27 nominal_id=36 L_status=6.64883:imp=0 R_status=6.64883:imp=0 selected=NOMINAL reason=SIDE_BOTH_FAILED_FALLBACK_NOMINAL
20260925_190928_365841	1790334582.024378266	0	[side-both-failed-fallback] drone=0 generation=28 nominal_id=39 L_status=6.50424:imp=0.0521028 R_status=FAILED selected=NOMINAL reason=SIDE_BOTH_FAILED_FALLBACK_NOMINAL
20260925_190928_365841	1790334582.316738121	0	[side-both-failed-fallback] drone=0 generation=29 nominal_id=42 L_status=6.29882:imp=0.0462948 R_status=6.27319:imp=0.0206695 selected=NOMINAL reason=SIDE_BOTH_FAILED_FALLBACK_NOMINAL
20260925_190928_365841	1790334582.860363799	0	[side-both-failed-fallback] drone=0 generation=30 nominal_id=45 L_status=FAILED R_status=FAILED selected=NOMINAL reason=SIDE_BOTH_FAILED_FALLBACK_NOMINAL
20260925_190928_365841	1790334583.141750121	0	[side-both-failed-fallback] drone=0 generation=31 nominal_id=48 L_status=FAILED R_status=5.5303:imp=0.0233968 selected=NOMINAL reason=SIDE_BOTH_FAILED_FALLBACK_NOMINAL
20260925_190928_365841	1790334583.492215456	0	[side-both-failed-fallback] drone=0 generation=32 nominal_id=51 L_status=5.85533:imp=0.540852 R_status=5.08542:imp=-0.229052 selected=NOMINAL reason=SIDE_BOTH_FAILED_FALLBACK_NOMINAL
20260925_190928_365841	1790334583.645899840	0	[side-both-failed-fallback] drone=0 generation=33 nominal_id=54 L_status=5.51556:imp=0.439222 R_status=FAILED selected=NOMINAL reason=SIDE_BOTH_FAILED_FALLBACK_NOMINAL
20260925_190928_365841	1790334583.696214422	0	[side-both-failed-fallback] drone=0 generation=33 nominal_id=57 L_status=5.4787:imp=0.44028 R_status=4.75994:imp=-0.278476 selected=NOMINAL reason=SIDE_BOTH_FAILED_FALLBACK_NOMINAL
20260925_190928_365841	1790334583.934157276	0	[side-both-failed-fallback] drone=0 generation=34 nominal_id=60 L_status=5.2083:imp=-0.00524046 R_status=FAILED selected=NOMINAL reason=SIDE_BOTH_FAILED_FALLBACK_NOMINAL
20260925_190928_365841	1790334584.245955516	0	[side-both-failed-fallback] drone=0 generation=35 nominal_id=63 L_status=4.8436:imp=0.126345 R_status=4.09947:imp=-0.617784 selected=NOMINAL reason=SIDE_BOTH_FAILED_FALLBACK_NOMINAL
20260925_190928_365841	1790334584.474057480	0	[side-both-failed-fallback] drone=0 generation=36 nominal_id=66 L_status=4.78931:imp=-0.186139 R_status=FAILED selected=NOMINAL reason=SIDE_BOTH_FAILED_FALLBACK_NOMINAL
20260925_190928_365841	1790334584.816785647	0	[side-both-failed-fallback] drone=0 generation=37 nominal_id=69 L_status=4.69715:imp=0.0979449 R_status=FAILED selected=NOMINAL reason=SIDE_BOTH_FAILED_FALLBACK_NOMINAL
20260925_190928_365841	1790334585.033971281	0	[side-both-failed-fallback] drone=0 generation=38 nominal_id=72 L_status=4.48778:imp=0.0301192 R_status=FAILED selected=NOMINAL reason=SIDE_BOTH_FAILED_FALLBACK_NOMINAL
20260925_190928_365841	1790334585.284856035	0	[side-both-failed-fallback] drone=0 generation=39 nominal_id=75 L_status=FAILED R_status=FAILED selected=NOMINAL reason=SIDE_BOTH_FAILED_FALLBACK_NOMINAL
20260925_190928_365841	1790334585.543135148	0	[side-both-failed-fallback] drone=0 generation=40 nominal_id=78 L_status=FAILED R_status=FAILED selected=NOMINAL reason=SIDE_BOTH_FAILED_FALLBACK_NOMINAL
20260925_190928_365841	1790334585.818891457	0	[side-both-failed-fallback] drone=0 generation=41 nominal_id=81 L_status=FAILED R_status=FAILED selected=NOMINAL reason=SIDE_BOTH_FAILED_FALLBACK_NOMINAL
20260925_190928_365841	1790334586.092446312	0	[side-both-failed-fallback] drone=0 generation=42 nominal_id=84 L_status=FAILED R_status=FAILED selected=NOMINAL reason=SIDE_BOTH_FAILED_FALLBACK_NOMINAL
20260925_190928_365841	1790334597.467888120	0	[side-both-failed-fallback] drone=0 generation=83 nominal_id=126 L_status=4.91593:imp=0 R_status=FAILED selected=NOMINAL reason=SIDE_BOTH_FAILED_FALLBACK_NOMINAL
20260925_190928_365841	1790334597.732912685	0	[side-both-failed-fallback] drone=0 generation=84 nominal_id=129 L_status=5.0789:imp=0 R_status=FAILED selected=NOMINAL reason=SIDE_BOTH_FAILED_FALLBACK_NOMINAL
20260925_190928_365841	1790334598.068556982	0	[side-both-failed-fallback] drone=0 generation=85 nominal_id=132 L_status=5.23664:imp=0 R_status=FAILED selected=NOMINAL reason=SIDE_BOTH_FAILED_FALLBACK_NOMINAL
20260925_190928_365841	1790334598.245024504	0	[side-both-failed-fallback] drone=0 generation=86 nominal_id=135 L_status=5.39587:imp=0 R_status=FAILED selected=NOMINAL reason=SIDE_BOTH_FAILED_FALLBACK_NOMINAL
20260925_190928_365841	1790334598.502611838	0	[side-both-failed-fallback] drone=0 generation=87 nominal_id=138 L_status=5.52992:imp=0 R_status=5.52992:imp=0 selected=NOMINAL reason=SIDE_BOTH_FAILED_FALLBACK_NOMINAL
20260925_190928_365841	1790334598.794794823	0	[side-both-failed-fallback] drone=0 generation=88 nominal_id=141 L_status=5.18742:imp=-0.0590576 R_status=5.23475:imp=-0.011731 selected=NOMINAL reason=SIDE_BOTH_FAILED_FALLBACK_NOMINAL
20260925_190928_365841	1790334599.084636458	0	[side-both-failed-fallback] drone=0 generation=89 nominal_id=144 L_status=4.98811:imp=-0.046626 R_status=5.06431:imp=0.0295677 selected=NOMINAL reason=SIDE_BOTH_FAILED_FALLBACK_NOMINAL
20260925_190928_365841	1790334599.343212033	0	[side-both-failed-fallback] drone=0 generation=90 nominal_id=147 L_status=4.77762:imp=0.017599 R_status=4.72625:imp=-0.0337714 selected=NOMINAL reason=SIDE_BOTH_FAILED_FALLBACK_NOMINAL
20260925_190928_365841	1790334599.619679645	0	[side-both-failed-fallback] drone=0 generation=91 nominal_id=150 L_status=FAILED R_status=FAILED selected=NOMINAL reason=SIDE_BOTH_FAILED_FALLBACK_NOMINAL
20260925_190928_365841	1790334599.931849994	0	[side-both-failed-fallback] drone=0 generation=92 nominal_id=153 L_status=FAILED R_status=FAILED selected=NOMINAL reason=SIDE_BOTH_FAILED_FALLBACK_NOMINAL
20260925_190928_365841	1790334600.189425546	0	[side-both-failed-fallback] drone=0 generation=93 nominal_id=156 L_status=FAILED R_status=FAILED selected=NOMINAL reason=SIDE_BOTH_FAILED_FALLBACK_NOMINAL
20260925_190928_365841	1790334600.448485324	0	[side-both-failed-fallback] drone=0 generation=94 nominal_id=159 L_status=FAILED R_status=FAILED selected=NOMINAL reason=SIDE_BOTH_FAILED_FALLBACK_NOMINAL
20260925_190928_365841	1790334600.731463915	0	[side-both-failed-fallback] drone=0 generation=95 nominal_id=162 L_status=FAILED R_status=FAILED selected=NOMINAL reason=SIDE_BOTH_FAILED_FALLBACK_NOMINAL
20260925_190928_365841	1790334603.772218032	0	[side-both-failed-fallback] drone=0 generation=106 nominal_id=174 L_status=1.08797:imp=-0.0232129 R_status=1.13246:imp=0.0212769 selected=NOMINAL reason=SIDE_BOTH_FAILED_FALLBACK_NOMINAL
20260925_190928_365841	1790334604.065174596	0	[side-both-failed-fallback] drone=0 generation=107 nominal_id=177 L_status=0.968856:imp=-0.00534782 R_status=0.999047:imp=0.0248431 selected=NOMINAL reason=SIDE_BOTH_FAILED_FALLBACK_NOMINAL
20260925_190928_365841	1790334604.356338031	0	[side-both-failed-fallback] drone=0 generation=108 nominal_id=180 L_status=0.967633:imp=4.80674e-05 R_status=0.988773:imp=0.0211875 selected=NOMINAL reason=SIDE_BOTH_FAILED_FALLBACK_NOMINAL
20260925_190928_365841	1790334604.635694507	0	[side-both-failed-fallback] drone=0 generation=109 nominal_id=183 L_status=0.985396:imp=-0.00268821 R_status=1.00442:imp=0.0163322 selected=NOMINAL reason=SIDE_BOTH_FAILED_FALLBACK_NOMINAL
20260925_190928_365841	1790334605.166536076	0	[side-both-failed-fallback] drone=0 generation=111 nominal_id=189 L_status=FAILED R_status=0.997135:imp=0.00608562 selected=NOMINAL reason=SIDE_BOTH_FAILED_FALLBACK_NOMINAL
20260925_190928_365841	1790334605.457570430	0	[side-both-failed-fallback] drone=0 generation=112 nominal_id=192 L_status=0.975967:imp=-0.00422153 R_status=0.983126:imp=0.00293751 selected=NOMINAL reason=SIDE_BOTH_FAILED_FALLBACK_NOMINAL
20260925_190928_365841	1790334605.727779422	0	[side-both-failed-fallback] drone=0 generation=113 nominal_id=195 L_status=0.980457:imp=-0.00169536 R_status=FAILED selected=NOMINAL reason=SIDE_BOTH_FAILED_FALLBACK_NOMINAL
20260925_190928_365841	1790334606.019098318	0	[side-both-failed-fallback] drone=0 generation=114 nominal_id=198 L_status=0.966986:imp=-0.000441385 R_status=0.967684:imp=0.000256718 selected=NOMINAL reason=SIDE_BOTH_FAILED_FALLBACK_NOMINAL
20260925_190928_365841	1790334606.267782037	0	[side-both-failed-fallback] drone=0 generation=115 nominal_id=201 L_status=0.977479:imp=-2.08565e-05 R_status=0.97751:imp=1.03238e-05 selected=NOMINAL reason=SIDE_BOTH_FAILED_FALLBACK_NOMINAL
20260925_190928_365841	1790334606.547835629	0	[side-both-failed-fallback] drone=0 generation=116 nominal_id=204 L_status=1.03404:imp=0 R_status=1.03404:imp=0 selected=NOMINAL reason=SIDE_BOTH_FAILED_FALLBACK_NOMINAL
20260925_190928_365841	1790334606.851484517	0	[side-both-failed-fallback] drone=0 generation=117 nominal_id=207 L_status=1.19305:imp=0 R_status=1.19305:imp=0 selected=NOMINAL reason=SIDE_BOTH_FAILED_FALLBACK_NOMINAL
20260925_190928_365841	1790334609.344706267	0	[side-both-failed-fallback] drone=0 generation=126 nominal_id=218 L_status=1.21355:imp=-0.0112925 R_status=1.22246:imp=-0.00238227 selected=NOMINAL reason=SIDE_BOTH_FAILED_FALLBACK_NOMINAL
20260925_190928_365841	1790334609.624816072	0	[side-both-failed-fallback] drone=0 generation=127 nominal_id=221 L_status=1.03286:imp=-0.0503213 R_status=1.08941:imp=0.00622627 selected=NOMINAL reason=SIDE_BOTH_FAILED_FALLBACK_NOMINAL
20260925_190928_365841	1790334610.170704809	0	[side-both-failed-fallback] drone=0 generation=129 nominal_id=225 L_status=1.01859:imp=-0.00670723 R_status=FAILED selected=NOMINAL reason=SIDE_BOTH_FAILED_FALLBACK_NOMINAL
20260925_190928_365841	1790334610.460252482	0	[side-both-failed-fallback] drone=0 generation=130 nominal_id=228 L_status=0.890786:imp=0.0196614 R_status=1.0975:imp=0.226371 selected=NOMINAL reason=SIDE_BOTH_FAILED_FALLBACK_NOMINAL
20260925_190928_365841	1790334610.755859050	0	[side-both-failed-fallback] drone=0 generation=131 nominal_id=231 L_status=0.833904:imp=-0.354046 R_status=FAILED selected=NOMINAL reason=SIDE_BOTH_FAILED_FALLBACK_NOMINAL
20260925_190928_365841	1790334611.016587762	0	[side-both-failed-fallback] drone=0 generation=132 nominal_id=234 L_status=0.742527:imp=0.201881 R_status=1.07926:imp=0.538617 selected=NOMINAL reason=SIDE_BOTH_FAILED_FALLBACK_NOMINAL
20260925_190928_365841	1790334611.308928846	0	[side-both-failed-fallback] drone=0 generation=133 nominal_id=237 L_status=FAILED R_status=FAILED selected=NOMINAL reason=SIDE_BOTH_FAILED_FALLBACK_NOMINAL
20260925_190928_365841	1790334611.580016967	0	[side-both-failed-fallback] drone=0 generation=134 nominal_id=240 L_status=FAILED R_status=FAILED selected=NOMINAL reason=SIDE_BOTH_FAILED_FALLBACK_NOMINAL
20260925_190928_365841	1790334611.858548732	0	[side-both-failed-fallback] drone=0 generation=135 nominal_id=243 L_status=FAILED R_status=1.00261:imp=-0.00862467 selected=NOMINAL reason=SIDE_BOTH_FAILED_FALLBACK_NOMINAL
20260925_190928_365841	1790334612.147159998	0	[side-both-failed-fallback] drone=0 generation=136 nominal_id=246 L_status=FAILED R_status=0.994886:imp=-0.00872882 selected=NOMINAL reason=SIDE_BOTH_FAILED_FALLBACK_NOMINAL
20260925_190928_365841	1790334612.436658246	0	[side-both-failed-fallback] drone=0 generation=137 nominal_id=249 L_status=FAILED R_status=1.00467:imp=0 selected=NOMINAL reason=SIDE_BOTH_FAILED_FALLBACK_NOMINAL
20260925_190928_365841	1790334612.722418559	0	[side-both-failed-fallback] drone=0 generation=138 nominal_id=252 L_status=1.02531:imp=0 R_status=1.02531:imp=0 selected=NOMINAL reason=SIDE_BOTH_FAILED_FALLBACK_NOMINAL
20260925_190928_365841	1790334613.001423080	0	[side-both-failed-fallback] drone=0 generation=139 nominal_id=255 L_status=1.06534:imp=0 R_status=1.06534:imp=0 selected=NOMINAL reason=SIDE_BOTH_FAILED_FALLBACK_NOMINAL
20260925_190928_365841	1790334613.321055845	0	[side-both-failed-fallback] drone=0 generation=140 nominal_id=258 L_status=1.12477:imp=0 R_status=1.12477:imp=0 selected=NOMINAL reason=SIDE_BOTH_FAILED_FALLBACK_NOMINAL
20260925_190928_365841	1790334613.591068229	0	[side-both-failed-fallback] drone=0 generation=141 nominal_id=261 L_status=1.20565:imp=0 R_status=1.20565:imp=0 selected=NOMINAL reason=SIDE_BOTH_FAILED_FALLBACK_NOMINAL
20260925_190928_365841	1790334615.773939739	0	[side-both-failed-fallback] drone=0 generation=149 nominal_id=271 L_status=2.70074:imp=0.356153 R_status=FAILED selected=NOMINAL reason=SIDE_BOTH_FAILED_FALLBACK_NOMINAL
20260925_190928_365841	1790334617.146447234	0	[side-both-failed-fallback] drone=0 generation=154 nominal_id=278 L_status=FAILED R_status=0.957607:imp=-0.0571657 selected=NOMINAL reason=SIDE_BOTH_FAILED_FALLBACK_NOMINAL
20260925_190928_365841	1790334617.531520966	0	[side-both-failed-fallback] drone=0 generation=155 nominal_id=281 L_status=0.736908:imp=-0.308062 R_status=0.74185:imp=-0.303121 selected=NOMINAL reason=SIDE_BOTH_FAILED_FALLBACK_NOMINAL
20260925_190928_365841	1790334617.779042391	0	[side-both-failed-fallback] drone=0 generation=156 nominal_id=284 L_status=FAILED R_status=0.685603:imp=-0.0463195 selected=NOMINAL reason=SIDE_BOTH_FAILED_FALLBACK_NOMINAL
20260925_190928_365841	1790334617.992040813	0	[side-both-failed-fallback] drone=0 generation=157 nominal_id=287 L_status=FAILED R_status=0.76512:imp=0.0215574 selected=NOMINAL reason=SIDE_BOTH_FAILED_FALLBACK_NOMINAL
20260925_190928_365841	1790334618.530800435	0	[side-both-failed-fallback] drone=0 generation=159 nominal_id=293 L_status=FAILED R_status=0.923236:imp=0.0126347 selected=NOMINAL reason=SIDE_BOTH_FAILED_FALLBACK_NOMINAL
20260925_190928_365841	1790334618.807729758	0	[side-both-failed-fallback] drone=0 generation=160 nominal_id=296 L_status=FAILED R_status=1.03147:imp=0.0153785 selected=NOMINAL reason=SIDE_BOTH_FAILED_FALLBACK_NOMINAL
20260925_190928_365841	1790334619.088281189	0	[side-both-failed-fallback] drone=0 generation=161 nominal_id=299 L_status=1.05429:imp=-0.00904849 R_status=1.07182:imp=0.00848659 selected=NOMINAL reason=SIDE_BOTH_FAILED_FALLBACK_NOMINAL
20260925_190928_365841	1790334619.240555293	2	[side-both-failed-fallback] drone=2 generation=162 nominal_id=167 L_status=1.10654:imp=-0.0208249 R_status=1.14932:imp=0.0219566 selected=NOMINAL reason=SIDE_BOTH_FAILED_FALLBACK_NOMINAL
20260925_190928_365841	1790334619.336927705	0	[side-both-failed-fallback] drone=0 generation=162 nominal_id=302 L_status=1.06222:imp=-0.00409638 R_status=1.06895:imp=0.00263169 selected=NOMINAL reason=SIDE_BOTH_FAILED_FALLBACK_NOMINAL
20260925_190928_365841	1790334619.524595085	2	[side-both-failed-fallback] drone=2 generation=163 nominal_id=170 L_status=1.05837:imp=-0.0265539 R_status=1.11074:imp=0.0258249 selected=NOMINAL reason=SIDE_BOTH_FAILED_FALLBACK_NOMINAL
20260925_190928_365841	1790334619.615980686	0	[side-both-failed-fallback] drone=0 generation=163 nominal_id=305 L_status=1.06159:imp=-0.000354206 R_status=1.06232:imp=0.00038036 selected=NOMINAL reason=SIDE_BOTH_FAILED_FALLBACK_NOMINAL
20260925_190928_365841	1790334619.783316530	2	[side-both-failed-fallback] drone=2 generation=164 nominal_id=173 L_status=1.07016:imp=-0.0254144 R_status=1.12057:imp=0.0250039 selected=NOMINAL reason=SIDE_BOTH_FAILED_FALLBACK_NOMINAL
20260925_190928_365841	1790334619.904589751	0	[side-both-failed-fallback] drone=0 generation=164 nominal_id=308 L_status=1.06434:imp=0 R_status=1.06434:imp=0 selected=NOMINAL reason=SIDE_BOTH_FAILED_FALLBACK_NOMINAL
20260925_190928_365841	1790334620.078103949	2	[side-both-failed-fallback] drone=2 generation=165 nominal_id=176 L_status=0.996878:imp=-0.0104245 R_status=1.01423:imp=0.00692722 selected=NOMINAL reason=SIDE_BOTH_FAILED_FALLBACK_NOMINAL
20260925_190928_365841	1790334620.193642974	0	[side-both-failed-fallback] drone=0 generation=165 nominal_id=311 L_status=1.12062:imp=0 R_status=1.12062:imp=0 selected=NOMINAL reason=SIDE_BOTH_FAILED_FALLBACK_NOMINAL
20260925_190928_365841	1790334620.360404361	2	[side-both-failed-fallback] drone=2 generation=166 nominal_id=179 L_status=FAILED R_status=FAILED selected=NOMINAL reason=SIDE_BOTH_FAILED_FALLBACK_NOMINAL
20260925_190928_365841	1790334620.379932180	2	[side-both-failed-fallback] drone=2 generation=166 nominal_id=182 L_status=FAILED R_status=FAILED selected=NOMINAL reason=SIDE_BOTH_FAILED_FALLBACK_NOMINAL
20260925_190928_365841	1790334620.397383792	2	[side-both-failed-fallback] drone=2 generation=166 nominal_id=185 L_status=FAILED R_status=FAILED selected=NOMINAL reason=SIDE_BOTH_FAILED_FALLBACK_NOMINAL
20260925_190928_365841	1790334620.416761689	2	[side-both-failed-fallback] drone=2 generation=166 nominal_id=188 L_status=FAILED R_status=FAILED selected=NOMINAL reason=SIDE_BOTH_FAILED_FALLBACK_NOMINAL
20260925_190928_365841	1790334620.436801137	2	[side-both-failed-fallback] drone=2 generation=166 nominal_id=191 L_status=FAILED R_status=FAILED selected=NOMINAL reason=SIDE_BOTH_FAILED_FALLBACK_NOMINAL
20260925_190928_365841	1790334620.456261643	2	[side-both-failed-fallback] drone=2 generation=166 nominal_id=194 L_status=FAILED R_status=FAILED selected=NOMINAL reason=SIDE_BOTH_FAILED_FALLBACK_NOMINAL
20260925_190928_365841	1790334620.475454048	2	[side-both-failed-fallback] drone=2 generation=166 nominal_id=197 L_status=FAILED R_status=FAILED selected=NOMINAL reason=SIDE_BOTH_FAILED_FALLBACK_NOMINAL
20260925_190928_365841	1790334620.493680636	2	[side-both-failed-fallback] drone=2 generation=166 nominal_id=200 L_status=FAILED R_status=FAILED selected=NOMINAL reason=SIDE_BOTH_FAILED_FALLBACK_NOMINAL
20260925_190928_365841	1790334620.616477603	2	[side-both-failed-fallback] drone=2 generation=167 nominal_id=203 L_status=0.963878:imp=-0.0538553 R_status=FAILED selected=NOMINAL reason=SIDE_BOTH_FAILED_FALLBACK_NOMINAL
20260925_190928_365841	1790334620.907284070	2	[side-both-failed-fallback] drone=2 generation=168 nominal_id=206 L_status=1.03384:imp=0.0310178 R_status=1.04277:imp=0.0399558 selected=NOMINAL reason=SIDE_BOTH_FAILED_FALLBACK_NOMINAL
20260925_190928_365841	1790334621.187342177	2	[side-both-failed-fallback] drone=2 generation=169 nominal_id=209 L_status=1.04719:imp=0.0372132 R_status=1.03257:imp=0.0225966 selected=NOMINAL reason=SIDE_BOTH_FAILED_FALLBACK_NOMINAL
20260925_190928_365841	1790334621.450475494	2	[side-both-failed-fallback] drone=2 generation=170 nominal_id=212 L_status=FAILED R_status=FAILED selected=NOMINAL reason=SIDE_BOTH_FAILED_FALLBACK_NOMINAL
20260925_190928_365841	1790334621.730451807	2	[side-both-failed-fallback] drone=2 generation=171 nominal_id=215 L_status=1.04241:imp=0.00626537 R_status=FAILED selected=NOMINAL reason=SIDE_BOTH_FAILED_FALLBACK_NOMINAL
20260925_190928_365841	1790334622.019256858	2	[side-both-failed-fallback] drone=2 generation=172 nominal_id=218 L_status=1.05135:imp=0 R_status=FAILED selected=NOMINAL reason=SIDE_BOTH_FAILED_FALLBACK_NOMINAL
20260925_190928_365841	1790334622.019629173	1	[side-both-failed-fallback] drone=1 generation=173 nominal_id=193 L_status=2.92729:imp=-0.000496422 R_status=FAILED selected=NOMINAL reason=SIDE_BOTH_FAILED_FALLBACK_NOMINAL
20260925_190928_365841	1790334622.299922722	2	[side-both-failed-fallback] drone=2 generation=173 nominal_id=221 L_status=1.16303:imp=0 R_status=FAILED selected=NOMINAL reason=SIDE_BOTH_FAILED_FALLBACK_NOMINAL
20260925_190928_365841	1790334624.266685286	1	[side-both-failed-fallback] drone=1 generation=180 nominal_id=202 L_status=1.19145:imp=0.0544532 R_status=1.09483:imp=-0.0421638 selected=NOMINAL reason=SIDE_BOTH_FAILED_FALLBACK_NOMINAL
20260925_190928_365841	1790334624.559993887	1	[side-both-failed-fallback] drone=1 generation=181 nominal_id=205 L_status=1.07256:imp=0.0397409 R_status=1.00457:imp=-0.0282458 selected=NOMINAL reason=SIDE_BOTH_FAILED_FALLBACK_NOMINAL
20260925_190928_365841	1790334624.818216703	1	[side-both-failed-fallback] drone=1 generation=182 nominal_id=208 L_status=1.06685:imp=0.0297977 R_status=1.01489:imp=-0.0221641 selected=NOMINAL reason=SIDE_BOTH_FAILED_FALLBACK_NOMINAL
20260925_190928_365841	1790334625.098395128	1	[side-both-failed-fallback] drone=1 generation=183 nominal_id=211 L_status=1.1034:imp=0.0210079 R_status=1.06679:imp=-0.0156072 selected=NOMINAL reason=SIDE_BOTH_FAILED_FALLBACK_NOMINAL
20260925_190928_365841	1790334625.377474487	1	[side-both-failed-fallback] drone=1 generation=184 nominal_id=214 L_status=1.23517:imp=0.0122178 R_status=1.21328:imp=-0.00966499 selected=NOMINAL reason=SIDE_BOTH_FAILED_FALLBACK_NOMINAL
20260925_190928_365841	1790334625.501889290	0	[side-both-failed-fallback] drone=0 generation=184 nominal_id=332 L_status=4.07534:imp=0.258121 R_status=3.81571:imp=-0.0015108 selected=NOMINAL reason=SIDE_BOTH_FAILED_FALLBACK_NOMINAL
20260925_190928_365841	1790334625.583569537	2	[side-both-failed-fallback] drone=2 generation=184 nominal_id=236 L_status=2.87041:imp=0 R_status=2.87041:imp=0 selected=NOMINAL reason=SIDE_BOTH_FAILED_FALLBACK_NOMINAL
20260925_190928_365841	1790334625.667114918	1	[side-both-failed-fallback] drone=1 generation=185 nominal_id=217 L_status=1.22518:imp=0.00288182 R_status=1.21738:imp=-0.00491985 selected=NOMINAL reason=SIDE_BOTH_FAILED_FALLBACK_NOMINAL
20260925_190928_365841	1790334625.750316160	0	[side-both-failed-fallback] drone=0 generation=185 nominal_id=335 L_status=3.85956:imp=-0.0300179 R_status=3.8907:imp=0.00111553 selected=NOMINAL reason=SIDE_BOTH_FAILED_FALLBACK_NOMINAL
20260925_190928_365841	1790334625.912791664	1	[side-both-failed-fallback] drone=1 generation=186 nominal_id=220 L_status=1.22701:imp=0.000909293 R_status=1.22402:imp=-0.00207982 selected=NOMINAL reason=SIDE_BOTH_FAILED_FALLBACK_NOMINAL
20260925_190928_365841	1790334626.006459928	2	[side-both-failed-fallback] drone=2 generation=187 nominal_id=245 L_status=3.1905:imp=0 R_status=FAILED selected=NOMINAL reason=SIDE_BOTH_FAILED_FALLBACK_NOMINAL
20260925_190928_365841	1790334626.204437622	1	[side-both-failed-fallback] drone=1 generation=187 nominal_id=223 L_status=1.21324:imp=8.94086e-05 R_status=1.21284:imp=-0.000311004 selected=NOMINAL reason=SIDE_BOTH_FAILED_FALLBACK_NOMINAL
20260925_190928_365841	1790334626.484260015	1	[side-both-failed-fallback] drone=1 generation=188 nominal_id=226 L_status=1.22255:imp=0 R_status=1.22255:imp=0 selected=NOMINAL reason=SIDE_BOTH_FAILED_FALLBACK_NOMINAL
20260925_190928_365841	1790334628.252694581	0	[side-both-failed-fallback] drone=0 generation=194 nominal_id=347 L_status=1.35199:imp=0.162226 R_status=1.19003:imp=0.000267101 selected=NOMINAL reason=SIDE_BOTH_FAILED_FALLBACK_NOMINAL
20260925_190928_365841	1790334628.525063354	0	[side-both-failed-fallback] drone=0 generation=195 nominal_id=350 L_status=0.965111:imp=-0.0249748 R_status=0.903585:imp=-0.0865003 selected=NOMINAL reason=SIDE_BOTH_FAILED_FALLBACK_NOMINAL
20260925_190928_365841	1790334628.790139036	0	[side-both-failed-fallback] drone=0 generation=196 nominal_id=353 L_status=0.779542:imp=-0.107389 R_status=0.865456:imp=-0.0214745 selected=NOMINAL reason=SIDE_BOTH_FAILED_FALLBACK_NOMINAL
20260925_190928_365841	1790334628.967553621	1	[side-both-failed-fallback] drone=1 generation=197 nominal_id=237 L_status=3.63783:imp=-0.0052033 R_status=3.64586:imp=0.00282487 selected=NOMINAL reason=SIDE_BOTH_FAILED_FALLBACK_NOMINAL
20260925_190928_365841	1790334629.100412449	0	[side-both-failed-fallback] drone=0 generation=198 nominal_id=359 L_status=0.842652:imp=-0.0941945 R_status=0.865079:imp=-0.0717672 selected=NOMINAL reason=SIDE_BOTH_FAILED_FALLBACK_NOMINAL
20260925_190928_365841	1790334629.345901435	0	[side-both-failed-fallback] drone=0 generation=199 nominal_id=362 L_status=FAILED R_status=0.925525:imp=-0.006846 selected=NOMINAL reason=SIDE_BOTH_FAILED_FALLBACK_NOMINAL
20260925_190928_365841	1790334629.659460931	0	[side-both-failed-fallback] drone=0 generation=200 nominal_id=365 L_status=FAILED R_status=1.01795:imp=0.0639488 selected=NOMINAL reason=SIDE_BOTH_FAILED_FALLBACK_NOMINAL
20260925_190928_365841	1790334629.916579001	0	[side-both-failed-fallback] drone=0 generation=201 nominal_id=368 L_status=FAILED R_status=1.0111:imp=0.559443 selected=NOMINAL reason=SIDE_BOTH_FAILED_FALLBACK_NOMINAL
20260925_190928_365841	1790334630.190177046	0	[side-both-failed-fallback] drone=0 generation=202 nominal_id=371 L_status=FAILED R_status=1.04319:imp=0.0968043 selected=NOMINAL reason=SIDE_BOTH_FAILED_FALLBACK_NOMINAL
20260925_190928_365841	1790334630.443114883	0	[side-both-failed-fallback] drone=0 generation=203 nominal_id=374 L_status=FAILED R_status=1.06938:imp=0.163947 selected=NOMINAL reason=SIDE_BOTH_FAILED_FALLBACK_NOMINAL
20260925_190928_365841	1790334630.742180643	0	[side-both-failed-fallback] drone=0 generation=204 nominal_id=377 L_status=FAILED R_status=1.02265:imp=0.619949 selected=NOMINAL reason=SIDE_BOTH_FAILED_FALLBACK_NOMINAL
20260925_190928_365841	1790334631.012491716	0	[side-both-failed-fallback] drone=0 generation=205 nominal_id=380 L_status=FAILED R_status=1.01836:imp=0.476704 selected=NOMINAL reason=SIDE_BOTH_FAILED_FALLBACK_NOMINAL
20260925_190928_365841	1790334631.262157075	0	[side-both-failed-fallback] drone=0 generation=206 nominal_id=383 L_status=FAILED R_status=1.01361:imp=0.00118801 selected=NOMINAL reason=SIDE_BOTH_FAILED_FALLBACK_NOMINAL
20260925_190928_365841	1790334631.284322806	1	[side-both-failed-fallback] drone=1 generation=205 nominal_id=247 L_status=FAILED R_status=2.41756:imp=0.0157353 selected=NOMINAL reason=SIDE_BOTH_FAILED_FALLBACK_NOMINAL
20260925_190928_365841	1790334631.513518714	0	[side-both-failed-fallback] drone=0 generation=207 nominal_id=386 L_status=FAILED R_status=1.01497:imp=0 selected=NOMINAL reason=SIDE_BOTH_FAILED_FALLBACK_NOMINAL
20260925_190928_365841	1790334631.791888507	0	[side-both-failed-fallback] drone=0 generation=208 nominal_id=389 L_status=1.02878:imp=0 R_status=1.02878:imp=0 selected=NOMINAL reason=SIDE_BOTH_FAILED_FALLBACK_NOMINAL
20260925_190928_365841	1790334632.085792844	0	[side-both-failed-fallback] drone=0 generation=209 nominal_id=392 L_status=1.07935:imp=0 R_status=1.07935:imp=0 selected=NOMINAL reason=SIDE_BOTH_FAILED_FALLBACK_NOMINAL
20260925_190928_365841	1790334632.342407560	0	[side-both-failed-fallback] drone=0 generation=210 nominal_id=395 L_status=1.15922:imp=0 R_status=1.15922:imp=0 selected=NOMINAL reason=SIDE_BOTH_FAILED_FALLBACK_NOMINAL
20260925_190928_365841	1790334636.298778442	0	[side-both-failed-fallback] drone=0 generation=224 nominal_id=411 L_status=2.03054:imp=-0.0309406 R_status=FAILED selected=NOMINAL reason=SIDE_BOTH_FAILED_FALLBACK_NOMINAL
20260925_190928_365841	1790334636.502225726	0	[side-both-failed-fallback] drone=0 generation=225 nominal_id=414 L_status=2.01459:imp=-0.0337025 R_status=FAILED selected=NOMINAL reason=SIDE_BOTH_FAILED_FALLBACK_NOMINAL
20260925_190928_365841	1790334636.835490672	0	[side-both-failed-fallback] drone=0 generation=226 nominal_id=417 L_status=2.02689:imp=-0.020079 R_status=1.84166:imp=-0.205309 selected=NOMINAL reason=SIDE_BOTH_FAILED_FALLBACK_NOMINAL
20260925_190928_365841	1790334637.041336653	0	[side-both-failed-fallback] drone=0 generation=227 nominal_id=420 L_status=1.95941:imp=-0.0175609 R_status=1.97582:imp=-0.00115643 selected=NOMINAL reason=SIDE_BOTH_FAILED_FALLBACK_NOMINAL
20260925_190928_365841	1790334637.332520935	0	[side-both-failed-fallback] drone=0 generation=228 nominal_id=423 L_status=1.96147:imp=-0.00424334 R_status=1.96498:imp=-0.000735791 selected=NOMINAL reason=SIDE_BOTH_FAILED_FALLBACK_NOMINAL
20260925_190928_365841	1790334637.606655888	0	[side-both-failed-fallback] drone=0 generation=229 nominal_id=426 L_status=1.96515:imp=-0.00067767 R_status=1.9656:imp=-0.000227291 selected=NOMINAL reason=SIDE_BOTH_FAILED_FALLBACK_NOMINAL
20260925_190928_365841	1790334638.157981124	0	[side-both-failed-fallback] drone=0 generation=231 nominal_id=432 L_status=FAILED R_status=2.0017:imp=0 selected=NOMINAL reason=SIDE_BOTH_FAILED_FALLBACK_NOMINAL
20260925_190928_365841	1790334638.437051406	0	[side-both-failed-fallback] drone=0 generation=232 nominal_id=435 L_status=FAILED R_status=FAILED selected=NOMINAL reason=SIDE_BOTH_FAILED_FALLBACK_NOMINAL
20260925_190928_365841	1790334638.728365369	0	[side-both-failed-fallback] drone=0 generation=233 nominal_id=438 L_status=FAILED R_status=FAILED selected=NOMINAL reason=SIDE_BOTH_FAILED_FALLBACK_NOMINAL
20260925_190928_365841	1790334638.986966932	0	[side-both-failed-fallback] drone=0 generation=234 nominal_id=441 L_status=FAILED R_status=FAILED selected=NOMINAL reason=SIDE_BOTH_FAILED_FALLBACK_NOMINAL
20260925_190928_365841	1790334639.276969581	0	[side-both-failed-fallback] drone=0 generation=235 nominal_id=444 L_status=FAILED R_status=FAILED selected=NOMINAL reason=SIDE_BOTH_FAILED_FALLBACK_NOMINAL
20260925_190928_365841	1790334639.571764375	0	[side-both-failed-fallback] drone=0 generation=236 nominal_id=447 L_status=1.6934:imp=0.401106 R_status=1.27826:imp=-0.0140325 selected=NOMINAL reason=SIDE_BOTH_FAILED_FALLBACK_NOMINAL
20260925_190928_365841	1790334639.845659514	0	[side-both-failed-fallback] drone=0 generation=237 nominal_id=450 L_status=1.33402:imp=-0.0189438 R_status=1.24925:imp=-0.103711 selected=NOMINAL reason=SIDE_BOTH_FAILED_FALLBACK_NOMINAL
20260925_190928_365841	1790334640.107781768	0	[side-both-failed-fallback] drone=0 generation=238 nominal_id=453 L_status=1.76877:imp=0.132533 R_status=1.83136:imp=0.195128 selected=NOMINAL reason=SIDE_BOTH_FAILED_FALLBACK_NOMINAL
20260925_190928_365841	1790334640.409630567	0	[side-both-failed-fallback] drone=0 generation=239 nominal_id=456 L_status=1.61583:imp=0.414271 R_status=1.74545:imp=0.543892 selected=NOMINAL reason=SIDE_BOTH_FAILED_FALLBACK_NOMINAL
20260925_190928_365841	1790334641.518535536	2	[side-both-failed-fallback] drone=2 generation=242 nominal_id=302 L_status=1.06794:imp=-0.0340822 R_status=1.14281:imp=0.0407858 selected=NOMINAL reason=SIDE_BOTH_FAILED_FALLBACK_NOMINAL
20260925_190928_365841	1790334641.789788421	2	[side-both-failed-fallback] drone=2 generation=243 nominal_id=305 L_status=0.993444:imp=-0.0233261 R_status=1.04825:imp=0.0314816 selected=NOMINAL reason=SIDE_BOTH_FAILED_FALLBACK_NOMINAL
20260925_190928_365841	1790334642.339003312	2	[side-both-failed-fallback] drone=2 generation=245 nominal_id=311 L_status=FAILED R_status=1.14035:imp=0.0103416 selected=NOMINAL reason=SIDE_BOTH_FAILED_FALLBACK_NOMINAL
20260925_190928_365841	1790334642.892552606	2	[side-both-failed-fallback] drone=2 generation=247 nominal_id=317 L_status=FAILED R_status=FAILED selected=NOMINAL reason=SIDE_BOTH_FAILED_FALLBACK_NOMINAL
20260925_190928_365841	1790334642.910473591	2	[side-both-failed-fallback] drone=2 generation=247 nominal_id=320 L_status=FAILED R_status=FAILED selected=NOMINAL reason=SIDE_BOTH_FAILED_FALLBACK_NOMINAL
20260925_190928_365841	1790334642.929377656	2	[side-both-failed-fallback] drone=2 generation=247 nominal_id=323 L_status=FAILED R_status=FAILED selected=NOMINAL reason=SIDE_BOTH_FAILED_FALLBACK_NOMINAL
20260925_190928_365841	1790334643.533008763	2	[side-both-failed-fallback] drone=2 generation=249 nominal_id=332 L_status=FAILED R_status=1.34098:imp=0.0224519 selected=NOMINAL reason=SIDE_BOTH_FAILED_FALLBACK_NOMINAL
20260925_190928_365841	1790334643.628437091	2	[side-both-failed-fallback] drone=2 generation=249 nominal_id=335 L_status=FAILED R_status=1.35556:imp=0.00166548 selected=NOMINAL reason=SIDE_BOTH_FAILED_FALLBACK_NOMINAL
20260925_190928_365841	1790334643.648530703	2	[side-both-failed-fallback] drone=2 generation=249 nominal_id=338 L_status=FAILED R_status=1.36686:imp=-0.0120698 selected=NOMINAL reason=SIDE_BOTH_FAILED_FALLBACK_NOMINAL
20260925_190928_365841	1790334643.669678595	2	[side-both-failed-fallback] drone=2 generation=249 nominal_id=341 L_status=FAILED R_status=1.37339:imp=-0.0113601 selected=NOMINAL reason=SIDE_BOTH_FAILED_FALLBACK_NOMINAL
20260925_190928_365841	1790334643.694866624	2	[side-both-failed-fallback] drone=2 generation=249 nominal_id=344 L_status=FAILED R_status=1.37638:imp=-0.0182895 selected=NOMINAL reason=SIDE_BOTH_FAILED_FALLBACK_NOMINAL
20260925_190928_365841	1790334643.698954969	1	[side-both-failed-fallback] drone=1 generation=248 nominal_id=292 L_status=1.07634:imp=-0.0191625 R_status=1.11378:imp=0.0182763 selected=NOMINAL reason=SIDE_BOTH_FAILED_FALLBACK_NOMINAL
20260925_190928_365841	1790334643.716378662	2	[side-both-failed-fallback] drone=2 generation=249 nominal_id=347 L_status=FAILED R_status=1.3912:imp=-0.0202706 selected=NOMINAL reason=SIDE_BOTH_FAILED_FALLBACK_NOMINAL
20260925_190928_365841	1790334643.744640043	2	[side-both-failed-fallback] drone=2 generation=249 nominal_id=350 L_status=FAILED R_status=FAILED selected=NOMINAL reason=SIDE_BOTH_FAILED_FALLBACK_NOMINAL
20260925_190928_365841	1790334643.769510515	2	[side-both-failed-fallback] drone=2 generation=249 nominal_id=353 L_status=FAILED R_status=FAILED selected=NOMINAL reason=SIDE_BOTH_FAILED_FALLBACK_NOMINAL
20260925_190928_365841	1790334643.794336472	2	[side-both-failed-fallback] drone=2 generation=249 nominal_id=356 L_status=FAILED R_status=FAILED selected=NOMINAL reason=SIDE_BOTH_FAILED_FALLBACK_NOMINAL
20260925_190928_365841	1790334643.994213710	1	[side-both-failed-fallback] drone=1 generation=249 nominal_id=295 L_status=FAILED R_status=0.917897:imp=0.0553445 selected=NOMINAL reason=SIDE_BOTH_FAILED_FALLBACK_NOMINAL
20260925_190928_365841	1790334644.282284852	2	[side-both-failed-fallback] drone=2 generation=250 nominal_id=362 L_status=1.24385:imp=-0.269616 R_status=1.44391:imp=-0.0695579 selected=NOMINAL reason=SIDE_BOTH_FAILED_FALLBACK_NOMINAL
20260925_190928_365841	1790334644.528022510	1	[side-both-failed-fallback] drone=1 generation=251 nominal_id=301 L_status=0.565027:imp=-0.0462169 R_status=FAILED selected=NOMINAL reason=SIDE_BOTH_FAILED_FALLBACK_NOMINAL
20260925_190928_365841	1790334644.535177855	1	[side-both-failed-fallback] drone=1 generation=251 nominal_id=304 L_status=0.566162:imp=-0.033589 R_status=FAILED selected=NOMINAL reason=SIDE_BOTH_FAILED_FALLBACK_NOMINAL
20260925_190928_365841	1790334644.543918275	1	[side-both-failed-fallback] drone=1 generation=251 nominal_id=307 L_status=0.567113:imp=-0.0337639 R_status=0.629246:imp=0.0283684 selected=NOMINAL reason=SIDE_BOTH_FAILED_FALLBACK_NOMINAL
20260925_190928_365841	1790334644.566866223	2	[side-both-failed-fallback] drone=2 generation=251 nominal_id=365 L_status=1.22632:imp=-0.257496 R_status=1.45906:imp=-0.0247506 selected=NOMINAL reason=SIDE_BOTH_FAILED_FALLBACK_NOMINAL
20260925_190928_365841	1790334644.566861475	1	[side-both-failed-fallback] drone=1 generation=251 nominal_id=310 L_status=FAILED R_status=FAILED selected=NOMINAL reason=SIDE_BOTH_FAILED_FALLBACK_NOMINAL
20260925_190928_365841	1790334644.576516279	1	[side-both-failed-fallback] drone=1 generation=251 nominal_id=313 L_status=0.591462:imp=-0.0326789 R_status=FAILED selected=NOMINAL reason=SIDE_BOTH_FAILED_FALLBACK_NOMINAL
20260925_190928_365841	1790334644.633088274	1	[side-both-failed-fallback] drone=1 generation=251 nominal_id=316 L_status=0.594314:imp=-0.0343062 R_status=FAILED selected=NOMINAL reason=SIDE_BOTH_FAILED_FALLBACK_NOMINAL
20260925_190928_365841	1790334644.653610923	1	[side-both-failed-fallback] drone=1 generation=251 nominal_id=319 L_status=FAILED R_status=FAILED selected=NOMINAL reason=SIDE_BOTH_FAILED_FALLBACK_NOMINAL
20260925_190928_365841	1790334644.661064100	1	[side-both-failed-fallback] drone=1 generation=251 nominal_id=322 L_status=FAILED R_status=0.672602:imp=0.0336247 selected=NOMINAL reason=SIDE_BOTH_FAILED_FALLBACK_NOMINAL
20260925_190928_365841	1790334644.818545873	1	[side-both-failed-fallback] drone=1 generation=252 nominal_id=325 L_status=FAILED R_status=0.734724:imp=0.0334122 selected=NOMINAL reason=SIDE_BOTH_FAILED_FALLBACK_NOMINAL
20260925_190928_365841	1790334644.837060574	2	[side-both-failed-fallback] drone=2 generation=252 nominal_id=368 L_status=FAILED R_status=1.40557:imp=-0.0659058 selected=NOMINAL reason=SIDE_BOTH_FAILED_FALLBACK_NOMINAL
20260925_190928_365841	1790334644.860057771	2	[side-both-failed-fallback] drone=2 generation=252 nominal_id=371 L_status=FAILED R_status=1.41578:imp=-0.0577268 selected=NOMINAL reason=SIDE_BOTH_FAILED_FALLBACK_NOMINAL
20260925_190928_365841	1790334645.079289305	1	[side-both-failed-fallback] drone=1 generation=253 nominal_id=328 L_status=0.686949:imp=-0.0259401 R_status=0.740457:imp=0.0275677 selected=NOMINAL reason=SIDE_BOTH_FAILED_FALLBACK_NOMINAL
20260925_190928_365841	1790334645.123408383	2	[side-both-failed-fallback] drone=2 generation=253 nominal_id=374 L_status=FAILED R_status=FAILED selected=NOMINAL reason=SIDE_BOTH_FAILED_FALLBACK_NOMINAL
20260925_190928_365841	1790334645.361024085	1	[side-both-failed-fallback] drone=1 generation=254 nominal_id=331 L_status=FAILED R_status=0.705928:imp=0.00404651 selected=NOMINAL reason=SIDE_BOTH_FAILED_FALLBACK_NOMINAL
20260925_190928_365841	1790334645.374758547	2	[side-both-failed-fallback] drone=2 generation=254 nominal_id=377 L_status=FAILED R_status=FAILED selected=NOMINAL reason=SIDE_BOTH_FAILED_FALLBACK_NOMINAL
20260925_190928_365841	1790334645.388001920	0	[side-both-failed-fallback] drone=0 generation=254 nominal_id=475 L_status=2.24431:imp=0 R_status=2.24431:imp=0 selected=NOMINAL reason=SIDE_BOTH_FAILED_FALLBACK_NOMINAL
20260925_190928_365841	1790334645.642638182	1	[side-both-failed-fallback] drone=1 generation=255 nominal_id=334 L_status=FAILED R_status=0.697905:imp=-0.00602262 selected=NOMINAL reason=SIDE_BOTH_FAILED_FALLBACK_NOMINAL
20260925_190928_365841	1790334645.669609554	2	[side-both-failed-fallback] drone=2 generation=255 nominal_id=380 L_status=FAILED R_status=FAILED selected=NOMINAL reason=SIDE_BOTH_FAILED_FALLBACK_NOMINAL
20260925_190928_365841	1790334645.930045851	1	[side-both-failed-fallback] drone=1 generation=256 nominal_id=337 L_status=0.686299:imp=-0.00345811 R_status=FAILED selected=NOMINAL reason=SIDE_BOTH_FAILED_FALLBACK_NOMINAL
20260925_190928_365841	1790334645.962016017	2	[side-both-failed-fallback] drone=2 generation=256 nominal_id=383 L_status=FAILED R_status=FAILED selected=NOMINAL reason=SIDE_BOTH_FAILED_FALLBACK_NOMINAL
20260925_190928_365841	1790334646.183746419	1	[side-both-failed-fallback] drone=1 generation=257 nominal_id=340 L_status=FAILED R_status=FAILED selected=NOMINAL reason=SIDE_BOTH_FAILED_FALLBACK_NOMINAL
20260925_190928_365841	1790334646.222969958	2	[side-both-failed-fallback] drone=2 generation=257 nominal_id=386 L_status=FAILED R_status=FAILED selected=NOMINAL reason=SIDE_BOTH_FAILED_FALLBACK_NOMINAL
20260925_190928_365841	1790334646.471367185	1	[side-both-failed-fallback] drone=1 generation=258 nominal_id=343 L_status=FAILED R_status=FAILED selected=NOMINAL reason=SIDE_BOTH_FAILED_FALLBACK_NOMINAL
20260925_190928_365841	1790334783.120323992	0	[side-both-failed-fallback] drone=0 generation=381 nominal_id=1827 L_status=4.39362:imp=0.000583349 R_status=4.39339:imp=0.000348689 selected=NOMINAL reason=SIDE_BOTH_FAILED_FALLBACK_NOMINAL
20260925_190928_365841	1790334786.468077877	2	[side-both-failed-fallback] drone=2 generation=386 nominal_id=1795 L_status=4.76493:imp=0 R_status=4.76493:imp=0 selected=NOMINAL reason=SIDE_BOTH_FAILED_FALLBACK_NOMINAL
20260925_190928_365841	1790334791.743826174	1	[side-both-failed-fallback] drone=1 generation=386 nominal_id=1848 L_status=3.06126:imp=0 R_status=3.06126:imp=0 selected=NOMINAL reason=SIDE_BOTH_FAILED_FALLBACK_NOMINAL
20260925_190928_365841	1790334791.783280686	0	[side-both-failed-fallback] drone=0 generation=387 nominal_id=1919 L_status=5.99312:imp=0 R_status=5.99312:imp=0 selected=NOMINAL reason=SIDE_BOTH_FAILED_FALLBACK_NOMINAL
20260925_190928_365841	1790334792.179162932	2	[side-both-failed-fallback] drone=2 generation=390 nominal_id=1851 L_status=5.79615:imp=0 R_status=5.79615:imp=0 selected=NOMINAL reason=SIDE_BOTH_FAILED_FALLBACK_NOMINAL
20260925_190928_365841	1790334797.313768217	1	[side-both-failed-fallback] drone=1 generation=390 nominal_id=1891 L_status=4.85459:imp=0.000283629 R_status=4.85459:imp=0.000283436 selected=NOMINAL reason=SIDE_BOTH_FAILED_FALLBACK_NOMINAL
20260925_190928_365841	1790334797.795979170	2	[side-both-failed-fallback] drone=2 generation=394 nominal_id=1898 L_status=6.71313:imp=0.000185505 R_status=6.71313:imp=0.000185413 selected=NOMINAL reason=SIDE_BOTH_FAILED_FALLBACK_NOMINAL
20260925_190928_365841	1790334803.175838213	1	[side-both-failed-fallback] drone=1 generation=394 nominal_id=1959 L_status=1.83592:imp=0 R_status=1.83592:imp=0 selected=NOMINAL reason=SIDE_BOTH_FAILED_FALLBACK_NOMINAL
20260925_190928_365841	1790334811.696624535	0	[side-both-failed-fallback] drone=0 generation=401 nominal_id=2106 L_status=6.72342:imp=0 R_status=6.72342:imp=0 selected=NOMINAL reason=SIDE_BOTH_FAILED_FALLBACK_NOMINAL
20260925_190928_365841	1790334646.500084937	1	[side-both-failed-fallback] drone=1 generation=258 nominal_id=346 L_status=FAILED R_status=FAILED selected=NOMINAL reason=SIDE_BOTH_FAILED_FALLBACK_NOMINAL
20260925_190928_365841	1790334646.501190415	2	[side-both-failed-fallback] drone=2 generation=258 nominal_id=389 L_status=1.94984:imp=0 R_status=1.94984:imp=0 selected=NOMINAL reason=SIDE_BOTH_FAILED_FALLBACK_NOMINAL
20260925_190928_365841	1790334646.520852970	1	[side-both-failed-fallback] drone=1 generation=258 nominal_id=349 L_status=FAILED R_status=FAILED selected=NOMINAL reason=SIDE_BOTH_FAILED_FALLBACK_NOMINAL
20260925_190928_365841	1790334646.743680913	1	[side-both-failed-fallback] drone=1 generation=259 nominal_id=352 L_status=FAILED R_status=FAILED selected=NOMINAL reason=SIDE_BOTH_FAILED_FALLBACK_NOMINAL
20260925_190928_365841	1790334646.768683157	1	[side-both-failed-fallback] drone=1 generation=259 nominal_id=355 L_status=FAILED R_status=FAILED selected=NOMINAL reason=SIDE_BOTH_FAILED_FALLBACK_NOMINAL
20260925_190928_365841	1790334646.790074647	1	[side-both-failed-fallback] drone=1 generation=259 nominal_id=358 L_status=FAILED R_status=FAILED selected=NOMINAL reason=SIDE_BOTH_FAILED_FALLBACK_NOMINAL
20260925_190928_365841	1790334647.013373391	1	[side-both-failed-fallback] drone=1 generation=260 nominal_id=361 L_status=FAILED R_status=0.811883:imp=0 selected=NOMINAL reason=SIDE_BOTH_FAILED_FALLBACK_NOMINAL
20260925_190928_365841	1790334647.039837647	1	[side-both-failed-fallback] drone=1 generation=260 nominal_id=364 L_status=FAILED R_status=FAILED selected=NOMINAL reason=SIDE_BOTH_FAILED_FALLBACK_NOMINAL
20260925_190928_365841	1790334647.058290481	1	[side-both-failed-fallback] drone=1 generation=260 nominal_id=367 L_status=0.724673:imp=-0.122921 R_status=0.847594:imp=0 selected=NOMINAL reason=SIDE_BOTH_FAILED_FALLBACK_NOMINAL
20260925_190928_365841	1790334647.334272496	2	[side-both-failed-fallback] drone=2 generation=261 nominal_id=398 L_status=2.40678:imp=0 R_status=2.40678:imp=0 selected=NOMINAL reason=SIDE_BOTH_FAILED_FALLBACK_NOMINAL
20260925_190928_365841	1790334647.339519547	0	[side-both-failed-fallback] drone=0 generation=261 nominal_id=486 L_status=2.54022:imp=-0.00138819 R_status=2.53903:imp=-0.00257187 selected=NOMINAL reason=SIDE_BOTH_FAILED_FALLBACK_NOMINAL
20260925_190928_365841	1790334647.362663733	1	[side-both-failed-fallback] drone=1 generation=261 nominal_id=370 L_status=FAILED R_status=FAILED selected=NOMINAL reason=SIDE_BOTH_FAILED_FALLBACK_NOMINAL
20260925_190928_365841	1790334647.458145472	1	[side-both-failed-fallback] drone=1 generation=261 nominal_id=373 L_status=FAILED R_status=FAILED selected=NOMINAL reason=SIDE_BOTH_FAILED_FALLBACK_NOMINAL
20260925_190928_365841	1790334647.566617622	1	[side-both-failed-fallback] drone=1 generation=261 nominal_id=376 L_status=FAILED R_status=FAILED selected=NOMINAL reason=SIDE_BOTH_FAILED_FALLBACK_NOMINAL
20260925_190928_365841	1790334647.615997419	1	[side-both-failed-fallback] drone=1 generation=261 nominal_id=379 L_status=FAILED R_status=FAILED selected=NOMINAL reason=SIDE_BOTH_FAILED_FALLBACK_NOMINAL
20260925_190928_365841	1790334647.625730509	2	[side-both-failed-fallback] drone=2 generation=262 nominal_id=401 L_status=FAILED R_status=FAILED selected=NOMINAL reason=SIDE_BOTH_FAILED_FALLBACK_NOMINAL
20260925_190928_365841	1790334647.661661606	1	[side-both-failed-fallback] drone=1 generation=261 nominal_id=382 L_status=FAILED R_status=FAILED selected=NOMINAL reason=SIDE_BOTH_FAILED_FALLBACK_NOMINAL
20260925_190928_365841	1790334647.764105516	1	[side-both-failed-fallback] drone=1 generation=261 nominal_id=385 L_status=FAILED R_status=FAILED selected=NOMINAL reason=SIDE_BOTH_FAILED_FALLBACK_NOMINAL
20260925_190928_365841	1790334647.809997202	1	[side-both-failed-fallback] drone=1 generation=261 nominal_id=388 L_status=FAILED R_status=FAILED selected=NOMINAL reason=SIDE_BOTH_FAILED_FALLBACK_NOMINAL
20260925_190928_365841	1790334647.874037394	2	[side-both-failed-fallback] drone=2 generation=263 nominal_id=404 L_status=FAILED R_status=FAILED selected=NOMINAL reason=SIDE_BOTH_FAILED_FALLBACK_NOMINAL
20260925_190928_365841	1790334647.918952320	1	[side-both-failed-fallback] drone=1 generation=261 nominal_id=391 L_status=FAILED R_status=FAILED selected=NOMINAL reason=SIDE_BOTH_FAILED_FALLBACK_NOMINAL
20260925_190928_365841	1790334647.974537538	1	[side-both-failed-fallback] drone=1 generation=261 nominal_id=394 L_status=FAILED R_status=FAILED selected=NOMINAL reason=SIDE_BOTH_FAILED_FALLBACK_NOMINAL
20260925_190928_365841	1790334648.151020656	2	[side-both-failed-fallback] drone=2 generation=264 nominal_id=407 L_status=FAILED R_status=FAILED selected=NOMINAL reason=SIDE_BOTH_FAILED_FALLBACK_NOMINAL
20260925_190928_365841	1790334648.214247350	1	[side-both-failed-fallback] drone=1 generation=262 nominal_id=397 L_status=FAILED R_status=FAILED selected=NOMINAL reason=SIDE_BOTH_FAILED_FALLBACK_NOMINAL
20260925_190928_365841	1790334648.427788979	2	[side-both-failed-fallback] drone=2 generation=265 nominal_id=410 L_status=2.76814:imp=0 R_status=FAILED selected=NOMINAL reason=SIDE_BOTH_FAILED_FALLBACK_NOMINAL
20260925_190928_365841	1790334648.493654822	1	[side-both-failed-fallback] drone=1 generation=263 nominal_id=400 L_status=FAILED R_status=FAILED selected=NOMINAL reason=SIDE_BOTH_FAILED_FALLBACK_NOMINAL
20260925_190928_365841	1790334648.821739204	1	[side-both-failed-fallback] drone=1 generation=264 nominal_id=403 L_status=FAILED R_status=FAILED selected=NOMINAL reason=SIDE_BOTH_FAILED_FALLBACK_NOMINAL
20260925_190928_365841	1790334649.031200743	1	[side-both-failed-fallback] drone=1 generation=265 nominal_id=406 L_status=FAILED R_status=FAILED selected=NOMINAL reason=SIDE_BOTH_FAILED_FALLBACK_NOMINAL
20260925_190928_365841	1790334649.148038770	1	[side-both-failed-fallback] drone=1 generation=266 nominal_id=409 L_status=FAILED R_status=FAILED selected=NOMINAL reason=SIDE_BOTH_FAILED_FALLBACK_NOMINAL
20260925_190928_365841	1790334649.163086491	1	[side-both-failed-fallback] drone=1 generation=266 nominal_id=412 L_status=FAILED R_status=FAILED selected=NOMINAL reason=SIDE_BOTH_FAILED_FALLBACK_NOMINAL
20260925_190928_365841	1790334649.305694348	1	[side-both-failed-fallback] drone=1 generation=267 nominal_id=415 L_status=FAILED R_status=FAILED selected=NOMINAL reason=SIDE_BOTH_FAILED_FALLBACK_NOMINAL
20260925_190928_365841	1790334649.320722158	1	[side-both-failed-fallback] drone=1 generation=267 nominal_id=418 L_status=FAILED R_status=FAILED selected=NOMINAL reason=SIDE_BOTH_FAILED_FALLBACK_NOMINAL
20260925_190928_365841	1790334649.333459557	1	[side-both-failed-fallback] drone=1 generation=267 nominal_id=421 L_status=FAILED R_status=FAILED selected=NOMINAL reason=SIDE_BOTH_FAILED_FALLBACK_NOMINAL
20260925_190928_365841	1790334649.589717129	1	[side-both-failed-fallback] drone=1 generation=268 nominal_id=424 L_status=FAILED R_status=FAILED selected=NOMINAL reason=SIDE_BOTH_FAILED_FALLBACK_NOMINAL
20260925_190928_365841	1790334649.880339419	1	[side-both-failed-fallback] drone=1 generation=269 nominal_id=427 L_status=FAILED R_status=1.18745:imp=-0.0522606 selected=NOMINAL reason=SIDE_BOTH_FAILED_FALLBACK_NOMINAL
20260925_190928_365841	1790334658.582663547	1	[side-both-failed-fallback] drone=1 generation=292 nominal_id=464 L_status=2.94578:imp=0 R_status=2.94578:imp=0 selected=NOMINAL reason=SIDE_BOTH_FAILED_FALLBACK_NOMINAL
20260925_190928_365841	1790334658.645021447	0	[side-both-failed-fallback] drone=0 generation=293 nominal_id=537 L_status=5.89789:imp=0 R_status=5.89789:imp=0 selected=NOMINAL reason=SIDE_BOTH_FAILED_FALLBACK_NOMINAL
20260925_190928_365841	1790334659.139763277	2	[side-both-failed-fallback] drone=2 generation=296 nominal_id=459 L_status=5.76115:imp=0 R_status=5.76115:imp=0 selected=NOMINAL reason=SIDE_BOTH_FAILED_FALLBACK_NOMINAL
20260925_190928_365841	1790334661.963470766	1	[side-both-failed-fallback] drone=1 generation=295 nominal_id=502 L_status=5.00624:imp=0 R_status=5.00624:imp=0 selected=NOMINAL reason=SIDE_BOTH_FAILED_FALLBACK_NOMINAL
20260925_190928_365841	1790334662.023336776	0	[side-both-failed-fallback] drone=0 generation=296 nominal_id=574 L_status=7.98892:imp=0 R_status=7.98892:imp=0 selected=NOMINAL reason=SIDE_BOTH_FAILED_FALLBACK_NOMINAL
20260925_190928_365841	1790334662.500295969	2	[side-both-failed-fallback] drone=2 generation=299 nominal_id=495 L_status=7.07493:imp=0 R_status=7.07493:imp=0 selected=NOMINAL reason=SIDE_BOTH_FAILED_FALLBACK_NOMINAL
20260925_190928_365841	1790334665.297329841	1	[side-both-failed-fallback] drone=1 generation=298 nominal_id=538 L_status=4.12267:imp=0.00271668 R_status=4.12267:imp=0.00271668 selected=NOMINAL reason=SIDE_BOTH_FAILED_FALLBACK_NOMINAL
20260925_190928_365841	1790334665.332339995	0	[side-both-failed-fallback] drone=0 generation=299 nominal_id=609 L_status=7.05183:imp=0.00338692 R_status=7.05183:imp=0.00338692 selected=NOMINAL reason=SIDE_BOTH_FAILED_FALLBACK_NOMINAL
20260925_190928_365841	1790334665.806621403	2	[side-both-failed-fallback] drone=2 generation=302 nominal_id=530 L_status=6.05137:imp=0.00311111 R_status=6.05069:imp=0.00243639 selected=NOMINAL reason=SIDE_BOTH_FAILED_FALLBACK_NOMINAL
20260925_190928_365841	1790334666.235817544	2	[side-both-failed-fallback] drone=2 generation=303 nominal_id=558 L_status=6.04769:imp=0.000217249 R_status=6.04761:imp=0.000130249 selected=NOMINAL reason=SIDE_BOTH_FAILED_FALLBACK_NOMINAL
20260925_190928_365841	1790334668.618509090	0	[side-both-failed-fallback] drone=0 generation=302 nominal_id=644 L_status=4.50736:imp=0.0028182 R_status=4.50736:imp=0.0028182 selected=NOMINAL reason=SIDE_BOTH_FAILED_FALLBACK_NOMINAL
20260925_190928_365841	1790334669.086393909	2	[side-both-failed-fallback] drone=2 generation=305 nominal_id=566 L_status=4.81152:imp=0.000554105 R_status=4.81168:imp=0.000715286 selected=NOMINAL reason=SIDE_BOTH_FAILED_FALLBACK_NOMINAL
20260925_190928_365841	1790334669.533425623	2	[side-both-failed-fallback] drone=2 generation=306 nominal_id=596 L_status=4.8108:imp=0.00529494 R_status=4.81081:imp=0.00530777 selected=NOMINAL reason=SIDE_BOTH_FAILED_FALLBACK_NOMINAL
20260925_190928_365841	1790334682.182455725	2	[side-both-failed-fallback] drone=2 generation=314 nominal_id=747 L_status=7.12969:imp=0.00199173 R_status=7.12969:imp=0.00199161 selected=NOMINAL reason=SIDE_BOTH_FAILED_FALLBACK_NOMINAL
20260925_190928_365841	1790334687.869949096	1	[side-both-failed-fallback] drone=1 generation=314 nominal_id=824 L_status=2.02946:imp=0.0157164 R_status=2.02942:imp=0.0156765 selected=NOMINAL reason=SIDE_BOTH_FAILED_FALLBACK_NOMINAL
20260925_190928_365841	1790334688.339855710	2	[side-both-failed-fallback] drone=2 generation=318 nominal_id=819 L_status=4.83673:imp=5.27071e-05 R_status=4.83671:imp=3.22893e-05 selected=NOMINAL reason=SIDE_BOTH_FAILED_FALLBACK_NOMINAL
20260925_190928_365841	1790334693.989293376	0	[side-both-failed-fallback] drone=0 generation=319 nominal_id=961 L_status=4.00016:imp=0 R_status=4.00016:imp=0 selected=NOMINAL reason=SIDE_BOTH_FAILED_FALLBACK_NOMINAL
20260925_190928_365841	1790334694.443199274	2	[side-both-failed-fallback] drone=2 generation=322 nominal_id=888 L_status=4.8178:imp=0 R_status=4.8178:imp=0 selected=NOMINAL reason=SIDE_BOTH_FAILED_FALLBACK_NOMINAL
20260925_190928_365841	1790334699.898419965	1	[side-both-failed-fallback] drone=1 generation=322 nominal_id=951 L_status=5.01792:imp=0 R_status=5.01792:imp=0 selected=NOMINAL reason=SIDE_BOTH_FAILED_FALLBACK_NOMINAL
20260925_190928_365841	1790334700.373560997	2	[side-both-failed-fallback] drone=2 generation=326 nominal_id=946 L_status=7.09126:imp=0 R_status=7.09126:imp=0 selected=NOMINAL reason=SIDE_BOTH_FAILED_FALLBACK_NOMINAL
20260925_190928_365841	1790334705.838057490	0	[side-both-failed-fallback] drone=0 generation=327 nominal_id=1079 L_status=5.32175:imp=0.000460679 R_status=5.32175:imp=0.00045991 selected=NOMINAL reason=SIDE_BOTH_FAILED_FALLBACK_NOMINAL
20260925_200523_419199	1790338198.551143296	2	[side-both-failed-fallback] drone=2 generation=430 nominal_id=2092 L_status=4.77621:imp=0 R_status=4.77621:imp=0 selected=NOMINAL reason=SIDE_BOTH_FAILED_FALLBACK_NOMINAL
20260925_200523_419199	1790338146.273534567	0	[side-both-failed-fallback] drone=0 generation=369 nominal_id=2192 L_status=4.83171:imp=0 R_status=4.83171:imp=0 selected=NOMINAL reason=SIDE_BOTH_FAILED_FALLBACK_NOMINAL
20260925_200523_419199	1790338151.850416084	0	[side-both-failed-fallback] drone=0 generation=373 nominal_id=2234 L_status=8.11814:imp=-8.50411e-07 R_status=8.11814:imp=-8.49472e-07 selected=NOMINAL reason=SIDE_BOTH_FAILED_FALLBACK_NOMINAL
20260925_200523_419199	1790338156.273362077	1	[side-both-failed-fallback] drone=1 generation=393 nominal_id=1709 L_status=2.79574:imp=0.000410622 R_status=2.79574:imp=0.000410622 selected=NOMINAL reason=SIDE_BOTH_FAILED_FALLBACK_NOMINAL
20260925_200523_419199	1790338157.677080444	0	[side-both-failed-fallback] drone=0 generation=377 nominal_id=2295 L_status=4.6294:imp=0.0261665 R_status=4.6294:imp=0.0261661 selected=NOMINAL reason=SIDE_BOTH_FAILED_FALLBACK_NOMINAL
20260925_200523_419199	1790338163.259626377	0	[side-both-failed-fallback] drone=0 generation=381 nominal_id=2340 L_status=3.6827:imp=0 R_status=3.6827:imp=0 selected=NOMINAL reason=SIDE_BOTH_FAILED_FALLBACK_NOMINAL
20260925_200523_419199	1790338167.686051093	1	[side-both-failed-fallback] drone=1 generation=401 nominal_id=1814 L_status=3.84225:imp=0 R_status=3.84225:imp=0 selected=NOMINAL reason=SIDE_BOTH_FAILED_FALLBACK_NOMINAL
20260925_200523_419199	1790338175.205429525	0	[side-both-failed-fallback] drone=0 generation=390 nominal_id=2664 L_status=FAILED R_status=not-needed selected=NOMINAL reason=SIDE_BOTH_FAILED_FALLBACK_NOMINAL
20260925_200523_419199	1790338057.782781443	0	[side-both-failed-fallback] drone=0 generation=307 nominal_id=1473 L_status=7.9762:imp=6.47355e-05 R_status=7.9762:imp=6.46804e-05 selected=NOMINAL reason=SIDE_BOTH_FAILED_FALLBACK_NOMINAL
20260925_200523_419199	1790338060.425176006	2	[side-both-failed-fallback] drone=2 generation=333 nominal_id=925 L_status=5.95231:imp=0.0171941 R_status=5.95231:imp=0.0171938 selected=NOMINAL reason=SIDE_BOTH_FAILED_FALLBACK_NOMINAL
20260925_200523_419199	1790338063.291725439	2	[side-both-failed-fallback] drone=2 generation=335 nominal_id=948 L_status=4.84757:imp=7.52336e-05 R_status=4.84761:imp=0.000121554 selected=NOMINAL reason=SIDE_BOTH_FAILED_FALLBACK_NOMINAL
20260925_200523_419199	1790338066.238407441	2	[side-both-failed-fallback] drone=2 generation=337 nominal_id=977 L_status=4.78185:imp=0 R_status=4.78185:imp=0 selected=NOMINAL reason=SIDE_BOTH_FAILED_FALLBACK_NOMINAL
20260925_200523_419199	1790338066.332747752	2	[side-both-failed-fallback] drone=2 generation=337 nominal_id=986 L_status=4.78285:imp=0 R_status=4.78285:imp=0 selected=NOMINAL reason=SIDE_BOTH_FAILED_FALLBACK_NOMINAL
20260925_200523_419199	1790338069.245760558	1	[side-both-failed-fallback] drone=1 generation=332 nominal_id=1034 L_status=1.89472:imp=0 R_status=1.89472:imp=0 selected=NOMINAL reason=SIDE_BOTH_FAILED_FALLBACK_NOMINAL
20260925_200523_419199	1790338072.126252733	2	[side-both-failed-fallback] drone=2 generation=341 nominal_id=1042 L_status=5.89435:imp=0 R_status=5.89435:imp=0 selected=NOMINAL reason=SIDE_BOTH_FAILED_FALLBACK_NOMINAL
20260925_200523_419199	1790338075.182219048	1	[side-both-failed-fallback] drone=1 generation=336 nominal_id=1094 L_status=5.09091:imp=0 R_status=5.09091:imp=0 selected=NOMINAL reason=SIDE_BOTH_FAILED_FALLBACK_NOMINAL
20260925_200523_419199	1790338081.079262947	0	[side-both-failed-fallback] drone=0 generation=323 nominal_id=1686 L_status=5.07602:imp=0.0302195 R_status=5.07602:imp=0.0302195 selected=NOMINAL reason=SIDE_BOTH_FAILED_FALLBACK_NOMINAL
20260925_200523_419199	1790338094.976463347	2	[side-both-failed-fallback] drone=2 generation=357 nominal_id=1241 L_status=7.20031:imp=0.00172049 R_status=7.20031:imp=0.0017205 selected=NOMINAL reason=SIDE_BOTH_FAILED_FALLBACK_NOMINAL
20260925_200523_419199	1790338099.317142222	0	[side-both-failed-fallback] drone=0 generation=336 nominal_id=1823 L_status=5.61619:imp=0.000369125 R_status=5.61619:imp=0.000368339 selected=NOMINAL reason=SIDE_BOTH_FAILED_FALLBACK_NOMINAL
20260925_200523_419199	1790338099.417459059	0	[side-both-failed-fallback] drone=0 generation=336 nominal_id=1831 L_status=5.61582:imp=0.0310139 R_status=5.61582:imp=0.0310139 selected=NOMINAL reason=SIDE_BOTH_FAILED_FALLBACK_NOMINAL
20260925_200523_419199	1790338107.814363393	1	[side-both-failed-fallback] drone=1 generation=359 nominal_id=1351 L_status=2.01148:imp=0 R_status=2.01148:imp=0 selected=NOMINAL reason=SIDE_BOTH_FAILED_FALLBACK_NOMINAL
20260925_200523_419199	1790337992.542300254	0	[side-both-failed-fallback] drone=0 generation=201 nominal_id=930 L_status=2.02585:imp=-0.0228766 R_status=2.13361:imp=0.0848831 selected=NOMINAL reason=SIDE_BOTH_FAILED_FALLBACK_NOMINAL
20260925_200523_419199	1790337992.760978534	0	[side-both-failed-fallback] drone=0 generation=202 nominal_id=933 L_status=2.03837:imp=-0.0214389 R_status=FAILED selected=NOMINAL reason=SIDE_BOTH_FAILED_FALLBACK_NOMINAL
20260925_200523_419199	1790337992.841441417	0	[side-both-failed-fallback] drone=0 generation=202 nominal_id=936 L_status=2.07195:imp=-0.0210161 R_status=2.0952:imp=0.00223266 selected=NOMINAL reason=SIDE_BOTH_FAILED_FALLBACK_NOMINAL
20260925_200523_419199	1790337992.978701528	0	[side-both-failed-fallback] drone=0 generation=203 nominal_id=939 L_status=2.09792:imp=-7.20236e-05 R_status=2.09799:imp=-6.27285e-06 selected=NOMINAL reason=SIDE_BOTH_FAILED_FALLBACK_NOMINAL
20260925_200523_419199	1790337993.041263724	0	[side-both-failed-fallback] drone=0 generation=203 nominal_id=942 L_status=2.09916:imp=0 R_status=2.09916:imp=0 selected=NOMINAL reason=SIDE_BOTH_FAILED_FALLBACK_NOMINAL
20260925_200523_419199	1790337993.160838006	0	[side-both-failed-fallback] drone=0 generation=204 nominal_id=945 L_status=2.10161:imp=0 R_status=2.10161:imp=0 selected=NOMINAL reason=SIDE_BOTH_FAILED_FALLBACK_NOMINAL
20260925_200523_419199	1790337993.432426835	0	[side-both-failed-fallback] drone=0 generation=205 nominal_id=948 L_status=2.11842:imp=0 R_status=2.11842:imp=0 selected=NOMINAL reason=SIDE_BOTH_FAILED_FALLBACK_NOMINAL
20260925_200523_419199	1790337993.694163254	0	[side-both-failed-fallback] drone=0 generation=206 nominal_id=951 L_status=2.13278:imp=0 R_status=2.13278:imp=0 selected=NOMINAL reason=SIDE_BOTH_FAILED_FALLBACK_NOMINAL
20260925_200523_419199	1790337993.981968320	0	[side-both-failed-fallback] drone=0 generation=207 nominal_id=954 L_status=2.15208:imp=0 R_status=2.15208:imp=0 selected=NOMINAL reason=SIDE_BOTH_FAILED_FALLBACK_NOMINAL
20260925_200523_419199	1790337994.279346647	0	[side-both-failed-fallback] drone=0 generation=208 nominal_id=957 L_status=FAILED R_status=2.18215:imp=-0.015528 selected=NOMINAL reason=SIDE_BOTH_FAILED_FALLBACK_NOMINAL
20260925_200523_419199	1790337994.551963093	0	[side-both-failed-fallback] drone=0 generation=209 nominal_id=960 L_status=FAILED R_status=FAILED selected=NOMINAL reason=SIDE_BOTH_FAILED_FALLBACK_NOMINAL
20260925_200523_419199	1790337994.578361919	0	[side-both-failed-fallback] drone=0 generation=209 nominal_id=963 L_status=FAILED R_status=FAILED selected=NOMINAL reason=SIDE_BOTH_FAILED_FALLBACK_NOMINAL
20260925_200523_419199	1790337994.830665195	0	[side-both-failed-fallback] drone=0 generation=210 nominal_id=966 L_status=FAILED R_status=FAILED selected=NOMINAL reason=SIDE_BOTH_FAILED_FALLBACK_NOMINAL
20260925_200523_419199	1790337995.101100675	0	[side-both-failed-fallback] drone=0 generation=211 nominal_id=969 L_status=FAILED R_status=FAILED selected=NOMINAL reason=SIDE_BOTH_FAILED_FALLBACK_NOMINAL
20260925_200523_419199	1790337995.363769705	0	[side-both-failed-fallback] drone=0 generation=212 nominal_id=972 L_status=FAILED R_status=1.39285:imp=-0.000222568 selected=NOMINAL reason=SIDE_BOTH_FAILED_FALLBACK_NOMINAL
20260925_200523_419199	1790337995.654346237	0	[side-both-failed-fallback] drone=0 generation=213 nominal_id=975 L_status=1.30237:imp=0.000832604 R_status=1.30035:imp=-0.00118474 selected=NOMINAL reason=SIDE_BOTH_FAILED_FALLBACK_NOMINAL
20260925_200523_419199	1790337995.954952450	0	[side-both-failed-fallback] drone=0 generation=214 nominal_id=978 L_status=1.69708:imp=-0.00246213 R_status=1.72241:imp=0.0228743 selected=NOMINAL reason=SIDE_BOTH_FAILED_FALLBACK_NOMINAL
20260925_200523_419199	1790337996.313607915	0	[side-both-failed-fallback] drone=0 generation=216 nominal_id=982 L_status=1.20468:imp=0.123384 R_status=1.17428:imp=0.0929833 selected=NOMINAL reason=SIDE_BOTH_FAILED_FALLBACK_NOMINAL
20260925_200523_419199	1790337996.469642180	0	[side-both-failed-fallback] drone=0 generation=217 nominal_id=985 L_status=FAILED R_status=FAILED selected=NOMINAL reason=SIDE_BOTH_FAILED_FALLBACK_NOMINAL
20260925_200523_419199	1790337997.031962727	0	[side-both-failed-fallback] drone=0 generation=219 nominal_id=989 L_status=1.53984:imp=0.331361 R_status=1.10771:imp=-0.100768 selected=NOMINAL reason=SIDE_BOTH_FAILED_FALLBACK_NOMINAL
20260925_200523_419199	1790337997.263442861	2	[side-both-failed-fallback] drone=2 generation=244 nominal_id=300 L_status=1.05657:imp=-0.0379853 R_status=1.14121:imp=0.0466572 selected=NOMINAL reason=SIDE_BOTH_FAILED_FALLBACK_NOMINAL
20260925_200523_419199	1790337997.310774195	0	[side-both-failed-fallback] drone=0 generation=220 nominal_id=992 L_status=FAILED R_status=1.07808:imp=-0.108152 selected=NOMINAL reason=SIDE_BOTH_FAILED_FALLBACK_NOMINAL
20260925_200523_419199	1790337998.126834880	2	[side-both-failed-fallback] drone=2 generation=247 nominal_id=309 L_status=1.09612:imp=-0.0482332 R_status=1.13647:imp=-0.00788694 selected=NOMINAL reason=SIDE_BOTH_FAILED_FALLBACK_NOMINAL
20260925_200523_419199	1790337998.407168779	2	[side-both-failed-fallback] drone=2 generation=248 nominal_id=312 L_status=FAILED R_status=1.17485:imp=-0.045841 selected=NOMINAL reason=SIDE_BOTH_FAILED_FALLBACK_NOMINAL
20260925_200523_419199	1790337998.684238958	2	[side-both-failed-fallback] drone=2 generation=249 nominal_id=315 L_status=FAILED R_status=1.22605:imp=0.0497323 selected=NOMINAL reason=SIDE_BOTH_FAILED_FALLBACK_NOMINAL
20260925_200523_419199	1790337999.374075282	2	[side-both-failed-fallback] drone=2 generation=251 nominal_id=321 L_status=0.710458:imp=-0.577177 R_status=1.29292:imp=0.00528432 selected=NOMINAL reason=SIDE_BOTH_FAILED_FALLBACK_NOMINAL
20260925_200523_419199	1790337999.659369490	2	[side-both-failed-fallback] drone=2 generation=252 nominal_id=324 L_status=FAILED R_status=1.34683:imp=-0.0186974 selected=NOMINAL reason=SIDE_BOTH_FAILED_FALLBACK_NOMINAL
20260925_200523_419199	1790337999.723040961	1	[side-both-failed-fallback] drone=1 generation=247 nominal_id=279 L_status=1.05703:imp=-0.0493283 R_status=1.16382:imp=0.0574612 selected=NOMINAL reason=SIDE_BOTH_FAILED_FALLBACK_NOMINAL
20260925_200523_419199	1790337999.819696039	2	[side-both-failed-fallback] drone=2 generation=252 nominal_id=327 L_status=FAILED R_status=FAILED selected=NOMINAL reason=SIDE_BOTH_FAILED_FALLBACK_NOMINAL
20260925_200523_419199	1790337999.877434979	2	[side-both-failed-fallback] drone=2 generation=252 nominal_id=330 L_status=FAILED R_status=1.34388:imp=0.621182 selected=NOMINAL reason=SIDE_BOTH_FAILED_FALLBACK_NOMINAL
20260925_200523_419199	1790338000.004851660	1	[side-both-failed-fallback] drone=1 generation=248 nominal_id=282 L_status=FAILED R_status=0.90418:imp=0.0498115 selected=NOMINAL reason=SIDE_BOTH_FAILED_FALLBACK_NOMINAL
20260925_200523_419199	1790338000.173312129	0	[side-both-failed-fallback] drone=0 generation=230 nominal_id=1004 L_status=FAILED R_status=1.66749:imp=0 selected=NOMINAL reason=SIDE_BOTH_FAILED_FALLBACK_NOMINAL
20260925_200523_419199	1790338000.270043246	2	[side-both-failed-fallback] drone=2 generation=253 nominal_id=333 L_status=0.998466:imp=-0.344028 R_status=1.34579:imp=0.00329861 selected=NOMINAL reason=SIDE_BOTH_FAILED_FALLBACK_NOMINAL
20260925_200523_419199	1790338000.269980321	1	[side-both-failed-fallback] drone=1 generation=249 nominal_id=285 L_status=0.660818:imp=-0.0414451 R_status=FAILED selected=NOMINAL reason=SIDE_BOTH_FAILED_FALLBACK_NOMINAL
20260925_200523_419199	1790338000.301253374	1	[side-both-failed-fallback] drone=1 generation=249 nominal_id=288 L_status=FAILED R_status=FAILED selected=NOMINAL reason=SIDE_BOTH_FAILED_FALLBACK_NOMINAL
20260925_200523_419199	1790338000.405745250	2	[side-both-failed-fallback] drone=2 generation=254 nominal_id=336 L_status=1.06393:imp=-0.258349 R_status=1.35665:imp=0.0343723 selected=NOMINAL reason=SIDE_BOTH_FAILED_FALLBACK_NOMINAL
20260925_200523_419199	1790338000.551181016	1	[side-both-failed-fallback] drone=1 generation=250 nominal_id=291 L_status=0.674658:imp=-0.0384022 R_status=FAILED selected=NOMINAL reason=SIDE_BOTH_FAILED_FALLBACK_NOMINAL
20260925_200523_419199	1790338000.684057693	2	[side-both-failed-fallback] drone=2 generation=255 nominal_id=339 L_status=FAILED R_status=1.3432:imp=0.0206907 selected=NOMINAL reason=SIDE_BOTH_FAILED_FALLBACK_NOMINAL
20260925_200523_419199	1790338000.735485060	2	[side-both-failed-fallback] drone=2 generation=255 nominal_id=342 L_status=FAILED R_status=1.33901:imp=0.0196096 selected=NOMINAL reason=SIDE_BOTH_FAILED_FALLBACK_NOMINAL
20260925_200523_419199	1790338000.822008454	1	[side-both-failed-fallback] drone=1 generation=251 nominal_id=294 L_status=0.715437:imp=-0.0268994 R_status=0.766948:imp=0.0246107 selected=NOMINAL reason=SIDE_BOTH_FAILED_FALLBACK_NOMINAL
20260925_200523_419199	1790338000.950891038	2	[side-both-failed-fallback] drone=2 generation=256 nominal_id=345 L_status=FAILED R_status=FAILED selected=NOMINAL reason=SIDE_BOTH_FAILED_FALLBACK_NOMINAL
20260925_200523_419199	1790338000.972643318	0	[side-both-failed-fallback] drone=0 generation=233 nominal_id=1009 L_status=2.14731:imp=0 R_status=FAILED selected=NOMINAL reason=SIDE_BOTH_FAILED_FALLBACK_NOMINAL
20260925_200523_419199	1790338001.091504811	1	[side-both-failed-fallback] drone=1 generation=252 nominal_id=297 L_status=0.696302:imp=-0.0300884 R_status=0.751467:imp=0.025076 selected=NOMINAL reason=SIDE_BOTH_FAILED_FALLBACK_NOMINAL
20260925_200523_419199	1790338001.214959625	2	[side-both-failed-fallback] drone=2 generation=257 nominal_id=348 L_status=FAILED R_status=FAILED selected=NOMINAL reason=SIDE_BOTH_FAILED_FALLBACK_NOMINAL
20260925_200523_419199	1790338001.246248263	2	[side-both-failed-fallback] drone=2 generation=257 nominal_id=351 L_status=FAILED R_status=FAILED selected=NOMINAL reason=SIDE_BOTH_FAILED_FALLBACK_NOMINAL
20260925_200523_419199	1790338001.278100600	2	[side-both-failed-fallback] drone=2 generation=257 nominal_id=354 L_status=FAILED R_status=FAILED selected=NOMINAL reason=SIDE_BOTH_FAILED_FALLBACK_NOMINAL
20260925_200523_419199	1790338001.305569455	2	[side-both-failed-fallback] drone=2 generation=257 nominal_id=357 L_status=FAILED R_status=FAILED selected=NOMINAL reason=SIDE_BOTH_FAILED_FALLBACK_NOMINAL
20260925_200523_419199	1790338001.332118999	2	[side-both-failed-fallback] drone=2 generation=257 nominal_id=360 L_status=FAILED R_status=FAILED selected=NOMINAL reason=SIDE_BOTH_FAILED_FALLBACK_NOMINAL
20260925_200523_419199	1790338001.396024276	1	[side-both-failed-fallback] drone=1 generation=253 nominal_id=300 L_status=FAILED R_status=FAILED selected=NOMINAL reason=SIDE_BOTH_FAILED_FALLBACK_NOMINAL
20260925_200523_419199	1790338001.424206407	1	[side-both-failed-fallback] drone=1 generation=253 nominal_id=303 L_status=FAILED R_status=0.733071:imp=0.0132918 selected=NOMINAL reason=SIDE_BOTH_FAILED_FALLBACK_NOMINAL
20260925_200523_419199	1790338001.479125822	0	[side-both-failed-fallback] drone=0 generation=235 nominal_id=1015 L_status=2.37725:imp=0 R_status=2.37725:imp=0 selected=NOMINAL reason=SIDE_BOTH_FAILED_FALLBACK_NOMINAL
20260925_200523_419199	1790338001.524461571	2	[side-both-failed-fallback] drone=2 generation=258 nominal_id=363 L_status=FAILED R_status=FAILED selected=NOMINAL reason=SIDE_BOTH_FAILED_FALLBACK_NOMINAL
20260925_200523_419199	1790338001.561593765	2	[side-both-failed-fallback] drone=2 generation=258 nominal_id=366 L_status=FAILED R_status=FAILED selected=NOMINAL reason=SIDE_BOTH_FAILED_FALLBACK_NOMINAL
20260925_200523_419199	1790338001.691102239	1	[side-both-failed-fallback] drone=1 generation=254 nominal_id=306 L_status=FAILED R_status=FAILED selected=NOMINAL reason=SIDE_BOTH_FAILED_FALLBACK_NOMINAL
20260925_200523_419199	1790338001.726690420	1	[side-both-failed-fallback] drone=1 generation=254 nominal_id=309 L_status=FAILED R_status=FAILED selected=NOMINAL reason=SIDE_BOTH_FAILED_FALLBACK_NOMINAL
20260925_200523_419199	1790338001.748583733	2	[side-both-failed-fallback] drone=2 generation=259 nominal_id=369 L_status=FAILED R_status=FAILED selected=NOMINAL reason=SIDE_BOTH_FAILED_FALLBACK_NOMINAL
20260925_200523_419199	1790338001.944047399	1	[side-both-failed-fallback] drone=1 generation=255 nominal_id=312 L_status=FAILED R_status=FAILED selected=NOMINAL reason=SIDE_BOTH_FAILED_FALLBACK_NOMINAL
20260925_200523_419199	1790338001.973992148	1	[side-both-failed-fallback] drone=1 generation=255 nominal_id=315 L_status=FAILED R_status=FAILED selected=NOMINAL reason=SIDE_BOTH_FAILED_FALLBACK_NOMINAL
20260925_200523_419199	1790338002.007700277	2	[side-both-failed-fallback] drone=2 generation=260 nominal_id=372 L_status=FAILED R_status=FAILED selected=NOMINAL reason=SIDE_BOTH_FAILED_FALLBACK_NOMINAL
20260925_200523_419199	1790338002.179536637	1	[side-both-failed-fallback] drone=1 generation=256 nominal_id=318 L_status=FAILED R_status=FAILED selected=NOMINAL reason=SIDE_BOTH_FAILED_FALLBACK_NOMINAL
20260925_200523_419199	1790338002.197514532	1	[side-both-failed-fallback] drone=1 generation=256 nominal_id=321 L_status=FAILED R_status=FAILED selected=NOMINAL reason=SIDE_BOTH_FAILED_FALLBACK_NOMINAL
20260925_200523_419199	1790338002.298700257	2	[side-both-failed-fallback] drone=2 generation=261 nominal_id=375 L_status=FAILED R_status=FAILED selected=NOMINAL reason=SIDE_BOTH_FAILED_FALLBACK_NOMINAL
20260925_200523_419199	1790338002.321673350	2	[side-both-failed-fallback] drone=2 generation=261 nominal_id=378 L_status=FAILED R_status=FAILED selected=NOMINAL reason=SIDE_BOTH_FAILED_FALLBACK_NOMINAL
20260925_200523_419199	1790338002.445814081	1	[side-both-failed-fallback] drone=1 generation=257 nominal_id=324 L_status=FAILED R_status=FAILED selected=NOMINAL reason=SIDE_BOTH_FAILED_FALLBACK_NOMINAL
20260925_200523_419199	1790338002.469938627	1	[side-both-failed-fallback] drone=1 generation=257 nominal_id=327 L_status=FAILED R_status=0.673155:imp=-3.36002e-05 selected=NOMINAL reason=SIDE_BOTH_FAILED_FALLBACK_NOMINAL
20260925_200523_419199	1790338002.725251405	1	[side-both-failed-fallback] drone=1 generation=258 nominal_id=330 L_status=0.681405:imp=0 R_status=FAILED selected=NOMINAL reason=SIDE_BOTH_FAILED_FALLBACK_NOMINAL
20260925_200523_419199	1790338002.750888294	1	[side-both-failed-fallback] drone=1 generation=258 nominal_id=333 L_status=0.690041:imp=0 R_status=0.690041:imp=0 selected=NOMINAL reason=SIDE_BOTH_FAILED_FALLBACK_NOMINAL
20260925_200523_419199	1790338002.783759547	1	[side-both-failed-fallback] drone=1 generation=258 nominal_id=336 L_status=0.698517:imp=0 R_status=FAILED selected=NOMINAL reason=SIDE_BOTH_FAILED_FALLBACK_NOMINAL
20260925_200523_419199	1790338002.807501116	1	[side-both-failed-fallback] drone=1 generation=258 nominal_id=339 L_status=0.711066:imp=0 R_status=0.711066:imp=0 selected=NOMINAL reason=SIDE_BOTH_FAILED_FALLBACK_NOMINAL
20260925_200523_419199	1790338002.827844173	1	[side-both-failed-fallback] drone=1 generation=258 nominal_id=342 L_status=0.721858:imp=0 R_status=0.721858:imp=0 selected=NOMINAL reason=SIDE_BOTH_FAILED_FALLBACK_NOMINAL
20260925_200523_419199	1790338002.836669640	2	[side-both-failed-fallback] drone=2 generation=263 nominal_id=384 L_status=2.07097:imp=0 R_status=2.07097:imp=0 selected=NOMINAL reason=SIDE_BOTH_FAILED_FALLBACK_NOMINAL
20260925_200523_419199	1790338002.852953069	1	[side-both-failed-fallback] drone=1 generation=258 nominal_id=345 L_status=0.731881:imp=0 R_status=0.731881:imp=0 selected=NOMINAL reason=SIDE_BOTH_FAILED_FALLBACK_NOMINAL
20260925_200523_419199	1790338002.884690318	1	[side-both-failed-fallback] drone=1 generation=258 nominal_id=348 L_status=FAILED R_status=0.745155:imp=0 selected=NOMINAL reason=SIDE_BOTH_FAILED_FALLBACK_NOMINAL
20260925_200523_419199	1790338002.999714178	1	[side-both-failed-fallback] drone=1 generation=259 nominal_id=351 L_status=FAILED R_status=FAILED selected=NOMINAL reason=SIDE_BOTH_FAILED_FALLBACK_NOMINAL
20260925_200523_419199	1790338003.308605972	1	[side-both-failed-fallback] drone=1 generation=260 nominal_id=354 L_status=0.685091:imp=-0.0333995 R_status=0.482333:imp=-0.236158 selected=NOMINAL reason=SIDE_BOTH_FAILED_FALLBACK_NOMINAL
20260925_200523_419199	1790338003.378307082	1	[side-both-failed-fallback] drone=1 generation=260 nominal_id=357 L_status=0.650606:imp=-0.101374 R_status=0.48722:imp=-0.26476 selected=NOMINAL reason=SIDE_BOTH_FAILED_FALLBACK_NOMINAL
20260925_200523_419199	1790338003.383487226	2	[side-both-failed-fallback] drone=2 generation=265 nominal_id=390 L_status=2.26744:imp=0 R_status=2.26744:imp=0 selected=NOMINAL reason=SIDE_BOTH_FAILED_FALLBACK_NOMINAL
20260925_200523_419199	1790338003.470797821	1	[side-both-failed-fallback] drone=1 generation=260 nominal_id=360 L_status=FAILED R_status=FAILED selected=NOMINAL reason=SIDE_BOTH_FAILED_FALLBACK_NOMINAL
20260925_200523_419199	1790338003.554796154	1	[side-both-failed-fallback] drone=1 generation=260 nominal_id=363 L_status=FAILED R_status=FAILED selected=NOMINAL reason=SIDE_BOTH_FAILED_FALLBACK_NOMINAL
20260925_200523_419199	1790338003.644938503	1	[side-both-failed-fallback] drone=1 generation=260 nominal_id=366 L_status=FAILED R_status=FAILED selected=NOMINAL reason=SIDE_BOTH_FAILED_FALLBACK_NOMINAL
20260925_200523_419199	1790338003.666286744	2	[side-both-failed-fallback] drone=2 generation=266 nominal_id=393 L_status=2.35463:imp=0 R_status=2.35463:imp=0 selected=NOMINAL reason=SIDE_BOTH_FAILED_FALLBACK_NOMINAL
20260925_200523_419199	1790338003.749980006	1	[side-both-failed-fallback] drone=1 generation=260 nominal_id=369 L_status=FAILED R_status=FAILED selected=NOMINAL reason=SIDE_BOTH_FAILED_FALLBACK_NOMINAL
20260925_200523_419199	1790338003.838956906	1	[side-both-failed-fallback] drone=1 generation=260 nominal_id=372 L_status=FAILED R_status=FAILED selected=NOMINAL reason=SIDE_BOTH_FAILED_FALLBACK_NOMINAL
20260925_200523_419199	1790338003.919398250	1	[side-both-failed-fallback] drone=1 generation=260 nominal_id=375 L_status=FAILED R_status=FAILED selected=NOMINAL reason=SIDE_BOTH_FAILED_FALLBACK_NOMINAL
20260925_200523_419199	1790338003.948434256	2	[side-both-failed-fallback] drone=2 generation=267 nominal_id=396 L_status=2.44345:imp=0 R_status=FAILED selected=NOMINAL reason=SIDE_BOTH_FAILED_FALLBACK_NOMINAL
20260925_200523_419199	1790338004.003596355	1	[side-both-failed-fallback] drone=1 generation=260 nominal_id=378 L_status=FAILED R_status=FAILED selected=NOMINAL reason=SIDE_BOTH_FAILED_FALLBACK_NOMINAL
20260925_200523_419199	1790338004.072522532	1	[side-both-failed-fallback] drone=1 generation=260 nominal_id=381 L_status=FAILED R_status=FAILED selected=NOMINAL reason=SIDE_BOTH_FAILED_FALLBACK_NOMINAL
20260925_200523_419199	1790338004.129156000	1	[side-both-failed-fallback] drone=1 generation=260 nominal_id=384 L_status=FAILED R_status=FAILED selected=NOMINAL reason=SIDE_BOTH_FAILED_FALLBACK_NOMINAL
20260925_200523_419199	1790338004.190356044	2	[side-both-failed-fallback] drone=2 generation=268 nominal_id=399 L_status=FAILED R_status=FAILED selected=NOMINAL reason=SIDE_BOTH_FAILED_FALLBACK_NOMINAL
20260925_200523_419199	1790338004.192190019	1	[side-both-failed-fallback] drone=1 generation=260 nominal_id=387 L_status=FAILED R_status=FAILED selected=NOMINAL reason=SIDE_BOTH_FAILED_FALLBACK_NOMINAL
20260925_200523_419199	1790338004.259011272	1	[side-both-failed-fallback] drone=1 generation=260 nominal_id=390 L_status=FAILED R_status=FAILED selected=NOMINAL reason=SIDE_BOTH_FAILED_FALLBACK_NOMINAL
20260925_200523_419199	1790338004.482955431	2	[side-both-failed-fallback] drone=2 generation=269 nominal_id=402 L_status=FAILED R_status=FAILED selected=NOMINAL reason=SIDE_BOTH_FAILED_FALLBACK_NOMINAL
20260925_200523_419199	1790338004.754892851	1	[side-both-failed-fallback] drone=1 generation=261 nominal_id=393 L_status=FAILED R_status=1.1452:imp=0.249298 selected=NOMINAL reason=SIDE_BOTH_FAILED_FALLBACK_NOMINAL
20260925_200523_419199	1790338004.766011533	2	[side-both-failed-fallback] drone=2 generation=270 nominal_id=405 L_status=2.74367:imp=0 R_status=FAILED selected=NOMINAL reason=SIDE_BOTH_FAILED_FALLBACK_NOMINAL
20260925_200523_419199	1790338004.831710088	1	[side-both-failed-fallback] drone=1 generation=261 nominal_id=396 L_status=0.679721:imp=0.223158 R_status=FAILED selected=NOMINAL reason=SIDE_BOTH_FAILED_FALLBACK_NOMINAL
20260925_200523_419199	1790338004.955184352	1	[side-both-failed-fallback] drone=1 generation=262 nominal_id=399 L_status=FAILED R_status=FAILED selected=NOMINAL reason=SIDE_BOTH_FAILED_FALLBACK_NOMINAL
20260925_200523_419199	1790338004.970260813	1	[side-both-failed-fallback] drone=1 generation=262 nominal_id=402 L_status=FAILED R_status=FAILED selected=NOMINAL reason=SIDE_BOTH_FAILED_FALLBACK_NOMINAL
20260925_200523_419199	1790338004.984771395	1	[side-both-failed-fallback] drone=1 generation=262 nominal_id=405 L_status=FAILED R_status=FAILED selected=NOMINAL reason=SIDE_BOTH_FAILED_FALLBACK_NOMINAL
20260925_200523_419199	1790338004.999315184	1	[side-both-failed-fallback] drone=1 generation=262 nominal_id=408 L_status=FAILED R_status=FAILED selected=NOMINAL reason=SIDE_BOTH_FAILED_FALLBACK_NOMINAL
20260925_200523_419199	1790338005.010954696	1	[side-both-failed-fallback] drone=1 generation=262 nominal_id=411 L_status=FAILED R_status=FAILED selected=NOMINAL reason=SIDE_BOTH_FAILED_FALLBACK_NOMINAL
20260925_200523_419199	1790338005.020821691	1	[side-both-failed-fallback] drone=1 generation=262 nominal_id=414 L_status=FAILED R_status=FAILED selected=NOMINAL reason=SIDE_BOTH_FAILED_FALLBACK_NOMINAL
20260925_200523_419199	1790338005.033205486	1	[side-both-failed-fallback] drone=1 generation=262 nominal_id=417 L_status=FAILED R_status=FAILED selected=NOMINAL reason=SIDE_BOTH_FAILED_FALLBACK_NOMINAL
20260925_200523_419199	1790338005.043137574	1	[side-both-failed-fallback] drone=1 generation=262 nominal_id=420 L_status=FAILED R_status=FAILED selected=NOMINAL reason=SIDE_BOTH_FAILED_FALLBACK_NOMINAL
20260925_200523_419199	1790338005.053848502	1	[side-both-failed-fallback] drone=1 generation=262 nominal_id=423 L_status=FAILED R_status=FAILED selected=NOMINAL reason=SIDE_BOTH_FAILED_FALLBACK_NOMINAL
20260925_200523_419199	1790338005.205912189	1	[side-both-failed-fallback] drone=1 generation=263 nominal_id=426 L_status=FAILED R_status=FAILED selected=NOMINAL reason=SIDE_BOTH_FAILED_FALLBACK_NOMINAL
20260925_200523_419199	1790338005.223490724	1	[side-both-failed-fallback] drone=1 generation=263 nominal_id=429 L_status=FAILED R_status=FAILED selected=NOMINAL reason=SIDE_BOTH_FAILED_FALLBACK_NOMINAL
20260925_200523_419199	1790338005.345077114	1	[side-both-failed-fallback] drone=1 generation=264 nominal_id=432 L_status=FAILED R_status=FAILED selected=NOMINAL reason=SIDE_BOTH_FAILED_FALLBACK_NOMINAL
20260925_200523_419199	1790338005.367050582	1	[side-both-failed-fallback] drone=1 generation=264 nominal_id=435 L_status=FAILED R_status=1.06824:imp=-0.151435 selected=NOMINAL reason=SIDE_BOTH_FAILED_FALLBACK_NOMINAL
20260925_200523_419199	1790338005.605109101	1	[side-both-failed-fallback] drone=1 generation=265 nominal_id=438 L_status=FAILED R_status=1.08334:imp=0.0707319 selected=NOMINAL reason=SIDE_BOTH_FAILED_FALLBACK_NOMINAL
20260925_200523_419199	1790338015.322959504	1	[side-both-failed-fallback] drone=1 generation=291 nominal_id=483 L_status=3.54557:imp=0 R_status=3.54557:imp=0 selected=NOMINAL reason=SIDE_BOTH_FAILED_FALLBACK_NOMINAL
20260925_200523_419199	1790338016.374379186	2	[side-both-failed-fallback] drone=2 generation=301 nominal_id=479 L_status=6.57718:imp=0 R_status=6.57718:imp=0 selected=NOMINAL reason=SIDE_BOTH_FAILED_FALLBACK_NOMINAL
20260925_200523_419199	1790338016.545842741	0	[side-both-failed-fallback] drone=0 generation=277 nominal_id=1066 L_status=7.3375:imp=0 R_status=7.3375:imp=0 selected=NOMINAL reason=SIDE_BOTH_FAILED_FALLBACK_NOMINAL
20260925_200523_419199	1790338018.786633001	1	[side-both-failed-fallback] drone=1 generation=295 nominal_id=513 L_status=5.1249:imp=0.000706908 R_status=5.1249:imp=0.000706908 selected=NOMINAL reason=SIDE_BOTH_FAILED_FALLBACK_NOMINAL
20260925_200523_419199	1790338019.261424633	1	[side-both-failed-fallback] drone=1 generation=296 nominal_id=544 L_status=5.12513:imp=2.72577e-05 R_status=5.12513:imp=2.72577e-05 selected=NOMINAL reason=SIDE_BOTH_FAILED_FALLBACK_NOMINAL
20260925_200523_419199	1790338019.710606578	2	[side-both-failed-fallback] drone=2 generation=304 nominal_id=510 L_status=6.99253:imp=0.00149085 R_status=6.9929:imp=0.00186679 selected=NOMINAL reason=SIDE_BOTH_FAILED_FALLBACK_NOMINAL
20260925_200523_419199	1790338019.901254665	0	[side-both-failed-fallback] drone=0 generation=280 nominal_id=1097 L_status=7.77091:imp=0.00200882 R_status=7.77091:imp=0.00200882 selected=NOMINAL reason=SIDE_BOTH_FAILED_FALLBACK_NOMINAL
20260925_200523_419199	1790338022.165605908	1	[side-both-failed-fallback] drone=1 generation=298 nominal_id=552 L_status=3.35535:imp=0.00425437 R_status=3.35614:imp=0.00505096 selected=NOMINAL reason=SIDE_BOTH_FAILED_FALLBACK_NOMINAL
20260925_200523_419199	1790338023.006835423	2	[side-both-failed-fallback] drone=2 generation=307 nominal_id=539 L_status=5.44321:imp=0.00339974 R_status=5.44274:imp=0.00293417 selected=NOMINAL reason=SIDE_BOTH_FAILED_FALLBACK_NOMINAL
20260925_200523_419199	1790338023.204213435	0	[side-both-failed-fallback] drone=0 generation=283 nominal_id=1125 L_status=5.42414:imp=0.00825474 R_status=5.42414:imp=0.00825474 selected=NOMINAL reason=SIDE_BOTH_FAILED_FALLBACK_NOMINAL
20260925_200523_419199	1790338023.434062250	2	[side-both-failed-fallback] drone=2 generation=308 nominal_id=562 L_status=5.43692:imp=0.000176786 R_status=5.43686:imp=0.000115051 selected=NOMINAL reason=SIDE_BOTH_FAILED_FALLBACK_NOMINAL
20260925_200523_419199	1790338025.516996228	1	[side-both-failed-fallback] drone=1 generation=301 nominal_id=582 L_status=1.86132:imp=0 R_status=1.86132:imp=0 selected=NOMINAL reason=SIDE_BOTH_FAILED_FALLBACK_NOMINAL
20260925_200523_419199	1790338028.828025218	1	[side-both-failed-fallback] drone=1 generation=304 nominal_id=614 L_status=2.04865:imp=0.000797034 R_status=2.04853:imp=0.000670024 selected=NOMINAL reason=SIDE_BOTH_FAILED_FALLBACK_NOMINAL
20260925_200523_419199	1790338029.255785691	1	[side-both-failed-fallback] drone=1 generation=305 nominal_id=641 L_status=2.0478:imp=3.92751e-05 R_status=2.04778:imp=2.43853e-05 selected=NOMINAL reason=SIDE_BOTH_FAILED_FALLBACK_NOMINAL
20260925_200523_419199	1790338036.140239470	2	[side-both-failed-fallback] drone=2 generation=317 nominal_id=688 L_status=6.86574:imp=0 R_status=6.86574:imp=0 selected=NOMINAL reason=SIDE_BOTH_FAILED_FALLBACK_NOMINAL
20260925_200523_419199	1790338039.532153780	0	[side-both-failed-fallback] drone=0 generation=295 nominal_id=1300 L_status=7.69275:imp=0.01546 R_status=7.69275:imp=0.0154602 selected=NOMINAL reason=SIDE_BOTH_FAILED_FALLBACK_NOMINAL
20260925_200523_419199	1790338045.644906036	0	[side-both-failed-fallback] drone=0 generation=299 nominal_id=1358 L_status=3.57421:imp=0.000153902 R_status=3.57423:imp=0.000173425 selected=NOMINAL reason=SIDE_BOTH_FAILED_FALLBACK_NOMINAL
20260925_200523_419199	1790338051.266885782	1	[side-both-failed-fallback] drone=1 generation=320 nominal_id=858 L_status=2.18425:imp=0 R_status=2.18425:imp=0 selected=NOMINAL reason=SIDE_BOTH_FAILED_FALLBACK_NOMINAL
20260925_200523_419199	1790338051.758326605	0	[side-both-failed-fallback] drone=0 generation=303 nominal_id=1421 L_status=5.20383:imp=0 R_status=5.20383:imp=0 selected=NOMINAL reason=SIDE_BOTH_FAILED_FALLBACK_NOMINAL
20260925_200523_419199	1790337936.830294738	0	[side-both-failed-fallback] drone=0 generation=24 nominal_id=26 L_status=6.07144:imp=0 R_status=6.07144:imp=0 selected=NOMINAL reason=SIDE_BOTH_FAILED_FALLBACK_NOMINAL
20260925_200523_419199	1790337936.871013348	1	[side-both-failed-fallback] drone=1 generation=25 nominal_id=27 L_status=6.20508:imp=-0.00164133 R_status=6.21112:imp=0.00439341 selected=NOMINAL reason=SIDE_BOTH_FAILED_FALLBACK_NOMINAL
20260925_200523_419199	1790337937.116602601	0	[side-both-failed-fallback] drone=0 generation=25 nominal_id=29 L_status=6.25215:imp=0 R_status=6.25215:imp=0 selected=NOMINAL reason=SIDE_BOTH_FAILED_FALLBACK_NOMINAL
20260925_200523_419199	1790337937.172300623	1	[side-both-failed-fallback] drone=1 generation=26 nominal_id=30 L_status=6.21185:imp=0 R_status=6.21185:imp=0 selected=NOMINAL reason=SIDE_BOTH_FAILED_FALLBACK_NOMINAL
20260925_200523_419199	1790337937.412525164	1	[side-both-failed-fallback] drone=1 generation=27 nominal_id=33 L_status=5.60365:imp=-0.627621 R_status=FAILED selected=NOMINAL reason=SIDE_BOTH_FAILED_FALLBACK_NOMINAL
20260925_200523_419199	1790337937.412667429	2	[side-both-failed-fallback] drone=2 generation=26 nominal_id=27 L_status=3.75037:imp=0 R_status=3.75037:imp=0 selected=NOMINAL reason=SIDE_BOTH_FAILED_FALLBACK_NOMINAL
20260925_200523_419199	1790337937.426392357	0	[side-both-failed-fallback] drone=0 generation=26 nominal_id=32 L_status=6.48986:imp=0 R_status=6.48986:imp=0 selected=NOMINAL reason=SIDE_BOTH_FAILED_FALLBACK_NOMINAL
20260925_200523_419199	1790337937.681337594	0	[side-both-failed-fallback] drone=0 generation=27 nominal_id=35 L_status=6.73465:imp=0 R_status=6.73465:imp=0 selected=NOMINAL reason=SIDE_BOTH_FAILED_FALLBACK_NOMINAL
20260925_200523_419199	1790337937.992363732	0	[side-both-failed-fallback] drone=0 generation=28 nominal_id=38 L_status=6.58049:imp=0.00932505 R_status=5.95673:imp=-0.614438 selected=NOMINAL reason=SIDE_BOTH_FAILED_FALLBACK_NOMINAL
20260925_200523_419199	1790337938.550652732	0	[side-both-failed-fallback] drone=0 generation=30 nominal_id=44 L_status=FAILED R_status=FAILED selected=NOMINAL reason=SIDE_BOTH_FAILED_FALLBACK_NOMINAL
20260925_200523_419199	1790337938.807878124	0	[side-both-failed-fallback] drone=0 generation=31 nominal_id=47 L_status=FAILED R_status=FAILED selected=NOMINAL reason=SIDE_BOTH_FAILED_FALLBACK_NOMINAL
20260925_200523_419199	1790337939.089468785	0	[side-both-failed-fallback] drone=0 generation=32 nominal_id=50 L_status=FAILED R_status=5.56633:imp=0.00778617 selected=NOMINAL reason=SIDE_BOTH_FAILED_FALLBACK_NOMINAL
20260925_200523_419199	1790337939.664523843	0	[side-both-failed-fallback] drone=0 generation=33 nominal_id=53 L_status=5.80253:imp=0.436122 R_status=5.03536:imp=-0.33105 selected=NOMINAL reason=SIDE_BOTH_FAILED_FALLBACK_NOMINAL
20260925_200523_419199	1790337939.781777698	0	[side-both-failed-fallback] drone=0 generation=34 nominal_id=56 L_status=5.41482:imp=0.35835 R_status=FAILED selected=NOMINAL reason=SIDE_BOTH_FAILED_FALLBACK_NOMINAL
20260925_200523_419199	1790337939.886666696	0	[side-both-failed-fallback] drone=0 generation=34 nominal_id=59 L_status=5.35381:imp=0.358134 R_status=4.59848:imp=-0.397205 selected=NOMINAL reason=SIDE_BOTH_FAILED_FALLBACK_NOMINAL
20260925_200523_419199	1790337940.043089936	0	[side-both-failed-fallback] drone=0 generation=35 nominal_id=62 L_status=5.02693:imp=0.334265 R_status=4.24907:imp=-0.443588 selected=NOMINAL reason=SIDE_BOTH_FAILED_FALLBACK_NOMINAL
20260925_200523_419199	1790337940.073642150	0	[side-both-failed-fallback] drone=0 generation=35 nominal_id=65 L_status=4.90621:imp=0.227597 R_status=4.42319:imp=-0.255427 selected=NOMINAL reason=SIDE_BOTH_FAILED_FALLBACK_NOMINAL
20260925_200523_419199	1790337940.256509175	0	[side-both-failed-fallback] drone=0 generation=36 nominal_id=68 L_status=4.84235:imp=0.0460561 R_status=4.10269:imp=-0.693603 selected=NOMINAL reason=SIDE_BOTH_FAILED_FALLBACK_NOMINAL
20260925_200523_419199	1790337940.445007046	2	[side-both-failed-fallback] drone=2 generation=37 nominal_id=40 L_status=3.03461:imp=0.0230916 R_status=2.98557:imp=-0.0259534 selected=NOMINAL reason=SIDE_BOTH_FAILED_FALLBACK_NOMINAL
20260925_200523_419199	1790337940.608004502	0	[side-both-failed-fallback] drone=0 generation=37 nominal_id=71 L_status=4.77787:imp=0.0707699 R_status=4.2759:imp=-0.431196 selected=NOMINAL reason=SIDE_BOTH_FAILED_FALLBACK_NOMINAL
20260925_200523_419199	1790337940.941886099	0	[side-both-failed-fallback] drone=0 generation=38 nominal_id=74 L_status=4.53685:imp=-0.192747 R_status=3.80755:imp=-0.922044 selected=NOMINAL reason=SIDE_BOTH_FAILED_FALLBACK_NOMINAL
20260925_200523_419199	1790337941.161343929	0	[side-both-failed-fallback] drone=0 generation=39 nominal_id=77 L_status=4.68153:imp=0.615195 R_status=FAILED selected=NOMINAL reason=SIDE_BOTH_FAILED_FALLBACK_NOMINAL
20260925_200523_419199	1790337941.333877942	0	[side-both-failed-fallback] drone=0 generation=40 nominal_id=80 L_status=FAILED R_status=FAILED selected=NOMINAL reason=SIDE_BOTH_FAILED_FALLBACK_NOMINAL
20260925_200523_419199	1790337941.632278017	0	[side-both-failed-fallback] drone=0 generation=41 nominal_id=83 L_status=FAILED R_status=FAILED selected=NOMINAL reason=SIDE_BOTH_FAILED_FALLBACK_NOMINAL
20260925_200523_419199	1790337941.903311356	0	[side-both-failed-fallback] drone=0 generation=42 nominal_id=86 L_status=FAILED R_status=FAILED selected=NOMINAL reason=SIDE_BOTH_FAILED_FALLBACK_NOMINAL
20260925_200523_419199	1790337942.196126936	0	[side-both-failed-fallback] drone=0 generation=43 nominal_id=89 L_status=FAILED R_status=FAILED selected=NOMINAL reason=SIDE_BOTH_FAILED_FALLBACK_NOMINAL
20260925_200523_419199	1790337953.449804256	0	[side-both-failed-fallback] drone=0 generation=83 nominal_id=131 L_status=4.99549:imp=0 R_status=FAILED selected=NOMINAL reason=SIDE_BOTH_FAILED_FALLBACK_NOMINAL
20260925_200523_419199	1790337953.795407931	0	[side-both-failed-fallback] drone=0 generation=84 nominal_id=134 L_status=5.14522:imp=0 R_status=FAILED selected=NOMINAL reason=SIDE_BOTH_FAILED_FALLBACK_NOMINAL
20260925_200523_419199	1790337954.169738622	0	[side-both-failed-fallback] drone=0 generation=85 nominal_id=137 L_status=5.29727:imp=0 R_status=5.29727:imp=0 selected=NOMINAL reason=SIDE_BOTH_FAILED_FALLBACK_NOMINAL
20260925_200523_419199	1790337954.281979534	0	[side-both-failed-fallback] drone=0 generation=86 nominal_id=140 L_status=5.47175:imp=0 R_status=5.47175:imp=0 selected=NOMINAL reason=SIDE_BOTH_FAILED_FALLBACK_NOMINAL
20260925_200523_419199	1790337954.305857251	0	[side-both-failed-fallback] drone=0 generation=86 nominal_id=143 L_status=5.4819:imp=0 R_status=5.4819:imp=0 selected=NOMINAL reason=SIDE_BOTH_FAILED_FALLBACK_NOMINAL
20260925_200523_419199	1790337954.476088250	0	[side-both-failed-fallback] drone=0 generation=87 nominal_id=146 L_status=5.56181:imp=0 R_status=5.56181:imp=0 selected=NOMINAL reason=SIDE_BOTH_FAILED_FALLBACK_NOMINAL
20260925_200523_419199	1790337954.770812626	0	[side-both-failed-fallback] drone=0 generation=88 nominal_id=149 L_status=5.24215:imp=0.195592 R_status=5.27822:imp=0.231659 selected=NOMINAL reason=SIDE_BOTH_FAILED_FALLBACK_NOMINAL
20260925_200523_419199	1790337955.033739847	0	[side-both-failed-fallback] drone=0 generation=89 nominal_id=152 L_status=4.94243:imp=0.076523 R_status=4.99502:imp=0.129115 selected=NOMINAL reason=SIDE_BOTH_FAILED_FALLBACK_NOMINAL
20260925_200523_419199	1790337955.313321388	0	[side-both-failed-fallback] drone=0 generation=90 nominal_id=155 L_status=4.63334:imp=0.0980586 R_status=4.60132:imp=0.066039 selected=NOMINAL reason=SIDE_BOTH_FAILED_FALLBACK_NOMINAL
20260925_200523_419199	1790337955.593033422	0	[side-both-failed-fallback] drone=0 generation=91 nominal_id=158 L_status=FAILED R_status=FAILED selected=NOMINAL reason=SIDE_BOTH_FAILED_FALLBACK_NOMINAL
20260925_200523_419199	1790337955.877513783	0	[side-both-failed-fallback] drone=0 generation=92 nominal_id=161 L_status=FAILED R_status=FAILED selected=NOMINAL reason=SIDE_BOTH_FAILED_FALLBACK_NOMINAL
20260925_200523_419199	1790337956.011132373	0	[side-both-failed-fallback] drone=0 generation=93 nominal_id=164 L_status=FAILED R_status=FAILED selected=NOMINAL reason=SIDE_BOTH_FAILED_FALLBACK_NOMINAL
20260925_200523_419199	1790337956.127400160	0	[side-both-failed-fallback] drone=0 generation=94 nominal_id=167 L_status=FAILED R_status=FAILED selected=NOMINAL reason=SIDE_BOTH_FAILED_FALLBACK_NOMINAL
20260925_200523_419199	1790337956.146668504	0	[side-both-failed-fallback] drone=0 generation=94 nominal_id=170 L_status=FAILED R_status=FAILED selected=NOMINAL reason=SIDE_BOTH_FAILED_FALLBACK_NOMINAL
20260925_200523_419199	1790337956.421260401	0	[side-both-failed-fallback] drone=0 generation=95 nominal_id=173 L_status=FAILED R_status=FAILED selected=NOMINAL reason=SIDE_BOTH_FAILED_FALLBACK_NOMINAL
20260925_200523_419199	1790337958.756190262	0	[side-both-failed-fallback] drone=0 generation=104 nominal_id=191 L_status=FAILED R_status=1.56603:imp=0.00193083 selected=NOMINAL reason=SIDE_BOTH_FAILED_FALLBACK_NOMINAL
20260925_200523_419199	1790337958.779912091	0	[side-both-failed-fallback] drone=0 generation=104 nominal_id=194 L_status=FAILED R_status=1.54737:imp=0.00184259 selected=NOMINAL reason=SIDE_BOTH_FAILED_FALLBACK_NOMINAL
20260925_200523_419199	1790337958.946513261	0	[side-both-failed-fallback] drone=0 generation=104 nominal_id=207 L_status=FAILED R_status=1.40946:imp=-0.00379283 selected=NOMINAL reason=SIDE_BOTH_FAILED_FALLBACK_NOMINAL
20260925_200523_419199	1790337959.144760257	0	[side-both-failed-fallback] drone=0 generation=104 nominal_id=223 L_status=1.24972:imp=0.000831938 R_status=1.25214:imp=0.00326028 selected=NOMINAL reason=SIDE_BOTH_FAILED_FALLBACK_NOMINAL
20260925_200523_419199	1790337959.164074021	0	[side-both-failed-fallback] drone=0 generation=104 nominal_id=226 L_status=1.2335:imp=0.00111319 R_status=1.23569:imp=0.0033075 selected=NOMINAL reason=SIDE_BOTH_FAILED_FALLBACK_NOMINAL
20260925_200523_419199	1790337959.262479625	0	[side-both-failed-fallback] drone=0 generation=104 nominal_id=234 L_status=1.229:imp=-0.0164626 R_status=1.26636:imp=0.0208984 selected=NOMINAL reason=SIDE_BOTH_FAILED_FALLBACK_NOMINAL
20260925_200523_419199	1790337959.286511677	0	[side-both-failed-fallback] drone=0 generation=104 nominal_id=237 L_status=1.20344:imp=-0.00936727 R_status=1.22363:imp=0.0108207 selected=NOMINAL reason=SIDE_BOTH_FAILED_FALLBACK_NOMINAL
20260925_200523_419199	1790337959.315437185	0	[side-both-failed-fallback] drone=0 generation=104 nominal_id=240 L_status=1.17421:imp=-0.00877391 R_status=1.1934:imp=0.0104152 selected=NOMINAL reason=SIDE_BOTH_FAILED_FALLBACK_NOMINAL
20260925_200523_419199	1790337959.341729644	0	[side-both-failed-fallback] drone=0 generation=104 nominal_id=243 L_status=1.14718:imp=-0.00813128 R_status=1.1658:imp=0.0104822 selected=NOMINAL reason=SIDE_BOTH_FAILED_FALLBACK_NOMINAL
20260925_200523_419199	1790337959.376779678	0	[side-both-failed-fallback] drone=0 generation=104 nominal_id=246 L_status=1.12213:imp=-0.00772533 R_status=1.13963:imp=0.00977133 selected=NOMINAL reason=SIDE_BOTH_FAILED_FALLBACK_NOMINAL
20260925_200523_419199	1790337959.415315939	0	[side-both-failed-fallback] drone=0 generation=104 nominal_id=249 L_status=1.09275:imp=-0.00689953 R_status=1.10928:imp=0.00963293 selected=NOMINAL reason=SIDE_BOTH_FAILED_FALLBACK_NOMINAL
20260925_200523_419199	1790337959.450814811	0	[side-both-failed-fallback] drone=0 generation=104 nominal_id=252 L_status=1.05737:imp=-0.00579201 R_status=1.07233:imp=0.00916638 selected=NOMINAL reason=SIDE_BOTH_FAILED_FALLBACK_NOMINAL
20260925_200523_419199	1790337959.502003665	0	[side-both-failed-fallback] drone=0 generation=104 nominal_id=255 L_status=1.09578:imp=-0.0169481 R_status=1.13675:imp=0.0240249 selected=NOMINAL reason=SIDE_BOTH_FAILED_FALLBACK_NOMINAL
20260925_200523_419199	1790337959.546075532	0	[side-both-failed-fallback] drone=0 generation=104 nominal_id=258 L_status=1.04731:imp=-0.0127058 R_status=1.08385:imp=0.0238312 selected=NOMINAL reason=SIDE_BOTH_FAILED_FALLBACK_NOMINAL
20260925_200523_419199	1790337959.580735710	0	[side-both-failed-fallback] drone=0 generation=104 nominal_id=261 L_status=1.02478:imp=-0.00708859 R_status=1.04293:imp=0.0110627 selected=NOMINAL reason=SIDE_BOTH_FAILED_FALLBACK_NOMINAL
20260925_200523_419199	1790337959.607634530	0	[side-both-failed-fallback] drone=0 generation=104 nominal_id=264 L_status=1.00748:imp=-0.00625229 R_status=1.02441:imp=0.0106866 selected=NOMINAL reason=SIDE_BOTH_FAILED_FALLBACK_NOMINAL
20260925_200523_419199	1790337959.647207447	0	[side-both-failed-fallback] drone=0 generation=104 nominal_id=267 L_status=FAILED R_status=1.00081:imp=0.0103727 selected=NOMINAL reason=SIDE_BOTH_FAILED_FALLBACK_NOMINAL
20260925_200523_419199	1790337959.683052036	0	[side-both-failed-fallback] drone=0 generation=104 nominal_id=270 L_status=0.963516:imp=-0.00436524 R_status=0.977463:imp=0.00958232 selected=NOMINAL reason=SIDE_BOTH_FAILED_FALLBACK_NOMINAL
20260925_200523_419199	1790337959.720327841	0	[side-both-failed-fallback] drone=0 generation=104 nominal_id=273 L_status=FAILED R_status=0.961483:imp=0.0160483 selected=NOMINAL reason=SIDE_BOTH_FAILED_FALLBACK_NOMINAL
20260925_200523_419199	1790337959.813210581	0	[side-both-failed-fallback] drone=0 generation=104 nominal_id=279 L_status=0.910928:imp=0.0345488 R_status=0.928807:imp=0.0524274 selected=NOMINAL reason=SIDE_BOTH_FAILED_FALLBACK_NOMINAL
20260925_200523_419199	1790337959.847047818	0	[side-both-failed-fallback] drone=0 generation=104 nominal_id=282 L_status=FAILED R_status=0.913822:imp=0.00826679 selected=NOMINAL reason=SIDE_BOTH_FAILED_FALLBACK_NOMINAL
20260925_200523_419199	1790337959.875858045	0	[side-both-failed-fallback] drone=0 generation=104 nominal_id=285 L_status=FAILED R_status=0.90336:imp=0.00776952 selected=NOMINAL reason=SIDE_BOTH_FAILED_FALLBACK_NOMINAL
20260925_200523_419199	1790337959.933808470	0	[side-both-failed-fallback] drone=0 generation=104 nominal_id=291 L_status=0.888422:imp=0.00020514 R_status=0.894501:imp=0.00628462 selected=NOMINAL reason=SIDE_BOTH_FAILED_FALLBACK_NOMINAL
20260925_200523_419199	1790337960.011579954	0	[side-both-failed-fallback] drone=0 generation=104 nominal_id=297 L_status=FAILED R_status=0.905525:imp=0.00502791 selected=NOMINAL reason=SIDE_BOTH_FAILED_FALLBACK_NOMINAL
20260925_200523_419199	1790337960.074939053	0	[side-both-failed-fallback] drone=0 generation=104 nominal_id=303 L_status=FAILED R_status=0.902439:imp=0.0286084 selected=NOMINAL reason=SIDE_BOTH_FAILED_FALLBACK_NOMINAL
20260925_200523_419199	1790337960.098012493	0	[side-both-failed-fallback] drone=0 generation=104 nominal_id=306 L_status=0.897655:imp=-0.000404032 R_status=0.903769:imp=0.00570961 selected=NOMINAL reason=SIDE_BOTH_FAILED_FALLBACK_NOMINAL
20260925_200523_419199	1790337960.125091191	0	[side-both-failed-fallback] drone=0 generation=104 nominal_id=309 L_status=FAILED R_status=0.904487:imp=0.00520334 selected=NOMINAL reason=SIDE_BOTH_FAILED_FALLBACK_NOMINAL
20260925_200523_419199	1790337960.192029503	0	[side-both-failed-fallback] drone=0 generation=104 nominal_id=312 L_status=0.906844:imp=-0.000426388 R_status=0.91261:imp=0.00533982 selected=NOMINAL reason=SIDE_BOTH_FAILED_FALLBACK_NOMINAL
20260925_200523_419199	1790337960.259244015	0	[side-both-failed-fallback] drone=0 generation=104 nominal_id=315 L_status=FAILED R_status=FAILED selected=NOMINAL reason=SIDE_BOTH_FAILED_FALLBACK_NOMINAL
20260925_200523_419199	1790337960.291476649	0	[side-both-failed-fallback] drone=0 generation=104 nominal_id=318 L_status=0.900009:imp=0.00158778 R_status=0.902716:imp=0.00429467 selected=NOMINAL reason=SIDE_BOTH_FAILED_FALLBACK_NOMINAL
20260925_200523_419199	1790337960.334575319	0	[side-both-failed-fallback] drone=0 generation=104 nominal_id=321 L_status=0.886537:imp=0.029982 R_status=0.892589:imp=0.0360339 selected=NOMINAL reason=SIDE_BOTH_FAILED_FALLBACK_NOMINAL
20260925_200523_419199	1790337960.382687851	0	[side-both-failed-fallback] drone=0 generation=104 nominal_id=324 L_status=FAILED R_status=0.896589:imp=0.0207634 selected=NOMINAL reason=SIDE_BOTH_FAILED_FALLBACK_NOMINAL
20260925_200523_419199	1790337960.411874473	0	[side-both-failed-fallback] drone=0 generation=104 nominal_id=327 L_status=0.897547:imp=-8.41471e-05 R_status=0.90227:imp=0.00463798 selected=NOMINAL reason=SIDE_BOTH_FAILED_FALLBACK_NOMINAL
20260925_200523_419199	1790337960.454378000	0	[side-both-failed-fallback] drone=0 generation=104 nominal_id=330 L_status=FAILED R_status=FAILED selected=NOMINAL reason=SIDE_BOTH_FAILED_FALLBACK_NOMINAL
20260925_200523_419199	1790337960.492637152	0	[side-both-failed-fallback] drone=0 generation=104 nominal_id=333 L_status=FAILED R_status=0.902743:imp=0.00426672 selected=NOMINAL reason=SIDE_BOTH_FAILED_FALLBACK_NOMINAL
20260925_200523_419199	1790337960.530952587	0	[side-both-failed-fallback] drone=0 generation=104 nominal_id=336 L_status=FAILED R_status=FAILED selected=NOMINAL reason=SIDE_BOTH_FAILED_FALLBACK_NOMINAL
20260925_200523_419199	1790337960.562898756	0	[side-both-failed-fallback] drone=0 generation=104 nominal_id=339 L_status=FAILED R_status=0.901086:imp=0.00385173 selected=NOMINAL reason=SIDE_BOTH_FAILED_FALLBACK_NOMINAL
20260925_200523_419199	1790337960.603068254	0	[side-both-failed-fallback] drone=0 generation=104 nominal_id=342 L_status=FAILED R_status=0.890006:imp=0.00415369 selected=NOMINAL reason=SIDE_BOTH_FAILED_FALLBACK_NOMINAL
20260925_200523_419199	1790337960.623098741	2	[side-both-failed-fallback] drone=2 generation=109 nominal_id=114 L_status=2.83968:imp=-0.0462046 R_status=2.91664:imp=0.0307507 selected=NOMINAL reason=SIDE_BOTH_FAILED_FALLBACK_NOMINAL
20260925_200523_419199	1790337960.678504067	0	[side-both-failed-fallback] drone=0 generation=104 nominal_id=348 L_status=FAILED R_status=0.86927:imp=0.00447794 selected=NOMINAL reason=SIDE_BOTH_FAILED_FALLBACK_NOMINAL
20260925_200523_419199	1790337960.718775350	0	[side-both-failed-fallback] drone=0 generation=104 nominal_id=351 L_status=FAILED R_status=FAILED selected=NOMINAL reason=SIDE_BOTH_FAILED_FALLBACK_NOMINAL
20260925_200523_419199	1790337960.754355276	0	[side-both-failed-fallback] drone=0 generation=104 nominal_id=354 L_status=FAILED R_status=FAILED selected=NOMINAL reason=SIDE_BOTH_FAILED_FALLBACK_NOMINAL
20260925_200523_419199	1790337960.793200897	0	[side-both-failed-fallback] drone=0 generation=104 nominal_id=357 L_status=FAILED R_status=FAILED selected=NOMINAL reason=SIDE_BOTH_FAILED_FALLBACK_NOMINAL
20260925_200523_419199	1790337960.833750028	0	[side-both-failed-fallback] drone=0 generation=104 nominal_id=360 L_status=0.853183:imp=-0.000779033 R_status=FAILED selected=NOMINAL reason=SIDE_BOTH_FAILED_FALLBACK_NOMINAL
20260925_200523_419199	1790337960.877131035	0	[side-both-failed-fallback] drone=0 generation=104 nominal_id=363 L_status=FAILED R_status=0.851491:imp=0.0028878 selected=NOMINAL reason=SIDE_BOTH_FAILED_FALLBACK_NOMINAL
20260925_200523_419199	1790337960.920699785	0	[side-both-failed-fallback] drone=0 generation=104 nominal_id=366 L_status=FAILED R_status=FAILED selected=NOMINAL reason=SIDE_BOTH_FAILED_FALLBACK_NOMINAL
20260925_200523_419199	1790337960.963564948	0	[side-both-failed-fallback] drone=0 generation=104 nominal_id=369 L_status=FAILED R_status=0.829065:imp=0.00260401 selected=NOMINAL reason=SIDE_BOTH_FAILED_FALLBACK_NOMINAL
20260925_200523_419199	1790337961.020666037	0	[side-both-failed-fallback] drone=0 generation=104 nominal_id=372 L_status=FAILED R_status=FAILED selected=NOMINAL reason=SIDE_BOTH_FAILED_FALLBACK_NOMINAL
20260925_200523_419199	1790337961.053829133	0	[side-both-failed-fallback] drone=0 generation=104 nominal_id=375 L_status=FAILED R_status=0.816628:imp=0.00156764 selected=NOMINAL reason=SIDE_BOTH_FAILED_FALLBACK_NOMINAL
20260925_200523_419199	1790337961.086050500	0	[side-both-failed-fallback] drone=0 generation=104 nominal_id=378 L_status=FAILED R_status=0.813139:imp=0.00157332 selected=NOMINAL reason=SIDE_BOTH_FAILED_FALLBACK_NOMINAL
20260925_200523_419199	1790337961.135163129	0	[side-both-failed-fallback] drone=0 generation=104 nominal_id=381 L_status=FAILED R_status=0.809694:imp=0.00131744 selected=NOMINAL reason=SIDE_BOTH_FAILED_FALLBACK_NOMINAL
20260925_200523_419199	1790337961.188548219	0	[side-both-failed-fallback] drone=0 generation=104 nominal_id=384 L_status=0.794335:imp=-0.00109385 R_status=0.796731:imp=0.00130229 selected=NOMINAL reason=SIDE_BOTH_FAILED_FALLBACK_NOMINAL
20260925_200523_419199	1790337961.260269272	0	[side-both-failed-fallback] drone=0 generation=104 nominal_id=387 L_status=0.788874:imp=-0.00186911 R_status=FAILED selected=NOMINAL reason=SIDE_BOTH_FAILED_FALLBACK_NOMINAL
20260925_200523_419199	1790337961.331606954	0	[side-both-failed-fallback] drone=0 generation=104 nominal_id=390 L_status=0.788612:imp=-0.000801093 R_status=FAILED selected=NOMINAL reason=SIDE_BOTH_FAILED_FALLBACK_NOMINAL
20260925_200523_419199	1790337961.365644323	0	[side-both-failed-fallback] drone=0 generation=104 nominal_id=393 L_status=FAILED R_status=FAILED selected=NOMINAL reason=SIDE_BOTH_FAILED_FALLBACK_NOMINAL
20260925_200523_419199	1790337961.452888853	0	[side-both-failed-fallback] drone=0 generation=104 nominal_id=396 L_status=FAILED R_status=FAILED selected=NOMINAL reason=SIDE_BOTH_FAILED_FALLBACK_NOMINAL
20260925_200523_419199	1790337961.583270119	0	[side-both-failed-fallback] drone=0 generation=104 nominal_id=399 L_status=FAILED R_status=FAILED selected=NOMINAL reason=SIDE_BOTH_FAILED_FALLBACK_NOMINAL
20260925_200523_419199	1790337961.661230145	0	[side-both-failed-fallback] drone=0 generation=104 nominal_id=402 L_status=FAILED R_status=FAILED selected=NOMINAL reason=SIDE_BOTH_FAILED_FALLBACK_NOMINAL
20260925_200523_419199	1790337961.702060965	0	[side-both-failed-fallback] drone=0 generation=104 nominal_id=405 L_status=0.30392:imp=-0.0723099 R_status=FAILED selected=NOMINAL reason=SIDE_BOTH_FAILED_FALLBACK_NOMINAL
20260925_200523_419199	1790337961.734539115	0	[side-both-failed-fallback] drone=0 generation=104 nominal_id=408 L_status=0.319933:imp=-0.0608407 R_status=0.291251:imp=-0.0895234 selected=NOMINAL reason=SIDE_BOTH_FAILED_FALLBACK_NOMINAL
20260925_200523_419199	1790337961.787706457	0	[side-both-failed-fallback] drone=0 generation=104 nominal_id=411 L_status=0.305589:imp=-0.0768645 R_status=0.291572:imp=-0.0908823 selected=NOMINAL reason=SIDE_BOTH_FAILED_FALLBACK_NOMINAL
20260925_200523_419199	1790337961.895712452	0	[side-both-failed-fallback] drone=0 generation=104 nominal_id=414 L_status=FAILED R_status=0.293973:imp=-0.0814492 selected=NOMINAL reason=SIDE_BOTH_FAILED_FALLBACK_NOMINAL
20260925_200523_419199	1790337961.942692364	0	[side-both-failed-fallback] drone=0 generation=104 nominal_id=417 L_status=FAILED R_status=FAILED selected=NOMINAL reason=SIDE_BOTH_FAILED_FALLBACK_NOMINAL
20260925_200523_419199	1790337961.992077252	0	[side-both-failed-fallback] drone=0 generation=104 nominal_id=420 L_status=FAILED R_status=0.319797:imp=-0.0706545 selected=NOMINAL reason=SIDE_BOTH_FAILED_FALLBACK_NOMINAL
20260925_200523_419199	1790337962.022993049	0	[side-both-failed-fallback] drone=0 generation=104 nominal_id=423 L_status=FAILED R_status=0.304325:imp=0.0120066 selected=NOMINAL reason=SIDE_BOTH_FAILED_FALLBACK_NOMINAL
20260925_200523_419199	1790337962.061909912	0	[side-both-failed-fallback] drone=0 generation=104 nominal_id=426 L_status=FAILED R_status=0.32107:imp=-0.102356 selected=NOMINAL reason=SIDE_BOTH_FAILED_FALLBACK_NOMINAL
20260925_200523_419199	1790337962.097814835	0	[side-both-failed-fallback] drone=0 generation=104 nominal_id=429 L_status=FAILED R_status=FAILED selected=NOMINAL reason=SIDE_BOTH_FAILED_FALLBACK_NOMINAL
20260925_200523_419199	1790337962.131195904	0	[side-both-failed-fallback] drone=0 generation=104 nominal_id=432 L_status=FAILED R_status=FAILED selected=NOMINAL reason=SIDE_BOTH_FAILED_FALLBACK_NOMINAL
20260925_200523_419199	1790337962.178170701	0	[side-both-failed-fallback] drone=0 generation=104 nominal_id=435 L_status=FAILED R_status=FAILED selected=NOMINAL reason=SIDE_BOTH_FAILED_FALLBACK_NOMINAL
20260925_200523_419199	1790337962.214762563	0	[side-both-failed-fallback] drone=0 generation=104 nominal_id=438 L_status=FAILED R_status=FAILED selected=NOMINAL reason=SIDE_BOTH_FAILED_FALLBACK_NOMINAL
20260925_200523_419199	1790337962.256070368	0	[side-both-failed-fallback] drone=0 generation=104 nominal_id=441 L_status=FAILED R_status=FAILED selected=NOMINAL reason=SIDE_BOTH_FAILED_FALLBACK_NOMINAL
20260925_200523_419199	1790337962.386231059	0	[side-both-failed-fallback] drone=0 generation=105 nominal_id=444 L_status=FAILED R_status=FAILED selected=NOMINAL reason=SIDE_BOTH_FAILED_FALLBACK_NOMINAL
20260925_200523_419199	1790337962.421876928	0	[side-both-failed-fallback] drone=0 generation=105 nominal_id=447 L_status=FAILED R_status=FAILED selected=NOMINAL reason=SIDE_BOTH_FAILED_FALLBACK_NOMINAL
20260925_200523_419199	1790337962.594400550	0	[side-both-failed-fallback] drone=0 generation=106 nominal_id=450 L_status=FAILED R_status=FAILED selected=NOMINAL reason=SIDE_BOTH_FAILED_FALLBACK_NOMINAL
20260925_200523_419199	1790337962.631292578	2	[side-both-failed-fallback] drone=2 generation=116 nominal_id=123 L_status=FAILED R_status=2.84594:imp=0.00120863 selected=NOMINAL reason=SIDE_BOTH_FAILED_FALLBACK_NOMINAL
20260925_200523_419199	1790337962.675133248	0	[side-both-failed-fallback] drone=0 generation=106 nominal_id=453 L_status=FAILED R_status=FAILED selected=NOMINAL reason=SIDE_BOTH_FAILED_FALLBACK_NOMINAL
20260925_200523_419199	1790337962.724256443	0	[side-both-failed-fallback] drone=0 generation=106 nominal_id=456 L_status=FAILED R_status=FAILED selected=NOMINAL reason=SIDE_BOTH_FAILED_FALLBACK_NOMINAL
20260925_200523_419199	1790337962.864638746	0	[side-both-failed-fallback] drone=0 generation=107 nominal_id=459 L_status=FAILED R_status=FAILED selected=NOMINAL reason=SIDE_BOTH_FAILED_FALLBACK_NOMINAL
20260925_200523_419199	1790337962.907043886	2	[side-both-failed-fallback] drone=2 generation=117 nominal_id=126 L_status=2.9075:imp=0 R_status=2.9075:imp=0 selected=NOMINAL reason=SIDE_BOTH_FAILED_FALLBACK_NOMINAL
20260925_200523_419199	1790337963.130522432	0	[side-both-failed-fallback] drone=0 generation=108 nominal_id=462 L_status=FAILED R_status=FAILED selected=NOMINAL reason=SIDE_BOTH_FAILED_FALLBACK_NOMINAL
20260925_200523_419199	1790337963.408318380	0	[side-both-failed-fallback] drone=0 generation=109 nominal_id=465 L_status=FAILED R_status=FAILED selected=NOMINAL reason=SIDE_BOTH_FAILED_FALLBACK_NOMINAL
20260925_200523_419199	1790337963.692045134	0	[side-both-failed-fallback] drone=0 generation=110 nominal_id=468 L_status=FAILED R_status=0.839214:imp=0 selected=NOMINAL reason=SIDE_BOTH_FAILED_FALLBACK_NOMINAL
20260925_200523_419199	1790337963.956231253	0	[side-both-failed-fallback] drone=0 generation=111 nominal_id=471 L_status=FAILED R_status=1.0651:imp=0 selected=NOMINAL reason=SIDE_BOTH_FAILED_FALLBACK_NOMINAL
20260925_200523_419199	1790337965.907582873	0	[side-both-failed-fallback] drone=0 generation=118 nominal_id=480 L_status=FAILED R_status=1.20263:imp=-0.0386077 selected=NOMINAL reason=SIDE_BOTH_FAILED_FALLBACK_NOMINAL
20260925_200523_419199	1790337966.207133104	0	[side-both-failed-fallback] drone=0 generation=119 nominal_id=483 L_status=1.32907:imp=0.113763 R_status=1.12568:imp=-0.0896228 selected=NOMINAL reason=SIDE_BOTH_FAILED_FALLBACK_NOMINAL
20260925_200523_419199	1790337967.582057446	0	[side-both-failed-fallback] drone=0 generation=124 nominal_id=498 L_status=FAILED R_status=FAILED selected=NOMINAL reason=SIDE_BOTH_FAILED_FALLBACK_NOMINAL
20260925_200523_419199	1790337967.620041770	0	[side-both-failed-fallback] drone=0 generation=124 nominal_id=501 L_status=FAILED R_status=FAILED selected=NOMINAL reason=SIDE_BOTH_FAILED_FALLBACK_NOMINAL
20260925_200523_419199	1790337967.659196098	0	[side-both-failed-fallback] drone=0 generation=124 nominal_id=504 L_status=FAILED R_status=FAILED selected=NOMINAL reason=SIDE_BOTH_FAILED_FALLBACK_NOMINAL
20260925_200523_419199	1790337967.694221424	0	[side-both-failed-fallback] drone=0 generation=124 nominal_id=507 L_status=FAILED R_status=FAILED selected=NOMINAL reason=SIDE_BOTH_FAILED_FALLBACK_NOMINAL
20260925_200523_419199	1790337967.741778261	0	[side-both-failed-fallback] drone=0 generation=124 nominal_id=510 L_status=FAILED R_status=FAILED selected=NOMINAL reason=SIDE_BOTH_FAILED_FALLBACK_NOMINAL
20260925_200523_419199	1790337967.791196436	0	[side-both-failed-fallback] drone=0 generation=124 nominal_id=513 L_status=FAILED R_status=FAILED selected=NOMINAL reason=SIDE_BOTH_FAILED_FALLBACK_NOMINAL
20260925_200523_419199	1790337967.826241250	0	[side-both-failed-fallback] drone=0 generation=124 nominal_id=516 L_status=FAILED R_status=FAILED selected=NOMINAL reason=SIDE_BOTH_FAILED_FALLBACK_NOMINAL
20260925_200523_419199	1790337967.862864422	0	[side-both-failed-fallback] drone=0 generation=124 nominal_id=519 L_status=FAILED R_status=FAILED selected=NOMINAL reason=SIDE_BOTH_FAILED_FALLBACK_NOMINAL
20260925_200523_419199	1790337967.901768690	0	[side-both-failed-fallback] drone=0 generation=124 nominal_id=522 L_status=FAILED R_status=FAILED selected=NOMINAL reason=SIDE_BOTH_FAILED_FALLBACK_NOMINAL
20260925_200523_419199	1790337967.938992820	0	[side-both-failed-fallback] drone=0 generation=124 nominal_id=525 L_status=FAILED R_status=FAILED selected=NOMINAL reason=SIDE_BOTH_FAILED_FALLBACK_NOMINAL
20260925_200523_419199	1790337967.973869974	0	[side-both-failed-fallback] drone=0 generation=124 nominal_id=528 L_status=0.522715:imp=-0.0947903 R_status=FAILED selected=NOMINAL reason=SIDE_BOTH_FAILED_FALLBACK_NOMINAL
20260925_200523_419199	1790337968.003053914	0	[side-both-failed-fallback] drone=0 generation=124 nominal_id=531 L_status=0.513375:imp=0.130006 R_status=FAILED selected=NOMINAL reason=SIDE_BOTH_FAILED_FALLBACK_NOMINAL
20260925_200523_419199	1790337968.033725984	0	[side-both-failed-fallback] drone=0 generation=124 nominal_id=534 L_status=FAILED R_status=FAILED selected=NOMINAL reason=SIDE_BOTH_FAILED_FALLBACK_NOMINAL
20260925_200523_419199	1790337968.056616188	0	[side-both-failed-fallback] drone=0 generation=124 nominal_id=537 L_status=0.540492:imp=0.190993 R_status=FAILED selected=NOMINAL reason=SIDE_BOTH_FAILED_FALLBACK_NOMINAL
20260925_200523_419199	1790337968.080482826	0	[side-both-failed-fallback] drone=0 generation=124 nominal_id=540 L_status=FAILED R_status=FAILED selected=NOMINAL reason=SIDE_BOTH_FAILED_FALLBACK_NOMINAL
20260925_200523_419199	1790337968.107451120	0	[side-both-failed-fallback] drone=0 generation=124 nominal_id=543 L_status=FAILED R_status=FAILED selected=NOMINAL reason=SIDE_BOTH_FAILED_FALLBACK_NOMINAL
20260925_200523_419199	1790337968.136749861	0	[side-both-failed-fallback] drone=0 generation=124 nominal_id=546 L_status=FAILED R_status=FAILED selected=NOMINAL reason=SIDE_BOTH_FAILED_FALLBACK_NOMINAL
20260925_200523_419199	1790337968.162216659	0	[side-both-failed-fallback] drone=0 generation=124 nominal_id=549 L_status=FAILED R_status=FAILED selected=NOMINAL reason=SIDE_BOTH_FAILED_FALLBACK_NOMINAL
20260925_200523_419199	1790337968.191053349	0	[side-both-failed-fallback] drone=0 generation=124 nominal_id=552 L_status=FAILED R_status=FAILED selected=NOMINAL reason=SIDE_BOTH_FAILED_FALLBACK_NOMINAL
20260925_200523_419199	1790337968.217910786	0	[side-both-failed-fallback] drone=0 generation=124 nominal_id=555 L_status=FAILED R_status=FAILED selected=NOMINAL reason=SIDE_BOTH_FAILED_FALLBACK_NOMINAL
20260925_200523_419199	1790337968.248595894	0	[side-both-failed-fallback] drone=0 generation=124 nominal_id=558 L_status=FAILED R_status=FAILED selected=NOMINAL reason=SIDE_BOTH_FAILED_FALLBACK_NOMINAL
20260925_200523_419199	1790337968.279968546	0	[side-both-failed-fallback] drone=0 generation=124 nominal_id=561 L_status=FAILED R_status=FAILED selected=NOMINAL reason=SIDE_BOTH_FAILED_FALLBACK_NOMINAL
20260925_200523_419199	1790337968.304043276	0	[side-both-failed-fallback] drone=0 generation=124 nominal_id=564 L_status=0.467753:imp=0.0444267 R_status=FAILED selected=NOMINAL reason=SIDE_BOTH_FAILED_FALLBACK_NOMINAL
20260925_200523_419199	1790337968.334915187	0	[side-both-failed-fallback] drone=0 generation=124 nominal_id=567 L_status=0.465339:imp=0.0415393 R_status=FAILED selected=NOMINAL reason=SIDE_BOTH_FAILED_FALLBACK_NOMINAL
20260925_200523_419199	1790337968.359952541	0	[side-both-failed-fallback] drone=0 generation=124 nominal_id=570 L_status=0.459597:imp=0.0387413 R_status=FAILED selected=NOMINAL reason=SIDE_BOTH_FAILED_FALLBACK_NOMINAL
20260925_200523_419199	1790337968.442047642	0	[side-both-failed-fallback] drone=0 generation=124 nominal_id=573 L_status=0.482961:imp=0.0470486 R_status=FAILED selected=NOMINAL reason=SIDE_BOTH_FAILED_FALLBACK_NOMINAL
20260925_200523_419199	1790337968.467739544	0	[side-both-failed-fallback] drone=0 generation=124 nominal_id=576 L_status=0.469369:imp=0.0242572 R_status=FAILED selected=NOMINAL reason=SIDE_BOTH_FAILED_FALLBACK_NOMINAL
20260925_200523_419199	1790337968.495212085	0	[side-both-failed-fallback] drone=0 generation=124 nominal_id=579 L_status=0.46295:imp=0.0186966 R_status=FAILED selected=NOMINAL reason=SIDE_BOTH_FAILED_FALLBACK_NOMINAL
20260925_200523_419199	1790337968.525222304	0	[side-both-failed-fallback] drone=0 generation=124 nominal_id=582 L_status=0.459865:imp=0.0154717 R_status=FAILED selected=NOMINAL reason=SIDE_BOTH_FAILED_FALLBACK_NOMINAL
20260925_200523_419199	1790337968.553976426	0	[side-both-failed-fallback] drone=0 generation=124 nominal_id=585 L_status=0.457522:imp=0.0111607 R_status=FAILED selected=NOMINAL reason=SIDE_BOTH_FAILED_FALLBACK_NOMINAL
20260925_200523_419199	1790337968.580941293	0	[side-both-failed-fallback] drone=0 generation=124 nominal_id=588 L_status=0.488217:imp=0.0419831 R_status=FAILED selected=NOMINAL reason=SIDE_BOTH_FAILED_FALLBACK_NOMINAL
20260925_200523_419199	1790337968.607125260	0	[side-both-failed-fallback] drone=0 generation=124 nominal_id=591 L_status=0.482956:imp=0.0338366 R_status=FAILED selected=NOMINAL reason=SIDE_BOTH_FAILED_FALLBACK_NOMINAL
20260925_200523_419199	1790337968.633345200	0	[side-both-failed-fallback] drone=0 generation=124 nominal_id=594 L_status=0.463753:imp=0.0178658 R_status=FAILED selected=NOMINAL reason=SIDE_BOTH_FAILED_FALLBACK_NOMINAL
20260925_200523_419199	1790337968.658029753	0	[side-both-failed-fallback] drone=0 generation=124 nominal_id=597 L_status=0.458188:imp=0.00665841 R_status=FAILED selected=NOMINAL reason=SIDE_BOTH_FAILED_FALLBACK_NOMINAL
20260925_200523_419199	1790337968.683530391	0	[side-both-failed-fallback] drone=0 generation=124 nominal_id=600 L_status=0.460814:imp=0.000995817 R_status=FAILED selected=NOMINAL reason=SIDE_BOTH_FAILED_FALLBACK_NOMINAL
20260925_200523_419199	1790337968.712271193	0	[side-both-failed-fallback] drone=0 generation=124 nominal_id=603 L_status=0.458657:imp=-0.00294862 R_status=FAILED selected=NOMINAL reason=SIDE_BOTH_FAILED_FALLBACK_NOMINAL
20260925_200523_419199	1790337968.741604231	0	[side-both-failed-fallback] drone=0 generation=124 nominal_id=606 L_status=0.452239:imp=-0.0110839 R_status=FAILED selected=NOMINAL reason=SIDE_BOTH_FAILED_FALLBACK_NOMINAL
20260925_200523_419199	1790337968.775082611	0	[side-both-failed-fallback] drone=0 generation=124 nominal_id=609 L_status=0.481:imp=0.0115271 R_status=FAILED selected=NOMINAL reason=SIDE_BOTH_FAILED_FALLBACK_NOMINAL
20260925_200523_419199	1790337968.803653284	0	[side-both-failed-fallback] drone=0 generation=124 nominal_id=612 L_status=0.477984:imp=0.00399968 R_status=FAILED selected=NOMINAL reason=SIDE_BOTH_FAILED_FALLBACK_NOMINAL
20260925_200523_419199	1790337969.062462582	0	[side-both-failed-fallback] drone=0 generation=124 nominal_id=615 L_status=0.462939:imp=-0.0184679 R_status=FAILED selected=NOMINAL reason=SIDE_BOTH_FAILED_FALLBACK_NOMINAL
20260925_200523_419199	1790337969.189217886	0	[side-both-failed-fallback] drone=0 generation=124 nominal_id=618 L_status=0.505378:imp=-0.017336 R_status=FAILED selected=NOMINAL reason=SIDE_BOTH_FAILED_FALLBACK_NOMINAL
20260925_200523_419199	1790337969.207825629	0	[side-both-failed-fallback] drone=0 generation=124 nominal_id=621 L_status=0.538374:imp=-0.0120699 R_status=FAILED selected=NOMINAL reason=SIDE_BOTH_FAILED_FALLBACK_NOMINAL
20260925_200523_419199	1790337969.226381174	0	[side-both-failed-fallback] drone=0 generation=124 nominal_id=624 L_status=0.530518:imp=-0.0253796 R_status=FAILED selected=NOMINAL reason=SIDE_BOTH_FAILED_FALLBACK_NOMINAL
20260925_200523_419199	1790337969.245274748	0	[side-both-failed-fallback] drone=0 generation=124 nominal_id=627 L_status=0.531445:imp=-0.0290481 R_status=FAILED selected=NOMINAL reason=SIDE_BOTH_FAILED_FALLBACK_NOMINAL
20260925_200523_419199	1790337969.263753258	0	[side-both-failed-fallback] drone=0 generation=124 nominal_id=630 L_status=0.530356:imp=-0.0322787 R_status=FAILED selected=NOMINAL reason=SIDE_BOTH_FAILED_FALLBACK_NOMINAL
20260925_200523_419199	1790337969.284599450	0	[side-both-failed-fallback] drone=0 generation=124 nominal_id=633 L_status=0.528794:imp=-0.0359881 R_status=FAILED selected=NOMINAL reason=SIDE_BOTH_FAILED_FALLBACK_NOMINAL
20260925_200523_419199	1790337969.303556688	0	[side-both-failed-fallback] drone=0 generation=124 nominal_id=636 L_status=0.526627:imp=-0.0408143 R_status=FAILED selected=NOMINAL reason=SIDE_BOTH_FAILED_FALLBACK_NOMINAL
20260925_200523_419199	1790337969.324235678	0	[side-both-failed-fallback] drone=0 generation=124 nominal_id=639 L_status=0.523954:imp=-0.0462501 R_status=FAILED selected=NOMINAL reason=SIDE_BOTH_FAILED_FALLBACK_NOMINAL
20260925_200523_419199	1790337969.346422047	0	[side-both-failed-fallback] drone=0 generation=124 nominal_id=642 L_status=0.52023:imp=-0.0490286 R_status=FAILED selected=NOMINAL reason=SIDE_BOTH_FAILED_FALLBACK_NOMINAL
20260925_200523_419199	1790337969.370450853	0	[side-both-failed-fallback] drone=0 generation=124 nominal_id=645 L_status=0.548766:imp=-0.0259291 R_status=FAILED selected=NOMINAL reason=SIDE_BOTH_FAILED_FALLBACK_NOMINAL
20260925_200523_419199	1790337969.395882949	0	[side-both-failed-fallback] drone=0 generation=124 nominal_id=648 L_status=0.543409:imp=-0.039194 R_status=FAILED selected=NOMINAL reason=SIDE_BOTH_FAILED_FALLBACK_NOMINAL
20260925_200523_419199	1790337969.420366697	0	[side-both-failed-fallback] drone=0 generation=124 nominal_id=651 L_status=0.53981:imp=-0.0472695 R_status=FAILED selected=NOMINAL reason=SIDE_BOTH_FAILED_FALLBACK_NOMINAL
20260925_200523_419199	1790337969.444042282	0	[side-both-failed-fallback] drone=0 generation=124 nominal_id=654 L_status=0.543093:imp=-0.047701 R_status=FAILED selected=NOMINAL reason=SIDE_BOTH_FAILED_FALLBACK_NOMINAL
20260925_200523_419199	1790337969.466925996	0	[side-both-failed-fallback] drone=0 generation=124 nominal_id=657 L_status=0.53742:imp=-0.0557212 R_status=FAILED selected=NOMINAL reason=SIDE_BOTH_FAILED_FALLBACK_NOMINAL
20260925_200523_419199	1790337969.488919499	0	[side-both-failed-fallback] drone=0 generation=124 nominal_id=660 L_status=0.562982:imp=-0.0344639 R_status=FAILED selected=NOMINAL reason=SIDE_BOTH_FAILED_FALLBACK_NOMINAL
20260925_200523_419199	1790337969.518065089	0	[side-both-failed-fallback] drone=0 generation=124 nominal_id=663 L_status=0.558662:imp=-0.0436307 R_status=FAILED selected=NOMINAL reason=SIDE_BOTH_FAILED_FALLBACK_NOMINAL
20260925_200523_419199	1790337969.545517301	0	[side-both-failed-fallback] drone=0 generation=124 nominal_id=666 L_status=0.553949:imp=-0.0558423 R_status=FAILED selected=NOMINAL reason=SIDE_BOTH_FAILED_FALLBACK_NOMINAL
20260925_200523_419199	1790337969.571328956	0	[side-both-failed-fallback] drone=0 generation=124 nominal_id=669 L_status=0.554722:imp=-0.0583393 R_status=FAILED selected=NOMINAL reason=SIDE_BOTH_FAILED_FALLBACK_NOMINAL
20260925_200523_419199	1790337969.597052493	0	[side-both-failed-fallback] drone=0 generation=124 nominal_id=672 L_status=0.548964:imp=-0.0707106 R_status=FAILED selected=NOMINAL reason=SIDE_BOTH_FAILED_FALLBACK_NOMINAL
20260925_200523_419199	1790337969.621732712	0	[side-both-failed-fallback] drone=0 generation=124 nominal_id=675 L_status=0.596057:imp=-0.026374 R_status=FAILED selected=NOMINAL reason=SIDE_BOTH_FAILED_FALLBACK_NOMINAL
20260925_200523_419199	1790337969.644430022	0	[side-both-failed-fallback] drone=0 generation=124 nominal_id=678 L_status=0.592527:imp=-0.0323713 R_status=FAILED selected=NOMINAL reason=SIDE_BOTH_FAILED_FALLBACK_NOMINAL
20260925_200523_419199	1790337969.667722483	0	[side-both-failed-fallback] drone=0 generation=124 nominal_id=681 L_status=0.587455:imp=-0.0400524 R_status=FAILED selected=NOMINAL reason=SIDE_BOTH_FAILED_FALLBACK_NOMINAL
20260925_200523_419199	1790337969.692932720	0	[side-both-failed-fallback] drone=0 generation=124 nominal_id=684 L_status=0.581266:imp=-0.051194 R_status=FAILED selected=NOMINAL reason=SIDE_BOTH_FAILED_FALLBACK_NOMINAL
20260925_200523_419199	1790337969.716989694	0	[side-both-failed-fallback] drone=0 generation=124 nominal_id=687 L_status=0.613565:imp=-0.0242069 R_status=FAILED selected=NOMINAL reason=SIDE_BOTH_FAILED_FALLBACK_NOMINAL
20260925_200523_419199	1790337969.743303257	0	[side-both-failed-fallback] drone=0 generation=124 nominal_id=690 L_status=0.60536:imp=-0.0380617 R_status=FAILED selected=NOMINAL reason=SIDE_BOTH_FAILED_FALLBACK_NOMINAL
20260925_200523_419199	1790337969.766580445	0	[side-both-failed-fallback] drone=0 generation=124 nominal_id=693 L_status=0.56683:imp=-0.0833089 R_status=FAILED selected=NOMINAL reason=SIDE_BOTH_FAILED_FALLBACK_NOMINAL
20260925_200523_419199	1790337969.789718718	0	[side-both-failed-fallback] drone=0 generation=124 nominal_id=696 L_status=0.56779:imp=-0.0858931 R_status=FAILED selected=NOMINAL reason=SIDE_BOTH_FAILED_FALLBACK_NOMINAL
20260925_200523_419199	1790337969.812638206	0	[side-both-failed-fallback] drone=0 generation=124 nominal_id=699 L_status=0.388997:imp=-0.269743 R_status=FAILED selected=NOMINAL reason=SIDE_BOTH_FAILED_FALLBACK_NOMINAL
20260925_200523_419199	1790337969.835159923	0	[side-both-failed-fallback] drone=0 generation=124 nominal_id=702 L_status=0.558846:imp=-0.103611 R_status=FAILED selected=NOMINAL reason=SIDE_BOTH_FAILED_FALLBACK_NOMINAL
20260925_200523_419199	1790337969.882543725	0	[side-both-failed-fallback] drone=0 generation=124 nominal_id=705 L_status=0.571448:imp=-0.093025 R_status=FAILED selected=NOMINAL reason=SIDE_BOTH_FAILED_FALLBACK_NOMINAL
20260925_200523_419199	1790337970.028024646	0	[side-both-failed-fallback] drone=0 generation=125 nominal_id=708 L_status=FAILED R_status=FAILED selected=NOMINAL reason=SIDE_BOTH_FAILED_FALLBACK_NOMINAL
20260925_200523_419199	1790337970.280994517	0	[side-both-failed-fallback] drone=0 generation=126 nominal_id=711 L_status=FAILED R_status=FAILED selected=NOMINAL reason=SIDE_BOTH_FAILED_FALLBACK_NOMINAL
20260925_200523_419199	1790337970.562225211	0	[side-both-failed-fallback] drone=0 generation=127 nominal_id=714 L_status=FAILED R_status=FAILED selected=NOMINAL reason=SIDE_BOTH_FAILED_FALLBACK_NOMINAL
20260925_200523_419199	1790337970.862795363	0	[side-both-failed-fallback] drone=0 generation=128 nominal_id=717 L_status=0.87306:imp=0 R_status=0.87306:imp=0 selected=NOMINAL reason=SIDE_BOTH_FAILED_FALLBACK_NOMINAL
20260925_200523_419199	1790337971.115573862	0	[side-both-failed-fallback] drone=0 generation=129 nominal_id=720 L_status=1.13665:imp=0 R_status=1.13665:imp=0 selected=NOMINAL reason=SIDE_BOTH_FAILED_FALLBACK_NOMINAL
20260925_200523_419199	1790337971.764649056	0	[side-both-failed-fallback] drone=0 generation=131 nominal_id=724 L_status=1.82281:imp=-0.0980715 R_status=1.92088:imp=0 selected=NOMINAL reason=SIDE_BOTH_FAILED_FALLBACK_NOMINAL
20260925_200523_419199	1790337972.082335217	0	[side-both-failed-fallback] drone=0 generation=132 nominal_id=727 L_status=2.30984:imp=0 R_status=2.30984:imp=0 selected=NOMINAL reason=SIDE_BOTH_FAILED_FALLBACK_NOMINAL
20260925_200523_419199	1790337973.111178781	0	[side-both-failed-fallback] drone=0 generation=136 nominal_id=743 L_status=FAILED R_status=1.60003:imp=-0.521709 selected=NOMINAL reason=SIDE_BOTH_FAILED_FALLBACK_NOMINAL
20260925_200523_419199	1790337973.767214618	2	[side-both-failed-fallback] drone=2 generation=157 nominal_id=168 L_status=2.45044:imp=-0.0296987 R_status=FAILED selected=NOMINAL reason=SIDE_BOTH_FAILED_FALLBACK_NOMINAL
20260925_200523_419199	1790337974.609904109	0	[side-both-failed-fallback] drone=0 generation=142 nominal_id=759 L_status=FAILED R_status=0.738113:imp=0.0124842 selected=NOMINAL reason=SIDE_BOTH_FAILED_FALLBACK_NOMINAL
20260925_200523_419199	1790337974.784646316	0	[side-both-failed-fallback] drone=0 generation=143 nominal_id=765 L_status=FAILED R_status=0.965172:imp=0.0148451 selected=NOMINAL reason=SIDE_BOTH_FAILED_FALLBACK_NOMINAL
20260925_200523_419199	1790337974.882546527	2	[side-both-failed-fallback] drone=2 generation=161 nominal_id=174 L_status=1.20947:imp=-0.00818973 R_status=1.22976:imp=0.0120981 selected=NOMINAL reason=SIDE_BOTH_FAILED_FALLBACK_NOMINAL
20260925_200523_419199	1790337975.058471532	0	[side-both-failed-fallback] drone=0 generation=144 nominal_id=768 L_status=FAILED R_status=1.01244:imp=0.0134655 selected=NOMINAL reason=SIDE_BOTH_FAILED_FALLBACK_NOMINAL
20260925_200523_419199	1790337975.135673056	2	[side-both-failed-fallback] drone=2 generation=162 nominal_id=177 L_status=1.0432:imp=-0.0129041 R_status=1.07224:imp=0.0161425 selected=NOMINAL reason=SIDE_BOTH_FAILED_FALLBACK_NOMINAL
20260925_200523_419199	1790337975.337122458	0	[side-both-failed-fallback] drone=0 generation=145 nominal_id=771 L_status=FAILED R_status=1.00353:imp=0.00806917 selected=NOMINAL reason=SIDE_BOTH_FAILED_FALLBACK_NOMINAL
20260925_200523_419199	1790337975.434297323	2	[side-both-failed-fallback] drone=2 generation=163 nominal_id=180 L_status=1.00237:imp=-0.0172594 R_status=1.0393:imp=0.019666 selected=NOMINAL reason=SIDE_BOTH_FAILED_FALLBACK_NOMINAL
20260925_200523_419199	1790337975.619035027	0	[side-both-failed-fallback] drone=0 generation=146 nominal_id=774 L_status=FAILED R_status=0.99809:imp=0.00372492 selected=NOMINAL reason=SIDE_BOTH_FAILED_FALLBACK_NOMINAL
20260925_200523_419199	1790337975.699549262	2	[side-both-failed-fallback] drone=2 generation=164 nominal_id=183 L_status=1.04395:imp=-0.0121649 R_status=1.07295:imp=0.0168359 selected=NOMINAL reason=SIDE_BOTH_FAILED_FALLBACK_NOMINAL
20260925_200523_419199	1790337975.917289221	0	[side-both-failed-fallback] drone=0 generation=147 nominal_id=777 L_status=0.996553:imp=-0.00112033 R_status=0.998441:imp=0.000767824 selected=NOMINAL reason=SIDE_BOTH_FAILED_FALLBACK_NOMINAL
20260925_200523_419199	1790337975.992824259	2	[side-both-failed-fallback] drone=2 generation=165 nominal_id=186 L_status=1.10023:imp=-0.00819201 R_status=1.11817:imp=0.00975717 selected=NOMINAL reason=SIDE_BOTH_FAILED_FALLBACK_NOMINAL
20260925_200523_419199	1790337976.167633477	0	[side-both-failed-fallback] drone=0 generation=148 nominal_id=780 L_status=FAILED R_status=0.99801:imp=9.92283e-05 selected=NOMINAL reason=SIDE_BOTH_FAILED_FALLBACK_NOMINAL
20260925_200523_419199	1790337976.282951687	2	[side-both-failed-fallback] drone=2 generation=166 nominal_id=189 L_status=0.821385:imp=-0.00968338 R_status=FAILED selected=NOMINAL reason=SIDE_BOTH_FAILED_FALLBACK_NOMINAL
20260925_200523_419199	1790337976.446862540	0	[side-both-failed-fallback] drone=0 generation=149 nominal_id=783 L_status=1.00755:imp=0 R_status=1.00755:imp=0 selected=NOMINAL reason=SIDE_BOTH_FAILED_FALLBACK_NOMINAL
20260925_200523_419199	1790337976.555855677	2	[side-both-failed-fallback] drone=2 generation=167 nominal_id=192 L_status=FAILED R_status=FAILED selected=NOMINAL reason=SIDE_BOTH_FAILED_FALLBACK_NOMINAL
20260925_200523_419199	1790337976.599009698	2	[side-both-failed-fallback] drone=2 generation=167 nominal_id=195 L_status=0.915977:imp=0.00159049 R_status=FAILED selected=NOMINAL reason=SIDE_BOTH_FAILED_FALLBACK_NOMINAL
20260925_200523_419199	1790337976.727890793	0	[side-both-failed-fallback] drone=0 generation=150 nominal_id=786 L_status=1.12714:imp=0 R_status=1.12714:imp=0 selected=NOMINAL reason=SIDE_BOTH_FAILED_FALLBACK_NOMINAL
20260925_200523_419199	1790337976.753570391	2	[side-both-failed-fallback] drone=2 generation=168 nominal_id=198 L_status=FAILED R_status=FAILED selected=NOMINAL reason=SIDE_BOTH_FAILED_FALLBACK_NOMINAL
20260925_200523_419199	1790337976.897943717	2	[side-both-failed-fallback] drone=2 generation=169 nominal_id=201 L_status=1.10353:imp=0.0380336 R_status=FAILED selected=NOMINAL reason=SIDE_BOTH_FAILED_FALLBACK_NOMINAL
20260925_200523_419199	1790337976.944238462	2	[side-both-failed-fallback] drone=2 generation=169 nominal_id=204 L_status=1.09953:imp=0.0278126 R_status=1.10415:imp=0.0324327 selected=NOMINAL reason=SIDE_BOTH_FAILED_FALLBACK_NOMINAL
20260925_200523_419199	1790337977.102516189	2	[side-both-failed-fallback] drone=2 generation=170 nominal_id=207 L_status=1.10085:imp=0.0255095 R_status=FAILED selected=NOMINAL reason=SIDE_BOTH_FAILED_FALLBACK_NOMINAL
20260925_200523_419199	1790337977.346990351	2	[side-both-failed-fallback] drone=2 generation=171 nominal_id=210 L_status=1.10335:imp=0.018212 R_status=FAILED selected=NOMINAL reason=SIDE_BOTH_FAILED_FALLBACK_NOMINAL
20260925_200523_419199	1790337977.616105761	2	[side-both-failed-fallback] drone=2 generation=172 nominal_id=213 L_status=1.07536:imp=0.00605634 R_status=FAILED selected=NOMINAL reason=SIDE_BOTH_FAILED_FALLBACK_NOMINAL
20260925_200523_419199	1790337977.885351066	2	[side-both-failed-fallback] drone=2 generation=173 nominal_id=216 L_status=1.09333:imp=0 R_status=FAILED selected=NOMINAL reason=SIDE_BOTH_FAILED_FALLBACK_NOMINAL
20260925_200523_419199	1790337977.983003666	1	[side-both-failed-fallback] drone=1 generation=171 nominal_id=179 L_status=2.95207:imp=-0.00182811 R_status=2.07922:imp=-0.874676 selected=NOMINAL reason=SIDE_BOTH_FAILED_FALLBACK_NOMINAL
20260925_200523_419199	1790337978.110811195	1	[side-both-failed-fallback] drone=1 generation=172 nominal_id=182 L_status=2.95632:imp=-0.00138291 R_status=2.95779:imp=8.38389e-05 selected=NOMINAL reason=SIDE_BOTH_FAILED_FALLBACK_NOMINAL
20260925_200523_419199	1790337978.166413895	2	[side-both-failed-fallback] drone=2 generation=174 nominal_id=219 L_status=1.17774:imp=0 R_status=1.17774:imp=0 selected=NOMINAL reason=SIDE_BOTH_FAILED_FALLBACK_NOMINAL
20260925_200523_419199	1790337980.036868095	1	[side-both-failed-fallback] drone=1 generation=179 nominal_id=191 L_status=1.15863:imp=0.048851 R_status=1.07285:imp=-0.0369277 selected=NOMINAL reason=SIDE_BOTH_FAILED_FALLBACK_NOMINAL
20260925_200523_419199	1790337980.588821205	1	[side-both-failed-fallback] drone=1 generation=180 nominal_id=194 L_status=1.00965:imp=0.0245493 R_status=0.966814:imp=-0.0182838 selected=NOMINAL reason=SIDE_BOTH_FAILED_FALLBACK_NOMINAL
20260925_200523_419199	1790337980.860930285	1	[side-both-failed-fallback] drone=1 generation=181 nominal_id=197 L_status=1.02008:imp=0.0184012 R_status=0.983912:imp=-0.0177695 selected=NOMINAL reason=SIDE_BOTH_FAILED_FALLBACK_NOMINAL
20260925_200523_419199	1790337981.143588118	1	[side-both-failed-fallback] drone=1 generation=182 nominal_id=200 L_status=1.18512:imp=0.00776317 R_status=1.16662:imp=-0.0107353 selected=NOMINAL reason=SIDE_BOTH_FAILED_FALLBACK_NOMINAL
20260925_200523_419199	1790337981.159897764	2	[side-both-failed-fallback] drone=2 generation=185 nominal_id=232 L_status=2.90227:imp=0 R_status=2.90227:imp=0 selected=NOMINAL reason=SIDE_BOTH_FAILED_FALLBACK_NOMINAL
20260925_200523_419199	1790337981.307493222	2	[side-both-failed-fallback] drone=2 generation=186 nominal_id=235 L_status=FAILED R_status=2.95016:imp=0 selected=NOMINAL reason=SIDE_BOTH_FAILED_FALLBACK_NOMINAL
20260925_200523_419199	1790337981.428756908	1	[side-both-failed-fallback] drone=1 generation=183 nominal_id=203 L_status=1.17823:imp=0.00573976 R_status=1.16778:imp=-0.0047155 selected=NOMINAL reason=SIDE_BOTH_FAILED_FALLBACK_NOMINAL
20260925_200523_419199	1790337981.437301996	0	[side-both-failed-fallback] drone=0 generation=166 nominal_id=804 L_status=3.88123:imp=-0.00576261 R_status=3.87157:imp=-0.0154252 selected=NOMINAL reason=SIDE_BOTH_FAILED_FALLBACK_NOMINAL
20260925_200523_419199	1790337981.476549770	2	[side-both-failed-fallback] drone=2 generation=187 nominal_id=238 L_status=3.01827:imp=0 R_status=FAILED selected=NOMINAL reason=SIDE_BOTH_FAILED_FALLBACK_NOMINAL
20260925_200523_419199	1790337981.688539525	1	[side-both-failed-fallback] drone=1 generation=184 nominal_id=206 L_status=1.16573:imp=0.00300032 R_status=1.15844:imp=-0.00428877 selected=NOMINAL reason=SIDE_BOTH_FAILED_FALLBACK_NOMINAL
20260925_200523_419199	1790337981.740143794	0	[side-both-failed-fallback] drone=0 generation=167 nominal_id=807 L_status=3.70492:imp=0.19257 R_status=3.5465:imp=0.034151 selected=NOMINAL reason=SIDE_BOTH_FAILED_FALLBACK_NOMINAL
20260925_200523_419199	1790337981.754440382	2	[side-both-failed-fallback] drone=2 generation=188 nominal_id=242 L_status=3.18819:imp=0 R_status=3.18819:imp=0 selected=NOMINAL reason=SIDE_BOTH_FAILED_FALLBACK_NOMINAL
20260925_200523_419199	1790337981.790407386	0	[side-both-failed-fallback] drone=0 generation=167 nominal_id=810 L_status=FAILED R_status=3.55778:imp=0.0884793 selected=NOMINAL reason=SIDE_BOTH_FAILED_FALLBACK_NOMINAL
20260925_200523_419199	1790337981.826363035	0	[side-both-failed-fallback] drone=0 generation=167 nominal_id=813 L_status=FAILED R_status=3.52466:imp=0.0873635 selected=NOMINAL reason=SIDE_BOTH_FAILED_FALLBACK_NOMINAL
20260925_200523_419199	1790337981.863683567	0	[side-both-failed-fallback] drone=0 generation=167 nominal_id=816 L_status=FAILED R_status=3.57415:imp=0.1626 selected=NOMINAL reason=SIDE_BOTH_FAILED_FALLBACK_NOMINAL
20260925_200523_419199	1790337981.887075962	0	[side-both-failed-fallback] drone=0 generation=167 nominal_id=819 L_status=FAILED R_status=3.70051:imp=0.0173662 selected=NOMINAL reason=SIDE_BOTH_FAILED_FALLBACK_NOMINAL
20260925_200523_419199	1790337981.979639321	1	[side-both-failed-fallback] drone=1 generation=185 nominal_id=209 L_status=1.16123:imp=0.000111481 R_status=1.16077:imp=-0.000344882 selected=NOMINAL reason=SIDE_BOTH_FAILED_FALLBACK_NOMINAL
20260925_200523_419199	1790337982.011978543	0	[side-both-failed-fallback] drone=0 generation=168 nominal_id=822 L_status=FAILED R_status=3.53444:imp=0.0225272 selected=NOMINAL reason=SIDE_BOTH_FAILED_FALLBACK_NOMINAL
20260925_200523_419199	1790337982.263895718	1	[side-both-failed-fallback] drone=1 generation=186 nominal_id=212 L_status=1.16932:imp=2.50416e-06 R_status=1.1693:imp=-1.62227e-05 selected=NOMINAL reason=SIDE_BOTH_FAILED_FALLBACK_NOMINAL
20260925_200523_419199	1790337982.529108057	1	[side-both-failed-fallback] drone=1 generation=187 nominal_id=215 L_status=1.21182:imp=0 R_status=1.21182:imp=0 selected=NOMINAL reason=SIDE_BOTH_FAILED_FALLBACK_NOMINAL
20260925_200523_419199	1790337984.240605572	0	[side-both-failed-fallback] drone=0 generation=175 nominal_id=831 L_status=0.467176:imp=-0.605213 R_status=1.06719:imp=-0.00520226 selected=NOMINAL reason=SIDE_BOTH_FAILED_FALLBACK_NOMINAL
20260925_200523_419199	1790337984.478785770	0	[side-both-failed-fallback] drone=0 generation=176 nominal_id=834 L_status=0.84914:imp=-0.0295356 R_status=0.871251:imp=-0.00742487 selected=NOMINAL reason=SIDE_BOTH_FAILED_FALLBACK_NOMINAL
20260925_200523_419199	1790337985.007538939	0	[side-both-failed-fallback] drone=0 generation=177 nominal_id=837 L_status=0.856726:imp=0.0183236 R_status=0.839256:imp=0.000853912 selected=NOMINAL reason=SIDE_BOTH_FAILED_FALLBACK_NOMINAL
20260925_200523_419199	1790337985.296108864	0	[side-both-failed-fallback] drone=0 generation=178 nominal_id=840 L_status=FAILED R_status=0.898969:imp=-0.291991 selected=NOMINAL reason=SIDE_BOTH_FAILED_FALLBACK_NOMINAL
20260925_200523_419199	1790337985.829724632	0	[side-both-failed-fallback] drone=0 generation=180 nominal_id=844 L_status=0.912175:imp=-0.318745 R_status=0.896233:imp=-0.334687 selected=NOMINAL reason=SIDE_BOTH_FAILED_FALLBACK_NOMINAL
20260925_200523_419199	1790337986.109950826	0	[side-both-failed-fallback] drone=0 generation=181 nominal_id=847 L_status=0.799225:imp=0.260139 R_status=0.818905:imp=0.27982 selected=NOMINAL reason=SIDE_BOTH_FAILED_FALLBACK_NOMINAL
20260925_200523_419199	1790337986.400712599	0	[side-both-failed-fallback] drone=0 generation=182 nominal_id=850 L_status=0.583358:imp=0.231778 R_status=FAILED selected=NOMINAL reason=SIDE_BOTH_FAILED_FALLBACK_NOMINAL
20260925_200523_419199	1790337986.434207162	0	[side-both-failed-fallback] drone=0 generation=182 nominal_id=853 L_status=0.478497:imp=0.173701 R_status=FAILED selected=NOMINAL reason=SIDE_BOTH_FAILED_FALLBACK_NOMINAL
20260925_200523_419199	1790337986.447972167	0	[side-both-failed-fallback] drone=0 generation=182 nominal_id=856 L_status=FAILED R_status=FAILED selected=NOMINAL reason=SIDE_BOTH_FAILED_FALLBACK_NOMINAL
20260925_200523_419199	1790337986.459232072	0	[side-both-failed-fallback] drone=0 generation=182 nominal_id=859 L_status=FAILED R_status=FAILED selected=NOMINAL reason=SIDE_BOTH_FAILED_FALLBACK_NOMINAL
20260925_200523_419199	1790337986.485774606	0	[side-both-failed-fallback] drone=0 generation=182 nominal_id=862 L_status=0.46949:imp=-0.0174072 R_status=FAILED selected=NOMINAL reason=SIDE_BOTH_FAILED_FALLBACK_NOMINAL
20260925_200523_419199	1790337986.495090868	0	[side-both-failed-fallback] drone=0 generation=182 nominal_id=865 L_status=0.500755:imp=0.0714939 R_status=FAILED selected=NOMINAL reason=SIDE_BOTH_FAILED_FALLBACK_NOMINAL
20260925_200523_419199	1790337986.506184958	0	[side-both-failed-fallback] drone=0 generation=182 nominal_id=868 L_status=0.503342:imp=0.0754048 R_status=FAILED selected=NOMINAL reason=SIDE_BOTH_FAILED_FALLBACK_NOMINAL
20260925_200523_419199	1790337986.548607771	0	[side-both-failed-fallback] drone=0 generation=182 nominal_id=871 L_status=0.40963:imp=0.0301472 R_status=FAILED selected=NOMINAL reason=SIDE_BOTH_FAILED_FALLBACK_NOMINAL
20260925_200523_419199	1790337986.559157376	0	[side-both-failed-fallback] drone=0 generation=182 nominal_id=874 L_status=0.411691:imp=-0.535921 R_status=FAILED selected=NOMINAL reason=SIDE_BOTH_FAILED_FALLBACK_NOMINAL
20260925_200523_419199	1790337986.713360909	0	[side-both-failed-fallback] drone=0 generation=183 nominal_id=877 L_status=FAILED R_status=FAILED selected=NOMINAL reason=SIDE_BOTH_FAILED_FALLBACK_NOMINAL
20260925_200523_419199	1790337986.743416808	0	[side-both-failed-fallback] drone=0 generation=183 nominal_id=880 L_status=0.499742:imp=0.0446782 R_status=FAILED selected=NOMINAL reason=SIDE_BOTH_FAILED_FALLBACK_NOMINAL
20260925_200523_419199	1790337986.767656962	0	[side-both-failed-fallback] drone=0 generation=183 nominal_id=883 L_status=0.466928:imp=0.0931485 R_status=FAILED selected=NOMINAL reason=SIDE_BOTH_FAILED_FALLBACK_NOMINAL
20260925_200523_419199	1790337986.792936386	0	[side-both-failed-fallback] drone=0 generation=183 nominal_id=886 L_status=0.432378:imp=0.114083 R_status=FAILED selected=NOMINAL reason=SIDE_BOTH_FAILED_FALLBACK_NOMINAL
20260925_200523_419199	1790337986.811325166	0	[side-both-failed-fallback] drone=0 generation=183 nominal_id=889 L_status=FAILED R_status=FAILED selected=NOMINAL reason=SIDE_BOTH_FAILED_FALLBACK_NOMINAL
20260925_200523_419199	1790337986.828767249	0	[side-both-failed-fallback] drone=0 generation=183 nominal_id=892 L_status=FAILED R_status=FAILED selected=NOMINAL reason=SIDE_BOTH_FAILED_FALLBACK_NOMINAL
20260925_200523_419199	1790337986.846873471	0	[side-both-failed-fallback] drone=0 generation=183 nominal_id=895 L_status=FAILED R_status=FAILED selected=NOMINAL reason=SIDE_BOTH_FAILED_FALLBACK_NOMINAL
20260925_200523_419199	1790337986.955188913	0	[side-both-failed-fallback] drone=0 generation=184 nominal_id=898 L_status=FAILED R_status=FAILED selected=NOMINAL reason=SIDE_BOTH_FAILED_FALLBACK_NOMINAL
20260925_200523_419199	1790337986.974565952	0	[side-both-failed-fallback] drone=0 generation=184 nominal_id=901 L_status=FAILED R_status=FAILED selected=NOMINAL reason=SIDE_BOTH_FAILED_FALLBACK_NOMINAL
20260925_200523_419199	1790337987.223501846	0	[side-both-failed-fallback] drone=0 generation=185 nominal_id=904 L_status=FAILED R_status=FAILED selected=NOMINAL reason=SIDE_BOTH_FAILED_FALLBACK_NOMINAL
20260925_200523_419199	1790337987.484709157	0	[side-both-failed-fallback] drone=0 generation=186 nominal_id=907 L_status=FAILED R_status=0.919907:imp=-0.00374419 selected=NOMINAL reason=SIDE_BOTH_FAILED_FALLBACK_NOMINAL
20260925_200523_419199	1790337987.767390095	0	[side-both-failed-fallback] drone=0 generation=187 nominal_id=910 L_status=0.9265:imp=0 R_status=0.9265:imp=0 selected=NOMINAL reason=SIDE_BOTH_FAILED_FALLBACK_NOMINAL
20260925_200523_419199	1790337988.050804916	0	[side-both-failed-fallback] drone=0 generation=188 nominal_id=913 L_status=1.00165:imp=0 R_status=1.00165:imp=0 selected=NOMINAL reason=SIDE_BOTH_FAILED_FALLBACK_NOMINAL
20260925_200523_419199	1790337988.315238102	0	[side-both-failed-fallback] drone=0 generation=189 nominal_id=916 L_status=1.13866:imp=0 R_status=1.13866:imp=0 selected=NOMINAL reason=SIDE_BOTH_FAILED_FALLBACK_NOMINAL
