run,uav_id,event_id,fallback_pair_no,fallback_log_time,logged_los_blocker_ids,side_plus_first_reason,side_minus_first_reason,side_plus_final_log,side_minus_final_log,side_plus_los_plane_log,side_minus_los_plane_log
20260925_190928_365841,0,2,1,1790334582.860363722,36,SFC_INFEASIBLE,SFC_INFEASIBLE,[candidate-final-status] drone_id=0 candidate_type=SIDE_PLUS obstacle_id=6 scp_success=0 final_success=0 reason=LOS_PLANE_SCP_FAILED duration=2.943163 max_vel=1.680773 max_acc=1.052961 max_jerk=5.408337 dynamic_clearance=5.835812 static_clearance=NA corridor_violation=-1.000000,[candidate-final-status] drone_id=0 candidate_type=SIDE_MINUS obstacle_id=6 scp_success=0 final_success=0 reason=LOS_PLANE_SCP_FAILED duration=3.157230 max_vel=1.582601 max_acc=1.017236 max_jerk=4.659524 dynamic_clearance=5.780420 static_clearance=NA corridor_violation=-1.000000,[los-plane-audit] drone=0 candidate_type=SIDE_PLUS LOS_BLOCKER_ID=36 LOS_OCCLUSION_ENTER_REL=0.000000 LOS_OCCLUSION_EXIT_REL=2.000000 LOS_SIDE_REACH_DEADLINE=0.000000 LOS_PLANE_ACTIVE_START=0.000000 LOS_PLANE_ACTIVE_END=2.000000 LOS_REACHED_SIDE=0 LOS_PLANE_CREATED=1 side_reached_time=-1.000000 occlusion_enter=0.000000 occlusion_exit=2.000000 constraint_clipped_to_seed_side=0,[los-plane-audit] drone=0 candidate_type=SIDE_MINUS LOS_BLOCKER_ID=36 LOS_OCCLUSION_ENTER_REL=0.000000 LOS_OCCLUSION_EXIT_REL=2.000000 LOS_SIDE_REACH_DEADLINE=0.000000 LOS_PLANE_ACTIVE_START=0.000000 LOS_PLANE_ACTIVE_END=2.000000 LOS_REACHED_SIDE=1 LOS_PLANE_CREATED=1 side_reached_time=0.626514 occlusion_enter=0.000000 occlusion_exit=2.000000 constraint_clipped_to_seed_side=0
20260925_190928_365841,0,2,2,1790334583.141750097,36,SFC_INFEASIBLE,OTHER_CONSTRUCTION_ACCEPTANCE_STALE,[candidate-final-status] drone_id=0 candidate_type=SIDE_PLUS obstacle_id=6 scp_success=0 final_success=0 reason=LOS_PLANE_SCP_FAILED duration=3.001628 max_vel=1.610036 max_acc=0.981119 max_jerk=5.081163 dynamic_clearance=5.590481 static_clearance=NA corridor_violation=-1.000000,[candidate-final-status] drone_id=0 candidate_type=SIDE_MINUS obstacle_id=6 scp_success=1 final_success=1 reason=MINCO_OK duration=3.190666 max_vel=1.575743 max_acc=0.797589 max_jerk=4.177825 dynamic_clearance=5.530300 static_clearance=NA corridor_violation=-1.000000,[los-plane-audit] drone=0 candidate_type=SIDE_PLUS LOS_BLOCKER_ID=36 LOS_OCCLUSION_ENTER_REL=0.000000 LOS_OCCLUSION_EXIT_REL=2.000000 LOS_SIDE_REACH_DEADLINE=0.000000 LOS_PLANE_ACTIVE_START=0.000000 LOS_PLANE_ACTIVE_END=2.000000 LOS_REACHED_SIDE=0 LOS_PLANE_CREATED=1 side_reached_time=-1.000000 occlusion_enter=0.000000 occlusion_exit=2.000000 constraint_clipped_to_seed_side=0,[los-plane-audit] drone=0 candidate_type=SIDE_MINUS LOS_BLOCKER_ID=36 LOS_OCCLUSION_ENTER_REL=0.000000 LOS_OCCLUSION_EXIT_REL=2.000000 LOS_SIDE_REACH_DEADLINE=0.000000 LOS_PLANE_ACTIVE_START=0.000000 LOS_PLANE_ACTIVE_END=2.000000 LOS_REACHED_SIDE=1 LOS_PLANE_CREATED=1 side_reached_time=0.000000 occlusion_enter=0.000000 occlusion_exit=2.000000 constraint_clipped_to_seed_side=0
20260925_190928_365841,0,3,1,1790334583.645899773,26,OTHER_CONSTRUCTION_ACCEPTANCE_STALE,STATIC_INFEASIBLE,[candidate-final-status] drone_id=0 candidate_type=SIDE_PLUS obstacle_id=6 scp_success=1 final_success=1 reason=MINCO_OK duration=3.454114 max_vel=2.837184 max_acc=5.615189 max_jerk=30.170588 dynamic_clearance=5.515563 static_clearance=NA corridor_violation=-1.000000,,[los-plane-audit] drone=0 candidate_type=SIDE_PLUS LOS_BLOCKER_ID=26 LOS_OCCLUSION_ENTER_REL=-1.000000 LOS_OCCLUSION_EXIT_REL=-1.000000 LOS_SIDE_REACH_DEADLINE=1.550000 LOS_PLANE_ACTIVE_START=1.550000 LOS_PLANE_ACTIVE_END=2.450000 LOS_REACHED_SIDE=1 LOS_PLANE_CREATED=1 side_reached_time=0.000000 occlusion_enter=1.550000 occlusion_exit=2.450000 constraint_clipped_to_seed_side=0,
20260925_190928_365841,0,3,2,1790334583.696214437,26,OTHER_CONSTRUCTION_ACCEPTANCE_STALE,OTHER_CONSTRUCTION_ACCEPTANCE_STALE,[candidate-final-status] drone_id=0 candidate_type=SIDE_PLUS obstacle_id=6 scp_success=1 final_success=1 reason=MINCO_OK duration=3.462076 max_vel=2.837430 max_acc=5.613763 max_jerk=30.204188 dynamic_clearance=5.478695 static_clearance=NA corridor_violation=-1.000000,[candidate-final-status] drone_id=0 candidate_type=SIDE_MINUS obstacle_id=6 scp_success=1 final_success=1 reason=MINCO_OK duration=4.323313 max_vel=1.311668 max_acc=1.815615 max_jerk=7.263613 dynamic_clearance=4.759939 static_clearance=NA corridor_violation=-1.000000,[los-plane-audit] drone=0 candidate_type=SIDE_PLUS LOS_BLOCKER_ID=26 LOS_OCCLUSION_ENTER_REL=-1.000000 LOS_OCCLUSION_EXIT_REL=-1.000000 LOS_SIDE_REACH_DEADLINE=1.550000 LOS_PLANE_ACTIVE_START=1.550000 LOS_PLANE_ACTIVE_END=2.450000 LOS_REACHED_SIDE=1 LOS_PLANE_CREATED=1 side_reached_time=0.000000 occlusion_enter=1.550000 occlusion_exit=2.450000 constraint_clipped_to_seed_side=0,[los-plane-audit] drone=0 candidate_type=SIDE_MINUS LOS_BLOCKER_ID=26 LOS_OCCLUSION_ENTER_REL=-1.000000 LOS_OCCLUSION_EXIT_REL=-1.000000 LOS_SIDE_REACH_DEADLINE=1.550000 LOS_PLANE_ACTIVE_START=1.550000 LOS_PLANE_ACTIVE_END=2.450000 LOS_REACHED_SIDE=0 LOS_PLANE_CREATED=0 status=RECOVERY_NOT_REACHED side_reached_time=-1.000000 occlusion_enter=1.550000 occlusion_exit=2.450000
20260925_190928_365841,0,3,3,1790334583.934157372,26,OTHER_CONSTRUCTION_ACCEPTANCE_STALE,STATIC_INFEASIBLE,[candidate-final-status] drone_id=0 candidate_type=SIDE_PLUS obstacle_id=6 scp_success=1 final_success=1 reason=MINCO_OK duration=3.953051 max_vel=1.563213 max_acc=1.608312 max_jerk=8.256672 dynamic_clearance=5.208304 static_clearance=NA corridor_violation=-1.000000,,[los-plane-audit] drone=0 candidate_type=SIDE_PLUS LOS_BLOCKER_ID=26 LOS_OCCLUSION_ENTER_REL=-1.000000 LOS_OCCLUSION_EXIT_REL=-1.000000 LOS_SIDE_REACH_DEADLINE=1.550000 LOS_PLANE_ACTIVE_START=1.550000 LOS_PLANE_ACTIVE_END=1.567487 LOS_REACHED_SIDE=1 LOS_PLANE_CREATED=1 side_reached_time=0.000000 occlusion_enter=1.550000 occlusion_exit=2.450000 constraint_clipped_to_seed_side=0,
20260925_190928_365841,0,3,4,1790334584.245955467,26,OTHER_CONSTRUCTION_ACCEPTANCE_STALE,OTHER_CONSTRUCTION_ACCEPTANCE_STALE,[candidate-final-status] drone_id=0 candidate_type=SIDE_PLUS obstacle_id=6 scp_success=1 final_success=1 reason=MINCO_OK duration=3.804097 max_vel=1.415042 max_acc=1.330527 max_jerk=4.450348 dynamic_clearance=4.843597 static_clearance=NA corridor_violation=-1.000000,[candidate-final-status] drone_id=0 candidate_type=SIDE_MINUS obstacle_id=6 scp_success=1 final_success=1 reason=MINCO_OK duration=4.721112 max_vel=1.249504 max_acc=2.171724 max_jerk=11.587546 dynamic_clearance=4.099468 static_clearance=NA corridor_violation=-1.000000,[los-plane-audit] drone=0 candidate_type=SIDE_PLUS LOS_BLOCKER_ID=26 LOS_OCCLUSION_ENTER_REL=-1.000000 LOS_OCCLUSION_EXIT_REL=-1.000000 LOS_SIDE_REACH_DEADLINE=1.550000 LOS_PLANE_ACTIVE_START=1.550000 LOS_PLANE_ACTIVE_END=1.380183 LOS_REACHED_SIDE=1 LOS_PLANE_CREATED=0 status=WINDOW_LIMITED side_reached_time=0.000000 occlusion_enter=1.550000 occlusion_exit=2.450000,
20260925_190928_365841,0,4,1,1790334585.284856081,26,SFC_INFEASIBLE,SFC_INFEASIBLE,[candidate-final-status] drone_id=0 candidate_type=SIDE_PLUS obstacle_id=6 scp_success=0 final_success=0 reason=LOS_PLANE_SCP_FAILED duration=3.255053 max_vel=1.589082 max_acc=0.978694 max_jerk=3.155911 dynamic_clearance=4.471882 static_clearance=NA corridor_violation=-1.000000,[candidate-final-status] drone_id=0 candidate_type=SIDE_MINUS obstacle_id=6 scp_success=0 final_success=0 reason=LOS_PLANE_SCP_FAILED duration=3.396943 max_vel=1.489667 max_acc=0.978694 max_jerk=2.461415 dynamic_clearance=4.459497 static_clearance=NA corridor_violation=-1.000000,[los-plane-audit] drone=0 candidate_type=SIDE_PLUS LOS_BLOCKER_ID=26 LOS_OCCLUSION_ENTER_REL=0.000000 LOS_OCCLUSION_EXIT_REL=2.000000 LOS_SIDE_REACH_DEADLINE=0.000000 LOS_PLANE_ACTIVE_START=0.000000 LOS_PLANE_ACTIVE_END=2.000000 LOS_REACHED_SIDE=0 LOS_PLANE_CREATED=1 side_reached_time=-1.000000 occlusion_enter=0.000000 occlusion_exit=2.000000 constraint_clipped_to_seed_side=0,[los-plane-audit] drone=0 candidate_type=SIDE_MINUS LOS_BLOCKER_ID=26 LOS_OCCLUSION_ENTER_REL=0.000000 LOS_OCCLUSION_EXIT_REL=2.000000 LOS_SIDE_REACH_DEADLINE=0.000000 LOS_PLANE_ACTIVE_START=0.000000 LOS_PLANE_ACTIVE_END=2.000000 LOS_REACHED_SIDE=1 LOS_PLANE_CREATED=1 side_reached_time=1.897035 occlusion_enter=0.000000 occlusion_exit=2.000000 constraint_clipped_to_seed_side=0
20260925_190928_365841,0,4,2,1790334585.543135166,26,SFC_INFEASIBLE,SFC_INFEASIBLE,[candidate-final-status] drone_id=0 candidate_type=SIDE_PLUS obstacle_id=6 scp_success=0 final_success=0 reason=LOS_PLANE_SCP_FAILED duration=3.126794 max_vel=1.579920 max_acc=0.796672 max_jerk=3.413599 dynamic_clearance=4.463522 static_clearance=NA corridor_violation=-1.000000,[candidate-final-status] drone_id=0 candidate_type=SIDE_MINUS obstacle_id=6 scp_success=0 final_success=0 reason=LOS_PLANE_SCP_FAILED duration=3.287970 max_vel=1.466300 max_acc=0.796672 max_jerk=2.662689 dynamic_clearance=4.459019 static_clearance=NA corridor_violation=-1.000000,[los-plane-audit] drone=0 candidate_type=SIDE_PLUS LOS_BLOCKER_ID=26 LOS_OCCLUSION_ENTER_REL=0.000000 LOS_OCCLUSION_EXIT_REL=2.000000 LOS_SIDE_REACH_DEADLINE=0.000000 LOS_PLANE_ACTIVE_START=0.000000 LOS_PLANE_ACTIVE_END=2.000000 LOS_REACHED_SIDE=0 LOS_PLANE_CREATED=1 side_reached_time=-1.000000 occlusion_enter=0.000000 occlusion_exit=2.000000 constraint_clipped_to_seed_side=0,[los-plane-audit] drone=0 candidate_type=SIDE_MINUS LOS_BLOCKER_ID=26 LOS_OCCLUSION_ENTER_REL=0.000000 LOS_OCCLUSION_EXIT_REL=2.000000 LOS_SIDE_REACH_DEADLINE=0.000000 LOS_PLANE_ACTIVE_START=0.000000 LOS_PLANE_ACTIVE_END=2.000000 LOS_REACHED_SIDE=1 LOS_PLANE_CREATED=1 side_reached_time=1.487338 occlusion_enter=0.000000 occlusion_exit=2.000000 constraint_clipped_to_seed_side=0
20260925_190928_365841,0,4,3,1790334585.818891525,26,SFC_INFEASIBLE,SFC_INFEASIBLE,[candidate-final-status] drone_id=0 candidate_type=SIDE_PLUS obstacle_id=6 scp_success=0 final_success=0 reason=LOS_PLANE_SCP_FAILED duration=3.073992 max_vel=1.546154 max_acc=0.756865 max_jerk=3.603535 dynamic_clearance=4.454148 static_clearance=NA corridor_violation=-1.000000,[candidate-final-status] drone_id=0 candidate_type=SIDE_MINUS obstacle_id=6 scp_success=0 final_success=0 reason=LOS_PLANE_SCP_FAILED duration=3.245519 max_vel=1.441234 max_acc=0.585178 max_jerk=2.810955 dynamic_clearance=4.454091 static_clearance=NA corridor_violation=-1.000000,[los-plane-audit] drone=0 candidate_type=SIDE_PLUS LOS_BLOCKER_ID=26 LOS_OCCLUSION_ENTER_REL=0.000000 LOS_OCCLUSION_EXIT_REL=2.000000 LOS_SIDE_REACH_DEADLINE=0.000000 LOS_PLANE_ACTIVE_START=0.000000 LOS_PLANE_ACTIVE_END=2.000000 LOS_REACHED_SIDE=0 LOS_PLANE_CREATED=1 side_reached_time=-1.000000 occlusion_enter=0.000000 occlusion_exit=2.000000 constraint_clipped_to_seed_side=0,[los-plane-audit] drone=0 candidate_type=SIDE_MINUS LOS_BLOCKER_ID=26 LOS_OCCLUSION_ENTER_REL=0.000000 LOS_OCCLUSION_EXIT_REL=2.000000 LOS_SIDE_REACH_DEADLINE=0.000000 LOS_PLANE_ACTIVE_START=0.000000 LOS_PLANE_ACTIVE_END=2.000000 LOS_REACHED_SIDE=1 LOS_PLANE_CREATED=1 side_reached_time=0.976319 occlusion_enter=0.000000 occlusion_exit=2.000000 constraint_clipped_to_seed_side=0
20260925_190928_365841,0,4,4,1790334586.092446327,26,SFC_INFEASIBLE,SFC_INFEASIBLE,[candidate-final-status] drone_id=0 candidate_type=SIDE_PLUS obstacle_id=6 scp_success=0 final_success=0 reason=LOS_PLANE_SCP_FAILED duration=3.074969 max_vel=1.486992 max_acc=0.729173 max_jerk=3.593448 dynamic_clearance=4.464927 static_clearance=NA corridor_violation=-1.000000,[candidate-final-status] drone_id=0 candidate_type=SIDE_MINUS obstacle_id=6 scp_success=0 final_success=0 reason=LOS_PLANE_SCP_FAILED duration=3.252230 max_vel=1.423122 max_acc=0.560452 max_jerk=2.794342 dynamic_clearance=4.465402 static_clearance=NA corridor_violation=-1.000000,[los-plane-audit] drone=0 candidate_type=SIDE_PLUS LOS_BLOCKER_ID=26 LOS_OCCLUSION_ENTER_REL=0.000000 LOS_OCCLUSION_EXIT_REL=2.000000 LOS_SIDE_REACH_DEADLINE=0.000000 LOS_PLANE_ACTIVE_START=0.000000 LOS_PLANE_ACTIVE_END=2.000000 LOS_REACHED_SIDE=0 LOS_PLANE_CREATED=1 side_reached_time=-1.000000 occlusion_enter=0.000000 occlusion_exit=2.000000 constraint_clipped_to_seed_side=0,[los-plane-audit] drone=0 candidate_type=SIDE_MINUS LOS_BLOCKER_ID=26 LOS_OCCLUSION_ENTER_REL=0.000000 LOS_OCCLUSION_EXIT_REL=2.000000 LOS_SIDE_REACH_DEADLINE=0.000000 LOS_PLANE_ACTIVE_START=0.000000 LOS_PLANE_ACTIVE_END=2.000000 LOS_REACHED_SIDE=1 LOS_PLANE_CREATED=1 side_reached_time=0.478044 occlusion_enter=0.000000 occlusion_exit=2.000000 constraint_clipped_to_seed_side=0
20260925_190928_365841,0,5,1,1790334598.068557024,28,OTHER_CONSTRUCTION_ACCEPTANCE_STALE,MINCO_FAILED_UNSPECIFIED,[candidate-final-status] drone_id=0 candidate_type=SIDE_PLUS obstacle_id=3 scp_success=1 final_success=1 reason=MINCO_OK duration=3.742012 max_vel=1.361648 max_acc=0.584925 max_jerk=2.415731 dynamic_clearance=5.236640 static_clearance=NA corridor_violation=-1.000000,[candidate-final-status] drone_id=0 candidate_type=SIDE_MINUS obstacle_id=3 scp_success=0 final_success=0 reason= duration=4.073403 max_vel=1.345755 max_acc=1.445032 max_jerk=6.250427 dynamic_clearance=5.236640 static_clearance=NA corridor_violation=-1.000000,[los-plane-audit] drone=0 candidate_type=SIDE_PLUS LOS_BLOCKER_ID=28 LOS_OCCLUSION_ENTER_REL=-1.000000 LOS_OCCLUSION_EXIT_REL=-1.000000 LOS_SIDE_REACH_DEADLINE=0.000000 LOS_PLANE_ACTIVE_START=0.000000 LOS_PLANE_ACTIVE_END=0.450000 LOS_REACHED_SIDE=1 LOS_PLANE_CREATED=1 side_reached_time=0.000000 occlusion_enter=0.000000 occlusion_exit=0.450000 constraint_clipped_to_seed_side=0,
20260925_190928_365841,0,5,2,1790334598.245024443,28,OTHER_CONSTRUCTION_ACCEPTANCE_STALE,STATIC_INFEASIBLE,[candidate-final-status] drone_id=0 candidate_type=SIDE_PLUS obstacle_id=3 scp_success=1 final_success=1 reason=MINCO_OK duration=3.663270 max_vel=1.385195 max_acc=0.564697 max_jerk=2.360018 dynamic_clearance=5.395874 static_clearance=NA corridor_violation=-1.000000,,[los-plane-audit] drone=0 candidate_type=SIDE_PLUS LOS_BLOCKER_ID=28 LOS_OCCLUSION_ENTER_REL=-1.000000 LOS_OCCLUSION_EXIT_REL=-1.000000 LOS_SIDE_REACH_DEADLINE=0.000000 LOS_PLANE_ACTIVE_START=0.000000 LOS_PLANE_ACTIVE_END=0.450000 LOS_REACHED_SIDE=1 LOS_PLANE_CREATED=1 side_reached_time=0.000000 occlusion_enter=0.000000 occlusion_exit=0.450000 constraint_clipped_to_seed_side=0,
20260925_190928_365841,0,5,3,1790334598.502611876,28,OTHER_CONSTRUCTION_ACCEPTANCE_STALE,OTHER_CONSTRUCTION_ACCEPTANCE_STALE,[candidate-final-status] drone_id=0 candidate_type=SIDE_PLUS obstacle_id=3 scp_success=1 final_success=1 reason=MINCO_OK duration=3.557204 max_vel=1.389387 max_acc=0.547593 max_jerk=2.361112 dynamic_clearance=5.529923 static_clearance=NA corridor_violation=-1.000000,[candidate-final-status] drone_id=0 candidate_type=SIDE_MINUS obstacle_id=3 scp_success=1 final_success=1 reason=MINCO_OK duration=3.614665 max_vel=1.333212 max_acc=0.473895 max_jerk=1.919549 dynamic_clearance=5.529923 static_clearance=NA corridor_violation=-1.000000,[los-plane-audit] drone=0 candidate_type=SIDE_PLUS LOS_BLOCKER_ID=28 LOS_OCCLUSION_ENTER_REL=-1.000000 LOS_OCCLUSION_EXIT_REL=-1.000000 LOS_SIDE_REACH_DEADLINE=0.000000 LOS_PLANE_ACTIVE_START=0.000000 LOS_PLANE_ACTIVE_END=0.450000 LOS_REACHED_SIDE=1 LOS_PLANE_CREATED=1 side_reached_time=0.000000 occlusion_enter=0.000000 occlusion_exit=0.450000 constraint_clipped_to_seed_side=0,[los-plane-audit] drone=0 candidate_type=SIDE_MINUS LOS_BLOCKER_ID=28 LOS_OCCLUSION_ENTER_REL=-1.000000 LOS_OCCLUSION_EXIT_REL=-1.000000 LOS_SIDE_REACH_DEADLINE=0.000000 LOS_PLANE_ACTIVE_START=0.000000 LOS_PLANE_ACTIVE_END=0.450000 LOS_REACHED_SIDE=0 LOS_PLANE_CREATED=0 status=RECOVERY_NOT_REACHED side_reached_time=-1.000000 occlusion_enter=0.000000 occlusion_exit=0.450000
20260925_190928_365841,0,5,4,1790334598.794794798,28,OTHER_CONSTRUCTION_ACCEPTANCE_STALE,OTHER_CONSTRUCTION_ACCEPTANCE_STALE,[candidate-final-status] drone_id=0 candidate_type=SIDE_PLUS obstacle_id=7 scp_success=1 final_success=1 reason=MINCO_OK duration=3.133721 max_vel=1.449631 max_acc=0.565916 max_jerk=2.253391 dynamic_clearance=5.187420 static_clearance=NA corridor_violation=-1.000000,[candidate-final-status] drone_id=0 candidate_type=SIDE_MINUS obstacle_id=7 scp_success=1 final_success=1 reason=MINCO_OK duration=3.203874 max_vel=1.388988 max_acc=0.522525 max_jerk=1.764774 dynamic_clearance=5.234746 static_clearance=NA corridor_violation=-1.000000,[los-plane-audit] drone=0 candidate_type=SIDE_PLUS LOS_BLOCKER_ID=28 LOS_OCCLUSION_ENTER_REL=-1.000000 LOS_OCCLUSION_EXIT_REL=-1.000000 LOS_SIDE_REACH_DEADLINE=1.550000 LOS_PLANE_ACTIVE_START=1.550000 LOS_PLANE_ACTIVE_END=1.236373 LOS_REACHED_SIDE=1 LOS_PLANE_CREATED=0 status=WINDOW_LIMITED side_reached_time=0.000000 occlusion_enter=1.550000 occlusion_exit=2.450000,[los-plane-audit] drone=0 candidate_type=SIDE_MINUS LOS_BLOCKER_ID=28 LOS_OCCLUSION_ENTER_REL=-1.000000 LOS_OCCLUSION_EXIT_REL=-1.000000 LOS_SIDE_REACH_DEADLINE=1.550000 LOS_PLANE_ACTIVE_START=1.550000 LOS_PLANE_ACTIVE_END=2.450000 LOS_REACHED_SIDE=0 LOS_PLANE_CREATED=0 status=RECOVERY_NOT_REACHED side_reached_time=-1.000000 occlusion_enter=1.550000 occlusion_exit=2.450000
20260925_190928_365841,0,5,5,1790334599.084636450,28,OTHER_CONSTRUCTION_ACCEPTANCE_STALE,OTHER_CONSTRUCTION_ACCEPTANCE_STALE,[candidate-final-status] drone_id=0 candidate_type=SIDE_PLUS obstacle_id=7 scp_success=1 final_success=1 reason=MINCO_OK duration=3.486354 max_vel=1.426702 max_acc=0.644443 max_jerk=3.027570 dynamic_clearance=4.988115 static_clearance=NA corridor_violation=-1.000000,[candidate-final-status] drone_id=0 candidate_type=SIDE_MINUS obstacle_id=7 scp_success=1 final_success=1 reason=MINCO_OK duration=3.614543 max_vel=1.339097 max_acc=0.533829 max_jerk=2.513922 dynamic_clearance=5.064309 static_clearance=NA corridor_violation=-1.000000,[los-plane-audit] drone=0 candidate_type=SIDE_PLUS LOS_BLOCKER_ID=28 LOS_OCCLUSION_ENTER_REL=-1.000000 LOS_OCCLUSION_EXIT_REL=-1.000000 LOS_SIDE_REACH_DEADLINE=1.550000 LOS_PLANE_ACTIVE_START=1.550000 LOS_PLANE_ACTIVE_END=0.705432 LOS_REACHED_SIDE=1 LOS_PLANE_CREATED=0 status=WINDOW_LIMITED side_reached_time=0.000000 occlusion_enter=1.550000 occlusion_exit=2.450000,[los-plane-audit] drone=0 candidate_type=SIDE_MINUS LOS_BLOCKER_ID=28 LOS_OCCLUSION_ENTER_REL=-1.000000 LOS_OCCLUSION_EXIT_REL=-1.000000 LOS_SIDE_REACH_DEADLINE=1.550000 LOS_PLANE_ACTIVE_START=1.550000 LOS_PLANE_ACTIVE_END=2.450000 LOS_REACHED_SIDE=0 LOS_PLANE_CREATED=0 status=RECOVERY_NOT_REACHED side_reached_time=-1.000000 occlusion_enter=1.550000 occlusion_exit=2.450000
20260925_190928_365841,0,5,6,1790334599.343212128,28,OTHER_CONSTRUCTION_ACCEPTANCE_STALE,OTHER_CONSTRUCTION_ACCEPTANCE_STALE,[candidate-final-status] drone_id=0 candidate_type=SIDE_PLUS obstacle_id=7 scp_success=1 final_success=1 reason=MINCO_OK duration=3.558043 max_vel=1.294452 max_acc=0.479785 max_jerk=2.297221 dynamic_clearance=4.777617 static_clearance=NA corridor_violation=-1.000000,[candidate-final-status] drone_id=0 candidate_type=SIDE_MINUS obstacle_id=7 scp_success=1 final_success=1 reason=MINCO_OK duration=3.533158 max_vel=1.300784 max_acc=0.488733 max_jerk=2.365229 dynamic_clearance=4.726247 static_clearance=NA corridor_violation=-1.000000,[los-plane-audit] drone=0 candidate_type=SIDE_PLUS LOS_BLOCKER_ID=28 LOS_OCCLUSION_ENTER_REL=-1.000000 LOS_OCCLUSION_EXIT_REL=-1.000000 LOS_SIDE_REACH_DEADLINE=2.400236 LOS_PLANE_ACTIVE_START=2.400236 LOS_PLANE_ACTIVE_END=0.350205 LOS_REACHED_SIDE=1 LOS_PLANE_CREATED=0 status=WINDOW_LIMITED side_reached_time=0.000000 occlusion_enter=2.400236 occlusion_exit=3.300236,[los-plane-audit] drone=0 candidate_type=SIDE_MINUS LOS_BLOCKER_ID=28 LOS_OCCLUSION_ENTER_REL=-1.000000 LOS_OCCLUSION_EXIT_REL=-1.000000 LOS_SIDE_REACH_DEADLINE=2.400236 LOS_PLANE_ACTIVE_START=2.400236 LOS_PLANE_ACTIVE_END=3.300236 LOS_REACHED_SIDE=0 LOS_PLANE_CREATED=0 status=RECOVERY_NOT_REACHED side_reached_time=-1.000000 occlusion_enter=2.400236 occlusion_exit=3.300236
20260925_190928_365841,0,5,7,1790334599.619679689,28,SFC_INFEASIBLE,SFC_INFEASIBLE,[candidate-final-status] drone_id=0 candidate_type=SIDE_PLUS obstacle_id=7 scp_success=0 final_success=0 reason=LOS_PLANE_SCP_FAILED duration=3.316963 max_vel=1.333190 max_acc=0.451383 max_jerk=2.386404 dynamic_clearance=4.380018 static_clearance=NA corridor_violation=-1.000000,[candidate-final-status] drone_id=0 candidate_type=SIDE_MINUS obstacle_id=7 scp_success=0 final_success=0 reason=LOS_PLANE_SCP_FAILED duration=3.307173 max_vel=1.331357 max_acc=0.462076 max_jerk=2.480120 dynamic_clearance=4.343259 static_clearance=NA corridor_violation=-1.000000,[los-plane-audit] drone=0 candidate_type=SIDE_PLUS LOS_BLOCKER_ID=28 LOS_OCCLUSION_ENTER_REL=0.000000 LOS_OCCLUSION_EXIT_REL=2.000000 LOS_SIDE_REACH_DEADLINE=0.000000 LOS_PLANE_ACTIVE_START=0.000000 LOS_PLANE_ACTIVE_END=2.000000 LOS_REACHED_SIDE=0 LOS_PLANE_CREATED=1 side_reached_time=-1.000000 occlusion_enter=0.000000 occlusion_exit=2.000000 constraint_clipped_to_seed_side=0,[los-plane-audit] drone=0 candidate_type=SIDE_MINUS LOS_BLOCKER_ID=28 LOS_OCCLUSION_ENTER_REL=0.000000 LOS_OCCLUSION_EXIT_REL=2.000000 LOS_SIDE_REACH_DEADLINE=0.000000 LOS_PLANE_ACTIVE_START=0.000000 LOS_PLANE_ACTIVE_END=2.000000 LOS_REACHED_SIDE=0 LOS_PLANE_CREATED=1 side_reached_time=-1.000000 occlusion_enter=0.000000 occlusion_exit=2.000000 constraint_clipped_to_seed_side=0
20260925_190928_365841,0,7,1,1790334636.502225637,13,OTHER_CONSTRUCTION_ACCEPTANCE_STALE,STATIC_INFEASIBLE,[candidate-final-status] drone_id=0 candidate_type=SIDE_PLUS obstacle_id=2 scp_success=1 final_success=1 reason=MINCO_OK duration=3.713789 max_vel=1.364196 max_acc=0.626979 max_jerk=2.479214 dynamic_clearance=2.014589 static_clearance=NA corridor_violation=-1.000000,,[los-plane-audit] drone=0 candidate_type=SIDE_PLUS LOS_BLOCKER_ID=13 LOS_OCCLUSION_ENTER_REL=-1.000000 LOS_OCCLUSION_EXIT_REL=-1.000000 LOS_SIDE_REACH_DEADLINE=0.650000 LOS_PLANE_ACTIVE_START=0.650000 LOS_PLANE_ACTIVE_END=1.550000 LOS_REACHED_SIDE=1 LOS_PLANE_CREATED=1 side_reached_time=0.000000 occlusion_enter=0.650000 occlusion_exit=1.550000 constraint_clipped_to_seed_side=0,
20260925_190928_365841,0,8,1,1790334637.041336536,13,OTHER_CONSTRUCTION_ACCEPTANCE_STALE,OTHER_CONSTRUCTION_ACCEPTANCE_STALE,[candidate-final-status] drone_id=0 candidate_type=SIDE_PLUS obstacle_id=2 scp_success=1 final_success=1 reason=MINCO_OK duration=3.733240 max_vel=1.386042 max_acc=0.711701 max_jerk=2.624574 dynamic_clearance=1.959413 static_clearance=NA corridor_violation=-1.000000,[candidate-final-status] drone_id=0 candidate_type=SIDE_MINUS obstacle_id=2 scp_success=1 final_success=1 reason=MINCO_OK duration=3.823727 max_vel=1.309100 max_acc=0.711701 max_jerk=2.991965 dynamic_clearance=1.975818 static_clearance=NA corridor_violation=-1.000000,[los-plane-audit] drone=0 candidate_type=SIDE_PLUS LOS_BLOCKER_ID=13 LOS_OCCLUSION_ENTER_REL=-1.000000 LOS_OCCLUSION_EXIT_REL=-1.000000 LOS_SIDE_REACH_DEADLINE=0.350000 LOS_PLANE_ACTIVE_START=0.350000 LOS_PLANE_ACTIVE_END=1.250000 LOS_REACHED_SIDE=1 LOS_PLANE_CREATED=1 side_reached_time=0.000000 occlusion_enter=0.350000 occlusion_exit=1.250000 constraint_clipped_to_seed_side=0,[los-plane-audit] drone=0 candidate_type=SIDE_MINUS LOS_BLOCKER_ID=13 LOS_OCCLUSION_ENTER_REL=-1.000000 LOS_OCCLUSION_EXIT_REL=-1.000000 LOS_SIDE_REACH_DEADLINE=0.350000 LOS_PLANE_ACTIVE_START=0.350000 LOS_PLANE_ACTIVE_END=1.250000 LOS_REACHED_SIDE=0 LOS_PLANE_CREATED=0 status=RECOVERY_NOT_REACHED side_reached_time=-1.000000 occlusion_enter=0.350000 occlusion_exit=1.250000
20260925_190928_365841,0,8,2,1790334637.332520962,13,OTHER_CONSTRUCTION_ACCEPTANCE_STALE,OTHER_CONSTRUCTION_ACCEPTANCE_STALE,[candidate-final-status] drone_id=0 candidate_type=SIDE_PLUS obstacle_id=2 scp_success=1 final_success=1 reason=MINCO_OK duration=3.646224 max_vel=1.409141 max_acc=0.662482 max_jerk=2.397967 dynamic_clearance=1.961470 static_clearance=NA corridor_violation=-1.000000,[candidate-final-status] drone_id=0 candidate_type=SIDE_MINUS obstacle_id=2 scp_success=1 final_success=1 reason=MINCO_OK duration=3.758512 max_vel=1.324158 max_acc=0.634376 max_jerk=2.152298 dynamic_clearance=1.964977 static_clearance=NA corridor_violation=-1.000000,[los-plane-audit] drone=0 candidate_type=SIDE_PLUS LOS_BLOCKER_ID=13 LOS_OCCLUSION_ENTER_REL=-1.000000 LOS_OCCLUSION_EXIT_REL=-1.000000 LOS_SIDE_REACH_DEADLINE=0.050000 LOS_PLANE_ACTIVE_START=0.050000 LOS_PLANE_ACTIVE_END=0.950000 LOS_REACHED_SIDE=1 LOS_PLANE_CREATED=1 side_reached_time=0.000000 occlusion_enter=0.050000 occlusion_exit=0.950000 constraint_clipped_to_seed_side=0,[los-plane-audit] drone=0 candidate_type=SIDE_MINUS LOS_BLOCKER_ID=13 LOS_OCCLUSION_ENTER_REL=-1.000000 LOS_OCCLUSION_EXIT_REL=-1.000000 LOS_SIDE_REACH_DEADLINE=0.050000 LOS_PLANE_ACTIVE_START=0.050000 LOS_PLANE_ACTIVE_END=0.950000 LOS_REACHED_SIDE=0 LOS_PLANE_CREATED=0 status=RECOVERY_NOT_REACHED side_reached_time=-1.000000 occlusion_enter=0.050000 occlusion_exit=0.950000
20260925_190928_365841,0,8,3,1790334637.606655836,13,OTHER_CONSTRUCTION_ACCEPTANCE_STALE,OTHER_CONSTRUCTION_ACCEPTANCE_STALE,[candidate-final-status] drone_id=0 candidate_type=SIDE_PLUS obstacle_id=2 scp_success=1 final_success=1 reason=MINCO_OK duration=3.556537 max_vel=1.446218 max_acc=0.682966 max_jerk=2.652895 dynamic_clearance=1.965153 static_clearance=NA corridor_violation=-1.000000,[candidate-final-status] drone_id=0 candidate_type=SIDE_MINUS obstacle_id=2 scp_success=1 final_success=1 reason=MINCO_OK duration=3.657723 max_vel=1.361109 max_acc=0.692145 max_jerk=2.067805 dynamic_clearance=1.965603 static_clearance=NA corridor_violation=-1.000000,[los-plane-audit] drone=0 candidate_type=SIDE_PLUS LOS_BLOCKER_ID=13 LOS_OCCLUSION_ENTER_REL=-1.000000 LOS_OCCLUSION_EXIT_REL=-1.000000 LOS_SIDE_REACH_DEADLINE=0.000000 LOS_PLANE_ACTIVE_START=0.000000 LOS_PLANE_ACTIVE_END=0.650000 LOS_REACHED_SIDE=1 LOS_PLANE_CREATED=1 side_reached_time=0.000000 occlusion_enter=0.000000 occlusion_exit=0.650000 constraint_clipped_to_seed_side=0,[los-plane-audit] drone=0 candidate_type=SIDE_MINUS LOS_BLOCKER_ID=13 LOS_OCCLUSION_ENTER_REL=-1.000000 LOS_OCCLUSION_EXIT_REL=-1.000000 LOS_SIDE_REACH_DEADLINE=0.000000 LOS_PLANE_ACTIVE_START=2.216397 LOS_PLANE_ACTIVE_END=0.650000 LOS_REACHED_SIDE=1 LOS_PLANE_CREATED=0 status=WINDOW_LIMITED side_reached_time=2.216397 occlusion_enter=0.000000 occlusion_exit=0.650000
20260925_190928_365841,0,8,4,1790334638.157981157,13,SFC_INFEASIBLE,OTHER_CONSTRUCTION_ACCEPTANCE_STALE,[candidate-final-status] drone_id=0 candidate_type=SIDE_PLUS obstacle_id=2 scp_success=0 final_success=0 reason=LOS_PLANE_SCP_FAILED duration=3.356069 max_vel=1.426314 max_acc=0.999172 max_jerk=2.686420 dynamic_clearance=2.001700 static_clearance=NA corridor_violation=-1.000000,[candidate-final-status] drone_id=0 candidate_type=SIDE_MINUS obstacle_id=2 scp_success=1 final_success=1 reason=MINCO_OK duration=3.489974 max_vel=1.320115 max_acc=0.999172 max_jerk=2.053090 dynamic_clearance=2.001700 static_clearance=NA corridor_violation=-1.000000,[los-plane-audit] drone=0 candidate_type=SIDE_PLUS LOS_BLOCKER_ID=13 LOS_OCCLUSION_ENTER_REL=-1.000000 LOS_OCCLUSION_EXIT_REL=-1.000000 LOS_SIDE_REACH_DEADLINE=0.000000 LOS_PLANE_ACTIVE_START=0.000000 LOS_PLANE_ACTIVE_END=0.450000 LOS_REACHED_SIDE=1 LOS_PLANE_CREATED=1 side_reached_time=0.000000 occlusion_enter=0.000000 occlusion_exit=0.450000 constraint_clipped_to_seed_side=0,[los-plane-audit] drone=0 candidate_type=SIDE_MINUS LOS_BLOCKER_ID=13 LOS_OCCLUSION_ENTER_REL=-1.000000 LOS_OCCLUSION_EXIT_REL=-1.000000 LOS_SIDE_REACH_DEADLINE=0.000000 LOS_PLANE_ACTIVE_START=2.130942 LOS_PLANE_ACTIVE_END=0.450000 LOS_REACHED_SIDE=1 LOS_PLANE_CREATED=0 status=WINDOW_LIMITED side_reached_time=2.130942 occlusion_enter=0.000000 occlusion_exit=0.450000
20260925_190928_365841,0,9,1,1790334638.728365421,13,SFC_INFEASIBLE,MINCO_FAILED_UNSPECIFIED,[candidate-final-status] drone_id=0 candidate_type=SIDE_PLUS obstacle_id=9 scp_success=0 final_success=0 reason=LOS_PLANE_SCP_FAILED duration=3.267249 max_vel=1.385922 max_acc=0.597625 max_jerk=2.873416 dynamic_clearance=1.635615 static_clearance=NA corridor_violation=-1.000000,[candidate-final-status] drone_id=0 candidate_type=SIDE_MINUS obstacle_id=9 scp_success=0 final_success=0 reason= duration=3.421021 max_vel=1.272208 max_acc=0.453832 max_jerk=2.200365 dynamic_clearance=1.740105 static_clearance=NA corridor_violation=-1.000000,[los-plane-audit] drone=0 candidate_type=SIDE_PLUS LOS_BLOCKER_ID=13 LOS_OCCLUSION_ENTER_REL=0.000000 LOS_OCCLUSION_EXIT_REL=2.000000 LOS_SIDE_REACH_DEADLINE=0.000000 LOS_PLANE_ACTIVE_START=0.000000 LOS_PLANE_ACTIVE_END=2.000000 LOS_REACHED_SIDE=0 LOS_PLANE_CREATED=1 side_reached_time=-1.000000 occlusion_enter=0.000000 occlusion_exit=2.000000 constraint_clipped_to_seed_side=0,[los-plane-audit] drone=0 candidate_type=SIDE_MINUS LOS_BLOCKER_ID=13 LOS_OCCLUSION_ENTER_REL=0.000000 LOS_OCCLUSION_EXIT_REL=2.000000 LOS_SIDE_REACH_DEADLINE=0.000000 LOS_PLANE_ACTIVE_START=0.000000 LOS_PLANE_ACTIVE_END=2.000000 LOS_REACHED_SIDE=1 LOS_PLANE_CREATED=1 side_reached_time=1.523174 occlusion_enter=0.000000 occlusion_exit=2.000000 constraint_clipped_to_seed_side=0
20260925_190928_365841,0,9,2,1790334638.986966848,13,SFC_INFEASIBLE,SFC_INFEASIBLE,[candidate-final-status] drone_id=0 candidate_type=SIDE_PLUS obstacle_id=9 scp_success=0 final_success=0 reason=LOS_PLANE_SCP_FAILED duration=2.733618 max_vel=1.541182 max_acc=0.480080 max_jerk=2.731276 dynamic_clearance=1.233184 static_clearance=NA corridor_violation=-1.000000,[candidate-final-status] drone_id=0 candidate_type=SIDE_MINUS obstacle_id=9 scp_success=0 final_success=0 reason=LOS_PLANE_SCP_FAILED duration=2.909726 max_vel=1.390563 max_acc=0.289695 max_jerk=1.827283 dynamic_clearance=1.403853 static_clearance=NA corridor_violation=-1.000000,[los-plane-audit] drone=0 candidate_type=SIDE_PLUS LOS_BLOCKER_ID=13 LOS_OCCLUSION_ENTER_REL=0.000000 LOS_OCCLUSION_EXIT_REL=2.000000 LOS_SIDE_REACH_DEADLINE=0.000000 LOS_PLANE_ACTIVE_START=0.000000 LOS_PLANE_ACTIVE_END=2.000000 LOS_REACHED_SIDE=0 LOS_PLANE_CREATED=1 side_reached_time=-1.000000 occlusion_enter=0.000000 occlusion_exit=2.000000 constraint_clipped_to_seed_side=0,[los-plane-audit] drone=0 candidate_type=SIDE_MINUS LOS_BLOCKER_ID=13 LOS_OCCLUSION_ENTER_REL=0.000000 LOS_OCCLUSION_EXIT_REL=2.000000 LOS_SIDE_REACH_DEADLINE=0.000000 LOS_PLANE_ACTIVE_START=0.000000 LOS_PLANE_ACTIVE_END=2.000000 LOS_REACHED_SIDE=1 LOS_PLANE_CREATED=1 side_reached_time=0.726695 occlusion_enter=0.000000 occlusion_exit=2.000000 constraint_clipped_to_seed_side=0
20260925_190928_365841,0,9,3,1790334639.276969671,13,SFC_INFEASIBLE,SFC_INFEASIBLE,[candidate-final-status] drone_id=0 candidate_type=SIDE_PLUS obstacle_id=9 scp_success=0 final_success=0 reason=LOS_PLANE_SCP_FAILED duration=3.167576 max_vel=1.423520 max_acc=0.688213 max_jerk=3.412829 dynamic_clearance=1.272577 static_clearance=NA corridor_violation=-1.000000,[candidate-final-status] drone_id=0 candidate_type=SIDE_MINUS obstacle_id=9 scp_success=0 final_success=0 reason=LOS_PLANE_SCP_FAILED duration=3.385358 max_vel=1.267037 max_acc=0.493892 max_jerk=2.529295 dynamic_clearance=1.388589 static_clearance=NA corridor_violation=-1.000000,[los-plane-audit] drone=0 candidate_type=SIDE_PLUS LOS_BLOCKER_ID=13 LOS_OCCLUSION_ENTER_REL=0.000000 LOS_OCCLUSION_EXIT_REL=2.000000 LOS_SIDE_REACH_DEADLINE=0.000000 LOS_PLANE_ACTIVE_START=0.000000 LOS_PLANE_ACTIVE_END=2.000000 LOS_REACHED_SIDE=0 LOS_PLANE_CREATED=1 side_reached_time=-1.000000 occlusion_enter=0.000000 occlusion_exit=2.000000 constraint_clipped_to_seed_side=0,[los-plane-audit] drone=0 candidate_type=SIDE_MINUS LOS_BLOCKER_ID=13 LOS_OCCLUSION_ENTER_REL=0.000000 LOS_OCCLUSION_EXIT_REL=2.000000 LOS_SIDE_REACH_DEADLINE=0.000000 LOS_PLANE_ACTIVE_START=0.000000 LOS_PLANE_ACTIVE_END=2.000000 LOS_REACHED_SIDE=1 LOS_PLANE_CREATED=1 side_reached_time=0.227245 occlusion_enter=0.000000 occlusion_exit=2.000000 constraint_clipped_to_seed_side=0
20260925_190928_365841,0,9,4,1790334639.571764469,,OTHER_CONSTRUCTION_ACCEPTANCE_STALE,OTHER_CONSTRUCTION_ACCEPTANCE_STALE,[candidate-final-status] drone_id=0 candidate_type=SIDE_PLUS obstacle_id=9 scp_success=1 final_success=1 reason=MINCO_OK duration=3.777759 max_vel=2.853851 max_acc=5.092982 max_jerk=15.914044 dynamic_clearance=1.693396 static_clearance=NA corridor_violation=-1.000000,[candidate-final-status] drone_id=0 candidate_type=SIDE_MINUS obstacle_id=9 scp_success=1 final_success=1 reason=MINCO_OK duration=3.959972 max_vel=1.252428 max_acc=0.968835 max_jerk=4.374705 dynamic_clearance=1.278258 static_clearance=NA corridor_violation=-1.000000,,
20260925_190928_365841,2,3,1,1790334643.628437042,10,STATIC_INFEASIBLE,OTHER_CONSTRUCTION_ACCEPTANCE_STALE,,[candidate-final-status] drone_id=2 candidate_type=SIDE_MINUS obstacle_id=10 scp_success=1 final_success=1 reason=MINCO_OK duration=3.227334 max_vel=3.193021 max_acc=5.411727 max_jerk=35.642057 dynamic_clearance=1.355563 static_clearance=NA corridor_violation=-1.000000,,[los-plane-audit] drone=2 candidate_type=SIDE_MINUS LOS_BLOCKER_ID=10 LOS_OCCLUSION_ENTER_REL=1.500000 LOS_OCCLUSION_EXIT_REL=2.000000 LOS_SIDE_REACH_DEADLINE=1.500000 LOS_PLANE_ACTIVE_START=1.500000 LOS_PLANE_ACTIVE_END=2.000000 LOS_REACHED_SIDE=1 LOS_PLANE_CREATED=1 side_reached_time=0.000000 occlusion_enter=1.500000 occlusion_exit=2.000000 constraint_clipped_to_seed_side=0
20260925_190928_365841,2,3,2,1790334643.648530722,10,MINCO_FAILED_UNSPECIFIED,OTHER_CONSTRUCTION_ACCEPTANCE_STALE,[candidate-final-status] drone_id=2 candidate_type=SIDE_PLUS obstacle_id=10 scp_success=0 final_success=0 reason= duration=3.582748 max_vel=1.408675 max_acc=1.148058 max_jerk=4.673396 dynamic_clearance=1.349318 static_clearance=NA corridor_violation=-1.000000,[candidate-final-status] drone_id=2 candidate_type=SIDE_MINUS obstacle_id=10 scp_success=1 final_success=1 reason=MINCO_OK duration=3.171161 max_vel=3.437525 max_acc=6.435457 max_jerk=41.609084 dynamic_clearance=1.366861 static_clearance=NA corridor_violation=-1.000000,[los-plane-audit] drone=2 candidate_type=SIDE_PLUS LOS_BLOCKER_ID=10 LOS_OCCLUSION_ENTER_REL=1.500000 LOS_OCCLUSION_EXIT_REL=2.000000 LOS_SIDE_REACH_DEADLINE=1.500000 LOS_PLANE_ACTIVE_START=1.500000 LOS_PLANE_ACTIVE_END=2.000000 LOS_REACHED_SIDE=1 LOS_PLANE_CREATED=1 side_reached_time=1.710683 occlusion_enter=1.500000 occlusion_exit=2.000000 constraint_clipped_to_seed_side=0,[los-plane-audit] drone=2 candidate_type=SIDE_MINUS LOS_BLOCKER_ID=10 LOS_OCCLUSION_ENTER_REL=1.500000 LOS_OCCLUSION_EXIT_REL=2.000000 LOS_SIDE_REACH_DEADLINE=1.500000 LOS_PLANE_ACTIVE_START=1.500000 LOS_PLANE_ACTIVE_END=2.000000 LOS_REACHED_SIDE=1 LOS_PLANE_CREATED=1 side_reached_time=0.000000 occlusion_enter=1.500000 occlusion_exit=2.000000 constraint_clipped_to_seed_side=0
20260925_190928_365841,2,3,3,1790334643.669678688,10,MINCO_FAILED_UNSPECIFIED,OTHER_CONSTRUCTION_ACCEPTANCE_STALE,[candidate-final-status] drone_id=2 candidate_type=SIDE_PLUS obstacle_id=10 scp_success=0 final_success=0 reason= duration=3.665477 max_vel=1.396324 max_acc=1.164451 max_jerk=4.668009 dynamic_clearance=1.333296 static_clearance=NA corridor_violation=-1.000000,[candidate-final-status] drone_id=2 candidate_type=SIDE_MINUS obstacle_id=10 scp_success=1 final_success=1 reason=MINCO_OK duration=3.163178 max_vel=3.384993 max_acc=6.310867 max_jerk=40.877233 dynamic_clearance=1.373385 static_clearance=NA corridor_violation=-1.000000,[los-plane-audit] drone=2 candidate_type=SIDE_PLUS LOS_BLOCKER_ID=10 LOS_OCCLUSION_ENTER_REL=1.400000 LOS_OCCLUSION_EXIT_REL=2.000000 LOS_SIDE_REACH_DEADLINE=1.400000 LOS_PLANE_ACTIVE_START=1.400000 LOS_PLANE_ACTIVE_END=2.000000 LOS_REACHED_SIDE=1 LOS_PLANE_CREATED=1 side_reached_time=1.705518 occlusion_enter=1.400000 occlusion_exit=2.000000 constraint_clipped_to_seed_side=0,[los-plane-audit] drone=2 candidate_type=SIDE_MINUS LOS_BLOCKER_ID=10 LOS_OCCLUSION_ENTER_REL=1.400000 LOS_OCCLUSION_EXIT_REL=2.000000 LOS_SIDE_REACH_DEADLINE=1.400000 LOS_PLANE_ACTIVE_START=1.400000 LOS_PLANE_ACTIVE_END=2.000000 LOS_REACHED_SIDE=1 LOS_PLANE_CREATED=1 side_reached_time=0.000000 occlusion_enter=1.400000 occlusion_exit=2.000000 constraint_clipped_to_seed_side=0
20260925_190928_365841,2,3,4,1790334643.694866657,10,MINCO_FAILED_UNSPECIFIED,OTHER_CONSTRUCTION_ACCEPTANCE_STALE,[candidate-final-status] drone_id=2 candidate_type=SIDE_PLUS obstacle_id=10 scp_success=0 final_success=0 reason= duration=3.455855 max_vel=1.459784 max_acc=1.162117 max_jerk=4.825858 dynamic_clearance=1.371901 static_clearance=NA corridor_violation=-1.000000,[candidate-final-status] drone_id=2 candidate_type=SIDE_MINUS obstacle_id=10 scp_success=1 final_success=1 reason=MINCO_OK duration=3.139567 max_vel=3.479619 max_acc=6.743373 max_jerk=43.411449 dynamic_clearance=1.376377 static_clearance=NA corridor_violation=-1.000000,[los-plane-audit] drone=2 candidate_type=SIDE_PLUS LOS_BLOCKER_ID=10 LOS_OCCLUSION_ENTER_REL=1.400000 LOS_OCCLUSION_EXIT_REL=2.000000 LOS_SIDE_REACH_DEADLINE=1.400000 LOS_PLANE_ACTIVE_START=1.400000 LOS_PLANE_ACTIVE_END=2.000000 LOS_REACHED_SIDE=1 LOS_PLANE_CREATED=1 side_reached_time=1.699319 occlusion_enter=1.400000 occlusion_exit=2.000000 constraint_clipped_to_seed_side=0,[los-plane-audit] drone=2 candidate_type=SIDE_MINUS LOS_BLOCKER_ID=10 LOS_OCCLUSION_ENTER_REL=1.400000 LOS_OCCLUSION_EXIT_REL=2.000000 LOS_SIDE_REACH_DEADLINE=1.400000 LOS_PLANE_ACTIVE_START=1.400000 LOS_PLANE_ACTIVE_END=2.000000 LOS_REACHED_SIDE=1 LOS_PLANE_CREATED=1 side_reached_time=0.000000 occlusion_enter=1.400000 occlusion_exit=2.000000 constraint_clipped_to_seed_side=0
20260925_190928_365841,2,3,5,1790334643.716378689,10,MINCO_FAILED_UNSPECIFIED,OTHER_CONSTRUCTION_ACCEPTANCE_STALE,[candidate-final-status] drone_id=2 candidate_type=SIDE_PLUS obstacle_id=10 scp_success=0 final_success=0 reason= duration=3.454322 max_vel=1.450595 max_acc=1.165093 max_jerk=4.888136 dynamic_clearance=1.376689 static_clearance=NA corridor_violation=-1.000000,[candidate-final-status] drone_id=2 candidate_type=SIDE_MINUS obstacle_id=10 scp_success=1 final_success=1 reason=MINCO_OK duration=3.158442 max_vel=3.471669 max_acc=6.587208 max_jerk=42.990354 dynamic_clearance=1.391197 static_clearance=NA corridor_violation=-1.000000,[los-plane-audit] drone=2 candidate_type=SIDE_PLUS LOS_BLOCKER_ID=10 LOS_OCCLUSION_ENTER_REL=1.400000 LOS_OCCLUSION_EXIT_REL=2.000000 LOS_SIDE_REACH_DEADLINE=1.400000 LOS_PLANE_ACTIVE_START=1.400000 LOS_PLANE_ACTIVE_END=2.000000 LOS_REACHED_SIDE=1 LOS_PLANE_CREATED=1 side_reached_time=1.693906 occlusion_enter=1.400000 occlusion_exit=2.000000 constraint_clipped_to_seed_side=0,[los-plane-audit] drone=2 candidate_type=SIDE_MINUS LOS_BLOCKER_ID=10 LOS_OCCLUSION_ENTER_REL=1.400000 LOS_OCCLUSION_EXIT_REL=2.000000 LOS_SIDE_REACH_DEADLINE=1.400000 LOS_PLANE_ACTIVE_START=1.400000 LOS_PLANE_ACTIVE_END=2.000000 LOS_REACHED_SIDE=1 LOS_PLANE_CREATED=1 side_reached_time=0.000000 occlusion_enter=1.400000 occlusion_exit=2.000000 constraint_clipped_to_seed_side=0
20260925_190928_365841,2,3,6,1790334643.744640112,10,STATIC_INFEASIBLE,MINCO_FAILED_UNSPECIFIED,,[candidate-final-status] drone_id=2 candidate_type=SIDE_MINUS obstacle_id=10 scp_success=0 final_success=0 reason= duration=3.331214 max_vel=1.808447 max_acc=1.478529 max_jerk=8.404194 dynamic_clearance=1.452998 static_clearance=NA corridor_violation=-1.000000,,[los-plane-audit] drone=2 candidate_type=SIDE_MINUS LOS_BLOCKER_ID=10 LOS_OCCLUSION_ENTER_REL=1.200000 LOS_OCCLUSION_EXIT_REL=1.800000 LOS_SIDE_REACH_DEADLINE=1.200000 LOS_PLANE_ACTIVE_START=1.200000 LOS_PLANE_ACTIVE_END=1.800000 LOS_REACHED_SIDE=1 LOS_PLANE_CREATED=1 side_reached_time=0.000000 occlusion_enter=1.200000 occlusion_exit=1.800000 constraint_clipped_to_seed_side=0
20260925_190928_365841,2,3,7,1790334643.769510508,10,STATIC_INFEASIBLE,MINCO_FAILED_UNSPECIFIED,,[candidate-final-status] drone_id=2 candidate_type=SIDE_MINUS obstacle_id=10 scp_success=0 final_success=0 reason= duration=3.339897 max_vel=1.790628 max_acc=1.473568 max_jerk=8.339116 dynamic_clearance=1.462711 static_clearance=NA corridor_violation=-1.000000,,[los-plane-audit] drone=2 candidate_type=SIDE_MINUS LOS_BLOCKER_ID=10 LOS_OCCLUSION_ENTER_REL=1.200000 LOS_OCCLUSION_EXIT_REL=1.800000 LOS_SIDE_REACH_DEADLINE=1.200000 LOS_PLANE_ACTIVE_START=1.200000 LOS_PLANE_ACTIVE_END=1.800000 LOS_REACHED_SIDE=1 LOS_PLANE_CREATED=1 side_reached_time=0.000000 occlusion_enter=1.200000 occlusion_exit=1.800000 constraint_clipped_to_seed_side=0
20260925_190928_365841,2,3,8,1790334643.794336557,10,STATIC_INFEASIBLE,MINCO_FAILED_UNSPECIFIED,,[candidate-final-status] drone_id=2 candidate_type=SIDE_MINUS obstacle_id=10 scp_success=0 final_success=0 reason= duration=3.243820 max_vel=1.849974 max_acc=1.472740 max_jerk=8.243747 dynamic_clearance=1.473454 static_clearance=NA corridor_violation=-1.000000,,[los-plane-audit] drone=2 candidate_type=SIDE_MINUS LOS_BLOCKER_ID=10 LOS_OCCLUSION_ENTER_REL=1.200000 LOS_OCCLUSION_EXIT_REL=1.700000 LOS_SIDE_REACH_DEADLINE=1.200000 LOS_PLANE_ACTIVE_START=1.200000 LOS_PLANE_ACTIVE_END=1.700000 LOS_REACHED_SIDE=1 LOS_PLANE_CREATED=1 side_reached_time=0.000000 occlusion_enter=1.200000 occlusion_exit=1.700000 constraint_clipped_to_seed_side=0
20260925_190928_365841,2,3,9,1790334644.282284737,10,OTHER_CONSTRUCTION_ACCEPTANCE_STALE,OTHER_CONSTRUCTION_ACCEPTANCE_STALE,[candidate-final-status] drone_id=2 candidate_type=SIDE_PLUS obstacle_id=10 scp_success=1 final_success=1 reason=MINCO_OK duration=3.187794 max_vel=3.345720 max_acc=7.145033 max_jerk=41.562332 dynamic_clearance=1.243852 static_clearance=NA corridor_violation=-1.000000,[candidate-final-status] drone_id=2 candidate_type=SIDE_MINUS obstacle_id=10 scp_success=1 final_success=1 reason=MINCO_OK duration=3.114004 max_vel=3.555292 max_acc=5.606590 max_jerk=18.944882 dynamic_clearance=1.443911 static_clearance=NA corridor_violation=-1.000000,[los-plane-audit] drone=2 candidate_type=SIDE_PLUS LOS_BLOCKER_ID=10 LOS_OCCLUSION_ENTER_REL=0.800000 LOS_OCCLUSION_EXIT_REL=1.400000 LOS_SIDE_REACH_DEADLINE=0.800000 LOS_PLANE_ACTIVE_START=0.800000 LOS_PLANE_ACTIVE_END=1.400000 LOS_REACHED_SIDE=1 LOS_PLANE_CREATED=1 side_reached_time=1.538830 occlusion_enter=0.800000 occlusion_exit=1.400000 constraint_clipped_to_seed_side=0,[los-plane-audit] drone=2 candidate_type=SIDE_MINUS LOS_BLOCKER_ID=10 LOS_OCCLUSION_ENTER_REL=0.800000 LOS_OCCLUSION_EXIT_REL=1.400000 LOS_SIDE_REACH_DEADLINE=0.800000 LOS_PLANE_ACTIVE_START=0.800000 LOS_PLANE_ACTIVE_END=1.400000 LOS_REACHED_SIDE=1 LOS_PLANE_CREATED=1 side_reached_time=0.000000 occlusion_enter=0.800000 occlusion_exit=1.400000 constraint_clipped_to_seed_side=0
20260925_190928_365841,2,3,10,1790334644.566866159,10,OTHER_CONSTRUCTION_ACCEPTANCE_STALE,OTHER_CONSTRUCTION_ACCEPTANCE_STALE,[candidate-final-status] drone_id=2 candidate_type=SIDE_PLUS obstacle_id=10 scp_success=1 final_success=1 reason=MINCO_OK duration=2.814770 max_vel=5.010969 max_acc=20.852995 max_jerk=153.635128 dynamic_clearance=1.226315 static_clearance=NA corridor_violation=-1.000000,[candidate-final-status] drone_id=2 candidate_type=SIDE_MINUS obstacle_id=10 scp_success=1 final_success=1 reason=MINCO_OK duration=2.757593 max_vel=4.226890 max_acc=9.602629 max_jerk=53.675178 dynamic_clearance=1.459060 static_clearance=NA corridor_violation=-1.000000,[los-plane-audit] drone=2 candidate_type=SIDE_PLUS LOS_BLOCKER_ID=10 LOS_OCCLUSION_ENTER_REL=0.500000 LOS_OCCLUSION_EXIT_REL=1.000000 LOS_SIDE_REACH_DEADLINE=0.500000 LOS_PLANE_ACTIVE_START=0.500000 LOS_PLANE_ACTIVE_END=1.000000 LOS_REACHED_SIDE=1 LOS_PLANE_CREATED=1 side_reached_time=1.321184 occlusion_enter=0.500000 occlusion_exit=1.000000 constraint_clipped_to_seed_side=0,[los-plane-audit] drone=2 candidate_type=SIDE_MINUS LOS_BLOCKER_ID=10 LOS_OCCLUSION_ENTER_REL=0.500000 LOS_OCCLUSION_EXIT_REL=1.000000 LOS_SIDE_REACH_DEADLINE=0.500000 LOS_PLANE_ACTIVE_START=0.500000 LOS_PLANE_ACTIVE_END=1.000000 LOS_REACHED_SIDE=1 LOS_PLANE_CREATED=1 side_reached_time=0.000000 occlusion_enter=0.500000 occlusion_exit=1.000000 constraint_clipped_to_seed_side=0
20260925_190928_365841,2,3,11,1790334644.837060690,10,MINCO_FAILED_UNSPECIFIED,OTHER_CONSTRUCTION_ACCEPTANCE_STALE,[candidate-final-status] drone_id=2 candidate_type=SIDE_PLUS obstacle_id=10 scp_success=0 final_success=0 reason= duration=2.653566 max_vel=2.364446 max_acc=1.726148 max_jerk=5.615840 dynamic_clearance=1.469034 static_clearance=NA corridor_violation=-1.000000,[candidate-final-status] drone_id=2 candidate_type=SIDE_MINUS obstacle_id=10 scp_success=1 final_success=1 reason=MINCO_OK duration=2.586819 max_vel=5.279301 max_acc=15.937809 max_jerk=113.785005 dynamic_clearance=1.405573 static_clearance=NA corridor_violation=-1.000000,[los-plane-audit] drone=2 candidate_type=SIDE_PLUS LOS_BLOCKER_ID=10 LOS_OCCLUSION_ENTER_REL=0.300000 LOS_OCCLUSION_EXIT_REL=0.800000 LOS_SIDE_REACH_DEADLINE=0.300000 LOS_PLANE_ACTIVE_START=0.300000 LOS_PLANE_ACTIVE_END=0.800000 LOS_REACHED_SIDE=1 LOS_PLANE_CREATED=1 side_reached_time=1.184155 occlusion_enter=0.300000 occlusion_exit=0.800000 constraint_clipped_to_seed_side=0,[los-plane-audit] drone=2 candidate_type=SIDE_MINUS LOS_BLOCKER_ID=10 LOS_OCCLUSION_ENTER_REL=0.300000 LOS_OCCLUSION_EXIT_REL=0.800000 LOS_SIDE_REACH_DEADLINE=0.300000 LOS_PLANE_ACTIVE_START=0.300000 LOS_PLANE_ACTIVE_END=0.800000 LOS_REACHED_SIDE=1 LOS_PLANE_CREATED=1 side_reached_time=0.000000 occlusion_enter=0.300000 occlusion_exit=0.800000 constraint_clipped_to_seed_side=0
20260925_190928_365841,2,3,12,1790334644.860057831,10,SFC_INFEASIBLE,OTHER_CONSTRUCTION_ACCEPTANCE_STALE,[candidate-final-status] drone_id=2 candidate_type=SIDE_PLUS obstacle_id=10 scp_success=0 final_success=0 reason=LOS_PLANE_SCP_FAILED duration=2.627212 max_vel=2.363302 max_acc=1.688947 max_jerk=5.707899 dynamic_clearance=1.472819 static_clearance=NA corridor_violation=-1.000000,[candidate-final-status] drone_id=2 candidate_type=SIDE_MINUS obstacle_id=10 scp_success=1 final_success=1 reason=MINCO_OK duration=2.576361 max_vel=5.395365 max_acc=16.268300 max_jerk=113.562230 dynamic_clearance=1.415782 static_clearance=NA corridor_violation=-1.000000,[los-plane-audit] drone=2 candidate_type=SIDE_PLUS LOS_BLOCKER_ID=10 LOS_OCCLUSION_ENTER_REL=0.200000 LOS_OCCLUSION_EXIT_REL=0.700000 LOS_SIDE_REACH_DEADLINE=0.200000 LOS_PLANE_ACTIVE_START=0.200000 LOS_PLANE_ACTIVE_END=0.700000 LOS_REACHED_SIDE=1 LOS_PLANE_CREATED=1 side_reached_time=1.177442 occlusion_enter=0.200000 occlusion_exit=0.700000 constraint_clipped_to_seed_side=0,[los-plane-audit] drone=2 candidate_type=SIDE_MINUS LOS_BLOCKER_ID=10 LOS_OCCLUSION_ENTER_REL=0.200000 LOS_OCCLUSION_EXIT_REL=0.700000 LOS_SIDE_REACH_DEADLINE=0.200000 LOS_PLANE_ACTIVE_START=0.200000 LOS_PLANE_ACTIVE_END=0.700000 LOS_REACHED_SIDE=1 LOS_PLANE_CREATED=1 side_reached_time=0.000000 occlusion_enter=0.200000 occlusion_exit=0.700000 constraint_clipped_to_seed_side=0
20260925_190928_365841,2,3,13,1790334645.123408318,10,SFC_INFEASIBLE,MINCO_FAILED_UNSPECIFIED,[candidate-final-status] drone_id=2 candidate_type=SIDE_PLUS obstacle_id=10 scp_success=0 final_success=0 reason=LOS_PLANE_SCP_FAILED duration=2.574293 max_vel=2.261993 max_acc=1.478482 max_jerk=5.684911 dynamic_clearance=1.467999 static_clearance=NA corridor_violation=-1.000000,[candidate-final-status] drone_id=2 candidate_type=SIDE_MINUS obstacle_id=10 scp_success=0 final_success=0 reason= duration=2.554802 max_vel=2.260749 max_acc=1.478482 max_jerk=6.808565 dynamic_clearance=1.466594 static_clearance=NA corridor_violation=-1.000000,[los-plane-audit] drone=2 candidate_type=SIDE_PLUS LOS_BLOCKER_ID=10 LOS_OCCLUSION_ENTER_REL=0.000000 LOS_OCCLUSION_EXIT_REL=0.500000 LOS_SIDE_REACH_DEADLINE=0.000000 LOS_PLANE_ACTIVE_START=0.000000 LOS_PLANE_ACTIVE_END=0.500000 LOS_REACHED_SIDE=1 LOS_PLANE_CREATED=1 side_reached_time=0.778524 occlusion_enter=0.000000 occlusion_exit=0.500000 constraint_clipped_to_seed_side=0,[los-plane-audit] drone=2 candidate_type=SIDE_MINUS LOS_BLOCKER_ID=10 LOS_OCCLUSION_ENTER_REL=0.000000 LOS_OCCLUSION_EXIT_REL=0.500000 LOS_SIDE_REACH_DEADLINE=0.000000 LOS_PLANE_ACTIVE_START=0.000000 LOS_PLANE_ACTIVE_END=0.500000 LOS_REACHED_SIDE=0 LOS_PLANE_CREATED=1 side_reached_time=-1.000000 occlusion_enter=0.000000 occlusion_exit=0.500000 constraint_clipped_to_seed_side=0
20260925_190928_365841,2,3,14,1790334645.374758482,10,MINCO_FAILED_UNSPECIFIED,SFC_INFEASIBLE,[candidate-final-status] drone_id=2 candidate_type=SIDE_PLUS obstacle_id=10 scp_success=0 final_success=0 reason= duration=2.686023 max_vel=1.998393 max_acc=1.135117 max_jerk=5.020405 dynamic_clearance=1.469520 static_clearance=NA corridor_violation=-1.000000,[candidate-final-status] drone_id=2 candidate_type=SIDE_MINUS obstacle_id=10 scp_success=0 final_success=0 reason=LOS_PLANE_SCP_FAILED duration=2.598766 max_vel=2.060931 max_acc=1.192316 max_jerk=5.706098 dynamic_clearance=1.469528 static_clearance=NA corridor_violation=-1.000000,[los-plane-audit] drone=2 candidate_type=SIDE_PLUS LOS_BLOCKER_ID=10 LOS_OCCLUSION_ENTER_REL=0.000000 LOS_OCCLUSION_EXIT_REL=0.200000 LOS_SIDE_REACH_DEADLINE=0.000000 LOS_PLANE_ACTIVE_START=0.000000 LOS_PLANE_ACTIVE_END=0.200000 LOS_REACHED_SIDE=1 LOS_PLANE_CREATED=1 side_reached_time=0.379535 occlusion_enter=0.000000 occlusion_exit=0.200000 constraint_clipped_to_seed_side=0,[los-plane-audit] drone=2 candidate_type=SIDE_MINUS LOS_BLOCKER_ID=10 LOS_OCCLUSION_ENTER_REL=0.000000 LOS_OCCLUSION_EXIT_REL=0.200000 LOS_SIDE_REACH_DEADLINE=0.000000 LOS_PLANE_ACTIVE_START=0.000000 LOS_PLANE_ACTIVE_END=0.200000 LOS_REACHED_SIDE=0 LOS_PLANE_CREATED=1 side_reached_time=-1.000000 occlusion_enter=0.000000 occlusion_exit=0.200000 constraint_clipped_to_seed_side=0
20260925_190928_365841,2,3,15,1790334645.669609547,14,SFC_INFEASIBLE,MINCO_FAILED_UNSPECIFIED,[candidate-final-status] drone_id=2 candidate_type=SIDE_PLUS obstacle_id=10 scp_success=0 final_success=0 reason=LOS_PLANE_SCP_FAILED duration=2.664438 max_vel=1.923762 max_acc=0.926249 max_jerk=4.702985 dynamic_clearance=1.492700 static_clearance=NA corridor_violation=-1.000000,[candidate-final-status] drone_id=2 candidate_type=SIDE_MINUS obstacle_id=10 scp_success=0 final_success=0 reason= duration=2.609414 max_vel=1.921342 max_acc=1.043995 max_jerk=5.384131 dynamic_clearance=1.492700 static_clearance=NA corridor_violation=-1.000000,[los-plane-audit] drone=2 candidate_type=SIDE_PLUS LOS_BLOCKER_ID=14 LOS_OCCLUSION_ENTER_REL=0.000000 LOS_OCCLUSION_EXIT_REL=2.000000 LOS_SIDE_REACH_DEADLINE=0.000000 LOS_PLANE_ACTIVE_START=0.000000 LOS_PLANE_ACTIVE_END=2.000000 LOS_REACHED_SIDE=1 LOS_PLANE_CREATED=1 side_reached_time=0.955138 occlusion_enter=0.000000 occlusion_exit=2.000000 constraint_clipped_to_seed_side=0,[los-plane-audit] drone=2 candidate_type=SIDE_MINUS LOS_BLOCKER_ID=14 LOS_OCCLUSION_ENTER_REL=0.000000 LOS_OCCLUSION_EXIT_REL=2.000000 LOS_SIDE_REACH_DEADLINE=0.000000 LOS_PLANE_ACTIVE_START=0.000000 LOS_PLANE_ACTIVE_END=2.000000 LOS_REACHED_SIDE=1 LOS_PLANE_CREATED=1 side_reached_time=0.000000 occlusion_enter=0.000000 occlusion_exit=2.000000 constraint_clipped_to_seed_side=0
20260925_190928_365841,2,3,16,1790334645.962016106,14,MINCO_FAILED_UNSPECIFIED,SFC_INFEASIBLE,[candidate-final-status] drone_id=2 candidate_type=SIDE_PLUS obstacle_id=10 scp_success=0 final_success=0 reason= duration=2.653587 max_vel=1.888698 max_acc=0.800178 max_jerk=4.277906 dynamic_clearance=1.602938 static_clearance=NA corridor_violation=-1.000000,[candidate-final-status] drone_id=2 candidate_type=SIDE_MINUS obstacle_id=10 scp_success=0 final_success=0 reason=LOS_PLANE_SCP_FAILED duration=2.527591 max_vel=1.888698 max_acc=0.957599 max_jerk=5.077903 dynamic_clearance=1.602938 static_clearance=NA corridor_violation=-1.000000,[los-plane-audit] drone=2 candidate_type=SIDE_PLUS LOS_BLOCKER_ID=14 LOS_OCCLUSION_ENTER_REL=0.000000 LOS_OCCLUSION_EXIT_REL=2.000000 LOS_SIDE_REACH_DEADLINE=0.000000 LOS_PLANE_ACTIVE_START=0.000000 LOS_PLANE_ACTIVE_END=2.000000 LOS_REACHED_SIDE=1 LOS_PLANE_CREATED=1 side_reached_time=0.436124 occlusion_enter=0.000000 occlusion_exit=2.000000 constraint_clipped_to_seed_side=0,[los-plane-audit] drone=2 candidate_type=SIDE_MINUS LOS_BLOCKER_ID=14 LOS_OCCLUSION_ENTER_REL=0.000000 LOS_OCCLUSION_EXIT_REL=2.000000 LOS_SIDE_REACH_DEADLINE=0.000000 LOS_PLANE_ACTIVE_START=0.000000 LOS_PLANE_ACTIVE_END=2.000000 LOS_REACHED_SIDE=0 LOS_PLANE_CREATED=1 side_reached_time=-1.000000 occlusion_enter=0.000000 occlusion_exit=2.000000 constraint_clipped_to_seed_side=0
20260925_190928_365841,2,3,17,1790334646.222970009,14,MINCO_FAILED_UNSPECIFIED,SFC_INFEASIBLE,[candidate-final-status] drone_id=2 candidate_type=SIDE_PLUS obstacle_id=10 scp_success=0 final_success=0 reason= duration=2.564968 max_vel=1.782762 max_acc=0.761555 max_jerk=4.298819 dynamic_clearance=1.759093 static_clearance=NA corridor_violation=-1.000000,[candidate-final-status] drone_id=2 candidate_type=SIDE_MINUS obstacle_id=10 scp_success=0 final_success=0 reason=LOS_PLANE_SCP_FAILED duration=2.474835 max_vel=1.782762 max_acc=0.864584 max_jerk=4.820854 dynamic_clearance=1.759093 static_clearance=NA corridor_violation=-1.000000,[los-plane-audit] drone=2 candidate_type=SIDE_PLUS LOS_BLOCKER_ID=14 LOS_OCCLUSION_ENTER_REL=0.000000 LOS_OCCLUSION_EXIT_REL=2.000000 LOS_SIDE_REACH_DEADLINE=0.000000 LOS_PLANE_ACTIVE_START=0.000000 LOS_PLANE_ACTIVE_END=2.000000 LOS_REACHED_SIDE=1 LOS_PLANE_CREATED=1 side_reached_time=0.098351 occlusion_enter=0.000000 occlusion_exit=2.000000 constraint_clipped_to_seed_side=0,[los-plane-audit] drone=2 candidate_type=SIDE_MINUS LOS_BLOCKER_ID=14 LOS_OCCLUSION_ENTER_REL=0.000000 LOS_OCCLUSION_EXIT_REL=2.000000 LOS_SIDE_REACH_DEADLINE=0.000000 LOS_PLANE_ACTIVE_START=0.000000 LOS_PLANE_ACTIVE_END=2.000000 LOS_REACHED_SIDE=0 LOS_PLANE_CREATED=1 side_reached_time=-1.000000 occlusion_enter=0.000000 occlusion_exit=2.000000 constraint_clipped_to_seed_side=0
20260925_190928_365841,1,2,1,1790334649.031200647,,STATIC_INFEASIBLE,STATIC_INFEASIBLE,,,,
20260925_190928_365841,1,2,2,1790334649.148038864,,STATIC_INFEASIBLE,STATIC_INFEASIBLE,,,,
20260925_190928_365841,1,2,3,1790334649.163086414,,STATIC_INFEASIBLE,STATIC_INFEASIBLE,,,,
20260925_190928_365841,1,2,4,1790334649.305694342,,STATIC_INFEASIBLE,STATIC_INFEASIBLE,,,,
20260925_190928_365841,1,2,5,1790334649.320722103,,STATIC_INFEASIBLE,STATIC_INFEASIBLE,,,,
20260925_190928_365841,1,2,6,1790334649.333459616,,STATIC_INFEASIBLE,STATIC_INFEASIBLE,,,,
20260925_200523_419199,0,1,1,1790337937.116602659,36,OTHER_CONSTRUCTION_ACCEPTANCE_STALE,OTHER_CONSTRUCTION_ACCEPTANCE_STALE,[candidate-final-status] drone_id=0 candidate_type=SIDE_PLUS obstacle_id=6 scp_success=1 final_success=1 reason=MINCO_OK duration=3.924955 max_vel=1.222316 max_acc=0.348417 max_jerk=1.349878 dynamic_clearance=6.252148 static_clearance=NA corridor_violation=-1.000000,[candidate-final-status] drone_id=0 candidate_type=SIDE_MINUS obstacle_id=6 scp_success=1 final_success=1 reason=MINCO_OK duration=3.947938 max_vel=1.187783 max_acc=0.287887 max_jerk=1.085894 dynamic_clearance=6.252148 static_clearance=NA corridor_violation=-1.000000,[los-plane-audit] drone=0 candidate_type=SIDE_PLUS LOS_BLOCKER_ID=36 LOS_OCCLUSION_ENTER_REL=-1.000000 LOS_OCCLUSION_EXIT_REL=-1.000000 LOS_SIDE_REACH_DEADLINE=0.000000 LOS_PLANE_ACTIVE_START=0.000000 LOS_PLANE_ACTIVE_END=0.450000 LOS_REACHED_SIDE=1 LOS_PLANE_CREATED=1 side_reached_time=0.000000 occlusion_enter=0.000000 occlusion_exit=0.450000 constraint_clipped_to_seed_side=0,[los-plane-audit] drone=0 candidate_type=SIDE_MINUS LOS_BLOCKER_ID=36 LOS_OCCLUSION_ENTER_REL=-1.000000 LOS_OCCLUSION_EXIT_REL=-1.000000 LOS_SIDE_REACH_DEADLINE=0.000000 LOS_PLANE_ACTIVE_START=0.000000 LOS_PLANE_ACTIVE_END=0.450000 LOS_REACHED_SIDE=0 LOS_PLANE_CREATED=0 status=RECOVERY_NOT_REACHED side_reached_time=-1.000000 occlusion_enter=0.000000 occlusion_exit=0.450000
20260925_200523_419199,0,1,2,1790337937.426392317,36,OTHER_CONSTRUCTION_ACCEPTANCE_STALE,OTHER_CONSTRUCTION_ACCEPTANCE_STALE,[candidate-final-status] drone_id=0 candidate_type=SIDE_PLUS obstacle_id=6 scp_success=1 final_success=1 reason=MINCO_OK duration=3.868905 max_vel=1.212090 max_acc=0.345809 max_jerk=1.403336 dynamic_clearance=6.489855 static_clearance=NA corridor_violation=-1.000000,[candidate-final-status] drone_id=0 candidate_type=SIDE_MINUS obstacle_id=6 scp_success=1 final_success=1 reason=MINCO_OK duration=3.889370 max_vel=1.179447 max_acc=0.291028 max_jerk=1.170826 dynamic_clearance=6.489855 static_clearance=NA corridor_violation=-1.000000,[los-plane-audit] drone=0 candidate_type=SIDE_PLUS LOS_BLOCKER_ID=36 LOS_OCCLUSION_ENTER_REL=-1.000000 LOS_OCCLUSION_EXIT_REL=-1.000000 LOS_SIDE_REACH_DEADLINE=0.000000 LOS_PLANE_ACTIVE_START=0.000000 LOS_PLANE_ACTIVE_END=0.450000 LOS_REACHED_SIDE=1 LOS_PLANE_CREATED=1 side_reached_time=0.000000 occlusion_enter=0.000000 occlusion_exit=0.450000 constraint_clipped_to_seed_side=0,[los-plane-audit] drone=0 candidate_type=SIDE_MINUS LOS_BLOCKER_ID=36 LOS_OCCLUSION_ENTER_REL=-1.000000 LOS_OCCLUSION_EXIT_REL=-1.000000 LOS_SIDE_REACH_DEADLINE=0.000000 LOS_PLANE_ACTIVE_START=0.000000 LOS_PLANE_ACTIVE_END=0.450000 LOS_REACHED_SIDE=0 LOS_PLANE_CREATED=0 status=RECOVERY_NOT_REACHED side_reached_time=-1.000000 occlusion_enter=0.000000 occlusion_exit=0.450000
20260925_200523_419199,0,2,1,1790337938.550652742,36,SFC_INFEASIBLE,SFC_INFEASIBLE,[candidate-final-status] drone_id=0 candidate_type=SIDE_PLUS obstacle_id=6 scp_success=0 final_success=0 reason=LOS_PLANE_SCP_FAILED duration=3.096725 max_vel=1.713168 max_acc=1.061001 max_jerk=5.228751 dynamic_clearance=6.077940 static_clearance=NA corridor_violation=-1.000000,[candidate-final-status] drone_id=0 candidate_type=SIDE_MINUS obstacle_id=6 scp_success=0 final_success=0 reason=LOS_PLANE_SCP_FAILED duration=3.244045 max_vel=1.589030 max_acc=0.904683 max_jerk=4.496007 dynamic_clearance=6.074862 static_clearance=NA corridor_violation=-1.000000,[los-plane-audit] drone=0 candidate_type=SIDE_PLUS LOS_BLOCKER_ID=36 LOS_OCCLUSION_ENTER_REL=0.000000 LOS_OCCLUSION_EXIT_REL=2.000000 LOS_SIDE_REACH_DEADLINE=0.000000 LOS_PLANE_ACTIVE_START=0.000000 LOS_PLANE_ACTIVE_END=2.000000 LOS_REACHED_SIDE=0 LOS_PLANE_CREATED=1 side_reached_time=-1.000000 occlusion_enter=0.000000 occlusion_exit=2.000000 constraint_clipped_to_seed_side=0,[los-plane-audit] drone=0 candidate_type=SIDE_MINUS LOS_BLOCKER_ID=36 LOS_OCCLUSION_ENTER_REL=0.000000 LOS_OCCLUSION_EXIT_REL=2.000000 LOS_SIDE_REACH_DEADLINE=0.000000 LOS_PLANE_ACTIVE_START=0.000000 LOS_PLANE_ACTIVE_END=2.000000 LOS_REACHED_SIDE=1 LOS_PLANE_CREATED=1 side_reached_time=1.466564 occlusion_enter=0.000000 occlusion_exit=2.000000 constraint_clipped_to_seed_side=0
20260925_200523_419199,0,2,2,1790337938.807878017,36,SFC_INFEASIBLE,SFC_INFEASIBLE,[candidate-final-status] drone_id=0 candidate_type=SIDE_PLUS obstacle_id=6 scp_success=0 final_success=0 reason=LOS_PLANE_SCP_FAILED duration=3.032050 max_vel=1.700005 max_acc=1.058907 max_jerk=5.285757 dynamic_clearance=5.834123 static_clearance=NA corridor_violation=-1.000000,[candidate-final-status] drone_id=0 candidate_type=SIDE_MINUS obstacle_id=6 scp_success=0 final_success=0 reason=LOS_PLANE_SCP_FAILED duration=3.156310 max_vel=1.591905 max_acc=0.919619 max_jerk=4.630045 dynamic_clearance=5.820444 static_clearance=NA corridor_violation=-1.000000,[los-plane-audit] drone=0 candidate_type=SIDE_PLUS LOS_BLOCKER_ID=36 LOS_OCCLUSION_ENTER_REL=0.000000 LOS_OCCLUSION_EXIT_REL=2.000000 LOS_SIDE_REACH_DEADLINE=0.000000 LOS_PLANE_ACTIVE_START=0.000000 LOS_PLANE_ACTIVE_END=2.000000 LOS_REACHED_SIDE=0 LOS_PLANE_CREATED=1 side_reached_time=-1.000000 occlusion_enter=0.000000 occlusion_exit=2.000000 constraint_clipped_to_seed_side=0,[los-plane-audit] drone=0 candidate_type=SIDE_MINUS LOS_BLOCKER_ID=36 LOS_OCCLUSION_ENTER_REL=0.000000 LOS_OCCLUSION_EXIT_REL=2.000000 LOS_SIDE_REACH_DEADLINE=0.000000 LOS_PLANE_ACTIVE_START=0.000000 LOS_PLANE_ACTIVE_END=2.000000 LOS_REACHED_SIDE=1 LOS_PLANE_CREATED=1 side_reached_time=0.836459 occlusion_enter=0.000000 occlusion_exit=2.000000 constraint_clipped_to_seed_side=0
20260925_200523_419199,0,2,3,1790337939.089468718,36,SFC_INFEASIBLE,OTHER_CONSTRUCTION_ACCEPTANCE_STALE,[candidate-final-status] drone_id=0 candidate_type=SIDE_PLUS obstacle_id=6 scp_success=0 final_success=0 reason=LOS_PLANE_SCP_FAILED duration=3.010169 max_vel=1.687566 max_acc=1.035376 max_jerk=5.147228 dynamic_clearance=5.593839 static_clearance=NA corridor_violation=-1.000000,[candidate-final-status] drone_id=0 candidate_type=SIDE_MINUS obstacle_id=6 scp_success=1 final_success=1 reason=MINCO_OK duration=3.161459 max_vel=1.566511 max_acc=0.876737 max_jerk=4.380640 dynamic_clearance=5.566335 static_clearance=NA corridor_violation=-1.000000,[los-plane-audit] drone=0 candidate_type=SIDE_PLUS LOS_BLOCKER_ID=36 LOS_OCCLUSION_ENTER_REL=0.000000 LOS_OCCLUSION_EXIT_REL=2.000000 LOS_SIDE_REACH_DEADLINE=0.000000 LOS_PLANE_ACTIVE_START=0.000000 LOS_PLANE_ACTIVE_END=2.000000 LOS_REACHED_SIDE=0 LOS_PLANE_CREATED=1 side_reached_time=-1.000000 occlusion_enter=0.000000 occlusion_exit=2.000000 constraint_clipped_to_seed_side=0,[los-plane-audit] drone=0 candidate_type=SIDE_MINUS LOS_BLOCKER_ID=36 LOS_OCCLUSION_ENTER_REL=0.000000 LOS_OCCLUSION_EXIT_REL=2.000000 LOS_SIDE_REACH_DEADLINE=0.000000 LOS_PLANE_ACTIVE_START=0.000000 LOS_PLANE_ACTIVE_END=2.000000 LOS_REACHED_SIDE=1 LOS_PLANE_CREATED=1 side_reached_time=0.000000 occlusion_enter=0.000000 occlusion_exit=2.000000 constraint_clipped_to_seed_side=0
20260925_200523_419199,0,3,1,1790337939.781777620,26,OTHER_CONSTRUCTION_ACCEPTANCE_STALE,STATIC_INFEASIBLE,[candidate-final-status] drone_id=0 candidate_type=SIDE_PLUS obstacle_id=6 scp_success=1 final_success=1 reason=MINCO_OK duration=3.242372 max_vel=3.984620 max_acc=9.941596 max_jerk=55.220885 dynamic_clearance=5.414821 static_clearance=NA corridor_violation=-1.000000,,[los-plane-audit] drone=0 candidate_type=SIDE_PLUS LOS_BLOCKER_ID=26 LOS_OCCLUSION_ENTER_REL=-1.000000 LOS_OCCLUSION_EXIT_REL=-1.000000 LOS_SIDE_REACH_DEADLINE=1.550000 LOS_PLANE_ACTIVE_START=1.550000 LOS_PLANE_ACTIVE_END=2.450000 LOS_REACHED_SIDE=1 LOS_PLANE_CREATED=1 side_reached_time=0.000000 occlusion_enter=1.550000 occlusion_exit=2.450000 constraint_clipped_to_seed_side=0,
20260925_200523_419199,0,3,2,1790337939.886666775,26,OTHER_CONSTRUCTION_ACCEPTANCE_STALE,OTHER_CONSTRUCTION_ACCEPTANCE_STALE,[candidate-final-status] drone_id=0 candidate_type=SIDE_PLUS obstacle_id=6 scp_success=1 final_success=1 reason=MINCO_OK duration=3.329201 max_vel=3.754245 max_acc=8.716171 max_jerk=49.331670 dynamic_clearance=5.353815 static_clearance=NA corridor_violation=-1.000000,[candidate-final-status] drone_id=0 candidate_type=SIDE_MINUS obstacle_id=6 scp_success=1 final_success=1 reason=MINCO_OK duration=4.259818 max_vel=1.207235 max_acc=1.466322 max_jerk=7.691628 dynamic_clearance=4.598476 static_clearance=NA corridor_violation=-1.000000,[los-plane-audit] drone=0 candidate_type=SIDE_PLUS LOS_BLOCKER_ID=26 LOS_OCCLUSION_ENTER_REL=-1.000000 LOS_OCCLUSION_EXIT_REL=-1.000000 LOS_SIDE_REACH_DEADLINE=1.550000 LOS_PLANE_ACTIVE_START=1.550000 LOS_PLANE_ACTIVE_END=2.450000 LOS_REACHED_SIDE=1 LOS_PLANE_CREATED=1 side_reached_time=0.000000 occlusion_enter=1.550000 occlusion_exit=2.450000 constraint_clipped_to_seed_side=0,[los-plane-audit] drone=0 candidate_type=SIDE_MINUS LOS_BLOCKER_ID=26 LOS_OCCLUSION_ENTER_REL=-1.000000 LOS_OCCLUSION_EXIT_REL=-1.000000 LOS_SIDE_REACH_DEADLINE=1.550000 LOS_PLANE_ACTIVE_START=1.550000 LOS_PLANE_ACTIVE_END=2.450000 LOS_REACHED_SIDE=0 LOS_PLANE_CREATED=0 status=RECOVERY_NOT_REACHED side_reached_time=-1.000000 occlusion_enter=1.550000 occlusion_exit=2.450000
20260925_200523_419199,0,3,3,1790337940.043089867,26,OTHER_CONSTRUCTION_ACCEPTANCE_STALE,OTHER_CONSTRUCTION_ACCEPTANCE_STALE,[candidate-final-status] drone_id=0 candidate_type=SIDE_PLUS obstacle_id=6 scp_success=1 final_success=1 reason=MINCO_OK duration=3.610484 max_vel=2.395771 max_acc=2.706325 max_jerk=16.553179 dynamic_clearance=5.026927 static_clearance=NA corridor_violation=-1.000000,[candidate-final-status] drone_id=0 candidate_type=SIDE_MINUS obstacle_id=6 scp_success=1 final_success=1 reason=MINCO_OK duration=4.058039 max_vel=1.537096 max_acc=2.626795 max_jerk=15.008390 dynamic_clearance=4.249074 static_clearance=NA corridor_violation=-1.000000,[los-plane-audit] drone=0 candidate_type=SIDE_PLUS LOS_BLOCKER_ID=26 LOS_OCCLUSION_ENTER_REL=-1.000000 LOS_OCCLUSION_EXIT_REL=-1.000000 LOS_SIDE_REACH_DEADLINE=1.550000 LOS_PLANE_ACTIVE_START=1.550000 LOS_PLANE_ACTIVE_END=2.031503 LOS_REACHED_SIDE=1 LOS_PLANE_CREATED=1 side_reached_time=0.000000 occlusion_enter=1.550000 occlusion_exit=2.450000 constraint_clipped_to_seed_side=0,
20260925_200523_419199,0,3,4,1790337940.073642254,26,OTHER_CONSTRUCTION_ACCEPTANCE_STALE,OTHER_CONSTRUCTION_ACCEPTANCE_STALE,[candidate-final-status] drone_id=0 candidate_type=SIDE_PLUS obstacle_id=6 scp_success=1 final_success=1 reason=MINCO_OK duration=3.600161 max_vel=2.195041 max_acc=2.015725 max_jerk=10.887065 dynamic_clearance=4.906212 static_clearance=NA corridor_violation=-1.000000,[candidate-final-status] drone_id=0 candidate_type=SIDE_MINUS obstacle_id=6 scp_success=1 final_success=1 reason=MINCO_OK duration=4.092958 max_vel=1.470816 max_acc=1.401722 max_jerk=6.661141 dynamic_clearance=4.423188 static_clearance=NA corridor_violation=-1.000000,[los-plane-audit] drone=0 candidate_type=SIDE_PLUS LOS_BLOCKER_ID=26 LOS_OCCLUSION_ENTER_REL=-1.000000 LOS_OCCLUSION_EXIT_REL=-1.000000 LOS_SIDE_REACH_DEADLINE=1.550000 LOS_PLANE_ACTIVE_START=1.550000 LOS_PLANE_ACTIVE_END=1.894767 LOS_REACHED_SIDE=1 LOS_PLANE_CREATED=1 side_reached_time=0.000000 occlusion_enter=1.550000 occlusion_exit=2.450000 constraint_clipped_to_seed_side=0,[los-plane-audit] drone=0 candidate_type=SIDE_MINUS LOS_BLOCKER_ID=26 LOS_OCCLUSION_ENTER_REL=-1.000000 LOS_OCCLUSION_EXIT_REL=-1.000000 LOS_SIDE_REACH_DEADLINE=1.550000 LOS_PLANE_ACTIVE_START=1.550000 LOS_PLANE_ACTIVE_END=2.450000 LOS_REACHED_SIDE=0 LOS_PLANE_CREATED=0 status=RECOVERY_NOT_REACHED side_reached_time=-1.000000 occlusion_enter=1.550000 occlusion_exit=2.450000
20260925_200523_419199,0,4,1,1790337941.333878040,26,SFC_INFEASIBLE,SFC_INFEASIBLE,[candidate-final-status] drone_id=0 candidate_type=SIDE_PLUS obstacle_id=6 scp_success=0 final_success=0 reason=LOS_PLANE_SCP_FAILED duration=3.142831 max_vel=1.661616 max_acc=0.808504 max_jerk=3.654324 dynamic_clearance=4.506926 static_clearance=NA corridor_violation=-1.000000,[candidate-final-status] drone_id=0 candidate_type=SIDE_MINUS obstacle_id=6 scp_success=0 final_success=0 reason=LOS_PLANE_SCP_FAILED duration=3.270100 max_vel=1.554064 max_acc=0.703814 max_jerk=3.681891 dynamic_clearance=4.497569 static_clearance=NA corridor_violation=-1.000000,[los-plane-audit] drone=0 candidate_type=SIDE_PLUS LOS_BLOCKER_ID=26 LOS_OCCLUSION_ENTER_REL=0.000000 LOS_OCCLUSION_EXIT_REL=2.000000 LOS_SIDE_REACH_DEADLINE=0.000000 LOS_PLANE_ACTIVE_START=0.000000 LOS_PLANE_ACTIVE_END=2.000000 LOS_REACHED_SIDE=0 LOS_PLANE_CREATED=1 side_reached_time=-1.000000 occlusion_enter=0.000000 occlusion_exit=2.000000 constraint_clipped_to_seed_side=0,[los-plane-audit] drone=0 candidate_type=SIDE_MINUS LOS_BLOCKER_ID=26 LOS_OCCLUSION_ENTER_REL=0.000000 LOS_OCCLUSION_EXIT_REL=2.000000 LOS_SIDE_REACH_DEADLINE=0.000000 LOS_PLANE_ACTIVE_START=0.000000 LOS_PLANE_ACTIVE_END=2.000000 LOS_REACHED_SIDE=1 LOS_PLANE_CREATED=1 side_reached_time=1.732382 occlusion_enter=0.000000 occlusion_exit=2.000000 constraint_clipped_to_seed_side=0
20260925_200523_419199,0,4,2,1790337941.632277966,26,SFC_INFEASIBLE,SFC_INFEASIBLE,[candidate-final-status] drone_id=0 candidate_type=SIDE_PLUS obstacle_id=6 scp_success=0 final_success=0 reason=LOS_PLANE_SCP_FAILED duration=3.022022 max_vel=1.674226 max_acc=0.839720 max_jerk=3.723425 dynamic_clearance=4.488608 static_clearance=NA corridor_violation=-1.000000,[candidate-final-status] drone_id=0 candidate_type=SIDE_MINUS obstacle_id=6 scp_success=0 final_success=0 reason=LOS_PLANE_SCP_FAILED duration=3.171209 max_vel=1.545676 max_acc=0.672017 max_jerk=2.961830 dynamic_clearance=4.487182 static_clearance=NA corridor_violation=-1.000000,[los-plane-audit] drone=0 candidate_type=SIDE_PLUS LOS_BLOCKER_ID=26 LOS_OCCLUSION_ENTER_REL=0.000000 LOS_OCCLUSION_EXIT_REL=2.000000 LOS_SIDE_REACH_DEADLINE=0.000000 LOS_PLANE_ACTIVE_START=0.000000 LOS_PLANE_ACTIVE_END=2.000000 LOS_REACHED_SIDE=0 LOS_PLANE_CREATED=1 side_reached_time=-1.000000 occlusion_enter=0.000000 occlusion_exit=2.000000 constraint_clipped_to_seed_side=0,[los-plane-audit] drone=0 candidate_type=SIDE_MINUS LOS_BLOCKER_ID=26 LOS_OCCLUSION_ENTER_REL=0.000000 LOS_OCCLUSION_EXIT_REL=2.000000 LOS_SIDE_REACH_DEADLINE=0.000000 LOS_PLANE_ACTIVE_START=0.000000 LOS_PLANE_ACTIVE_END=2.000000 LOS_REACHED_SIDE=1 LOS_PLANE_CREATED=1 side_reached_time=1.471400 occlusion_enter=0.000000 occlusion_exit=2.000000 constraint_clipped_to_seed_side=0
20260925_200523_419199,0,4,3,1790337941.903311253,26,SFC_INFEASIBLE,SFC_INFEASIBLE,[candidate-final-status] drone_id=0 candidate_type=SIDE_PLUS obstacle_id=6 scp_success=0 final_success=0 reason=LOS_PLANE_SCP_FAILED duration=2.970280 max_vel=1.649009 max_acc=0.831735 max_jerk=3.806985 dynamic_clearance=4.503962 static_clearance=NA corridor_violation=-1.000000,[candidate-final-status] drone_id=0 candidate_type=SIDE_MINUS obstacle_id=6 scp_success=0 final_success=0 reason=LOS_PLANE_SCP_FAILED duration=3.119187 max_vel=1.518227 max_acc=0.661266 max_jerk=3.023814 dynamic_clearance=4.504640 static_clearance=NA corridor_violation=-1.000000,[los-plane-audit] drone=0 candidate_type=SIDE_PLUS LOS_BLOCKER_ID=26 LOS_OCCLUSION_ENTER_REL=0.000000 LOS_OCCLUSION_EXIT_REL=2.000000 LOS_SIDE_REACH_DEADLINE=0.000000 LOS_PLANE_ACTIVE_START=0.000000 LOS_PLANE_ACTIVE_END=2.000000 LOS_REACHED_SIDE=0 LOS_PLANE_CREATED=1 side_reached_time=-1.000000 occlusion_enter=0.000000 occlusion_exit=2.000000 constraint_clipped_to_seed_side=0,[los-plane-audit] drone=0 candidate_type=SIDE_MINUS LOS_BLOCKER_ID=26 LOS_OCCLUSION_ENTER_REL=0.000000 LOS_OCCLUSION_EXIT_REL=2.000000 LOS_SIDE_REACH_DEADLINE=0.000000 LOS_PLANE_ACTIVE_START=0.000000 LOS_PLANE_ACTIVE_END=2.000000 LOS_REACHED_SIDE=1 LOS_PLANE_CREATED=1 side_reached_time=0.969134 occlusion_enter=0.000000 occlusion_exit=2.000000 constraint_clipped_to_seed_side=0
20260925_200523_419199,0,4,4,1790337942.196126938,26,SFC_INFEASIBLE,SFC_INFEASIBLE,[candidate-final-status] drone_id=0 candidate_type=SIDE_PLUS obstacle_id=6 scp_success=0 final_success=0 reason=LOS_PLANE_SCP_FAILED duration=2.895714 max_vel=1.572522 max_acc=0.753789 max_jerk=3.554872 dynamic_clearance=4.488970 static_clearance=NA corridor_violation=-1.000000,[candidate-final-status] drone_id=0 candidate_type=SIDE_MINUS obstacle_id=6 scp_success=0 final_success=0 reason=LOS_PLANE_SCP_FAILED duration=3.035404 max_vel=1.459331 max_acc=0.592841 max_jerk=2.802534 dynamic_clearance=4.489381 static_clearance=NA corridor_violation=-1.000000,[los-plane-audit] drone=0 candidate_type=SIDE_PLUS LOS_BLOCKER_ID=26 LOS_OCCLUSION_ENTER_REL=0.000000 LOS_OCCLUSION_EXIT_REL=2.000000 LOS_SIDE_REACH_DEADLINE=0.000000 LOS_PLANE_ACTIVE_START=0.000000 LOS_PLANE_ACTIVE_END=2.000000 LOS_REACHED_SIDE=0 LOS_PLANE_CREATED=1 side_reached_time=-1.000000 occlusion_enter=0.000000 occlusion_exit=2.000000 constraint_clipped_to_seed_side=0,[los-plane-audit] drone=0 candidate_type=SIDE_MINUS LOS_BLOCKER_ID=26 LOS_OCCLUSION_ENTER_REL=0.000000 LOS_OCCLUSION_EXIT_REL=2.000000 LOS_SIDE_REACH_DEADLINE=0.000000 LOS_PLANE_ACTIVE_START=0.000000 LOS_PLANE_ACTIVE_END=2.000000 LOS_REACHED_SIDE=1 LOS_PLANE_CREATED=1 side_reached_time=0.230573 occlusion_enter=0.000000 occlusion_exit=2.000000 constraint_clipped_to_seed_side=0
20260925_200523_419199,0,5,1,1790337954.169738531,28,OTHER_CONSTRUCTION_ACCEPTANCE_STALE,OTHER_CONSTRUCTION_ACCEPTANCE_STALE,[candidate-final-status] drone_id=0 candidate_type=SIDE_PLUS obstacle_id=3 scp_success=1 final_success=1 reason=MINCO_OK duration=3.461039 max_vel=1.404824 max_acc=0.636077 max_jerk=2.886904 dynamic_clearance=5.297272 static_clearance=NA corridor_violation=-1.000000,[candidate-final-status] drone_id=0 candidate_type=SIDE_MINUS obstacle_id=3 scp_success=1 final_success=1 reason=MINCO_OK duration=4.514208 max_vel=1.283417 max_acc=1.261230 max_jerk=4.221878 dynamic_clearance=5.297272 static_clearance=NA corridor_violation=-1.000000,[los-plane-audit] drone=0 candidate_type=SIDE_PLUS LOS_BLOCKER_ID=28 LOS_OCCLUSION_ENTER_REL=-1.000000 LOS_OCCLUSION_EXIT_REL=-1.000000 LOS_SIDE_REACH_DEADLINE=0.000000 LOS_PLANE_ACTIVE_START=0.000000 LOS_PLANE_ACTIVE_END=0.450000 LOS_REACHED_SIDE=1 LOS_PLANE_CREATED=1 side_reached_time=0.000000 occlusion_enter=0.000000 occlusion_exit=0.450000 constraint_clipped_to_seed_side=0,
20260925_200523_419199,0,5,2,1790337954.281979561,28,OTHER_CONSTRUCTION_ACCEPTANCE_STALE,OTHER_CONSTRUCTION_ACCEPTANCE_STALE,[candidate-final-status] drone_id=0 candidate_type=SIDE_PLUS obstacle_id=3 scp_success=1 final_success=1 reason=MINCO_OK duration=3.363252 max_vel=1.437213 max_acc=0.649995 max_jerk=2.686285 dynamic_clearance=5.471747 static_clearance=NA corridor_violation=-1.000000,[candidate-final-status] drone_id=0 candidate_type=SIDE_MINUS obstacle_id=3 scp_success=1 final_success=1 reason=MINCO_OK duration=3.425576 max_vel=1.383337 max_acc=0.604588 max_jerk=2.195734 dynamic_clearance=5.471747 static_clearance=NA corridor_violation=-1.000000,[los-plane-audit] drone=0 candidate_type=SIDE_PLUS LOS_BLOCKER_ID=28 LOS_OCCLUSION_ENTER_REL=-1.000000 LOS_OCCLUSION_EXIT_REL=-1.000000 LOS_SIDE_REACH_DEADLINE=0.000000 LOS_PLANE_ACTIVE_START=0.000000 LOS_PLANE_ACTIVE_END=0.450000 LOS_REACHED_SIDE=1 LOS_PLANE_CREATED=1 side_reached_time=0.000000 occlusion_enter=0.000000 occlusion_exit=0.450000 constraint_clipped_to_seed_side=0,[los-plane-audit] drone=0 candidate_type=SIDE_MINUS LOS_BLOCKER_ID=28 LOS_OCCLUSION_ENTER_REL=-1.000000 LOS_OCCLUSION_EXIT_REL=-1.000000 LOS_SIDE_REACH_DEADLINE=0.000000 LOS_PLANE_ACTIVE_START=0.000000 LOS_PLANE_ACTIVE_END=0.450000 LOS_REACHED_SIDE=0 LOS_PLANE_CREATED=0 status=RECOVERY_NOT_REACHED side_reached_time=-1.000000 occlusion_enter=0.000000 occlusion_exit=0.450000
20260925_200523_419199,0,5,3,1790337954.305857182,28,OTHER_CONSTRUCTION_ACCEPTANCE_STALE,OTHER_CONSTRUCTION_ACCEPTANCE_STALE,[candidate-final-status] drone_id=0 candidate_type=SIDE_PLUS obstacle_id=3 scp_success=1 final_success=1 reason=MINCO_OK duration=3.341644 max_vel=1.441352 max_acc=0.664146 max_jerk=2.678514 dynamic_clearance=5.481904 static_clearance=NA corridor_violation=-1.000000,[candidate-final-status] drone_id=0 candidate_type=SIDE_MINUS obstacle_id=3 scp_success=1 final_success=1 reason=MINCO_OK duration=3.402355 max_vel=1.389244 max_acc=0.619344 max_jerk=2.230777 dynamic_clearance=5.481904 static_clearance=NA corridor_violation=-1.000000,[los-plane-audit] drone=0 candidate_type=SIDE_PLUS LOS_BLOCKER_ID=28 LOS_OCCLUSION_ENTER_REL=-1.000000 LOS_OCCLUSION_EXIT_REL=-1.000000 LOS_SIDE_REACH_DEADLINE=0.000000 LOS_PLANE_ACTIVE_START=0.000000 LOS_PLANE_ACTIVE_END=0.450000 LOS_REACHED_SIDE=1 LOS_PLANE_CREATED=1 side_reached_time=0.000000 occlusion_enter=0.000000 occlusion_exit=0.450000 constraint_clipped_to_seed_side=0,[los-plane-audit] drone=0 candidate_type=SIDE_MINUS LOS_BLOCKER_ID=28 LOS_OCCLUSION_ENTER_REL=-1.000000 LOS_OCCLUSION_EXIT_REL=-1.000000 LOS_SIDE_REACH_DEADLINE=0.000000 LOS_PLANE_ACTIVE_START=0.000000 LOS_PLANE_ACTIVE_END=0.450000 LOS_REACHED_SIDE=0 LOS_PLANE_CREATED=0 status=RECOVERY_NOT_REACHED side_reached_time=-1.000000 occlusion_enter=0.000000 occlusion_exit=0.450000
20260925_200523_419199,0,5,4,1790337954.476088285,28,OTHER_CONSTRUCTION_ACCEPTANCE_STALE,OTHER_CONSTRUCTION_ACCEPTANCE_STALE,[candidate-final-status] drone_id=0 candidate_type=SIDE_PLUS obstacle_id=3 scp_success=1 final_success=1 reason=MINCO_OK duration=3.524851 max_vel=1.397196 max_acc=0.571415 max_jerk=2.445336 dynamic_clearance=5.561812 static_clearance=NA corridor_violation=-1.000000,[candidate-final-status] drone_id=0 candidate_type=SIDE_MINUS obstacle_id=3 scp_success=1 final_success=1 reason=MINCO_OK duration=3.592056 max_vel=1.337602 max_acc=0.501284 max_jerk=1.984545 dynamic_clearance=5.561812 static_clearance=NA corridor_violation=-1.000000,[los-plane-audit] drone=0 candidate_type=SIDE_PLUS LOS_BLOCKER_ID=28 LOS_OCCLUSION_ENTER_REL=-1.000000 LOS_OCCLUSION_EXIT_REL=-1.000000 LOS_SIDE_REACH_DEADLINE=0.000000 LOS_PLANE_ACTIVE_START=0.000000 LOS_PLANE_ACTIVE_END=0.450000 LOS_REACHED_SIDE=1 LOS_PLANE_CREATED=1 side_reached_time=0.000000 occlusion_enter=0.000000 occlusion_exit=0.450000 constraint_clipped_to_seed_side=0,[los-plane-audit] drone=0 candidate_type=SIDE_MINUS LOS_BLOCKER_ID=28 LOS_OCCLUSION_ENTER_REL=-1.000000 LOS_OCCLUSION_EXIT_REL=-1.000000 LOS_SIDE_REACH_DEADLINE=0.000000 LOS_PLANE_ACTIVE_START=0.000000 LOS_PLANE_ACTIVE_END=0.450000 LOS_REACHED_SIDE=0 LOS_PLANE_CREATED=0 status=RECOVERY_NOT_REACHED side_reached_time=-1.000000 occlusion_enter=0.000000 occlusion_exit=0.450000
20260925_200523_419199,0,6,1,1790337956.127400160,28,SFC_INFEASIBLE,SFC_INFEASIBLE,[candidate-final-status] drone_id=0 candidate_type=SIDE_PLUS obstacle_id=7 scp_success=0 final_success=0 reason=LOS_PLANE_SCP_FAILED duration=2.779007 max_vel=1.591194 max_acc=0.986533 max_jerk=7.312358 dynamic_clearance=2.714761 static_clearance=NA corridor_violation=-1.000000,[candidate-final-status] drone_id=0 candidate_type=SIDE_MINUS obstacle_id=7 scp_success=0 final_success=0 reason=LOS_PLANE_SCP_FAILED duration=2.969555 max_vel=1.478631 max_acc=0.955180 max_jerk=7.281148 dynamic_clearance=2.919001 static_clearance=NA corridor_violation=-1.000000,[los-plane-audit] drone=0 candidate_type=SIDE_PLUS LOS_BLOCKER_ID=28 LOS_OCCLUSION_ENTER_REL=0.000000 LOS_OCCLUSION_EXIT_REL=2.000000 LOS_SIDE_REACH_DEADLINE=0.000000 LOS_PLANE_ACTIVE_START=0.000000 LOS_PLANE_ACTIVE_END=2.000000 LOS_REACHED_SIDE=0 LOS_PLANE_CREATED=1 side_reached_time=-1.000000 occlusion_enter=0.000000 occlusion_exit=2.000000 constraint_clipped_to_seed_side=0,[los-plane-audit] drone=0 candidate_type=SIDE_MINUS LOS_BLOCKER_ID=28 LOS_OCCLUSION_ENTER_REL=0.000000 LOS_OCCLUSION_EXIT_REL=2.000000 LOS_SIDE_REACH_DEADLINE=0.000000 LOS_PLANE_ACTIVE_START=0.000000 LOS_PLANE_ACTIVE_END=2.000000 LOS_REACHED_SIDE=1 LOS_PLANE_CREATED=1 side_reached_time=1.109907 occlusion_enter=0.000000 occlusion_exit=2.000000 constraint_clipped_to_seed_side=0
20260925_200523_419199,0,6,2,1790337956.146668434,28,SFC_INFEASIBLE,SFC_INFEASIBLE,[candidate-final-status] drone_id=0 candidate_type=SIDE_PLUS obstacle_id=7 scp_success=0 final_success=0 reason=LOS_PLANE_SCP_FAILED duration=2.753173 max_vel=1.593074 max_acc=1.018043 max_jerk=7.673317 dynamic_clearance=2.674312 static_clearance=NA corridor_violation=-1.000000,[candidate-final-status] drone_id=0 candidate_type=SIDE_MINUS obstacle_id=7 scp_success=0 final_success=0 reason=LOS_PLANE_SCP_FAILED duration=2.945955 max_vel=1.495857 max_acc=0.991054 max_jerk=7.658017 dynamic_clearance=2.880327 static_clearance=NA corridor_violation=-1.000000,[los-plane-audit] drone=0 candidate_type=SIDE_PLUS LOS_BLOCKER_ID=28 LOS_OCCLUSION_ENTER_REL=0.000000 LOS_OCCLUSION_EXIT_REL=2.000000 LOS_SIDE_REACH_DEADLINE=0.000000 LOS_PLANE_ACTIVE_START=0.000000 LOS_PLANE_ACTIVE_END=2.000000 LOS_REACHED_SIDE=0 LOS_PLANE_CREATED=1 side_reached_time=-1.000000 occlusion_enter=0.000000 occlusion_exit=2.000000 constraint_clipped_to_seed_side=0,[los-plane-audit] drone=0 candidate_type=SIDE_MINUS LOS_BLOCKER_ID=28 LOS_OCCLUSION_ENTER_REL=0.000000 LOS_OCCLUSION_EXIT_REL=2.000000 LOS_SIDE_REACH_DEADLINE=0.000000 LOS_PLANE_ACTIVE_START=0.000000 LOS_PLANE_ACTIVE_END=2.000000 LOS_REACHED_SIDE=1 LOS_PLANE_CREATED=1 side_reached_time=1.101566 occlusion_enter=0.000000 occlusion_exit=2.000000 constraint_clipped_to_seed_side=0
20260925_200523_419199,0,6,3,1790337956.421260357,28,SFC_INFEASIBLE,SFC_INFEASIBLE,[candidate-final-status] drone_id=0 candidate_type=SIDE_PLUS obstacle_id=7 scp_success=0 final_success=0 reason=LOS_PLANE_SCP_FAILED duration=2.816063 max_vel=1.488249 max_acc=1.009998 max_jerk=3.273345 dynamic_clearance=2.414270 static_clearance=NA corridor_violation=-1.000000,[candidate-final-status] drone_id=0 candidate_type=SIDE_MINUS obstacle_id=7 scp_success=0 final_success=0 reason=LOS_PLANE_SCP_FAILED duration=2.997417 max_vel=1.488249 max_acc=0.984003 max_jerk=2.508892 dynamic_clearance=2.593019 static_clearance=NA corridor_violation=-1.000000,[los-plane-audit] drone=0 candidate_type=SIDE_PLUS LOS_BLOCKER_ID=28 LOS_OCCLUSION_ENTER_REL=0.000000 LOS_OCCLUSION_EXIT_REL=2.000000 LOS_SIDE_REACH_DEADLINE=0.000000 LOS_PLANE_ACTIVE_START=0.000000 LOS_PLANE_ACTIVE_END=2.000000 LOS_REACHED_SIDE=0 LOS_PLANE_CREATED=1 side_reached_time=-1.000000 occlusion_enter=0.000000 occlusion_exit=2.000000 constraint_clipped_to_seed_side=0,[los-plane-audit] drone=0 candidate_type=SIDE_MINUS LOS_BLOCKER_ID=28 LOS_OCCLUSION_ENTER_REL=0.000000 LOS_OCCLUSION_EXIT_REL=2.000000 LOS_SIDE_REACH_DEADLINE=0.000000 LOS_PLANE_ACTIVE_START=0.000000 LOS_PLANE_ACTIVE_END=2.000000 LOS_REACHED_SIDE=1 LOS_PLANE_CREATED=1 side_reached_time=0.427872 occlusion_enter=0.000000 occlusion_exit=2.000000 constraint_clipped_to_seed_side=0
20260925_200523_419199,0,7,1,1790337962.421876907,,STATIC_INFEASIBLE,STATIC_INFEASIBLE,,,,
20260925_200523_419199,0,8,1,1790337970.280994415,4,SFC_INFEASIBLE,SFC_INFEASIBLE,[candidate-final-status] drone_id=0 candidate_type=SIDE_PLUS obstacle_id=4 scp_success=0 final_success=0 reason=LOS_PLANE_SCP_FAILED duration=3.167218 max_vel=2.200671 max_acc=1.374935 max_jerk=5.716970 dynamic_clearance=0.667910 static_clearance=NA corridor_violation=-1.000000,[candidate-final-status] drone_id=0 candidate_type=SIDE_MINUS obstacle_id=4 scp_success=0 final_success=0 reason=LOS_PLANE_SCP_FAILED duration=3.324957 max_vel=2.033449 max_acc=1.176578 max_jerk=4.973765 dynamic_clearance=0.667955 static_clearance=NA corridor_violation=-1.000000,[los-plane-audit] drone=0 candidate_type=SIDE_PLUS LOS_BLOCKER_ID=4 LOS_OCCLUSION_ENTER_REL=0.000000 LOS_OCCLUSION_EXIT_REL=0.400000 LOS_SIDE_REACH_DEADLINE=0.000000 LOS_PLANE_ACTIVE_START=0.000000 LOS_PLANE_ACTIVE_END=0.400000 LOS_REACHED_SIDE=0 LOS_PLANE_CREATED=1 side_reached_time=-1.000000 occlusion_enter=0.000000 occlusion_exit=0.400000 constraint_clipped_to_seed_side=0,[los-plane-audit] drone=0 candidate_type=SIDE_MINUS LOS_BLOCKER_ID=4 LOS_OCCLUSION_ENTER_REL=0.000000 LOS_OCCLUSION_EXIT_REL=0.400000 LOS_SIDE_REACH_DEADLINE=0.000000 LOS_PLANE_ACTIVE_START=0.000000 LOS_PLANE_ACTIVE_END=0.400000 LOS_REACHED_SIDE=1 LOS_PLANE_CREATED=1 side_reached_time=0.603746 occlusion_enter=0.000000 occlusion_exit=0.400000 constraint_clipped_to_seed_side=0
20260925_200523_419199,0,8,2,1790337970.562225103,4,SFC_INFEASIBLE,SFC_INFEASIBLE,[candidate-final-status] drone_id=0 candidate_type=SIDE_PLUS obstacle_id=4 scp_success=0 final_success=0 reason=LOS_PLANE_SCP_FAILED duration=3.091021 max_vel=2.177469 max_acc=1.330254 max_jerk=5.573423 dynamic_clearance=0.693563 static_clearance=NA corridor_violation=-1.000000,[candidate-final-status] drone_id=0 candidate_type=SIDE_MINUS obstacle_id=4 scp_success=0 final_success=0 reason=LOS_PLANE_SCP_FAILED duration=3.243063 max_vel=2.012674 max_acc=1.138990 max_jerk=4.847097 dynamic_clearance=0.693563 static_clearance=NA corridor_violation=-1.000000,[los-plane-audit] drone=0 candidate_type=SIDE_PLUS LOS_BLOCKER_ID=4 LOS_OCCLUSION_ENTER_REL=0.000000 LOS_OCCLUSION_EXIT_REL=0.100000 LOS_SIDE_REACH_DEADLINE=0.000000 LOS_PLANE_ACTIVE_START=0.000000 LOS_PLANE_ACTIVE_END=0.100000 LOS_REACHED_SIDE=0 LOS_PLANE_CREATED=1 side_reached_time=-1.000000 occlusion_enter=0.000000 occlusion_exit=0.100000 constraint_clipped_to_seed_side=0,[los-plane-audit] drone=0 candidate_type=SIDE_MINUS LOS_BLOCKER_ID=4 LOS_OCCLUSION_ENTER_REL=0.000000 LOS_OCCLUSION_EXIT_REL=0.100000 LOS_SIDE_REACH_DEADLINE=0.000000 LOS_PLANE_ACTIVE_START=0.000000 LOS_PLANE_ACTIVE_END=0.100000 LOS_REACHED_SIDE=1 LOS_PLANE_CREATED=1 side_reached_time=0.300330 occlusion_enter=0.000000 occlusion_exit=0.100000 constraint_clipped_to_seed_side=0
20260925_200523_419199,0,10,1,1790337992.760978460,13,OTHER_CONSTRUCTION_ACCEPTANCE_STALE,MINCO_FAILED_UNSPECIFIED,[candidate-final-status] drone_id=0 candidate_type=SIDE_PLUS obstacle_id=2 scp_success=1 final_success=1 reason=MINCO_OK duration=3.338107 max_vel=1.427744 max_acc=0.676882 max_jerk=2.859468 dynamic_clearance=2.038370 static_clearance=NA corridor_violation=-1.000000,[candidate-final-status] drone_id=0 candidate_type=SIDE_MINUS obstacle_id=2 scp_success=0 final_success=0 reason= duration=3.925356 max_vel=1.260052 max_acc=1.877818 max_jerk=8.450611 dynamic_clearance=2.098452 static_clearance=NA corridor_violation=-1.000000,[los-plane-audit] drone=0 candidate_type=SIDE_PLUS LOS_BLOCKER_ID=13 LOS_OCCLUSION_ENTER_REL=-1.000000 LOS_OCCLUSION_EXIT_REL=-1.000000 LOS_SIDE_REACH_DEADLINE=0.350000 LOS_PLANE_ACTIVE_START=0.350000 LOS_PLANE_ACTIVE_END=1.250000 LOS_REACHED_SIDE=1 LOS_PLANE_CREATED=1 side_reached_time=0.000000 occlusion_enter=0.350000 occlusion_exit=1.250000 constraint_clipped_to_seed_side=0,
20260925_200523_419199,0,11,1,1790337992.978701591,13,OTHER_CONSTRUCTION_ACCEPTANCE_STALE,OTHER_CONSTRUCTION_ACCEPTANCE_STALE,[candidate-final-status] drone_id=0 candidate_type=SIDE_PLUS obstacle_id=2 scp_success=1 final_success=1 reason=MINCO_OK duration=3.592329 max_vel=1.456876 max_acc=0.969202 max_jerk=4.631647 dynamic_clearance=2.097922 static_clearance=NA corridor_violation=-1.000000,[candidate-final-status] drone_id=0 candidate_type=SIDE_MINUS obstacle_id=2 scp_success=1 final_success=1 reason=MINCO_OK duration=3.731582 max_vel=1.357405 max_acc=0.969202 max_jerk=4.571549 dynamic_clearance=2.097988 static_clearance=NA corridor_violation=-1.000000,[los-plane-audit] drone=0 candidate_type=SIDE_PLUS LOS_BLOCKER_ID=13 LOS_OCCLUSION_ENTER_REL=-1.000000 LOS_OCCLUSION_EXIT_REL=-1.000000 LOS_SIDE_REACH_DEADLINE=0.000000 LOS_PLANE_ACTIVE_START=0.000000 LOS_PLANE_ACTIVE_END=0.550000 LOS_REACHED_SIDE=1 LOS_PLANE_CREATED=1 side_reached_time=0.000000 occlusion_enter=0.000000 occlusion_exit=0.550000 constraint_clipped_to_seed_side=0,[los-plane-audit] drone=0 candidate_type=SIDE_MINUS LOS_BLOCKER_ID=13 LOS_OCCLUSION_ENTER_REL=-1.000000 LOS_OCCLUSION_EXIT_REL=-1.000000 LOS_SIDE_REACH_DEADLINE=0.000000 LOS_PLANE_ACTIVE_START=0.000000 LOS_PLANE_ACTIVE_END=0.550000 LOS_REACHED_SIDE=0 LOS_PLANE_CREATED=0 status=RECOVERY_NOT_REACHED side_reached_time=-1.000000 occlusion_enter=0.000000 occlusion_exit=0.550000
20260925_200523_419199,0,11,2,1790337993.041263819,13,OTHER_CONSTRUCTION_ACCEPTANCE_STALE,OTHER_CONSTRUCTION_ACCEPTANCE_STALE,[candidate-final-status] drone_id=0 candidate_type=SIDE_PLUS obstacle_id=2 scp_success=1 final_success=1 reason=MINCO_OK duration=3.613288 max_vel=1.435395 max_acc=0.860556 max_jerk=4.151515 dynamic_clearance=2.099164 static_clearance=NA corridor_violation=-1.000000,[candidate-final-status] drone_id=0 candidate_type=SIDE_MINUS obstacle_id=2 scp_success=1 final_success=1 reason=MINCO_OK duration=4.301655 max_vel=1.195412 max_acc=0.795865 max_jerk=3.294224 dynamic_clearance=2.099164 static_clearance=NA corridor_violation=-1.000000,[los-plane-audit] drone=0 candidate_type=SIDE_PLUS LOS_BLOCKER_ID=13 LOS_OCCLUSION_ENTER_REL=-1.000000 LOS_OCCLUSION_EXIT_REL=-1.000000 LOS_SIDE_REACH_DEADLINE=0.000000 LOS_PLANE_ACTIVE_START=0.000000 LOS_PLANE_ACTIVE_END=0.450000 LOS_REACHED_SIDE=1 LOS_PLANE_CREATED=1 side_reached_time=0.000000 occlusion_enter=0.000000 occlusion_exit=0.450000 constraint_clipped_to_seed_side=0,[los-plane-audit] drone=0 candidate_type=SIDE_MINUS LOS_BLOCKER_ID=13 LOS_OCCLUSION_ENTER_REL=-1.000000 LOS_OCCLUSION_EXIT_REL=-1.000000 LOS_SIDE_REACH_DEADLINE=0.000000 LOS_PLANE_ACTIVE_START=0.000000 LOS_PLANE_ACTIVE_END=0.450000 LOS_REACHED_SIDE=0 LOS_PLANE_CREATED=0 status=RECOVERY_NOT_REACHED side_reached_time=-1.000000 occlusion_enter=0.000000 occlusion_exit=0.450000
20260925_200523_419199,0,11,3,1790337993.160837889,13,OTHER_CONSTRUCTION_ACCEPTANCE_STALE,OTHER_CONSTRUCTION_ACCEPTANCE_STALE,[candidate-final-status] drone_id=0 candidate_type=SIDE_PLUS obstacle_id=2 scp_success=1 final_success=1 reason=MINCO_OK duration=3.651253 max_vel=1.471172 max_acc=0.923443 max_jerk=3.929227 dynamic_clearance=2.101605 static_clearance=NA corridor_violation=-1.000000,[candidate-final-status] drone_id=0 candidate_type=SIDE_MINUS obstacle_id=2 scp_success=1 final_success=1 reason=MINCO_OK duration=3.771919 max_vel=1.379455 max_acc=0.876968 max_jerk=3.892390 dynamic_clearance=2.101605 static_clearance=NA corridor_violation=-1.000000,[los-plane-audit] drone=0 candidate_type=SIDE_PLUS LOS_BLOCKER_ID=13 LOS_OCCLUSION_ENTER_REL=-1.000000 LOS_OCCLUSION_EXIT_REL=-1.000000 LOS_SIDE_REACH_DEADLINE=0.000000 LOS_PLANE_ACTIVE_START=0.000000 LOS_PLANE_ACTIVE_END=0.450000 LOS_REACHED_SIDE=1 LOS_PLANE_CREATED=1 side_reached_time=0.000000 occlusion_enter=0.000000 occlusion_exit=0.450000 constraint_clipped_to_seed_side=0,[los-plane-audit] drone=0 candidate_type=SIDE_MINUS LOS_BLOCKER_ID=13 LOS_OCCLUSION_ENTER_REL=-1.000000 LOS_OCCLUSION_EXIT_REL=-1.000000 LOS_SIDE_REACH_DEADLINE=0.000000 LOS_PLANE_ACTIVE_START=0.000000 LOS_PLANE_ACTIVE_END=0.450000 LOS_REACHED_SIDE=0 LOS_PLANE_CREATED=0 status=RECOVERY_NOT_REACHED side_reached_time=-1.000000 occlusion_enter=0.000000 occlusion_exit=0.450000
20260925_200523_419199,0,11,4,1790337993.432426929,13,OTHER_CONSTRUCTION_ACCEPTANCE_STALE,OTHER_CONSTRUCTION_ACCEPTANCE_STALE,[candidate-final-status] drone_id=0 candidate_type=SIDE_PLUS obstacle_id=2 scp_success=1 final_success=1 reason=MINCO_OK duration=3.518519 max_vel=1.536311 max_acc=0.941190 max_jerk=2.911887 dynamic_clearance=2.118422 static_clearance=NA corridor_violation=-1.000000,[candidate-final-status] drone_id=0 candidate_type=SIDE_MINUS obstacle_id=2 scp_success=1 final_success=1 reason=MINCO_OK duration=3.639152 max_vel=1.440037 max_acc=0.908627 max_jerk=2.355453 dynamic_clearance=2.118422 static_clearance=NA corridor_violation=-1.000000,[los-plane-audit] drone=0 candidate_type=SIDE_PLUS LOS_BLOCKER_ID=13 LOS_OCCLUSION_ENTER_REL=-1.000000 LOS_OCCLUSION_EXIT_REL=-1.000000 LOS_SIDE_REACH_DEADLINE=0.000000 LOS_PLANE_ACTIVE_START=0.000000 LOS_PLANE_ACTIVE_END=0.450000 LOS_REACHED_SIDE=1 LOS_PLANE_CREATED=1 side_reached_time=0.000000 occlusion_enter=0.000000 occlusion_exit=0.450000 constraint_clipped_to_seed_side=0,[los-plane-audit] drone=0 candidate_type=SIDE_MINUS LOS_BLOCKER_ID=13 LOS_OCCLUSION_ENTER_REL=-1.000000 LOS_OCCLUSION_EXIT_REL=-1.000000 LOS_SIDE_REACH_DEADLINE=0.000000 LOS_PLANE_ACTIVE_START=2.204894 LOS_PLANE_ACTIVE_END=0.450000 LOS_REACHED_SIDE=1 LOS_PLANE_CREATED=0 status=WINDOW_LIMITED side_reached_time=2.204894 occlusion_enter=0.000000 occlusion_exit=0.450000
20260925_200523_419199,0,11,5,1790337993.694163322,13,OTHER_CONSTRUCTION_ACCEPTANCE_STALE,OTHER_CONSTRUCTION_ACCEPTANCE_STALE,[candidate-final-status] drone_id=0 candidate_type=SIDE_PLUS obstacle_id=2 scp_success=1 final_success=1 reason=MINCO_OK duration=3.382081 max_vel=1.563160 max_acc=0.907382 max_jerk=2.969704 dynamic_clearance=2.132783 static_clearance=NA corridor_violation=-1.000000,[candidate-final-status] drone_id=0 candidate_type=SIDE_MINUS obstacle_id=2 scp_success=1 final_success=1 reason=MINCO_OK duration=3.539001 max_vel=1.446324 max_acc=0.845869 max_jerk=2.372194 dynamic_clearance=2.132783 static_clearance=NA corridor_violation=-1.000000,[los-plane-audit] drone=0 candidate_type=SIDE_PLUS LOS_BLOCKER_ID=13 LOS_OCCLUSION_ENTER_REL=-1.000000 LOS_OCCLUSION_EXIT_REL=-1.000000 LOS_SIDE_REACH_DEADLINE=0.000000 LOS_PLANE_ACTIVE_START=0.000000 LOS_PLANE_ACTIVE_END=0.450000 LOS_REACHED_SIDE=1 LOS_PLANE_CREATED=1 side_reached_time=0.000000 occlusion_enter=0.000000 occlusion_exit=0.450000 constraint_clipped_to_seed_side=0,[los-plane-audit] drone=0 candidate_type=SIDE_MINUS LOS_BLOCKER_ID=13 LOS_OCCLUSION_ENTER_REL=-1.000000 LOS_OCCLUSION_EXIT_REL=-1.000000 LOS_SIDE_REACH_DEADLINE=0.000000 LOS_PLANE_ACTIVE_START=2.130793 LOS_PLANE_ACTIVE_END=0.450000 LOS_REACHED_SIDE=1 LOS_PLANE_CREATED=0 status=WINDOW_LIMITED side_reached_time=2.130793 occlusion_enter=0.000000 occlusion_exit=0.450000
20260925_200523_419199,0,11,6,1790337993.981968403,13,OTHER_CONSTRUCTION_ACCEPTANCE_STALE,OTHER_CONSTRUCTION_ACCEPTANCE_STALE,[candidate-final-status] drone_id=0 candidate_type=SIDE_PLUS obstacle_id=2 scp_success=1 final_success=1 reason=MINCO_OK duration=3.317217 max_vel=1.549310 max_acc=0.839410 max_jerk=2.928621 dynamic_clearance=2.152082 static_clearance=NA corridor_violation=-1.000000,[candidate-final-status] drone_id=0 candidate_type=SIDE_MINUS obstacle_id=2 scp_success=1 final_success=1 reason=MINCO_OK duration=3.460620 max_vel=1.441372 max_acc=0.837203 max_jerk=2.302513 dynamic_clearance=2.152082 static_clearance=NA corridor_violation=-1.000000,[los-plane-audit] drone=0 candidate_type=SIDE_PLUS LOS_BLOCKER_ID=13 LOS_OCCLUSION_ENTER_REL=-1.000000 LOS_OCCLUSION_EXIT_REL=-1.000000 LOS_SIDE_REACH_DEADLINE=0.000000 LOS_PLANE_ACTIVE_START=0.000000 LOS_PLANE_ACTIVE_END=0.450000 LOS_REACHED_SIDE=1 LOS_PLANE_CREATED=1 side_reached_time=0.000000 occlusion_enter=0.000000 occlusion_exit=0.450000 constraint_clipped_to_seed_side=0,[los-plane-audit] drone=0 candidate_type=SIDE_MINUS LOS_BLOCKER_ID=13 LOS_OCCLUSION_ENTER_REL=-1.000000 LOS_OCCLUSION_EXIT_REL=-1.000000 LOS_SIDE_REACH_DEADLINE=0.000000 LOS_PLANE_ACTIVE_START=2.060719 LOS_PLANE_ACTIVE_END=0.450000 LOS_REACHED_SIDE=1 LOS_PLANE_CREATED=0 status=WINDOW_LIMITED side_reached_time=2.060719 occlusion_enter=0.000000 occlusion_exit=0.450000
20260925_200523_419199,0,11,7,1790337994.279346704,13,MINCO_FAILED_UNSPECIFIED,OTHER_CONSTRUCTION_ACCEPTANCE_STALE,[candidate-final-status] drone_id=0 candidate_type=SIDE_PLUS obstacle_id=2 scp_success=0 final_success=0 reason= duration=3.250128 max_vel=1.522874 max_acc=0.734954 max_jerk=2.836788 dynamic_clearance=2.069367 static_clearance=NA corridor_violation=-1.000000,[candidate-final-status] drone_id=0 candidate_type=SIDE_MINUS obstacle_id=2 scp_success=1 final_success=1 reason=MINCO_OK duration=3.385280 max_vel=1.423831 max_acc=0.734954 max_jerk=2.245640 dynamic_clearance=2.182148 static_clearance=NA corridor_violation=-1.000000,[los-plane-audit] drone=0 candidate_type=SIDE_PLUS LOS_BLOCKER_ID=13 LOS_OCCLUSION_ENTER_REL=-1.000000 LOS_OCCLUSION_EXIT_REL=-1.000000 LOS_SIDE_REACH_DEADLINE=0.000000 LOS_PLANE_ACTIVE_START=0.000000 LOS_PLANE_ACTIVE_END=0.243817 LOS_REACHED_SIDE=1 LOS_PLANE_CREATED=1 side_reached_time=0.000000 occlusion_enter=0.000000 occlusion_exit=0.450000 constraint_clipped_to_seed_side=0,[los-plane-audit] drone=0 candidate_type=SIDE_MINUS LOS_BLOCKER_ID=13 LOS_OCCLUSION_ENTER_REL=-1.000000 LOS_OCCLUSION_EXIT_REL=-1.000000 LOS_SIDE_REACH_DEADLINE=0.000000 LOS_PLANE_ACTIVE_START=1.950535 LOS_PLANE_ACTIVE_END=0.450000 LOS_REACHED_SIDE=1 LOS_PLANE_CREATED=0 status=WINDOW_LIMITED side_reached_time=1.950535 occlusion_enter=0.000000 occlusion_exit=0.450000
20260925_200523_419199,0,11,8,1790337994.551963091,13,SFC_INFEASIBLE,SFC_INFEASIBLE,[candidate-final-status] drone_id=0 candidate_type=SIDE_PLUS obstacle_id=9 scp_success=0 final_success=0 reason=LOS_PLANE_SCP_FAILED duration=3.231427 max_vel=1.499270 max_acc=0.651738 max_jerk=2.913148 dynamic_clearance=1.778174 static_clearance=NA corridor_violation=-1.000000,[candidate-final-status] drone_id=0 candidate_type=SIDE_MINUS obstacle_id=9 scp_success=0 final_success=0 reason=LOS_PLANE_SCP_FAILED duration=3.380475 max_vel=1.394354 max_acc=0.568337 max_jerk=2.260990 dynamic_clearance=1.897124 static_clearance=NA corridor_violation=-1.000000,[los-plane-audit] drone=0 candidate_type=SIDE_PLUS LOS_BLOCKER_ID=13 LOS_OCCLUSION_ENTER_REL=0.000000 LOS_OCCLUSION_EXIT_REL=2.000000 LOS_SIDE_REACH_DEADLINE=0.000000 LOS_PLANE_ACTIVE_START=0.000000 LOS_PLANE_ACTIVE_END=2.000000 LOS_REACHED_SIDE=0 LOS_PLANE_CREATED=1 side_reached_time=-1.000000 occlusion_enter=0.000000 occlusion_exit=2.000000 constraint_clipped_to_seed_side=0,[los-plane-audit] drone=0 candidate_type=SIDE_MINUS LOS_BLOCKER_ID=13 LOS_OCCLUSION_ENTER_REL=0.000000 LOS_OCCLUSION_EXIT_REL=2.000000 LOS_SIDE_REACH_DEADLINE=0.000000 LOS_PLANE_ACTIVE_START=0.000000 LOS_PLANE_ACTIVE_END=2.000000 LOS_REACHED_SIDE=1 LOS_PLANE_CREATED=1 side_reached_time=1.837378 occlusion_enter=0.000000 occlusion_exit=2.000000 constraint_clipped_to_seed_side=0
20260925_200523_419199,0,11,9,1790337994.578361988,13,SFC_INFEASIBLE,SFC_INFEASIBLE,[candidate-final-status] drone_id=0 candidate_type=SIDE_PLUS obstacle_id=9 scp_success=0 final_success=0 reason=LOS_PLANE_SCP_FAILED duration=3.175403 max_vel=1.502948 max_acc=0.662669 max_jerk=2.988587 dynamic_clearance=1.709144 static_clearance=NA corridor_violation=-1.000000,[candidate-final-status] drone_id=0 candidate_type=SIDE_MINUS obstacle_id=9 scp_success=0 final_success=0 reason=LOS_PLANE_SCP_FAILED duration=3.320671 max_vel=1.398662 max_acc=0.533180 max_jerk=2.290131 dynamic_clearance=1.825364 static_clearance=NA corridor_violation=-1.000000,[los-plane-audit] drone=0 candidate_type=SIDE_PLUS LOS_BLOCKER_ID=13 LOS_OCCLUSION_ENTER_REL=0.000000 LOS_OCCLUSION_EXIT_REL=2.000000 LOS_SIDE_REACH_DEADLINE=0.000000 LOS_PLANE_ACTIVE_START=0.000000 LOS_PLANE_ACTIVE_END=2.000000 LOS_REACHED_SIDE=0 LOS_PLANE_CREATED=1 side_reached_time=-1.000000 occlusion_enter=0.000000 occlusion_exit=2.000000 constraint_clipped_to_seed_side=0,[los-plane-audit] drone=0 candidate_type=SIDE_MINUS LOS_BLOCKER_ID=13 LOS_OCCLUSION_ENTER_REL=0.000000 LOS_OCCLUSION_EXIT_REL=2.000000 LOS_SIDE_REACH_DEADLINE=0.000000 LOS_PLANE_ACTIVE_START=0.000000 LOS_PLANE_ACTIVE_END=2.000000 LOS_REACHED_SIDE=1 LOS_PLANE_CREATED=1 side_reached_time=1.690147 occlusion_enter=0.000000 occlusion_exit=2.000000 constraint_clipped_to_seed_side=0
20260925_200523_419199,0,11,10,1790337994.830665112,13,SFC_INFEASIBLE,SFC_INFEASIBLE,[candidate-final-status] drone_id=0 candidate_type=SIDE_PLUS obstacle_id=9 scp_success=0 final_success=0 reason=LOS_PLANE_SCP_FAILED duration=3.146424 max_vel=1.493050 max_acc=0.696231 max_jerk=3.273968 dynamic_clearance=1.467522 static_clearance=NA corridor_violation=-1.000000,[candidate-final-status] drone_id=0 candidate_type=SIDE_MINUS obstacle_id=9 scp_success=0 final_success=0 reason=LOS_PLANE_SCP_FAILED duration=3.299957 max_vel=1.369405 max_acc=0.541213 max_jerk=2.542355 dynamic_clearance=1.586526 static_clearance=NA corridor_violation=-1.000000,[los-plane-audit] drone=0 candidate_type=SIDE_PLUS LOS_BLOCKER_ID=13 LOS_OCCLUSION_ENTER_REL=0.000000 LOS_OCCLUSION_EXIT_REL=2.000000 LOS_SIDE_REACH_DEADLINE=0.000000 LOS_PLANE_ACTIVE_START=0.000000 LOS_PLANE_ACTIVE_END=2.000000 LOS_REACHED_SIDE=0 LOS_PLANE_CREATED=1 side_reached_time=-1.000000 occlusion_enter=0.000000 occlusion_exit=2.000000 constraint_clipped_to_seed_side=0,[los-plane-audit] drone=0 candidate_type=SIDE_MINUS LOS_BLOCKER_ID=13 LOS_OCCLUSION_ENTER_REL=0.000000 LOS_OCCLUSION_EXIT_REL=2.000000 LOS_SIDE_REACH_DEADLINE=0.000000 LOS_PLANE_ACTIVE_START=0.000000 LOS_PLANE_ACTIVE_END=2.000000 LOS_REACHED_SIDE=1 LOS_PLANE_CREATED=1 side_reached_time=1.323253 occlusion_enter=0.000000 occlusion_exit=2.000000 constraint_clipped_to_seed_side=0
20260925_200523_419199,0,11,11,1790337995.101100683,13,SFC_INFEASIBLE,SFC_INFEASIBLE,[candidate-final-status] drone_id=0 candidate_type=SIDE_PLUS obstacle_id=9 scp_success=0 final_success=0 reason=LOS_PLANE_SCP_FAILED duration=3.074397 max_vel=1.458097 max_acc=0.698636 max_jerk=3.436039 dynamic_clearance=1.312467 static_clearance=NA corridor_violation=-1.000000,[candidate-final-status] drone_id=0 candidate_type=SIDE_MINUS obstacle_id=9 scp_success=0 final_success=0 reason=LOS_PLANE_SCP_FAILED duration=3.227477 max_vel=1.332870 max_acc=0.542184 max_jerk=2.677145 dynamic_clearance=1.415980 static_clearance=NA corridor_violation=-1.000000,[los-plane-audit] drone=0 candidate_type=SIDE_PLUS LOS_BLOCKER_ID=13 LOS_OCCLUSION_ENTER_REL=0.000000 LOS_OCCLUSION_EXIT_REL=2.000000 LOS_SIDE_REACH_DEADLINE=0.000000 LOS_PLANE_ACTIVE_START=0.000000 LOS_PLANE_ACTIVE_END=2.000000 LOS_REACHED_SIDE=0 LOS_PLANE_CREATED=1 side_reached_time=-1.000000 occlusion_enter=0.000000 occlusion_exit=2.000000 constraint_clipped_to_seed_side=0,[los-plane-audit] drone=0 candidate_type=SIDE_MINUS LOS_BLOCKER_ID=13 LOS_OCCLUSION_ENTER_REL=0.000000 LOS_OCCLUSION_EXIT_REL=2.000000 LOS_SIDE_REACH_DEADLINE=0.000000 LOS_PLANE_ACTIVE_START=0.000000 LOS_PLANE_ACTIVE_END=2.000000 LOS_REACHED_SIDE=1 LOS_PLANE_CREATED=1 side_reached_time=0.575790 occlusion_enter=0.000000 occlusion_exit=2.000000 constraint_clipped_to_seed_side=0
20260925_200523_419199,0,11,12,1790337995.363769770,13,SFC_INFEASIBLE,OTHER_CONSTRUCTION_ACCEPTANCE_STALE,[candidate-final-status] drone_id=0 candidate_type=SIDE_PLUS obstacle_id=9 scp_success=0 final_success=0 reason=LOS_PLANE_SCP_FAILED duration=3.445662 max_vel=1.308125 max_acc=0.268554 max_jerk=1.230245 dynamic_clearance=1.374983 static_clearance=NA corridor_violation=-1.000000,[candidate-final-status] drone_id=0 candidate_type=SIDE_MINUS obstacle_id=9 scp_success=1 final_success=1 reason=MINCO_OK duration=3.424282 max_vel=1.308125 max_acc=0.296990 max_jerk=1.406239 dynamic_clearance=1.392847 static_clearance=NA corridor_violation=-1.000000,[los-plane-audit] drone=0 candidate_type=SIDE_PLUS LOS_BLOCKER_ID=13 LOS_OCCLUSION_ENTER_REL=0.000000 LOS_OCCLUSION_EXIT_REL=2.000000 LOS_SIDE_REACH_DEADLINE=0.000000 LOS_PLANE_ACTIVE_START=0.000000 LOS_PLANE_ACTIVE_END=2.000000 LOS_REACHED_SIDE=0 LOS_PLANE_CREATED=1 side_reached_time=-1.000000 occlusion_enter=0.000000 occlusion_exit=2.000000 constraint_clipped_to_seed_side=0,[los-plane-audit] drone=0 candidate_type=SIDE_MINUS LOS_BLOCKER_ID=13 LOS_OCCLUSION_ENTER_REL=0.000000 LOS_OCCLUSION_EXIT_REL=2.000000 LOS_SIDE_REACH_DEADLINE=0.000000 LOS_PLANE_ACTIVE_START=0.000000 LOS_PLANE_ACTIVE_END=2.000000 LOS_REACHED_SIDE=1 LOS_PLANE_CREATED=1 side_reached_time=0.000000 occlusion_enter=0.000000 occlusion_exit=2.000000 constraint_clipped_to_seed_side=0
20260925_200523_419199,0,12,1,1790337996.313607931,,OTHER_CONSTRUCTION_ACCEPTANCE_STALE,OTHER_CONSTRUCTION_ACCEPTANCE_STALE,[candidate-final-status] drone_id=0 candidate_type=SIDE_PLUS obstacle_id=9 scp_success=1 final_success=1 reason=MINCO_OK duration=4.242091 max_vel=1.808167 max_acc=2.634016 max_jerk=9.692434 dynamic_clearance=1.204677 static_clearance=NA corridor_violation=-1.000000,[candidate-final-status] drone_id=0 candidate_type=SIDE_MINUS obstacle_id=9 scp_success=1 final_success=1 reason=MINCO_OK duration=3.999336 max_vel=1.759580 max_acc=2.664565 max_jerk=10.610712 dynamic_clearance=1.174276 static_clearance=NA corridor_violation=-1.000000,,
20260925_200523_419199,1,1,1,1790337937.412525177,36,OTHER_CONSTRUCTION_ACCEPTANCE_STALE,SFC_INFEASIBLE,[candidate-final-status] drone_id=1 candidate_type=SIDE_PLUS obstacle_id=6 scp_success=1 final_success=1 reason=MINCO_OK duration=4.044820 max_vel=1.387864 max_acc=1.547843 max_jerk=5.833638 dynamic_clearance=5.603652 static_clearance=NA corridor_violation=-1.000000,[candidate-final-status] drone_id=1 candidate_type=SIDE_MINUS obstacle_id=6 scp_success=0 final_success=0 reason=LOS_PLANE_SCP_FAILED duration=4.292513 max_vel=1.499394 max_acc=1.721635 max_jerk=5.766215 dynamic_clearance=5.477662 static_clearance=NA corridor_violation=-1.000000,[los-plane-audit] drone=1 candidate_type=SIDE_PLUS LOS_BLOCKER_ID=36 LOS_OCCLUSION_ENTER_REL=-1.000000 LOS_OCCLUSION_EXIT_REL=-1.000000 LOS_SIDE_REACH_DEADLINE=3.250000 LOS_PLANE_ACTIVE_START=3.250000 LOS_PLANE_ACTIVE_END=2.880870 LOS_REACHED_SIDE=1 LOS_PLANE_CREATED=0 status=WINDOW_LIMITED side_reached_time=0.000000 occlusion_enter=3.250000 occlusion_exit=4.150000,[los-plane-audit] drone=1 candidate_type=SIDE_MINUS LOS_BLOCKER_ID=36 LOS_OCCLUSION_ENTER_REL=-1.000000 LOS_OCCLUSION_EXIT_REL=-1.000000 LOS_SIDE_REACH_DEADLINE=3.250000 LOS_PLANE_ACTIVE_START=3.250000 LOS_PLANE_ACTIVE_END=3.457044 LOS_REACHED_SIDE=1 LOS_PLANE_CREATED=1 side_reached_time=0.000000 occlusion_enter=3.250000 occlusion_exit=4.150000 constraint_clipped_to_seed_side=0
20260925_200523_419199,1,2,1,1790338004.970260859,,STATIC_INFEASIBLE,STATIC_INFEASIBLE,,,,
20260925_200523_419199,1,2,2,1790338004.984771490,,STATIC_INFEASIBLE,STATIC_INFEASIBLE,,,,
20260925_200523_419199,1,2,3,1790338004.999315262,,STATIC_INFEASIBLE,STATIC_INFEASIBLE,,,,
20260925_200523_419199,1,2,4,1790338005.010954618,,STATIC_INFEASIBLE,STATIC_INFEASIBLE,,,,
20260925_200523_419199,1,2,5,1790338005.020821810,,STATIC_INFEASIBLE,STATIC_INFEASIBLE,,,,
20260925_200523_419199,1,2,6,1790338005.033205509,,STATIC_INFEASIBLE,STATIC_INFEASIBLE,,,,
20260925_200523_419199,1,2,7,1790338005.043137550,,STATIC_INFEASIBLE,STATIC_INFEASIBLE,,,,
20260925_200523_419199,1,2,8,1790338005.053848505,,STATIC_INFEASIBLE,STATIC_INFEASIBLE,,,,
20260925_200523_419199,1,2,9,1790338005.205912113,,STATIC_INFEASIBLE,STATIC_INFEASIBLE,,,,
20260925_200523_419199,1,2,10,1790338005.223490715,,STATIC_INFEASIBLE,STATIC_INFEASIBLE,,,,
20260925_200523_419199,1,3,1,1790338005.367050648,,STATIC_INFEASIBLE,OTHER_CONSTRUCTION_ACCEPTANCE_STALE,,[candidate-final-status] drone_id=1 candidate_type=SIDE_MINUS obstacle_id=10 scp_success=1 final_success=1 reason=MINCO_OK duration=3.784581 max_vel=1.548067 max_acc=1.112466 max_jerk=7.663789 dynamic_clearance=1.068241 static_clearance=NA corridor_violation=-1.000000,,
20260925_200523_419199,2,5,1,1790337981.476549864,10,OTHER_CONSTRUCTION_ACCEPTANCE_STALE,STATIC_INFEASIBLE,[candidate-final-status] drone_id=2 candidate_type=SIDE_PLUS obstacle_id=8 scp_success=1 final_success=1 reason=MINCO_OK duration=4.471615 max_vel=1.487525 max_acc=1.707495 max_jerk=5.175055 dynamic_clearance=3.018273 static_clearance=NA corridor_violation=-1.000000,,[los-plane-audit] drone=2 candidate_type=SIDE_PLUS LOS_BLOCKER_ID=10 LOS_OCCLUSION_ENTER_REL=-1.000000 LOS_OCCLUSION_EXIT_REL=-1.000000 LOS_SIDE_REACH_DEADLINE=1.250000 LOS_PLANE_ACTIVE_START=1.850870 LOS_PLANE_ACTIVE_END=2.150000 LOS_REACHED_SIDE=1 LOS_PLANE_CREATED=1 side_reached_time=1.850870 occlusion_enter=1.250000 occlusion_exit=2.150000 constraint_clipped_to_seed_side=0,
20260925_200523_419199,2,6,1,1790337999.374075174,10,OTHER_CONSTRUCTION_ACCEPTANCE_STALE,OTHER_CONSTRUCTION_ACCEPTANCE_STALE,[candidate-final-status] drone_id=2 candidate_type=SIDE_PLUS obstacle_id=10 scp_success=1 final_success=1 reason=MINCO_OK duration=4.243310 max_vel=1.665200 max_acc=2.723599 max_jerk=12.563831 dynamic_clearance=0.710458 static_clearance=NA corridor_violation=-1.000000,[candidate-final-status] drone_id=2 candidate_type=SIDE_MINUS obstacle_id=10 scp_success=1 final_success=1 reason=MINCO_OK duration=3.453288 max_vel=2.550530 max_acc=3.122144 max_jerk=20.304210 dynamic_clearance=1.292919 static_clearance=NA corridor_violation=-1.000000,,[los-plane-audit] drone=2 candidate_type=SIDE_MINUS LOS_BLOCKER_ID=10 LOS_OCCLUSION_ENTER_REL=1.600000 LOS_OCCLUSION_EXIT_REL=2.000000 LOS_SIDE_REACH_DEADLINE=1.600000 LOS_PLANE_ACTIVE_START=1.600000 LOS_PLANE_ACTIVE_END=2.000000 LOS_REACHED_SIDE=1 LOS_PLANE_CREATED=1 side_reached_time=0.000000 occlusion_enter=1.600000 occlusion_exit=2.000000 constraint_clipped_to_seed_side=0
20260925_200523_419199,2,7,1,1790337999.819695950,10,STATIC_INFEASIBLE,MINCO_FAILED_UNSPECIFIED,,[candidate-final-status] drone_id=2 candidate_type=SIDE_MINUS obstacle_id=10 scp_success=0 final_success=0 reason= duration=3.503583 max_vel=1.513448 max_acc=0.945663 max_jerk=3.150675 dynamic_clearance=1.217165 static_clearance=NA corridor_violation=-1.000000,,[los-plane-audit] drone=2 candidate_type=SIDE_MINUS LOS_BLOCKER_ID=10 LOS_OCCLUSION_ENTER_REL=1.100000 LOS_OCCLUSION_EXIT_REL=1.600000 LOS_SIDE_REACH_DEADLINE=1.100000 LOS_PLANE_ACTIVE_START=1.100000 LOS_PLANE_ACTIVE_END=1.600000 LOS_REACHED_SIDE=1 LOS_PLANE_CREATED=1 side_reached_time=0.000000 occlusion_enter=1.100000 occlusion_exit=1.600000 constraint_clipped_to_seed_side=0
20260925_200523_419199,2,7,2,1790337999.877434969,10,STATIC_INFEASIBLE,OTHER_CONSTRUCTION_ACCEPTANCE_STALE,,[candidate-final-status] drone_id=2 candidate_type=SIDE_MINUS obstacle_id=10 scp_success=1 final_success=1 reason=MINCO_OK duration=3.709623 max_vel=3.148886 max_acc=3.738558 max_jerk=20.949276 dynamic_clearance=1.343879 static_clearance=NA corridor_violation=-1.000000,,[los-plane-audit] drone=2 candidate_type=SIDE_MINUS LOS_BLOCKER_ID=10 LOS_OCCLUSION_ENTER_REL=1.100000 LOS_OCCLUSION_EXIT_REL=2.000000 LOS_SIDE_REACH_DEADLINE=1.100000 LOS_PLANE_ACTIVE_START=1.100000 LOS_PLANE_ACTIVE_END=2.000000 LOS_REACHED_SIDE=1 LOS_PLANE_CREATED=1 side_reached_time=0.000000 occlusion_enter=1.100000 occlusion_exit=2.000000 constraint_clipped_to_seed_side=0
20260925_200523_419199,2,7,3,1790338000.270043135,10,OTHER_CONSTRUCTION_ACCEPTANCE_STALE,OTHER_CONSTRUCTION_ACCEPTANCE_STALE,[candidate-final-status] drone_id=2 candidate_type=SIDE_PLUS obstacle_id=10 scp_success=1 final_success=1 reason=MINCO_OK duration=4.610777 max_vel=1.761595 max_acc=2.742530 max_jerk=12.653015 dynamic_clearance=0.998466 static_clearance=NA corridor_violation=-1.000000,[candidate-final-status] drone_id=2 candidate_type=SIDE_MINUS obstacle_id=10 scp_success=1 final_success=1 reason=MINCO_OK duration=3.237101 max_vel=3.458612 max_acc=5.379848 max_jerk=16.157399 dynamic_clearance=1.345793 static_clearance=NA corridor_violation=-1.000000,,[los-plane-audit] drone=2 candidate_type=SIDE_MINUS LOS_BLOCKER_ID=10 LOS_OCCLUSION_ENTER_REL=0.800000 LOS_OCCLUSION_EXIT_REL=1.500000 LOS_SIDE_REACH_DEADLINE=0.800000 LOS_PLANE_ACTIVE_START=0.800000 LOS_PLANE_ACTIVE_END=1.500000 LOS_REACHED_SIDE=1 LOS_PLANE_CREATED=1 side_reached_time=0.000000 occlusion_enter=0.800000 occlusion_exit=1.500000 constraint_clipped_to_seed_side=0
20260925_200523_419199,2,7,4,1790338000.405745268,10,OTHER_CONSTRUCTION_ACCEPTANCE_STALE,OTHER_CONSTRUCTION_ACCEPTANCE_STALE,[candidate-final-status] drone_id=2 candidate_type=SIDE_PLUS obstacle_id=10 scp_success=1 final_success=1 reason=MINCO_OK duration=3.053626 max_vel=4.543893 max_acc=15.501736 max_jerk=87.578759 dynamic_clearance=1.063925 static_clearance=NA corridor_violation=-1.000000,[candidate-final-status] drone_id=2 candidate_type=SIDE_MINUS obstacle_id=10 scp_success=1 final_success=1 reason=MINCO_OK duration=3.061795 max_vel=3.850130 max_acc=7.726715 max_jerk=28.052692 dynamic_clearance=1.356647 static_clearance=NA corridor_violation=-1.000000,[los-plane-audit] drone=2 candidate_type=SIDE_PLUS LOS_BLOCKER_ID=10 LOS_OCCLUSION_ENTER_REL=0.600000 LOS_OCCLUSION_EXIT_REL=1.200000 LOS_SIDE_REACH_DEADLINE=0.600000 LOS_PLANE_ACTIVE_START=0.600000 LOS_PLANE_ACTIVE_END=1.200000 LOS_REACHED_SIDE=1 LOS_PLANE_CREATED=1 side_reached_time=1.167703 occlusion_enter=0.600000 occlusion_exit=1.200000 constraint_clipped_to_seed_side=0,[los-plane-audit] drone=2 candidate_type=SIDE_MINUS LOS_BLOCKER_ID=10 LOS_OCCLUSION_ENTER_REL=0.600000 LOS_OCCLUSION_EXIT_REL=1.200000 LOS_SIDE_REACH_DEADLINE=0.600000 LOS_PLANE_ACTIVE_START=0.600000 LOS_PLANE_ACTIVE_END=1.200000 LOS_REACHED_SIDE=1 LOS_PLANE_CREATED=1 side_reached_time=0.000000 occlusion_enter=0.600000 occlusion_exit=1.200000 constraint_clipped_to_seed_side=0
20260925_200523_419199,2,7,5,1790338000.684057713,10,SFC_INFEASIBLE,OTHER_CONSTRUCTION_ACCEPTANCE_STALE,[candidate-final-status] drone_id=2 candidate_type=SIDE_PLUS obstacle_id=10 scp_success=0 final_success=0 reason=LOS_PLANE_SCP_FAILED duration=2.938262 max_vel=2.341320 max_acc=1.878325 max_jerk=5.870640 dynamic_clearance=1.312754 static_clearance=NA corridor_violation=-1.000000,[candidate-final-status] drone_id=2 candidate_type=SIDE_MINUS obstacle_id=10 scp_success=1 final_success=1 reason=MINCO_OK duration=2.894203 max_vel=4.898147 max_acc=12.462784 max_jerk=63.335446 dynamic_clearance=1.343199 static_clearance=NA corridor_violation=-1.000000,[los-plane-audit] drone=2 candidate_type=SIDE_PLUS LOS_BLOCKER_ID=10 LOS_OCCLUSION_ENTER_REL=0.400000 LOS_OCCLUSION_EXIT_REL=1.000000 LOS_SIDE_REACH_DEADLINE=0.400000 LOS_PLANE_ACTIVE_START=0.400000 LOS_PLANE_ACTIVE_END=1.000000 LOS_REACHED_SIDE=1 LOS_PLANE_CREATED=1 side_reached_time=1.211884 occlusion_enter=0.400000 occlusion_exit=1.000000 constraint_clipped_to_seed_side=0,[los-plane-audit] drone=2 candidate_type=SIDE_MINUS LOS_BLOCKER_ID=10 LOS_OCCLUSION_ENTER_REL=0.400000 LOS_OCCLUSION_EXIT_REL=1.000000 LOS_SIDE_REACH_DEADLINE=0.400000 LOS_PLANE_ACTIVE_START=0.400000 LOS_PLANE_ACTIVE_END=1.000000 LOS_REACHED_SIDE=1 LOS_PLANE_CREATED=1 side_reached_time=0.000000 occlusion_enter=0.400000 occlusion_exit=1.000000 constraint_clipped_to_seed_side=0
20260925_200523_419199,2,7,6,1790338000.735485077,10,MINCO_FAILED_UNSPECIFIED,OTHER_CONSTRUCTION_ACCEPTANCE_STALE,[candidate-final-status] drone_id=2 candidate_type=SIDE_PLUS obstacle_id=10 scp_success=0 final_success=0 reason= duration=2.916877 max_vel=2.333876 max_acc=1.829943 max_jerk=5.578649 dynamic_clearance=1.314557 static_clearance=NA corridor_violation=-1.000000,[candidate-final-status] drone_id=2 candidate_type=SIDE_MINUS obstacle_id=10 scp_success=1 final_success=1 reason=MINCO_OK duration=2.859138 max_vel=4.753684 max_acc=11.853261 max_jerk=60.646888 dynamic_clearance=1.339014 static_clearance=NA corridor_violation=-1.000000,[los-plane-audit] drone=2 candidate_type=SIDE_PLUS LOS_BLOCKER_ID=10 LOS_OCCLUSION_ENTER_REL=0.300000 LOS_OCCLUSION_EXIT_REL=0.900000 LOS_SIDE_REACH_DEADLINE=0.300000 LOS_PLANE_ACTIVE_START=0.300000 LOS_PLANE_ACTIVE_END=0.900000 LOS_REACHED_SIDE=1 LOS_PLANE_CREATED=1 side_reached_time=1.207196 occlusion_enter=0.300000 occlusion_exit=0.900000 constraint_clipped_to_seed_side=0,[los-plane-audit] drone=2 candidate_type=SIDE_MINUS LOS_BLOCKER_ID=10 LOS_OCCLUSION_ENTER_REL=0.300000 LOS_OCCLUSION_EXIT_REL=0.900000 LOS_SIDE_REACH_DEADLINE=0.300000 LOS_PLANE_ACTIVE_START=0.300000 LOS_PLANE_ACTIVE_END=0.900000 LOS_REACHED_SIDE=1 LOS_PLANE_CREATED=1 side_reached_time=0.000000 occlusion_enter=0.300000 occlusion_exit=0.900000 constraint_clipped_to_seed_side=0
20260925_200523_419199,2,7,7,1790338000.950891018,10,SFC_INFEASIBLE,SFC_INFEASIBLE,[candidate-final-status] drone_id=2 candidate_type=SIDE_PLUS obstacle_id=10 scp_success=0 final_success=0 reason=LOS_PLANE_SCP_FAILED duration=2.827436 max_vel=2.389188 max_acc=1.746470 max_jerk=6.229267 dynamic_clearance=1.317798 static_clearance=NA corridor_violation=-1.000000,[candidate-final-status] drone_id=2 candidate_type=SIDE_MINUS obstacle_id=10 scp_success=0 final_success=0 reason=LOS_PLANE_SCP_FAILED duration=2.774137 max_vel=2.458913 max_acc=1.809080 max_jerk=6.813861 dynamic_clearance=1.317099 static_clearance=NA corridor_violation=-1.000000,[los-plane-audit] drone=2 candidate_type=SIDE_PLUS LOS_BLOCKER_ID=10 LOS_OCCLUSION_ENTER_REL=0.100000 LOS_OCCLUSION_EXIT_REL=0.800000 LOS_SIDE_REACH_DEADLINE=0.100000 LOS_PLANE_ACTIVE_START=0.100000 LOS_PLANE_ACTIVE_END=0.800000 LOS_REACHED_SIDE=1 LOS_PLANE_CREATED=1 side_reached_time=1.106541 occlusion_enter=0.100000 occlusion_exit=0.800000 constraint_clipped_to_seed_side=0,[los-plane-audit] drone=2 candidate_type=SIDE_MINUS LOS_BLOCKER_ID=10 LOS_OCCLUSION_ENTER_REL=0.100000 LOS_OCCLUSION_EXIT_REL=0.800000 LOS_SIDE_REACH_DEADLINE=0.100000 LOS_PLANE_ACTIVE_START=0.100000 LOS_PLANE_ACTIVE_END=0.800000 LOS_REACHED_SIDE=1 LOS_PLANE_CREATED=1 side_reached_time=0.000000 occlusion_enter=0.100000 occlusion_exit=0.800000 constraint_clipped_to_seed_side=0
20260925_200523_419199,2,8,1,1790338002.007700205,14,MINCO_FAILED_UNSPECIFIED,SFC_INFEASIBLE,[candidate-final-status] drone_id=2 candidate_type=SIDE_PLUS obstacle_id=10 scp_success=0 final_success=0 reason= duration=2.660640 max_vel=1.835182 max_acc=0.851367 max_jerk=4.396771 dynamic_clearance=1.564973 static_clearance=NA corridor_violation=-1.000000,[candidate-final-status] drone_id=2 candidate_type=SIDE_MINUS obstacle_id=10 scp_success=0 final_success=0 reason=LOS_PLANE_SCP_FAILED duration=2.532959 max_vel=1.840091 max_acc=1.035392 max_jerk=5.275696 dynamic_clearance=1.564973 static_clearance=NA corridor_violation=-1.000000,[los-plane-audit] drone=2 candidate_type=SIDE_PLUS LOS_BLOCKER_ID=14 LOS_OCCLUSION_ENTER_REL=0.000000 LOS_OCCLUSION_EXIT_REL=2.000000 LOS_SIDE_REACH_DEADLINE=0.000000 LOS_PLANE_ACTIVE_START=0.000000 LOS_PLANE_ACTIVE_END=2.000000 LOS_REACHED_SIDE=1 LOS_PLANE_CREATED=1 side_reached_time=0.572882 occlusion_enter=0.000000 occlusion_exit=2.000000 constraint_clipped_to_seed_side=0,[los-plane-audit] drone=2 candidate_type=SIDE_MINUS LOS_BLOCKER_ID=14 LOS_OCCLUSION_ENTER_REL=0.000000 LOS_OCCLUSION_EXIT_REL=2.000000 LOS_SIDE_REACH_DEADLINE=0.000000 LOS_PLANE_ACTIVE_START=0.000000 LOS_PLANE_ACTIVE_END=2.000000 LOS_REACHED_SIDE=0 LOS_PLANE_CREATED=1 side_reached_time=-1.000000 occlusion_enter=0.000000 occlusion_exit=2.000000 constraint_clipped_to_seed_side=0
