run,episode,drone,candidate,kind,batch,batch_s,activation,hard_safe,seed_eligible,selected,committed,trajectory_id,executed,execution_begin,execution_end,stages,first_reject,reject_reason,solver_reason,comparator_reason,K2,C3,D3,comparison_begin,comparison_end,checked_until,fallback
20260927_103759_1243248,u1e1,0,22,NOMINAL,1790476692.941643,5.590967893600464,1790476693.0816429,True,False,True,True,22.0,True,5.769445,6.004971,FINAL_INPUT|JOINT_SEED|COMPARATOR_WIN|SELECTED|COMMITTED,,,,,0.0,0.0,0.0,-1790476687.350675,-1790476687.350675,7.73096776008606,0
20260927_103759_1243248,u1e1,0,23,NOMINAL,1790476693.2250202,5.874345064163208,1790476693.36502,True,False,True,True,23.0,True,6.037346,6.281597,FINAL_INPUT|JOINT_SEED|COMPARATOR_WIN|SELECTED|COMMITTED,,,,,0.0,0.0,0.0,-1790476687.350675,-1790476687.350675,8.014344930648804,0
20260927_103759_1243248,u1e1,0,24,NOMINAL,1790476693.5079944,6.1573193073272705,1790476693.6479943,True,False,True,True,24.0,True,6.315377,6.536298,NOMINAL_CONTEXT|FINAL_INPUT|JOINT_SEED|COMPARATOR_WIN|SELECTED|COMMITTED,,,,,0.0,0.0,0.0,-1790476687.350675,-1790476687.350675,8.297319173812866,0
20260927_103759_1243248,u1e1,0,25,SIDE_PLUS,1790476693.5079944,6.1573193073272705,1790476693.6479943,True,True,False,False,,False,,,SIDE_DISPATCH|RAW_SEED_ATTEMPT|PRE_TIMING_SEED|TIMED_SEED|SEED_ELIGIBILITY|PRE_LOS|POST_LOS|SOLVER_OK|FINAL_INPUT|JOINT_SEED|COMPARATOR_LOSS,,,,,0.0,0.0,0.0,-1790476687.350675,-1790476687.350675,8.297319173812866,0
20260927_103759_1243248,u1e1,0,26,SIDE_MINUS,1790476693.5079944,6.1573193073272705,1790476693.6479943,True,True,False,False,,False,,,SIDE_DISPATCH|RAW_SEED_ATTEMPT|PRE_TIMING_SEED|TIMED_SEED|SEED_ELIGIBILITY|SOLVER_OK|FINAL_INPUT|JOINT_SEED|COMPARATOR_LOSS,,,,,0.0,0.0,0.0,-1790476687.350675,-1790476687.350675,8.297319173812866,0
20260927_103759_1243248,u1e1,0,27,NOMINAL,1790476693.7632046,6.412529468536377,1790476693.9032044,True,False,False,False,,False,,,NOMINAL_CONTEXT|FINAL_INPUT|JOINT_SEED|COMPARATOR_WIN,,,,,1.0,0.4,0.7830333849112053,7.949323654174805,8.397319078445435,8.552529335021973,0
20260927_103759_1243248,u1e1,0,28,SIDE_PLUS,1790476693.7632046,6.412529468536377,1790476693.9032044,True,True,True,True,25.0,True,6.569491,6.835735,SIDE_DISPATCH|RAW_SEED_ATTEMPT|PRE_TIMING_SEED|TIMED_SEED|SEED_ELIGIBILITY|PRE_LOS|POST_LOS|SOLVER_OK|FINAL_INPUT|JOINT_SEED|COMPARATOR_WIN|SELECTED|COMMITTED,,,,D3_LOWER,1.0,0.4,0.7405357091261728,7.949323654174805,8.397319078445435,8.552529335021973,0
20260927_103759_1243248,u1e1,0,29,SIDE_MINUS,1790476693.7632046,6.412529468536377,1790476693.9032044,True,True,False,False,,False,,,SIDE_DISPATCH|RAW_SEED_ATTEMPT|PRE_TIMING_SEED|TIMED_SEED|SEED_ELIGIBILITY|SOLVER_OK|FINAL_INPUT|JOINT_SEED|COMPARATOR_LOSS,,,,OPPONENT_D3_LOWER,1.0,0.4,0.7818378750560493,7.949323654174805,8.397319078445435,8.552529335021973,0
20260927_103759_1243248,u1e1,0,30,NOMINAL,1790476694.0555573,6.7048821449279785,1790476694.195557,True,False,False,False,,False,,,NOMINAL_CONTEXT|FINAL_INPUT|JOINT_SEED|COMPARATOR_WIN,,,,,0.75,0.25,2.0731628739213344,7.949323654174805,8.652529239654541,8.844882011413574,0
20260927_103759_1243248,u1e1,0,31,SIDE_PLUS,1790476694.0555573,6.7048821449279785,1790476694.195557,True,True,True,True,26.0,True,6.875762,7.135432,SIDE_DISPATCH|RAW_SEED_ATTEMPT|PRE_TIMING_SEED|TIMED_SEED|SEED_ELIGIBILITY|PRE_LOS|POST_LOS|SOLVER_OK|FINAL_INPUT|JOINT_SEED|COMPARATOR_WIN|SELECTED|COMMITTED,,,,D3_LOWER,0.75,0.25,2.0236580493661225,7.949323654174805,8.652529239654541,8.844882011413574,0
20260927_103759_1243248,u1e1,0,32,SIDE_MINUS,1790476694.0555573,6.7048821449279785,1790476694.195557,True,True,False,False,,False,,,SIDE_DISPATCH|RAW_SEED_ATTEMPT|PRE_TIMING_SEED|TIMED_SEED|SEED_ELIGIBILITY|SOLVER_OK|FINAL_INPUT|JOINT_SEED|COMPARATOR_LOSS,,,,OPPONENT_D3_LOWER,0.75,0.25,2.050400275899408,7.949323654174805,8.652529239654541,8.844882011413574,0
20260927_103759_1243248,u1e1,0,33,NOMINAL,1790476694.3478253,6.997150182723999,1790476694.4878252,False,False,False,False,,False,,,NOMINAL_CONTEXT|FINAL_INPUT_FAILED|JOINT_SEED,FINAL_INPUT_FAILED,,,,0.0,0.0,0.0,-1790476687.350675,-1790476687.350675,-1790476687.350675,0
20260927_103759_1243248,u1e1,0,34,SIDE_PLUS,1790476694.3478253,6.997150182723999,1790476694.4878252,True,True,True,True,27.0,True,7.171969,7.369829,SIDE_DISPATCH|RAW_SEED_ATTEMPT|PRE_TIMING_SEED|TIMED_SEED|SEED_ELIGIBILITY|PRE_LOS|POST_LOS|SOLVER_OK|FINAL_INPUT|JOINT_SEED|COMPARATOR_WIN|SELECTED|COMMITTED,,,,,0.6000000000000001,0.2,2.8054014061152017,7.949323654174805,8.944881916046143,9.137150049209595,0
20260927_103759_1243248,u1e1,0,35,SIDE_MINUS,1790476694.3478253,6.997150182723999,1790476694.4878252,True,True,False,False,,False,,,SIDE_DISPATCH|RAW_SEED_ATTEMPT|PRE_TIMING_SEED|TIMED_SEED|SEED_ELIGIBILITY|SOLVER_OK|FINAL_INPUT|JOINT_SEED|COMPARATOR_LOSS,,,,OPPONENT_D3_LOWER,0.6000000000000001,0.2,2.837931824138594,7.949323654174805,8.944881916046143,9.137150049209595,0
20260927_103759_1243248,u1e1,0,36,NOMINAL,1790476694.6052516,7.2545764446258545,1790476694.7452514,False,False,False,False,,False,,,NOMINAL_CONTEXT|FINAL_INPUT_FAILED|JOINT_SEED,FINAL_INPUT_FAILED,,,,0.0,0.0,0.0,-1790476687.350675,-1790476687.350675,-1790476687.350675,0
20260927_103759_1243248,u1e1,0,37,SIDE_PLUS,1790476694.6052516,7.2545764446258545,1790476694.7452514,True,True,False,False,,False,,,SIDE_DISPATCH|RAW_SEED_ATTEMPT|PRE_TIMING_SEED|TIMED_SEED|SEED_ELIGIBILITY|SOLVER_FAILED|FINAL_INPUT|JOINT_SEED|COMPARATOR_WIN,,,,,0.0,0.0,0.0,-1790476687.350675,-1790476687.350675,9.39457631111145,1
20260927_103759_1243248,u1e1,0,38,SIDE_MINUS,1790476694.6052516,7.2545764446258545,1790476694.7452514,True,True,True,True,28.0,True,7.404016,7.673391,SIDE_DISPATCH|RAW_SEED_ATTEMPT|PRE_TIMING_SEED|TIMED_SEED|SEED_ELIGIBILITY|SOLVER_FAILED|FINAL_INPUT|JOINT_SEED|COMPARATOR_WIN|SELECTED|COMMITTED,,,,,0.0,0.0,0.0,-1790476687.350675,-1790476687.350675,9.39457631111145,1
20260927_103759_1243248,u1e1,0,39,NOMINAL,1790476694.8854327,7.534757614135742,1790476695.0254326,False,False,False,False,,False,,,NOMINAL_CONTEXT|FINAL_INPUT_FAILED|JOINT_SEED,FINAL_INPUT_FAILED,,,,0.0,0.0,0.0,-1790476687.350675,-1790476687.350675,-1790476687.350675,0
20260927_103759_1243248,u1e1,0,40,SIDE_PLUS,1790476694.8854327,7.534757614135742,1790476695.0254326,True,True,False,False,,False,,,SIDE_DISPATCH|RAW_SEED_ATTEMPT|PRE_TIMING_SEED|TIMED_SEED|SEED_ELIGIBILITY|SOLVER_FAILED|FINAL_INPUT|JOINT_SEED|COMPARATOR_WIN,,,,,0.0,0.0,0.0,-1790476687.350675,-1790476687.350675,9.674757480621338,1
20260927_103759_1243248,u1e1,0,41,SIDE_MINUS,1790476694.8854327,7.534757614135742,1790476695.0254326,True,True,True,True,29.0,True,7.719919,7.83672,SIDE_DISPATCH|RAW_SEED_ATTEMPT|PRE_TIMING_SEED|TIMED_SEED|SEED_ELIGIBILITY|SOLVER_FAILED|FINAL_INPUT|JOINT_SEED|COMPARATOR_WIN|SELECTED|COMMITTED,,,,,0.0,0.0,0.0,-1790476687.350675,-1790476687.350675,9.674757480621338,1
20260927_103759_1243248,u1e1,0,42,NOMINAL,1790476695.045847,7.69517183303833,1790476695.1858468,True,False,False,False,,False,,,NOMINAL_CONTEXT|FINAL_INPUT|JOINT_SEED|COMPARATOR_WIN,,,,,1.0,0.3333333333333333,2.486730825765561,7.849324941635132,8.949323892593384,9.835171699523926,0
20260927_103759_1243248,u1e1,0,43,SIDE_PLUS,1790476695.045847,7.69517183303833,1790476695.1858468,True,True,False,False,,False,,,SIDE_DISPATCH|RAW_SEED_ATTEMPT|PRE_TIMING_SEED|TIMED_SEED|SEED_ELIGIBILITY|SOLVER_OK|FINAL_INPUT|JOINT_SEED|COMPARATOR_WIN,,,,D3_LOWER,1.0,0.3333333333333333,2.4799334761226484,7.849324941635132,8.949323892593384,9.835171699523926,0
20260927_103759_1243248,u1e1,0,44,SIDE_MINUS,1790476695.045847,7.69517183303833,1790476695.1858468,True,True,True,True,30.0,True,7.8739,7.969268,SIDE_DISPATCH|RAW_SEED_ATTEMPT|PRE_TIMING_SEED|TIMED_SEED|SEED_ELIGIBILITY|PRE_LOS|POST_LOS|SOLVER_OK|FINAL_INPUT|JOINT_SEED|COMPARATOR_WIN|SELECTED|COMMITTED,,,,D3_LOWER,1.0,0.3333333333333333,2.4617389395349347,7.849324941635132,8.949323892593384,9.835171699523926,0
20260927_103759_1243248,u1e1,0,45,NOMINAL,1790476695.1955357,7.844860553741455,1790476695.3355355,True,False,True,True,31.0,True,8.006185,8.201885,NOMINAL_CONTEXT|FINAL_INPUT|JOINT_SEED|COMPARATOR_WIN|SELECTED|COMMITTED,,,,,1.0,0.2222222222222222,2.302800331123002,7.984860420227051,8.949323892593384,9.98486042022705,0
20260927_103759_1243248,u1e1,0,46,SIDE_PLUS,1790476695.1955357,7.844860553741455,1790476695.3355355,False,True,False,False,,False,,,SIDE_DISPATCH|RAW_SEED_ATTEMPT|PRE_TIMING_SEED|TIMED_SEED|SEED_ELIGIBILITY|PRE_LOS|POST_LOS|SOLVER_OK|FINAL_INPUT|JOINT_SEED|PREFLIGHT_REJECT,PREFLIGHT_REJECT,DYNAMICS_FAIL,,,0.0,0.0,0.0,-1790476687.350675,-1790476687.350675,-1790476687.350675,0
20260927_103759_1243248,u1e1,0,47,SIDE_MINUS,1790476695.1955357,7.844860553741455,1790476695.3355355,True,True,False,False,,False,,,SIDE_DISPATCH|RAW_SEED_ATTEMPT|PRE_TIMING_SEED|TIMED_SEED|SEED_ELIGIBILITY|SOLVER_FAILED|FINAL_INPUT|JOINT_SEED|COMPARATOR_LOSS,,,,OPPONENT_C3_HIGHER,1.0,0.1111111111111111,2.36889436644957,7.984860420227051,8.949323892593384,9.98486042022705,1
20260927_103759_1243248,u1e1,0,48,NOMINAL,1790476695.4387937,8.088118553161621,1790476695.5787935,True,False,True,True,32.0,True,8.235771,8.50483,NOMINAL_CONTEXT|FINAL_INPUT|JOINT_SEED|COMPARATOR_WIN|SELECTED|COMMITTED,,,,,1.0,0.2857142857142857,1.5565227697965531,8.228118419647217,8.949323892593384,10.228118419647217,0
20260927_103759_1243248,u1e1,0,49,SIDE_PLUS,1790476695.4387937,8.088118553161621,1790476695.5787935,False,True,False,False,,False,,,SIDE_DISPATCH|RAW_SEED_ATTEMPT|PRE_TIMING_SEED|TIMED_SEED|SEED_ELIGIBILITY|PRE_LOS|POST_LOS|SOLVER_OK|FINAL_INPUT|JOINT_SEED|PREFLIGHT_REJECT,PREFLIGHT_REJECT,DYNAMICS_FAIL,,,0.0,0.0,0.0,-1790476687.350675,-1790476687.350675,-1790476687.350675,0
20260927_103759_1243248,u1e1,0,50,SIDE_MINUS,1790476695.4387937,8.088118553161621,1790476695.5787935,False,True,False,False,,False,,,SIDE_DISPATCH|RAW_SEED_ATTEMPT|PRE_TIMING_SEED|TIMED_SEED|SEED_ELIGIBILITY|PRE_LOS|POST_LOS|SOLVER_OK|FINAL_INPUT|JOINT_SEED|PREFLIGHT_REJECT,PREFLIGHT_REJECT,DYNAMICS_FAIL,,,0.0,0.0,0.0,-1790476687.350675,-1790476687.350675,-1790476687.350675,0
20260927_103759_1243248,u1e1,0,51,NOMINAL,1790476695.7166693,8.365994215011597,1790476695.8566692,True,False,False,False,,False,,,NOMINAL_CONTEXT|FINAL_INPUT|JOINT_SEED|COMPARATOR_WIN,,,,,1.0,0.5,0.4077833619980873,8.505994081497192,8.949323892593384,10.505994081497192,0
20260927_103759_1243248,u1e1,0,52,SIDE_PLUS,1790476695.7166693,8.365994215011597,1790476695.8566692,False,True,False,False,,False,,,SIDE_DISPATCH|RAW_SEED_ATTEMPT|PRE_TIMING_SEED|TIMED_SEED|SEED_ELIGIBILITY|PRE_LOS|POST_LOS|SOLVER_OK|FINAL_INPUT|JOINT_SEED|PREFLIGHT_REJECT,PREFLIGHT_REJECT,DYNAMICS_FAIL,,,0.0,0.0,0.0,-1790476687.350675,-1790476687.350675,-1790476687.350675,0
20260927_103759_1243248,u1e1,0,53,SIDE_MINUS,1790476695.7166693,8.365994215011597,1790476695.8566692,True,True,True,True,33.0,True,8.536334,8.937712,SIDE_DISPATCH|RAW_SEED_ATTEMPT|PRE_TIMING_SEED|TIMED_SEED|SEED_ELIGIBILITY|SOLVER_FAILED|FINAL_INPUT|JOINT_SEED|COMPARATOR_WIN|SELECTED|COMMITTED,,,,D3_LOWER,1.0,0.5,0.40763327392628285,8.505994081497192,8.949323892593384,10.505994081497192,1
20260927_103759_1243248,u1e1,0,54,NOMINAL,1790476696.0129504,8.662275314331055,1790476696.1529503,False,False,False,False,,False,,,NOMINAL_CONTEXT|FINAL_INPUT|JOINT_SEED|HANDOFF_REJECT,HANDOFF_REJECT,MISSED_FROZEN_ACTIVATION,,,0.0,0.0,0.0,-1790476687.350675,-1790476687.350675,-1790476687.350675,0
20260927_103759_1243248,u1e1,0,55,SIDE_PLUS,1790476696.0129504,8.662275314331055,1790476696.1529503,False,True,False,False,,False,,,SIDE_DISPATCH|RAW_SEED_ATTEMPT|PRE_TIMING_SEED|TIMED_SEED|SEED_ELIGIBILITY|PRE_LOS|POST_LOS|SOLVER_OK|FINAL_INPUT|JOINT_SEED|HANDOFF_REJECT,HANDOFF_REJECT,MISSED_FROZEN_ACTIVATION,,,0.0,0.0,0.0,-1790476687.350675,-1790476687.350675,-1790476687.350675,0
20260927_103759_1243248,u1e1,0,56,SIDE_MINUS,1790476696.0129504,8.662275314331055,1790476696.1529503,False,False,False,False,,False,,,SIDE_DISPATCH|RAW_SEED_ATTEMPT|RAW_SEED_ATTEMPT|RAW_SEED_ATTEMPT|RAW_SEED_ATTEMPT|PREINIT_REJECT,PREINIT_REJECT,NO_STATIC_FEASIBLE_SIDE,,,0.0,0.0,0.0,-1790476687.350675,-1790476687.350675,-1790476687.350675,0
20260927_103759_1243248,u1e1,0,57,NOMINAL,1790476696.140674,8.789999008178711,1790476696.2883213,True,False,False,False,,False,,,NOMINAL_CONTEXT|FINAL_INPUT|JOINT_SEED|COMPARATOR_WIN,,,,,1.0,0.25,0.6575354903756384,10.249323606491089,10.60599398612976,10.93764615058899,0
20260927_103759_1243248,u1e1,0,58,SIDE_PLUS,1790476696.140674,8.789999008178711,1790476696.2883213,False,True,False,False,,False,,,SIDE_DISPATCH|RAW_SEED_ATTEMPT|PRE_TIMING_SEED|TIMED_SEED|SEED_ELIGIBILITY|PRE_LOS|POST_LOS|SOLVER_OK|FINAL_INPUT|JOINT_SEED|PREFLIGHT_REJECT,PREFLIGHT_REJECT,DYNAMICS_FAIL,,,0.0,0.0,0.0,-1790476687.350675,-1790476687.350675,-1790476687.350675,0
20260927_103759_1243248,u1e1,0,59,SIDE_MINUS,1790476696.140674,8.789999008178711,1790476696.2883213,True,True,True,True,34.0,True,8.969267,9.203437,SIDE_DISPATCH|RAW_SEED_ATTEMPT|PRE_TIMING_SEED|TIMED_SEED|SEED_ELIGIBILITY|SOLVER_OK|FINAL_INPUT|JOINT_SEED|COMPARATOR_WIN|SELECTED|COMMITTED,,,,D3_LOWER,1.0,0.25,0.6109814643302547,10.249323606491089,10.60599398612976,10.93764615058899,0
20260927_103759_1243248,u1e2,0,48,NOMINAL,1790476695.4387937,8.088118553161621,1790476695.5787935,True,False,True,True,32.0,True,8.235771,8.50483,NOMINAL_CONTEXT|FINAL_INPUT|JOINT_SEED|COMPARATOR_WIN|SELECTED|COMMITTED,,,,,1.0,0.2857142857142857,1.5565227697965531,8.228118419647217,8.949323892593384,10.228118419647217,0
20260927_103759_1243248,u1e2,0,49,SIDE_PLUS,1790476695.4387937,8.088118553161621,1790476695.5787935,False,True,False,False,,False,,,SIDE_DISPATCH|RAW_SEED_ATTEMPT|PRE_TIMING_SEED|TIMED_SEED|SEED_ELIGIBILITY|PRE_LOS|POST_LOS|SOLVER_OK|FINAL_INPUT|JOINT_SEED|PREFLIGHT_REJECT,PREFLIGHT_REJECT,DYNAMICS_FAIL,,,0.0,0.0,0.0,-1790476687.350675,-1790476687.350675,-1790476687.350675,0
20260927_103759_1243248,u1e2,0,50,SIDE_MINUS,1790476695.4387937,8.088118553161621,1790476695.5787935,False,True,False,False,,False,,,SIDE_DISPATCH|RAW_SEED_ATTEMPT|PRE_TIMING_SEED|TIMED_SEED|SEED_ELIGIBILITY|PRE_LOS|POST_LOS|SOLVER_OK|FINAL_INPUT|JOINT_SEED|PREFLIGHT_REJECT,PREFLIGHT_REJECT,DYNAMICS_FAIL,,,0.0,0.0,0.0,-1790476687.350675,-1790476687.350675,-1790476687.350675,0
20260927_103759_1243248,u1e2,0,51,NOMINAL,1790476695.7166693,8.365994215011597,1790476695.8566692,True,False,False,False,,False,,,NOMINAL_CONTEXT|FINAL_INPUT|JOINT_SEED|COMPARATOR_WIN,,,,,1.0,0.5,0.4077833619980873,8.505994081497192,8.949323892593384,10.505994081497192,0
20260927_103759_1243248,u1e2,0,52,SIDE_PLUS,1790476695.7166693,8.365994215011597,1790476695.8566692,False,True,False,False,,False,,,SIDE_DISPATCH|RAW_SEED_ATTEMPT|PRE_TIMING_SEED|TIMED_SEED|SEED_ELIGIBILITY|PRE_LOS|POST_LOS|SOLVER_OK|FINAL_INPUT|JOINT_SEED|PREFLIGHT_REJECT,PREFLIGHT_REJECT,DYNAMICS_FAIL,,,0.0,0.0,0.0,-1790476687.350675,-1790476687.350675,-1790476687.350675,0
20260927_103759_1243248,u1e2,0,53,SIDE_MINUS,1790476695.7166693,8.365994215011597,1790476695.8566692,True,True,True,True,33.0,True,8.536334,8.937712,SIDE_DISPATCH|RAW_SEED_ATTEMPT|PRE_TIMING_SEED|TIMED_SEED|SEED_ELIGIBILITY|SOLVER_FAILED|FINAL_INPUT|JOINT_SEED|COMPARATOR_WIN|SELECTED|COMMITTED,,,,D3_LOWER,1.0,0.5,0.40763327392628285,8.505994081497192,8.949323892593384,10.505994081497192,1
20260927_103759_1243248,u1e2,0,54,NOMINAL,1790476696.0129504,8.662275314331055,1790476696.1529503,False,False,False,False,,False,,,NOMINAL_CONTEXT|FINAL_INPUT|JOINT_SEED|HANDOFF_REJECT,HANDOFF_REJECT,MISSED_FROZEN_ACTIVATION,,,0.0,0.0,0.0,-1790476687.350675,-1790476687.350675,-1790476687.350675,0
20260927_103759_1243248,u1e2,0,55,SIDE_PLUS,1790476696.0129504,8.662275314331055,1790476696.1529503,False,True,False,False,,False,,,SIDE_DISPATCH|RAW_SEED_ATTEMPT|PRE_TIMING_SEED|TIMED_SEED|SEED_ELIGIBILITY|PRE_LOS|POST_LOS|SOLVER_OK|FINAL_INPUT|JOINT_SEED|HANDOFF_REJECT,HANDOFF_REJECT,MISSED_FROZEN_ACTIVATION,,,0.0,0.0,0.0,-1790476687.350675,-1790476687.350675,-1790476687.350675,0
20260927_103759_1243248,u1e2,0,56,SIDE_MINUS,1790476696.0129504,8.662275314331055,1790476696.1529503,False,False,False,False,,False,,,SIDE_DISPATCH|RAW_SEED_ATTEMPT|RAW_SEED_ATTEMPT|RAW_SEED_ATTEMPT|RAW_SEED_ATTEMPT|PREINIT_REJECT,PREINIT_REJECT,NO_STATIC_FEASIBLE_SIDE,,,0.0,0.0,0.0,-1790476687.350675,-1790476687.350675,-1790476687.350675,0
20260927_103759_1243248,u1e2,0,57,NOMINAL,1790476696.140674,8.789999008178711,1790476696.2883213,True,False,False,False,,False,,,NOMINAL_CONTEXT|FINAL_INPUT|JOINT_SEED|COMPARATOR_WIN,,,,,1.0,0.25,0.6575354903756384,10.249323606491089,10.60599398612976,10.93764615058899,0
20260927_103759_1243248,u1e2,0,58,SIDE_PLUS,1790476696.140674,8.789999008178711,1790476696.2883213,False,True,False,False,,False,,,SIDE_DISPATCH|RAW_SEED_ATTEMPT|PRE_TIMING_SEED|TIMED_SEED|SEED_ELIGIBILITY|PRE_LOS|POST_LOS|SOLVER_OK|FINAL_INPUT|JOINT_SEED|PREFLIGHT_REJECT,PREFLIGHT_REJECT,DYNAMICS_FAIL,,,0.0,0.0,0.0,-1790476687.350675,-1790476687.350675,-1790476687.350675,0
20260927_103759_1243248,u1e2,0,59,SIDE_MINUS,1790476696.140674,8.789999008178711,1790476696.2883213,True,True,True,True,34.0,True,8.969267,9.203437,SIDE_DISPATCH|RAW_SEED_ATTEMPT|PRE_TIMING_SEED|TIMED_SEED|SEED_ELIGIBILITY|SOLVER_OK|FINAL_INPUT|JOINT_SEED|COMPARATOR_WIN|SELECTED|COMMITTED,,,,D3_LOWER,1.0,0.25,0.6109814643302547,10.249323606491089,10.60599398612976,10.93764615058899,0
20260927_103759_1243248,u1e2,0,60,NOMINAL,1790476696.292932,8.942256927490234,1790476696.4371874,False,False,False,False,,False,,,NOMINAL_CONTEXT|FINAL_INPUT|JOINT_SEED|HANDOFF_REJECT,HANDOFF_REJECT,MISSED_FROZEN_ACTIVATION,,,0.0,0.0,0.0,-1790476687.350675,-1790476687.350675,-1790476687.350675,0
20260927_103759_1243248,u1e2,0,61,SIDE_PLUS,1790476696.292932,8.942256927490234,1790476696.4371874,False,True,False,False,,False,,,SIDE_DISPATCH|RAW_SEED_ATTEMPT|PRE_TIMING_SEED|TIMED_SEED|SEED_ELIGIBILITY|PRE_LOS|POST_LOS|SOLVER_OK|FINAL_INPUT|JOINT_SEED|HANDOFF_REJECT,HANDOFF_REJECT,MISSED_FROZEN_ACTIVATION,,,0.0,0.0,0.0,-1790476687.350675,-1790476687.350675,-1790476687.350675,0
20260927_103759_1243248,u1e2,0,62,SIDE_MINUS,1790476696.292932,8.942256927490234,1790476696.4371874,False,False,False,False,,False,,,SIDE_DISPATCH|RAW_SEED_ATTEMPT|RAW_SEED_ATTEMPT|RAW_SEED_ATTEMPT|RAW_SEED_ATTEMPT|PREINIT_REJECT,PREINIT_REJECT,NO_STATIC_FEASIBLE_SIDE,,,0.0,0.0,0.0,-1790476687.350675,-1790476687.350675,-1790476687.350675,0
20260927_103759_1243248,u1e2,0,63,NOMINAL,1790476696.4186783,9.068003177642822,1790476696.5699923,True,False,False,False,,False,,,NOMINAL_CONTEXT|FINAL_INPUT|JOINT_SEED|COMPARATOR_WIN,,,,,1.0,0.25,2.4792349307026935,10.249323606491089,11.037646055221558,11.219317197799683,0
20260927_103759_1243248,u1e2,0,64,SIDE_PLUS,1790476696.4186783,9.068003177642822,1790476696.5699923,False,True,False,False,,False,,,SIDE_DISPATCH|RAW_SEED_ATTEMPT|PRE_TIMING_SEED|TIMED_SEED|SEED_ELIGIBILITY|PRE_LOS|POST_LOS|SOLVER_OK|FINAL_INPUT|JOINT_SEED|PREFLIGHT_REJECT,PREFLIGHT_REJECT,DYNAMICS_FAIL,,,0.0,0.0,0.0,-1790476687.350675,-1790476687.350675,-1790476687.350675,0
20260927_103759_1243248,u1e2,0,65,SIDE_MINUS,1790476696.4186783,9.068003177642822,1790476696.5699923,True,True,True,True,35.0,True,9.236273,9.369059,SIDE_DISPATCH|RAW_SEED_ATTEMPT|PRE_TIMING_SEED|TIMED_SEED|SEED_ELIGIBILITY|SOLVER_OK|FINAL_INPUT|JOINT_SEED|COMPARATOR_WIN|SELECTED|COMMITTED,,,,D3_LOWER,1.0,0.25,2.4594699108593567,10.249323606491089,11.037646055221558,11.219317197799683,0
20260927_103759_1243248,u1e2,0,66,NOMINAL,1790476696.573877,9.223201990127563,1790476696.7218852,True,False,True,True,36.0,True,9.404179,9.636129,NOMINAL_CONTEXT|FINAL_INPUT|JOINT_SEED|COMPARATOR_WIN|SELECTED|COMMITTED,,,,,1.0,0.18181818181818182,4.577374025871242,10.249323606491089,11.319317102432251,11.371210098266602,0
20260927_103759_1243248,u1e2,0,67,SIDE_PLUS,1790476696.573877,9.223201990127563,1790476696.7218852,False,True,False,False,,False,,,SIDE_DISPATCH|RAW_SEED_ATTEMPT|PRE_TIMING_SEED|TIMED_SEED|SEED_ELIGIBILITY|PRE_LOS|POST_LOS|SOLVER_OK|FINAL_INPUT|JOINT_SEED|PREFLIGHT_REJECT,PREFLIGHT_REJECT,DYNAMICS_FAIL,,,0.0,0.0,0.0,-1790476687.350675,-1790476687.350675,-1790476687.350675,0
20260927_103759_1243248,u1e2,0,68,SIDE_MINUS,1790476696.573877,9.223201990127563,1790476696.7218852,False,False,False,False,,False,,,SIDE_DISPATCH|RAW_SEED_ATTEMPT|RAW_SEED_ATTEMPT|RAW_SEED_ATTEMPT|RAW_SEED_ATTEMPT|PREINIT_REJECT,PREINIT_REJECT,NO_STATIC_FEASIBLE_SIDE,,,0.0,0.0,0.0,-1790476687.350675,-1790476687.350675,-1790476687.350675,0
20260927_103759_1243248,u1e2,0,69,NOMINAL,1790476696.863296,9.51262092590332,1790476697.0074227,True,False,False,False,,False,,,NOMINAL_CONTEXT|FINAL_INPUT|JOINT_SEED|COMPARATOR_WIN,,,,,1.0,0.15384615384615385,5.810770688577248,10.249323606491089,11.47121000289917,11.656747579574585,0
20260927_103759_1243248,u1e2,0,70,SIDE_PLUS,1790476696.863296,9.51262092590332,1790476697.0074227,False,True,False,False,,False,,,SIDE_DISPATCH|RAW_SEED_ATTEMPT|PRE_TIMING_SEED|TIMED_SEED|SEED_ELIGIBILITY|PRE_LOS|POST_LOS|SOLVER_OK|FINAL_INPUT|JOINT_SEED|PREFLIGHT_REJECT,PREFLIGHT_REJECT,DYNAMICS_FAIL,,,0.0,0.0,0.0,-1790476687.350675,-1790476687.350675,-1790476687.350675,0
20260927_103759_1243248,u1e2,0,71,SIDE_MINUS,1790476696.863296,9.51262092590332,1790476697.0074227,True,True,True,True,37.0,True,9.671399,9.941563,SIDE_DISPATCH|RAW_SEED_ATTEMPT|PRE_TIMING_SEED|TIMED_SEED|SEED_ELIGIBILITY|SOLVER_OK|FINAL_INPUT|JOINT_SEED|COMPARATOR_WIN|SELECTED|COMMITTED,,,,D3_LOWER,1.0,0.15384615384615385,5.789463905231932,10.249323606491089,11.47121000289917,11.656747579574585,0
20260927_103759_1243248,u1e2,0,72,NOMINAL,1790476697.142484,9.791808843612671,1790476697.2838635,False,False,False,False,,False,,,NOMINAL_CONTEXT|FINAL_INPUT_FAILED|JOINT_SEED,FINAL_INPUT_FAILED,,,,0.0,0.0,0.0,-1790476687.350675,-1790476687.350675,-1790476687.350675,0
20260927_103759_1243248,u1e2,0,73,SIDE_PLUS,1790476697.142484,9.791808843612671,1790476697.2838635,True,True,True,True,38.0,True,9.970604,10.202681,SIDE_DISPATCH|RAW_SEED_ATTEMPT|PRE_TIMING_SEED|TIMED_SEED|SEED_ELIGIBILITY|PRE_LOS|POST_LOS|SOLVER_OK|FINAL_INPUT|JOINT_SEED|COMPARATOR_WIN|SELECTED|COMMITTED,,,,,1.0,0.1875,6.337756520084942,10.249323606491089,11.756747484207153,11.933188438415527,0
20260927_103759_1243248,u1e2,0,74,SIDE_MINUS,1790476697.142484,9.791808843612671,1790476697.2838635,True,True,False,False,,False,,,SIDE_DISPATCH|RAW_SEED_ATTEMPT|PRE_TIMING_SEED|TIMED_SEED|SEED_ELIGIBILITY|SOLVER_OK|FINAL_INPUT|JOINT_SEED|COMPARATOR_LOSS,,,,OPPONENT_C3_HIGHER,1.0,0.125,7.049498945910405,10.249323606491089,11.756747484207153,11.933188438415527,0
20260927_103759_1243248,u1e2,0,75,NOMINAL,1790476697.4236934,10.073018312454224,1790476697.5636933,True,False,True,True,39.0,True,10.235858,10.435385,NOMINAL_CONTEXT|FINAL_INPUT|JOINT_SEED|COMPARATOR_WIN|SELECTED|COMMITTED,,,,,1.0,0.16666666666666666,6.83639599675442,10.249323606491089,12.033188343048096,12.21301817893982,0
20260927_103759_1243248,u1e2,0,76,SIDE_PLUS,1790476697.4236934,10.073018312454224,1790476697.5636933,True,True,False,False,,False,,,SIDE_DISPATCH|RAW_SEED_ATTEMPT|PRE_TIMING_SEED|TIMED_SEED|SEED_ELIGIBILITY|SOLVER_OK|FINAL_INPUT|JOINT_SEED|COMPARATOR_LOSS,,,,OPPONENT_D3_LOWER,1.0,0.16666666666666666,6.908874188018476,10.249323606491089,12.033188343048096,12.21301817893982,0
20260927_103759_1243248,u1e2,0,77,SIDE_MINUS,1790476697.4236934,10.073018312454224,1790476697.5636933,True,True,False,False,,False,,,SIDE_DISPATCH|RAW_SEED_ATTEMPT|PRE_TIMING_SEED|TIMED_SEED|SEED_ELIGIBILITY|SOLVER_OK|FINAL_INPUT|JOINT_SEED|COMPARATOR_LOSS,,,,OPPONENT_D3_LOWER,1.0,0.16666666666666666,6.882844136087272,10.249323606491089,12.033188343048096,12.21301817893982,0
20260927_103759_1243248,u1e2,0,78,NOMINAL,1790476697.674817,10.32414197921753,1790476697.814817,True,False,True,True,40.0,True,10.478223,10.736478,NOMINAL_CONTEXT|FINAL_INPUT|JOINT_SEED|COMPARATOR_WIN|SELECTED|COMMITTED,,,,,1.0,0.06666666666666667,6.447443547104165,10.464141845703125,12.049323320388794,12.464141845703125,0
20260927_103759_1243248,u1e2,0,79,SIDE_PLUS,1790476697.674817,10.32414197921753,1790476697.814817,False,True,False,False,,False,,,SIDE_DISPATCH|RAW_SEED_ATTEMPT|PRE_TIMING_SEED|TIMED_SEED|SEED_ELIGIBILITY|PRE_LOS|POST_LOS|SOLVER_OK|FINAL_INPUT|JOINT_SEED|PREFLIGHT_REJECT,PREFLIGHT_REJECT,DYNAMICS_FAIL,,,0.0,0.0,0.0,-1790476687.350675,-1790476687.350675,-1790476687.350675,0
20260927_103759_1243248,u1e2,0,80,SIDE_MINUS,1790476697.674817,10.32414197921753,1790476697.814817,False,True,False,False,,False,,,SIDE_DISPATCH|RAW_SEED_ATTEMPT|PRE_TIMING_SEED|TIMED_SEED|SEED_ELIGIBILITY|PRE_LOS|POST_LOS|SOLVER_OK|FINAL_INPUT|JOINT_SEED|PREFLIGHT_REJECT,PREFLIGHT_REJECT,DYNAMICS_FAIL,,,0.0,0.0,0.0,-1790476687.350675,-1790476687.350675,-1790476687.350675,0
20260927_103759_1243248,u1e2,0,81,NOMINAL,1790476697.9509428,10.6002676486969,1790476698.0909426,True,False,True,True,41.0,True,10.770237,11.009677,NOMINAL_CONTEXT|FINAL_INPUT|JOINT_SEED|COMPARATOR_WIN|SELECTED|COMMITTED,,,,,1.0,0.07692307692307693,5.706037024328103,10.740267515182495,12.049323558807373,12.740267515182495,0
20260927_103759_1243248,u1e2,0,82,SIDE_PLUS,1790476697.9509428,10.6002676486969,1790476698.0909426,False,True,False,False,,False,,,SIDE_DISPATCH|RAW_SEED_ATTEMPT|PRE_TIMING_SEED|TIMED_SEED|SEED_ELIGIBILITY|PRE_LOS|POST_LOS|SOLVER_OK|FINAL_INPUT|JOINT_SEED|PREFLIGHT_REJECT,PREFLIGHT_REJECT,DYNAMICS_FAIL,,,0.0,0.0,0.0,-1790476687.350675,-1790476687.350675,-1790476687.350675,0
20260927_103759_1243248,u1e2,0,83,SIDE_MINUS,1790476697.9509428,10.6002676486969,1790476698.0909426,False,True,False,False,,False,,,SIDE_DISPATCH|RAW_SEED_ATTEMPT|PRE_TIMING_SEED|TIMED_SEED|SEED_ELIGIBILITY|PRE_LOS|POST_LOS|SOLVER_OK|FINAL_INPUT|JOINT_SEED|PREFLIGHT_REJECT,PREFLIGHT_REJECT,DYNAMICS_FAIL,,,0.0,0.0,0.0,-1790476687.350675,-1790476687.350675,-1790476687.350675,0
20260927_103759_1243248,u1e2,0,84,NOMINAL,1790476698.2187166,10.868041515350342,1790476698.3587165,True,False,True,True,42.0,True,11.036377,11.237288,NOMINAL_CONTEXT|FINAL_INPUT|JOINT_SEED|COMPARATOR_WIN|SELECTED|COMMITTED,,,,,1.0,0.18181818181818182,4.349819604745815,11.008041381835938,12.049324035644531,13.008041381835938,0
20260927_103759_1243248,u1e2,0,85,SIDE_PLUS,1790476698.2187166,10.868041515350342,1790476698.3587165,False,True,False,False,,False,,,SIDE_DISPATCH|RAW_SEED_ATTEMPT|PRE_TIMING_SEED|TIMED_SEED|SEED_ELIGIBILITY|PRE_LOS|POST_LOS|SOLVER_OK|FINAL_INPUT|JOINT_SEED|PREFLIGHT_REJECT,PREFLIGHT_REJECT,DYNAMICS_FAIL,,,0.0,0.0,0.0,-1790476687.350675,-1790476687.350675,-1790476687.350675,0
20260927_103759_1243248,u1e2,0,86,SIDE_MINUS,1790476698.2187166,10.868041515350342,1790476698.3587165,False,True,False,False,,False,,,SIDE_DISPATCH|RAW_SEED_ATTEMPT|PRE_TIMING_SEED|TIMED_SEED|SEED_ELIGIBILITY|PRE_LOS|POST_LOS|SOLVER_OK|FINAL_INPUT|JOINT_SEED|PREFLIGHT_REJECT,PREFLIGHT_REJECT,DYNAMICS_FAIL,,,0.0,0.0,0.0,-1790476687.350675,-1790476687.350675,-1790476687.350675,0
20260927_103759_1243248,u1e2,0,87,NOMINAL,1790476698.479532,11.128856897354126,1790476698.6195319,True,False,True,True,43.0,True,11.277463,11.536433,NOMINAL_CONTEXT|FINAL_INPUT|JOINT_SEED|COMPARATOR_WIN|SELECTED|COMMITTED,,,,,1.0,0.14285714285714285,2.348846175779817,11.268856763839722,12.049324035644531,13.268856763839722,0
20260927_103759_1243248,u1e2,0,88,SIDE_PLUS,1790476698.479532,11.128856897354126,1790476698.6195319,False,True,False,False,,False,,,SIDE_DISPATCH|RAW_SEED_ATTEMPT|PRE_TIMING_SEED|TIMED_SEED|SEED_ELIGIBILITY|PRE_LOS|POST_LOS|SOLVER_OK|FINAL_INPUT|JOINT_SEED|PREFLIGHT_REJECT,PREFLIGHT_REJECT,DYNAMICS_FAIL,,,0.0,0.0,0.0,-1790476687.350675,-1790476687.350675,-1790476687.350675,0
20260927_103759_1243248,u1e2,0,89,SIDE_MINUS,1790476698.479532,11.128856897354126,1790476698.6195319,False,True,False,False,,False,,,SIDE_DISPATCH|RAW_SEED_ATTEMPT|PRE_TIMING_SEED|TIMED_SEED|SEED_ELIGIBILITY|PRE_LOS|POST_LOS|SOLVER_OK|FINAL_INPUT|JOINT_SEED|PREFLIGHT_REJECT,PREFLIGHT_REJECT,DYNAMICS_FAIL,,,0.0,0.0,0.0,-1790476687.350675,-1790476687.350675,-1790476687.350675,0
20260927_103759_1243248,u1e2,0,90,NOMINAL,1790476698.7699206,11.419245481491089,1790476698.9099205,True,False,True,True,44.0,True,11.569497,11.836195,NOMINAL_CONTEXT|FINAL_INPUT|JOINT_SEED|COMPARATOR_WIN|SELECTED|COMMITTED,,,,,1.0,0.4,0.7058873734441447,11.559245347976685,12.04932451248169,13.559245347976685,0
20260927_103759_1243248,u1e2,0,91,SIDE_PLUS,1790476698.7699206,11.419245481491089,1790476698.9099205,False,True,False,False,,False,,,SIDE_DISPATCH|RAW_SEED_ATTEMPT|PRE_TIMING_SEED|TIMED_SEED|SEED_ELIGIBILITY|PRE_LOS|POST_LOS|SOLVER_OK|FINAL_INPUT|JOINT_SEED|PREFLIGHT_REJECT,PREFLIGHT_REJECT,DYNAMICS_FAIL,,,0.0,0.0,0.0,-1790476687.350675,-1790476687.350675,-1790476687.350675,0
20260927_103759_1243248,u1e2,0,92,SIDE_MINUS,1790476698.7699206,11.419245481491089,1790476698.9099205,False,True,False,False,,False,,,SIDE_DISPATCH|RAW_SEED_ATTEMPT|PRE_TIMING_SEED|TIMED_SEED|SEED_ELIGIBILITY|PRE_LOS|POST_LOS|SOLVER_OK|FINAL_INPUT|JOINT_SEED|PREFLIGHT_REJECT,PREFLIGHT_REJECT,DYNAMICS_FAIL,,,0.0,0.0,0.0,-1790476687.350675,-1790476687.350675,-1790476687.350675,0
20260927_103759_1243248,u1e2,0,93,NOMINAL,1790476699.048902,11.698226928710938,1790476699.188902,True,False,True,True,45.0,True,11.877922,12.08072,NOMINAL_CONTEXT|FINAL_INPUT|JOINT_SEED|COMPARATOR_WIN|SELECTED|COMMITTED,,,,,1.0,0.6666666666666666,0.07140088725122565,11.838226795196533,12.049324750900269,13.838226795196533,0
20260927_103759_1243248,u1e2,0,94,SIDE_PLUS,1790476699.048902,11.698226928710938,1790476699.188902,False,True,False,False,,False,,,SIDE_DISPATCH|RAW_SEED_ATTEMPT|PRE_TIMING_SEED|TIMED_SEED|SEED_ELIGIBILITY|PRE_LOS|POST_LOS|SOLVER_OK|FINAL_INPUT|JOINT_SEED|PREFLIGHT_REJECT,PREFLIGHT_REJECT,DYNAMICS_FAIL,,,0.0,0.0,0.0,-1790476687.350675,-1790476687.350675,-1790476687.350675,0
20260927_103759_1243248,u1e2,0,95,SIDE_MINUS,1790476699.048902,11.698226928710938,1790476699.188902,True,True,False,False,,False,,,SIDE_DISPATCH|RAW_SEED_ATTEMPT|PRE_TIMING_SEED|TIMED_SEED|SEED_ELIGIBILITY|PRE_LOS|POST_LOS|SOLVER_OK|FINAL_INPUT|JOINT_SEED|COMPARATOR_LOSS,,,,OPPONENT_D3_LOWER,1.0,0.6666666666666666,0.07140308490909555,11.838226795196533,12.049324750900269,13.838226795196533,0
20260927_103759_1243248,u1e3,0,134,NOMINAL,1790476709.8556633,22.504988193511963,1790476709.9956632,True,False,True,True,84.0,True,22.672782,23.568955,FINAL_INPUT|JOINT_SEED|COMPARATOR_WIN|SELECTED|COMMITTED,,,,,0.0,0.0,0.0,-1790476687.350675,-1790476687.350675,24.64498805999756,0
20260927_103759_1243248,u1e3,0,135,NOMINAL,1790476710.14392,22.7932448387146,1790476710.2839198,False,False,False,False,,False,,,NOMINAL_CONTEXT|FINAL_INPUT|JOINT_SEED|HANDOFF_REJECT,HANDOFF_REJECT,MISSED_FROZEN_ACTIVATION,,,0.0,0.0,0.0,-1790476687.350675,-1790476687.350675,-1790476687.350675,0
20260927_103759_1243248,u1e3,0,136,SIDE_PLUS,1790476710.14392,22.7932448387146,1790476710.2839198,False,True,False,False,,False,,,SIDE_DISPATCH|RAW_SEED_ATTEMPT|PRE_TIMING_SEED|TIMED_SEED|SEED_ELIGIBILITY|PRE_LOS|POST_LOS|SOLVER_OK|FINAL_INPUT|JOINT_SEED|HANDOFF_REJECT,HANDOFF_REJECT,MISSED_FROZEN_ACTIVATION,,,0.0,0.0,0.0,-1790476687.350675,-1790476687.350675,-1790476687.350675,0
20260927_103759_1243248,u1e3,0,137,SIDE_MINUS,1790476710.14392,22.7932448387146,1790476710.2839198,False,False,False,False,,False,,,SIDE_DISPATCH|RAW_SEED_ATTEMPT|RAW_SEED_ATTEMPT|RAW_SEED_ATTEMPT|RAW_SEED_ATTEMPT|PREINIT_REJECT,PREINIT_REJECT,NO_STATIC_FEASIBLE_SIDE,,,0.0,0.0,0.0,-1790476687.350675,-1790476687.350675,-1790476687.350675,0
20260927_103759_1243248,u1e3,0,138,NOMINAL,1790476710.280585,22.9299099445343,1790476710.4291785,False,False,False,False,,False,,,NOMINAL_CONTEXT|FINAL_INPUT|JOINT_SEED|HANDOFF_REJECT,HANDOFF_REJECT,MISSED_FROZEN_ACTIVATION,,,0.0,0.0,0.0,-1790476687.350675,-1790476687.350675,-1790476687.350675,0
20260927_103759_1243248,u1e3,0,139,SIDE_PLUS,1790476710.280585,22.9299099445343,1790476710.4291785,False,True,False,False,,False,,,SIDE_DISPATCH|RAW_SEED_ATTEMPT|PRE_TIMING_SEED|TIMED_SEED|SEED_ELIGIBILITY|PRE_LOS|POST_LOS|SOLVER_OK|FINAL_INPUT|JOINT_SEED|HANDOFF_REJECT,HANDOFF_REJECT,MISSED_FROZEN_ACTIVATION,,,0.0,0.0,0.0,-1790476687.350675,-1790476687.350675,-1790476687.350675,0
20260927_103759_1243248,u1e3,0,140,SIDE_MINUS,1790476710.280585,22.9299099445343,1790476710.4291785,False,False,False,False,,False,,,SIDE_DISPATCH|RAW_SEED_ATTEMPT|RAW_SEED_ATTEMPT|RAW_SEED_ATTEMPT|RAW_SEED_ATTEMPT|PREINIT_REJECT,PREINIT_REJECT,NO_STATIC_FEASIBLE_SIDE,,,0.0,0.0,0.0,-1790476687.350675,-1790476687.350675,-1790476687.350675,0
20260927_103759_1243248,u1e3,0,141,NOMINAL,1790476710.4063191,23.055644035339355,1790476710.5615084,False,False,False,False,,False,,,NOMINAL_CONTEXT|FINAL_INPUT|JOINT_SEED|HANDOFF_REJECT,HANDOFF_REJECT,MISSED_FROZEN_ACTIVATION,,,0.0,0.0,0.0,-1790476687.350675,-1790476687.350675,-1790476687.350675,0
20260927_103759_1243248,u1e3,0,142,SIDE_PLUS,1790476710.4063191,23.055644035339355,1790476710.5615084,False,True,False,False,,False,,,SIDE_DISPATCH|RAW_SEED_ATTEMPT|PRE_TIMING_SEED|TIMED_SEED|SEED_ELIGIBILITY|PRE_LOS|POST_LOS|SOLVER_OK|FINAL_INPUT|JOINT_SEED|HANDOFF_REJECT,HANDOFF_REJECT,MISSED_FROZEN_ACTIVATION,,,0.0,0.0,0.0,-1790476687.350675,-1790476687.350675,-1790476687.350675,0
20260927_103759_1243248,u1e3,0,143,SIDE_MINUS,1790476710.4063191,23.055644035339355,1790476710.5615084,False,False,False,False,,False,,,SIDE_DISPATCH|RAW_SEED_ATTEMPT|RAW_SEED_ATTEMPT|RAW_SEED_ATTEMPT|RAW_SEED_ATTEMPT|PREINIT_REJECT,PREINIT_REJECT,NO_STATIC_FEASIBLE_SIDE,,,0.0,0.0,0.0,-1790476687.350675,-1790476687.350675,-1790476687.350675,0
20260927_103759_1243248,u1e3,0,144,NOMINAL,1790476710.5141847,23.163509607315063,1790476710.6735094,False,False,False,False,,False,,,NOMINAL_CONTEXT|FINAL_INPUT|JOINT_SEED|HANDOFF_REJECT,HANDOFF_REJECT,MISSED_FROZEN_ACTIVATION,,,0.0,0.0,0.0,-1790476687.350675,-1790476687.350675,-1790476687.350675,0
20260927_103759_1243248,u1e3,0,145,SIDE_PLUS,1790476710.5141847,23.163509607315063,1790476710.6735094,False,True,False,False,,False,,,SIDE_DISPATCH|RAW_SEED_ATTEMPT|PRE_TIMING_SEED|TIMED_SEED|SEED_ELIGIBILITY|SOLVER_FAILED|FINAL_INPUT|JOINT_SEED|HANDOFF_REJECT,HANDOFF_REJECT,MISSED_FROZEN_ACTIVATION,,,0.0,0.0,0.0,-1790476687.350675,-1790476687.350675,-1790476687.350675,1
20260927_103759_1243248,u1e3,0,146,SIDE_MINUS,1790476710.5141847,23.163509607315063,1790476710.6735094,False,False,False,False,,False,,,SIDE_DISPATCH|RAW_SEED_ATTEMPT|RAW_SEED_ATTEMPT|RAW_SEED_ATTEMPT|RAW_SEED_ATTEMPT|PREINIT_REJECT,PREINIT_REJECT,NO_STATIC_FEASIBLE_SIDE,,,0.0,0.0,0.0,-1790476687.350675,-1790476687.350675,-1790476687.350675,0
20260927_103759_1243248,u1e3,0,147,NOMINAL,1790476710.6280866,23.277411460876465,1790476710.7918167,False,False,False,False,,False,,,NOMINAL_CONTEXT|FINAL_INPUT|JOINT_SEED|HANDOFF_REJECT,HANDOFF_REJECT,MISSED_FROZEN_ACTIVATION,,,0.0,0.0,0.0,-1790476687.350675,-1790476687.350675,-1790476687.350675,0
20260927_103759_1243248,u1e3,0,148,SIDE_PLUS,1790476710.6280866,23.277411460876465,1790476710.7918167,False,True,False,False,,False,,,SIDE_DISPATCH|RAW_SEED_ATTEMPT|PRE_TIMING_SEED|TIMED_SEED|SEED_ELIGIBILITY|PRE_LOS|POST_LOS|SOLVER_OK|FINAL_INPUT|JOINT_SEED|HANDOFF_REJECT,HANDOFF_REJECT,MISSED_FROZEN_ACTIVATION,,,0.0,0.0,0.0,-1790476687.350675,-1790476687.350675,-1790476687.350675,0
20260927_103759_1243248,u1e3,0,149,SIDE_MINUS,1790476710.6280866,23.277411460876465,1790476710.7918167,False,False,False,False,,False,,,SIDE_DISPATCH|RAW_SEED_ATTEMPT|RAW_SEED_ATTEMPT|RAW_SEED_ATTEMPT|RAW_SEED_ATTEMPT|PREINIT_REJECT,PREINIT_REJECT,NO_STATIC_FEASIBLE_SIDE,,,0.0,0.0,0.0,-1790476687.350675,-1790476687.350675,-1790476687.350675,0
20260927_103759_1243248,u1e3,0,150,NOMINAL,1790476710.747843,23.397167921066284,1790476710.9161046,True,False,False,False,,False,,,NOMINAL_CONTEXT|FINAL_INPUT|JOINT_SEED|COMPARATOR_WIN,,,,,0.0,0.0,0.0,-1790476687.350675,-1790476687.350675,25.56542944908142,0
20260927_103759_1243248,u1e3,0,151,SIDE_PLUS,1790476710.747843,23.397167921066284,1790476710.9161046,True,True,True,True,85.0,True,23.602081,23.836,SIDE_DISPATCH|RAW_SEED_ATTEMPT|PRE_TIMING_SEED|TIMED_SEED|SEED_ELIGIBILITY|PRE_LOS|POST_LOS|SOLVER_OK|FINAL_INPUT|JOINT_SEED|COMPARATOR_WIN|SELECTED|COMMITTED,,,,,0.0,0.0,0.0,-1790476687.350675,-1790476687.350675,25.56542944908142,0
20260927_103759_1243248,u1e3,0,152,SIDE_MINUS,1790476710.747843,23.397167921066284,1790476710.9161046,False,False,False,False,,False,,,SIDE_DISPATCH|RAW_SEED_ATTEMPT|RAW_SEED_ATTEMPT|RAW_SEED_ATTEMPT|RAW_SEED_ATTEMPT|PREINIT_REJECT,PREINIT_REJECT,NO_STATIC_FEASIBLE_SIDE,,,0.0,0.0,0.0,-1790476687.350675,-1790476687.350675,-1790476687.350675,0
20260927_103759_1243248,u1e3,0,153,NOMINAL,1790476711.0089612,23.658286094665527,1790476711.171348,False,False,False,False,,False,,,NOMINAL_CONTEXT|FINAL_INPUT_FAILED|JOINT_SEED,FINAL_INPUT_FAILED,,,,0.0,0.0,0.0,-1790476687.350675,-1790476687.350675,-1790476687.350675,0
20260927_103759_1243248,u1e3,0,154,SIDE_PLUS,1790476711.0089612,23.658286094665527,1790476711.171348,False,True,False,False,,False,,,SIDE_DISPATCH|RAW_SEED_ATTEMPT|PRE_TIMING_SEED|TIMED_SEED|SEED_ELIGIBILITY|PRE_LOS|POST_LOS|SOLVER_OK|FINAL_INPUT|JOINT_SEED|PREFLIGHT_REJECT,PREFLIGHT_REJECT,DYNAMICS_FAIL,,,0.0,0.0,0.0,-1790476687.350675,-1790476687.350675,-1790476687.350675,0
20260927_103759_1243248,u1e3,0,155,SIDE_MINUS,1790476711.0089612,23.658286094665527,1790476711.171348,False,False,False,False,,False,,,SIDE_DISPATCH|RAW_SEED_ATTEMPT|RAW_SEED_ATTEMPT|RAW_SEED_ATTEMPT|RAW_SEED_ATTEMPT|PREINIT_REJECT,PREINIT_REJECT,NO_STATIC_FEASIBLE_SIDE,,,0.0,0.0,0.0,-1790476687.350675,-1790476687.350675,-1790476687.350675,0
20260927_103759_1243248,u1e3,0,156,NOMINAL,1790476711.0358183,23.68514323234558,1790476711.1935833,True,False,False,False,,False,,,NOMINAL_CONTEXT|FINAL_INPUT|JOINT_SEED|COMPARATOR_WIN,,,,,1.0,0.1,4.417868766705536,24.749324083328247,25.66542935371399,25.842908143997192,0
20260927_103759_1243248,u1e3,0,157,SIDE_PLUS,1790476711.0358183,23.68514323234558,1790476711.1935833,True,True,True,True,86.0,True,23.881467,24.073542,SIDE_DISPATCH|RAW_SEED_ATTEMPT|PRE_TIMING_SEED|TIMED_SEED|SEED_ELIGIBILITY|SOLVER_FAILED|FINAL_INPUT|JOINT_SEED|COMPARATOR_WIN|SELECTED|COMMITTED,,,,C3_HIGHER,1.0,0.4,1.938892455603166,24.749324083328247,25.66542935371399,25.842908143997192,1
20260927_103759_1243248,u1e3,0,158,SIDE_MINUS,1790476711.0358183,23.68514323234558,1790476711.1935833,True,True,False,False,,False,,,SIDE_DISPATCH|RAW_SEED_ATTEMPT|PRE_TIMING_SEED|TIMED_SEED|SEED_ELIGIBILITY|SOLVER_OK|FINAL_INPUT|JOINT_SEED|COMPARATOR_LOSS,,,,OPPONENT_C3_HIGHER,1.0,0.1,4.380087872038549,24.749324083328247,25.66542935371399,25.842908143997192,0
20260927_103759_1243248,u1e3,0,159,NOMINAL,1790476711.2879477,23.937272548675537,1790476711.4439464,True,False,False,False,,False,,,NOMINAL_CONTEXT|FINAL_INPUT|JOINT_SEED|COMPARATOR_WIN,,,,,1.0,0.16666666666666666,5.093657921444906,24.749324083328247,25.94290804862976,26.093271255493164,0
20260927_103759_1243248,u1e3,0,160,SIDE_PLUS,1790476711.2879477,23.937272548675537,1790476711.4439464,True,True,True,True,87.0,True,24.107875,24.370073,SIDE_DISPATCH|RAW_SEED_ATTEMPT|PRE_TIMING_SEED|TIMED_SEED|SEED_ELIGIBILITY|SOLVER_OK|FINAL_INPUT|JOINT_SEED|COMPARATOR_WIN|SELECTED|COMMITTED,,,,D3_LOWER,1.0,0.16666666666666666,5.052282557651882,24.749324083328247,25.94290804862976,26.093271255493164,0
20260927_103759_1243248,u1e3,0,161,SIDE_MINUS,1790476711.2879477,23.937272548675537,1790476711.4439464,True,True,False,False,,False,,,SIDE_DISPATCH|RAW_SEED_ATTEMPT|PRE_TIMING_SEED|TIMED_SEED|SEED_ELIGIBILITY|SOLVER_OK|FINAL_INPUT|JOINT_SEED|COMPARATOR_LOSS,,,,OPPONENT_D3_LOWER,1.0,0.16666666666666666,5.082209287318367,24.749324083328247,25.94290804862976,26.093271255493164,0
20260927_103759_1243248,u1e3,0,162,NOMINAL,1790476711.5622532,24.211578130722046,1790476711.7136788,True,False,False,False,,False,,,NOMINAL_CONTEXT|FINAL_INPUT|JOINT_SEED|COMPARATOR_WIN,,,,,1.0,0.13333333333333333,6.429918785775751,24.749324083328247,26.193271160125732,26.363003730773926,0
20260927_103759_1243248,u1e3,0,163,SIDE_PLUS,1790476711.5622532,24.211578130722046,1790476711.7136788,True,True,True,True,88.0,True,24.401934,24.635601,SIDE_DISPATCH|RAW_SEED_ATTEMPT|PRE_TIMING_SEED|TIMED_SEED|SEED_ELIGIBILITY|SOLVER_OK|FINAL_INPUT|JOINT_SEED|COMPARATOR_WIN|SELECTED|COMMITTED,,,,D3_LOWER,1.0,0.13333333333333333,6.393513130139759,24.749324083328247,26.193271160125732,26.363003730773926,0
20260927_103759_1243248,u1e3,0,164,SIDE_MINUS,1790476711.5622532,24.211578130722046,1790476711.7136788,True,True,False,False,,False,,,SIDE_DISPATCH|RAW_SEED_ATTEMPT|PRE_TIMING_SEED|TIMED_SEED|SEED_ELIGIBILITY|SOLVER_OK|FINAL_INPUT|JOINT_SEED|COMPARATOR_LOSS,,,,OPPONENT_D3_LOWER,1.0,0.13333333333333333,6.428649506948064,24.749324083328247,26.193271160125732,26.363003730773926,0
20260927_103759_1243248,u1e3,0,165,NOMINAL,1790476711.8470829,24.496407747268677,1790476711.9944184,False,False,False,False,,False,,,NOMINAL_CONTEXT|FINAL_INPUT_FAILED|JOINT_SEED,FINAL_INPUT_FAILED,,,,0.0,0.0,0.0,-1790476687.350675,-1790476687.350675,-1790476687.350675,0
20260927_103759_1243248,u1e3,0,166,SIDE_PLUS,1790476711.8470829,24.496407747268677,1790476711.9944184,True,True,False,False,,False,,,SIDE_DISPATCH|RAW_SEED_ATTEMPT|PRE_TIMING_SEED|TIMED_SEED|SEED_ELIGIBILITY|SOLVER_OK|FINAL_INPUT|JOINT_SEED|COMPARATOR_WIN,,,,,1.0,0.1111111111111111,7.052649096350624,24.749324083328247,26.463003635406494,26.64374327659607,0
20260927_103759_1243248,u1e3,0,167,SIDE_MINUS,1790476711.8470829,24.496407747268677,1790476711.9944184,True,True,True,True,89.0,True,24.67139,24.871848,SIDE_DISPATCH|RAW_SEED_ATTEMPT|PRE_TIMING_SEED|TIMED_SEED|SEED_ELIGIBILITY|SOLVER_OK|FINAL_INPUT|JOINT_SEED|COMPARATOR_WIN|SELECTED|COMMITTED,,,,D3_LOWER,1.0,0.1111111111111111,7.036108137042995,24.749324083328247,26.463003635406494,26.64374327659607,0
20260927_103759_1243248,u1e3,0,168,NOMINAL,1790476712.099781,24.74910593032837,1790476712.2438836,True,False,False,False,,False,,,NOMINAL_CONTEXT|FINAL_INPUT|JOINT_SEED|COMPARATOR_WIN,,,,,1.0,0.058823529411764705,7.022004877616626,24.893208503723145,26.649323225021362,26.893208503723145,0
20260927_103759_1243248,u1e3,0,169,SIDE_PLUS,1790476712.099781,24.74910593032837,1790476712.2438836,True,True,False,False,,False,,,SIDE_DISPATCH|RAW_SEED_ATTEMPT|PRE_TIMING_SEED|TIMED_SEED|SEED_ELIGIBILITY|SOLVER_OK|FINAL_INPUT|JOINT_SEED|COMPARATOR_LOSS,,,,OPPONENT_D3_LOWER,1.0,0.058823529411764705,7.079143999137853,24.893208503723145,26.649323225021362,26.893208503723145,0
20260927_103759_1243248,u1e3,0,170,SIDE_MINUS,1790476712.099781,24.74910593032837,1790476712.2438836,True,True,True,True,90.0,True,24.904939,25.168165,SIDE_DISPATCH|RAW_SEED_ATTEMPT|PRE_TIMING_SEED|TIMED_SEED|SEED_ELIGIBILITY|SOLVER_OK|FINAL_INPUT|JOINT_SEED|COMPARATOR_WIN|SELECTED|COMMITTED,,,,D3_LOWER,1.0,0.058823529411764705,6.978962343038578,24.893208503723145,26.649323225021362,26.893208503723145,0
20260927_103759_1243248,u1e3,0,171,NOMINAL,1790476712.3899863,25.039311170578003,1790476712.530952,False,False,False,False,,False,,,NOMINAL_CONTEXT|FINAL_INPUT_FAILED|JOINT_SEED,FINAL_INPUT_FAILED,,,,0.0,0.0,0.0,-1790476687.350675,-1790476687.350675,-1790476687.350675,0
20260927_103759_1243248,u1e3,0,172,SIDE_PLUS,1790476712.3899863,25.039311170578003,1790476712.530952,True,True,False,False,,False,,,SIDE_DISPATCH|RAW_SEED_ATTEMPT|PRE_TIMING_SEED|TIMED_SEED|SEED_ELIGIBILITY|SOLVER_FAILED|FINAL_INPUT|JOINT_SEED|COMPARATOR_WIN,,,,,0.0,0.0,0.0,-1790476687.350675,-1790476687.350675,27.18027687072754,1
20260927_103759_1243248,u1e3,0,173,SIDE_MINUS,1790476712.3899863,25.039311170578003,1790476712.530952,True,True,True,True,91.0,True,25.202846,25.43562,SIDE_DISPATCH|RAW_SEED_ATTEMPT|PRE_TIMING_SEED|TIMED_SEED|SEED_ELIGIBILITY|SOLVER_FAILED|FINAL_INPUT|JOINT_SEED|COMPARATOR_WIN|SELECTED|COMMITTED,,,,,0.0,0.0,0.0,-1790476687.350675,-1790476687.350675,27.18027687072754,1
20260927_103759_1243248,u1e3,0,174,NOMINAL,1790476712.6706996,25.320024490356445,1790476712.8106995,False,False,False,False,,False,,,NOMINAL_CONTEXT|FINAL_INPUT_FAILED|JOINT_SEED,FINAL_INPUT_FAILED,,,,0.0,0.0,0.0,-1790476687.350675,-1790476687.350675,-1790476687.350675,0
20260927_103759_1243248,u1e3,0,175,SIDE_PLUS,1790476712.6706996,25.320024490356445,1790476712.8106995,True,True,False,False,,False,,,SIDE_DISPATCH|RAW_SEED_ATTEMPT|PRE_TIMING_SEED|TIMED_SEED|SEED_ELIGIBILITY|SOLVER_FAILED|FINAL_INPUT|JOINT_SEED|COMPARATOR_WIN,,,,,0.0,0.0,0.0,-1790476687.350675,-1790476687.350675,27.46002435684204,1
20260927_103759_1243248,u1e3,0,176,SIDE_MINUS,1790476712.6706996,25.320024490356445,1790476712.8106995,True,True,True,True,92.0,True,25.482386,25.737337,SIDE_DISPATCH|RAW_SEED_ATTEMPT|PRE_TIMING_SEED|TIMED_SEED|SEED_ELIGIBILITY|SOLVER_FAILED|FINAL_INPUT|JOINT_SEED|COMPARATOR_WIN|SELECTED|COMMITTED,,,,,0.0,0.0,0.0,-1790476687.350675,-1790476687.350675,27.46002435684204,1
20260927_103759_1243248,u1e3,0,177,NOMINAL,1790476712.949238,25.598562955856323,1790476713.089238,False,False,False,False,,False,,,NOMINAL_CONTEXT|FINAL_INPUT_FAILED|JOINT_SEED,FINAL_INPUT_FAILED,,,,0.0,0.0,0.0,-1790476687.350675,-1790476687.350675,-1790476687.350675,0
20260927_103759_1243248,u1e3,0,178,SIDE_PLUS,1790476712.949238,25.598562955856323,1790476713.089238,True,True,False,False,,False,,,SIDE_DISPATCH|RAW_SEED_ATTEMPT|PRE_TIMING_SEED|TIMED_SEED|SEED_ELIGIBILITY|SOLVER_FAILED|FINAL_INPUT|JOINT_SEED|COMPARATOR_WIN,,,,,0.0,0.0,0.0,-1790476687.350675,-1790476687.350675,27.73856282234192,1
20260927_103759_1243248,u1e3,0,179,SIDE_MINUS,1790476712.949238,25.598562955856323,1790476713.089238,True,True,True,True,93.0,True,25.769028,26.003561,SIDE_DISPATCH|RAW_SEED_ATTEMPT|PRE_TIMING_SEED|TIMED_SEED|SEED_ELIGIBILITY|SOLVER_FAILED|FINAL_INPUT|JOINT_SEED|COMPARATOR_WIN|SELECTED|COMMITTED,,,,,0.0,0.0,0.0,-1790476687.350675,-1790476687.350675,27.73856282234192,1
20260927_103759_1243248,u1e3,0,180,NOMINAL,1790476713.2408755,25.89020037651062,1790476713.3808753,True,False,True,True,94.0,True,26.035958,26.305203,NOMINAL_CONTEXT|FINAL_INPUT|JOINT_SEED|COMPARATOR_WIN|SELECTED|COMMITTED,,,,,1.0,0.4,0.3628392071375749,26.030200242996216,26.44932460784912,28.030200242996216,0
20260927_103759_1243248,u1e3,0,181,SIDE_MINUS,1790476713.2408755,25.89020037651062,1790476713.3808753,False,True,False,False,,False,,,SIDE_DISPATCH|RAW_SEED_ATTEMPT|PRE_TIMING_SEED|TIMED_SEED|SEED_ELIGIBILITY|PRE_LOS|POST_LOS|SOLVER_OK|FINAL_INPUT|JOINT_SEED|PREFLIGHT_REJECT,PREFLIGHT_REJECT,DYNAMICS_FAIL,,,0.0,0.0,0.0,-1790476687.350675,-1790476687.350675,-1790476687.350675,0
20260927_103759_1243248,u1e3,0,182,SIDE_PLUS,1790476713.2408755,25.89020037651062,1790476713.3808753,False,True,False,False,,False,,,SIDE_DISPATCH|RAW_SEED_ATTEMPT|PRE_TIMING_SEED|TIMED_SEED|SEED_ELIGIBILITY|PRE_LOS|POST_LOS|SOLVER_OK|FINAL_INPUT|JOINT_SEED|PREFLIGHT_REJECT,PREFLIGHT_REJECT,DYNAMICS_FAIL,,,0.0,0.0,0.0,-1790476687.350675,-1790476687.350675,-1790476687.350675,0
20260927_103759_1243248,u1e3,0,183,NOMINAL,1790476713.5378506,26.187175512313843,1790476713.6778505,True,False,True,True,95.0,True,26.335633,26.57087,FINAL_INPUT|JOINT_SEED|COMPARATOR_WIN|SELECTED|COMMITTED,,,,,1.0,1.0,0.0,26.32717537879944,26.4493248462677,28.32717537879944,0
20260927_103759_1243248,u1e4,0,425,NOMINAL,1790476742.6198618,55.2691867351532,1790476742.7638452,True,False,True,False,,False,,,NOMINAL_CONTEXT|FINAL_INPUT|JOINT_SEED|COMPARATOR_WIN|SELECTED|COMMIT_FAILED,COMMIT_FAILED,,,,0.0,0.0,0.0,-1790476687.350675,-1790476687.350675,57.41317009925842,0
20260927_103759_1243248,u1e4,0,426,SIDE_PLUS,1790476742.6198618,55.2691867351532,1790476742.7638452,True,False,False,False,,False,,,SIDE_DISPATCH|RAW_SEED_ATTEMPT|PRE_TIMING_SEED|TIMED_SEED|SEED_ELIGIBILITY|SOLVER_OK|FINAL_INPUT|COMPARATOR_LOSS,,,,,0.0,0.0,0.0,-1790476687.350675,-1790476687.350675,57.41317009925842,0
20260927_103759_1243248,u1e4,0,427,SIDE_MINUS,1790476742.6198618,55.2691867351532,1790476742.7638452,True,False,False,False,,False,,,SIDE_DISPATCH|RAW_SEED_ATTEMPT|PRE_TIMING_SEED|TIMED_SEED|SEED_ELIGIBILITY|SOLVER_OK|FINAL_INPUT|COMPARATOR_LOSS,,,,,0.0,0.0,0.0,-1790476687.350675,-1790476687.350675,57.41317009925842,0
20260927_103759_1243248,u1e4,0,428,NOMINAL,1790476742.6568193,55.30614423751831,1790476742.799063,True,False,True,True,197.0,True,55.475854,55.635813,NOMINAL_CONTEXT|FINAL_INPUT|JOINT_SEED|COMPARATOR_WIN|SELECTED|COMMITTED,,,,,0.0,0.0,0.0,-1790476687.350675,-1790476687.350675,57.44838786125183,0
20260927_103759_1243248,u1e4,0,429,SIDE_PLUS,1790476742.6568193,55.30614423751831,1790476742.799063,True,False,False,False,,False,,,SIDE_DISPATCH|RAW_SEED_ATTEMPT|PRE_TIMING_SEED|TIMED_SEED|SEED_ELIGIBILITY|SOLVER_OK|FINAL_INPUT|COMPARATOR_LOSS,,,,,0.0,0.0,0.0,-1790476687.350675,-1790476687.350675,57.44838786125183,0
20260927_103759_1243248,u1e4,0,430,SIDE_MINUS,1790476742.6568193,55.30614423751831,1790476742.799063,True,False,False,False,,False,,,SIDE_DISPATCH|RAW_SEED_ATTEMPT|PRE_TIMING_SEED|TIMED_SEED|SEED_ELIGIBILITY|SOLVER_OK|FINAL_INPUT|COMPARATOR_LOSS,,,,,0.0,0.0,0.0,-1790476687.350675,-1790476687.350675,57.44838786125183,0
20260927_103759_1243248,u1e4,0,431,NOMINAL,1790476742.8463871,55.49571204185486,1790476742.9864213,True,False,True,True,198.0,True,55.67387,55.903478,NOMINAL_CONTEXT|FINAL_INPUT|JOINT_SEED|COMPARATOR_WIN|SELECTED|COMMITTED,,,,,0.0,0.0,0.0,-1790476687.350675,-1790476687.350675,57.635746240615845,0
20260927_103759_1243248,u1e4,0,432,SIDE_PLUS,1790476742.8463871,55.49571204185486,1790476742.9864213,True,False,False,False,,False,,,SIDE_DISPATCH|RAW_SEED_ATTEMPT|PRE_TIMING_SEED|TIMED_SEED|SEED_ELIGIBILITY|SOLVER_OK|FINAL_INPUT|COMPARATOR_LOSS,,,,,0.0,0.0,0.0,-1790476687.350675,-1790476687.350675,57.635746240615845,0
20260927_103759_1243248,u1e4,0,433,SIDE_MINUS,1790476742.8463871,55.49571204185486,1790476742.9864213,False,False,False,False,,False,,,SIDE_DISPATCH|RAW_SEED_ATTEMPT|PRE_TIMING_SEED|TIMED_SEED|SEED_ELIGIBILITY|SOLVER_FAILED,,,,,0.0,0.0,0.0,-1790476687.350675,-1790476687.350675,-1790476687.350675,0
20260927_103759_1243248,u1e4,0,434,NOMINAL,1790476743.1036255,55.75295042991638,1790476743.2436254,True,False,True,True,199.0,True,55.935652,56.169096,NOMINAL_CONTEXT|FINAL_INPUT|JOINT_SEED|COMPARATOR_WIN|SELECTED|COMMITTED,,,,,0.0,0.0,0.0,-1790476687.350675,-1790476687.350675,57.89295029640198,0
20260927_103759_1243248,u1e4,0,435,SIDE_PLUS,1790476743.1036255,55.75295042991638,1790476743.2436254,False,False,False,False,,False,,,SIDE_DISPATCH|RAW_SEED_ATTEMPT|PRE_TIMING_SEED|TIMED_SEED|SEED_ELIGIBILITY|SOLVER_FAILED,,,P_TRUST_TOO_SMALL,,0.0,0.0,0.0,-1790476687.350675,-1790476687.350675,-1790476687.350675,0
20260927_103759_1243248,u1e4,0,436,SIDE_MINUS,1790476743.1036255,55.75295042991638,1790476743.2436254,False,False,False,False,,False,,,SIDE_DISPATCH|RAW_SEED_ATTEMPT|PRE_TIMING_SEED|TIMED_SEED|SEED_ELIGIBILITY|SOLVER_FAILED,,,,,0.0,0.0,0.0,-1790476687.350675,-1790476687.350675,-1790476687.350675,0
20260927_103759_1243248,u1e4,0,437,NOMINAL,1790476743.396295,56.04561996459961,1790476743.536295,False,False,False,False,,False,,,NOMINAL_CONTEXT|FINAL_INPUT|JOINT_SEED|PREFLIGHT_REJECT,PREFLIGHT_REJECT,HARD_DYNAMIC_COLLISION_FAIL,,,0.0,0.0,0.0,-1790476687.350675,-1790476687.350675,-1790476687.350675,0
20260927_103759_1243248,u1e4,0,438,SIDE_PLUS,1790476743.396295,56.04561996459961,1790476743.536295,True,False,True,True,200.0,True,56.202072,56.435827,SIDE_DISPATCH|RAW_SEED_ATTEMPT|PRE_TIMING_SEED|TIMED_SEED|SEED_ELIGIBILITY|SOLVER_OK|FINAL_INPUT|COMPARATOR_WIN|SELECTED|COMMITTED,,,,,1.0,0.0,1.4041050986822674,57.54932355880737,57.992950201034546,58.185619831085205,0
20260927_103759_1243248,u1e4,0,439,SIDE_MINUS,1790476743.396295,56.04561996459961,1790476743.536295,False,False,False,False,,False,,,SIDE_DISPATCH|RAW_SEED_ATTEMPT|RAW_SEED_ATTEMPT|RAW_SEED_ATTEMPT|RAW_SEED_ATTEMPT|PREINIT_REJECT,PREINIT_REJECT,NO_STATIC_FEASIBLE_SIDE,,,0.0,0.0,0.0,-1790476687.350675,-1790476687.350675,-1790476687.350675,0
20260927_103759_1243248,u1e4,0,440,NOMINAL,1790476743.6589,56.30822491645813,1790476743.7989,False,False,False,False,,False,,,NOMINAL_CONTEXT|FINAL_INPUT|JOINT_SEED|PREFLIGHT_REJECT,PREFLIGHT_REJECT,static map t=1.36667 occupancy=1 pos= 18.4088 0.664534  1.30976,,,0.0,0.0,0.0,-1790476687.350675,-1790476687.350675,-1790476687.350675,1
20260927_103759_1243248,u1e4,0,441,SIDE_MINUS,1790476743.6589,56.30822491645813,1790476743.7989,False,False,False,False,,False,,,SIDE_DISPATCH|RAW_SEED_ATTEMPT|RAW_SEED_ATTEMPT|RAW_SEED_ATTEMPT|RAW_SEED_ATTEMPT|PREINIT_REJECT,PREINIT_REJECT,NO_STATIC_FEASIBLE_SIDE,,,0.0,0.0,0.0,-1790476687.350675,-1790476687.350675,-1790476687.350675,0
20260927_103759_1243248,u1e4,0,442,SIDE_PLUS,1790476743.6589,56.30822491645813,1790476743.7989,True,False,True,True,201.0,True,56.476023,56.703475,SIDE_DISPATCH|RAW_SEED_ATTEMPT|PRE_TIMING_SEED|TIMED_SEED|SEED_ELIGIBILITY|SOLVER_OK|FINAL_INPUT|COMPARATOR_WIN|SELECTED|COMMITTED,,,,,1.0,0.2857142857142857,1.6699837544823823,57.54932355880737,58.24932312965393,58.448224782943726,0
20260927_103759_1243248,u1e4,0,443,NOMINAL,1790476743.9198647,56.56918954849243,1790476744.0598645,True,False,True,True,202.0,True,56.735912,57.005012,NOMINAL_CONTEXT|FINAL_INPUT|JOINT_SEED|COMPARATOR_WIN|SELECTED|COMMITTED,,,,,1.0,0.3333333333333333,1.6893635832008234,57.54932355880737,58.44932317733765,58.70918941497803,0
20260927_103759_1243248,u1e4,0,444,SIDE_PLUS,1790476743.9198647,56.56918954849243,1790476744.0598645,True,False,False,False,,False,,,SIDE_DISPATCH|RAW_SEED_ATTEMPT|PRE_TIMING_SEED|TIMED_SEED|SEED_ELIGIBILITY|PRE_LOS|POST_LOS|SOLVER_OK|FINAL_INPUT|COMPARATOR_LOSS,,,,OPPONENT_D3_LOWER,1.0,0.3333333333333333,1.784618661648884,57.54932355880737,58.44932317733765,58.70918941497803,0
20260927_103759_1243248,u1e4,0,445,SIDE_MINUS,1790476743.9198647,56.56918954849243,1790476744.0598645,False,False,False,False,,False,,,SIDE_DISPATCH|RAW_SEED_ATTEMPT|RAW_SEED_ATTEMPT|RAW_SEED_ATTEMPT|RAW_SEED_ATTEMPT|PREINIT_REJECT,PREINIT_REJECT,NO_STATIC_FEASIBLE_SIDE,,,0.0,0.0,0.0,-1790476687.350675,-1790476687.350675,-1790476687.350675,0
20260927_103759_1243248,u1e4,0,446,NOMINAL,1790476744.2163208,56.86564564704895,1790476744.3563206,True,False,False,False,,False,,,NOMINAL_CONTEXT|FINAL_INPUT|JOINT_SEED|COMPARATOR_WIN,,,,,1.0,0.1111111111111111,2.0481336087049358,57.54932355880737,58.44932317733765,59.005645513534546,0
20260927_103759_1243248,u1e4,0,447,SIDE_PLUS,1790476744.2163208,56.86564564704895,1790476744.3563206,True,False,True,True,203.0,True,57.035377,57.303431,SIDE_DISPATCH|RAW_SEED_ATTEMPT|PRE_TIMING_SEED|TIMED_SEED|SEED_ELIGIBILITY|PRE_LOS|POST_LOS|SOLVER_OK|FINAL_INPUT|COMPARATOR_WIN|SELECTED|COMMITTED,,,,C3_HIGHER,1.0,0.3333333333333333,1.785198633345618,57.54932355880737,58.44932317733765,59.005645513534546,0
20260927_103759_1243248,u1e4,0,448,SIDE_MINUS,1790476744.2163208,56.86564564704895,1790476744.3563206,False,False,False,False,,False,,,SIDE_DISPATCH|RAW_SEED_ATTEMPT|PRE_TIMING_SEED|TIMED_SEED|SEED_ELIGIBILITY|PRE_LOS|POST_LOS|SOLVER_OK|FINAL_INPUT|PREFLIGHT_REJECT,PREFLIGHT_REJECT,DYNAMICS_FAIL,,,0.0,0.0,0.0,-1790476687.350675,-1790476687.350675,-1790476687.350675,0
20260927_103759_1243248,u1e4,0,449,NOMINAL,1790476744.5038886,57.15321350097656,1790476744.6438885,True,False,True,True,204.0,True,57.335311,57.569253,NOMINAL_CONTEXT|FINAL_INPUT|JOINT_SEED|COMPARATOR_WIN|SELECTED|COMMITTED,,,,,1.0,0.46153846153846156,2.062455091251535,57.54932355880737,58.84932279586792,59.29321336746216,0
20260927_103759_1243248,u1e4,0,450,SIDE_PLUS,1790476744.5038886,57.15321350097656,1790476744.6438885,True,False,False,False,,False,,,SIDE_DISPATCH|RAW_SEED_ATTEMPT|PRE_TIMING_SEED|TIMED_SEED|SEED_ELIGIBILITY|PRE_LOS|POST_LOS|SOLVER_OK|FINAL_INPUT|COMPARATOR_LOSS,,,,OPPONENT_C3_HIGHER,1.0,0.23076923076923078,2.991347519476708,57.54932355880737,58.84932279586792,59.29321336746216,0
20260927_103759_1243248,u1e4,0,451,SIDE_MINUS,1790476744.5038886,57.15321350097656,1790476744.6438885,False,False,False,False,,False,,,SIDE_DISPATCH|RAW_SEED_ATTEMPT|PRE_TIMING_SEED|TIMED_SEED|SEED_ELIGIBILITY|PRE_LOS|POST_LOS|SOLVER_OK|FINAL_INPUT|PREFLIGHT_REJECT,PREFLIGHT_REJECT,DYNAMICS_FAIL,,,0.0,0.0,0.0,-1790476687.350675,-1790476687.350675,-1790476687.350675,0
20260927_103759_1243248,u1e4,0,452,NOMINAL,1790476744.7971463,57.446471214294434,1790476744.9371462,True,False,True,True,205.0,True,57.603113,57.876989,NOMINAL_CONTEXT|FINAL_INPUT|JOINT_SEED|COMPARATOR_WIN|SELECTED|COMMITTED,,,,,1.0,0.41666666666666663,2.143788361740585,57.58647108078003,58.84932279586792,59.58647108078003,0
20260927_103759_1243248,u1e4,0,453,SIDE_PLUS,1790476744.7971463,57.446471214294434,1790476744.9371462,False,False,False,False,,False,,,SIDE_DISPATCH|RAW_SEED_ATTEMPT|PRE_TIMING_SEED|TIMED_SEED|SEED_ELIGIBILITY|PRE_LOS|POST_LOS|SOLVER_OK|FINAL_INPUT|PREFLIGHT_REJECT,PREFLIGHT_REJECT,DYNAMICS_FAIL,,,0.0,0.0,0.0,-1790476687.350675,-1790476687.350675,-1790476687.350675,0
20260927_103759_1243248,u1e4,0,454,SIDE_MINUS,1790476744.7971463,57.446471214294434,1790476744.9371462,False,False,False,False,,False,,,SIDE_DISPATCH|RAW_SEED_ATTEMPT|PRE_TIMING_SEED|TIMED_SEED|SEED_ELIGIBILITY|PRE_LOS|POST_LOS|SOLVER_OK|FINAL_INPUT|PREFLIGHT_REJECT,PREFLIGHT_REJECT,DYNAMICS_FAIL,,,0.0,0.0,0.0,-1790476687.350675,-1790476687.350675,-1790476687.350675,0
20260927_103759_1243248,u1e4,0,455,NOMINAL,1790476745.086697,57.736021995544434,1790476745.226697,True,False,True,True,206.0,True,57.910101,58.135912,NOMINAL_CONTEXT|FINAL_INPUT|JOINT_SEED|COMPARATOR_WIN|SELECTED|COMMITTED,,,,,1.0,0.4444444444444444,1.6633420695637373,57.87602186203003,58.84932279586792,59.87602186203003,0
20260927_103759_1243248,u1e4,0,456,SIDE_PLUS,1790476745.086697,57.736021995544434,1790476745.226697,False,False,False,False,,False,,,SIDE_DISPATCH|RAW_SEED_ATTEMPT|PRE_TIMING_SEED|TIMED_SEED|SEED_ELIGIBILITY|PRE_LOS|POST_LOS|SOLVER_OK|FINAL_INPUT|PREFLIGHT_REJECT,PREFLIGHT_REJECT,DYNAMICS_FAIL,,,0.0,0.0,0.0,-1790476687.350675,-1790476687.350675,-1790476687.350675,0
20260927_103759_1243248,u1e4,0,457,SIDE_MINUS,1790476745.086697,57.736021995544434,1790476745.226697,False,False,False,False,,False,,,SIDE_DISPATCH|RAW_SEED_ATTEMPT|PRE_TIMING_SEED|TIMED_SEED|SEED_ELIGIBILITY|PRE_LOS|POST_LOS|SOLVER_OK|FINAL_INPUT|PREFLIGHT_REJECT,PREFLIGHT_REJECT,DYNAMICS_FAIL,,,0.0,0.0,0.0,-1790476687.350675,-1790476687.350675,-1790476687.350675,0
20260927_103759_1243248,u1e4,0,458,NOMINAL,1790476745.3364165,57.98574137687683,1790476745.4764163,True,False,True,False,,False,,,NOMINAL_CONTEXT|FINAL_INPUT|JOINT_SEED|COMPARATOR_WIN|SELECTED|COMMIT_FAILED,COMMIT_FAILED,,,,1.0,0.5714285714285714,0.6621916272294941,58.12574124336243,58.84932279586792,60.12574124336243,0
20260927_103759_1243248,u1e4,0,459,SIDE_PLUS,1790476745.3364165,57.98574137687683,1790476745.4764163,False,False,False,False,,False,,,SIDE_DISPATCH|RAW_SEED_ATTEMPT|PRE_TIMING_SEED|TIMED_SEED|SEED_ELIGIBILITY|PRE_LOS|POST_LOS|SOLVER_OK|FINAL_INPUT|PREFLIGHT_REJECT,PREFLIGHT_REJECT,DYNAMICS_FAIL,,,0.0,0.0,0.0,-1790476687.350675,-1790476687.350675,-1790476687.350675,0
20260927_103759_1243248,u1e4,0,460,SIDE_MINUS,1790476745.3364165,57.98574137687683,1790476745.4764163,False,False,False,False,,False,,,SIDE_DISPATCH|RAW_SEED_ATTEMPT|PRE_TIMING_SEED|TIMED_SEED|SEED_ELIGIBILITY|PRE_LOS|POST_LOS|SOLVER_OK|FINAL_INPUT|PREFLIGHT_REJECT,PREFLIGHT_REJECT,DYNAMICS_FAIL,,,0.0,0.0,0.0,-1790476687.350675,-1790476687.350675,-1790476687.350675,0
20260927_103759_1243248,u1e4,0,461,NOMINAL,1790476745.3484282,57.99775314331055,1790476745.488428,True,False,True,False,,False,,,NOMINAL_CONTEXT|FINAL_INPUT|JOINT_SEED|COMPARATOR_WIN|SELECTED|COMMIT_FAILED,COMMIT_FAILED,,,,1.0,0.5714285714285714,0.6105665909490114,58.13775300979614,58.84932279586792,60.13775300979614,0
20260927_103759_1243248,u1e4,0,462,SIDE_PLUS,1790476745.3484282,57.99775314331055,1790476745.488428,False,False,False,False,,False,,,SIDE_DISPATCH|RAW_SEED_ATTEMPT|PRE_TIMING_SEED|TIMED_SEED|SEED_ELIGIBILITY|PRE_LOS|POST_LOS|SOLVER_OK|FINAL_INPUT|PREFLIGHT_REJECT,PREFLIGHT_REJECT,DYNAMICS_FAIL,,,0.0,0.0,0.0,-1790476687.350675,-1790476687.350675,-1790476687.350675,0
20260927_103759_1243248,u1e4,0,463,SIDE_MINUS,1790476745.3484282,57.99775314331055,1790476745.488428,False,False,False,False,,False,,,SIDE_DISPATCH|RAW_SEED_ATTEMPT|PRE_TIMING_SEED|TIMED_SEED|SEED_ELIGIBILITY|PRE_LOS|POST_LOS|SOLVER_OK|FINAL_INPUT|PREFLIGHT_REJECT,PREFLIGHT_REJECT,DYNAMICS_FAIL,,,0.0,0.0,0.0,-1790476687.350675,-1790476687.350675,-1790476687.350675,0
20260927_103759_1243248,u1e4,0,464,NOMINAL,1790476745.3605666,58.009891510009766,1790476745.5005665,True,False,True,False,,False,,,NOMINAL_CONTEXT|FINAL_INPUT|JOINT_SEED|COMPARATOR_WIN|SELECTED|COMMIT_FAILED,COMMIT_FAILED,,,,1.0,0.6666666666666666,0.5591519294394964,58.14989137649536,58.84932279586792,60.14989137649536,0
20260927_103759_1243248,u1e4,0,465,SIDE_PLUS,1790476745.3605666,58.009891510009766,1790476745.5005665,False,False,False,False,,False,,,SIDE_DISPATCH|RAW_SEED_ATTEMPT|PRE_TIMING_SEED|TIMED_SEED|SEED_ELIGIBILITY|PRE_LOS|POST_LOS|SOLVER_OK|FINAL_INPUT|PREFLIGHT_REJECT,PREFLIGHT_REJECT,DYNAMICS_FAIL,,,0.0,0.0,0.0,-1790476687.350675,-1790476687.350675,-1790476687.350675,0
20260927_103759_1243248,u1e4,0,466,SIDE_MINUS,1790476745.3605666,58.009891510009766,1790476745.5005665,False,False,False,False,,False,,,SIDE_DISPATCH|RAW_SEED_ATTEMPT|PRE_TIMING_SEED|TIMED_SEED|SEED_ELIGIBILITY|PRE_LOS|POST_LOS|SOLVER_OK|FINAL_INPUT|PREFLIGHT_REJECT,PREFLIGHT_REJECT,DYNAMICS_FAIL,,,0.0,0.0,0.0,-1790476687.350675,-1790476687.350675,-1790476687.350675,0
20260927_103759_1243248,u1e4,0,467,NOMINAL,1790476745.375106,58.024430990219116,1790476745.515106,True,False,True,False,,False,,,NOMINAL_CONTEXT|FINAL_INPUT|JOINT_SEED|COMPARATOR_WIN|SELECTED|COMMIT_FAILED,COMMIT_FAILED,,,,1.0,0.6666666666666666,0.5175906437538893,58.16443085670471,58.84932279586792,60.16443085670471,0
20260927_103759_1243248,u1e4,0,468,SIDE_PLUS,1790476745.375106,58.024430990219116,1790476745.515106,False,False,False,False,,False,,,SIDE_DISPATCH|RAW_SEED_ATTEMPT|PRE_TIMING_SEED|TIMED_SEED|SEED_ELIGIBILITY|PRE_LOS|POST_LOS|SOLVER_OK|FINAL_INPUT|PREFLIGHT_REJECT,PREFLIGHT_REJECT,DYNAMICS_FAIL,,,0.0,0.0,0.0,-1790476687.350675,-1790476687.350675,-1790476687.350675,0
20260927_103759_1243248,u1e4,0,469,SIDE_MINUS,1790476745.375106,58.024430990219116,1790476745.515106,False,False,False,False,,False,,,SIDE_DISPATCH|RAW_SEED_ATTEMPT|PRE_TIMING_SEED|TIMED_SEED|SEED_ELIGIBILITY|PRE_LOS|POST_LOS|SOLVER_OK|FINAL_INPUT|PREFLIGHT_REJECT,PREFLIGHT_REJECT,DYNAMICS_FAIL,,,0.0,0.0,0.0,-1790476687.350675,-1790476687.350675,-1790476687.350675,0
20260927_103759_1243248,u1e4,0,470,NOMINAL,1790476745.3900936,58.0394184589386,1790476745.4900935,True,False,True,True,207.0,True,58.169112,58.403155,NOMINAL_CONTEXT|FINAL_INPUT|JOINT_SEED|COMPARATOR_WIN|SELECTED|COMMITTED,,,,,1.0,0.42857142857142855,0.8940245641476006,58.13941836357117,58.84932279586792,60.13941836357117,0
20260927_103759_1243248,u1e4,0,471,SIDE_PLUS,1790476745.3900936,58.0394184589386,1790476745.4900935,False,False,False,False,,False,,,SIDE_DISPATCH|RAW_SEED_ATTEMPT|PRE_TIMING_SEED|TIMED_SEED|SEED_ELIGIBILITY|PRE_LOS|POST_LOS|SOLVER_OK|FINAL_INPUT|PREFLIGHT_REJECT,PREFLIGHT_REJECT,DYNAMICS_FAIL,,,0.0,0.0,0.0,-1790476687.350675,-1790476687.350675,-1790476687.350675,0
20260927_103759_1243248,u1e4,0,472,SIDE_MINUS,1790476745.3900936,58.0394184589386,1790476745.4900935,False,False,False,False,,False,,,SIDE_DISPATCH|RAW_SEED_ATTEMPT|PRE_TIMING_SEED|TIMED_SEED|SEED_ELIGIBILITY|PRE_LOS|POST_LOS|SOLVER_OK|FINAL_INPUT|PREFLIGHT_REJECT,PREFLIGHT_REJECT,DYNAMICS_FAIL,,,0.0,0.0,0.0,-1790476687.350675,-1790476687.350675,-1790476687.350675,0
20260927_103759_1243248,u1e4,0,473,NOMINAL,1790476745.5230243,58.17234921455383,1790476745.6630242,True,False,True,False,,False,,,NOMINAL_CONTEXT|FINAL_INPUT|JOINT_SEED|COMPARATOR_WIN|SELECTED|COMMIT_FAILED,COMMIT_FAILED,,,,1.0,0.6000000000000001,0.32218921384964616,58.31234908103943,58.84932279586792,60.31234908103943,0
20260927_103759_1243248,u1e4,0,474,SIDE_PLUS,1790476745.5230243,58.17234921455383,1790476745.6630242,False,False,False,False,,False,,,SIDE_DISPATCH|RAW_SEED_ATTEMPT|PRE_TIMING_SEED|TIMED_SEED|SEED_ELIGIBILITY|PRE_LOS|POST_LOS|SOLVER_OK|FINAL_INPUT|PREFLIGHT_REJECT,PREFLIGHT_REJECT,DYNAMICS_FAIL,,,0.0,0.0,0.0,-1790476687.350675,-1790476687.350675,-1790476687.350675,0
20260927_103759_1243248,u1e4,0,475,SIDE_MINUS,1790476745.5230243,58.17234921455383,1790476745.6630242,False,False,False,False,,False,,,SIDE_DISPATCH|RAW_SEED_ATTEMPT|PRE_TIMING_SEED|TIMED_SEED|SEED_ELIGIBILITY|PRE_LOS|POST_LOS|SOLVER_OK|FINAL_INPUT|PREFLIGHT_REJECT,PREFLIGHT_REJECT,DYNAMICS_FAIL,,,0.0,0.0,0.0,-1790476687.350675,-1790476687.350675,-1790476687.350675,0
20260927_103759_1243248,u1e4,0,476,NOMINAL,1790476745.5363476,58.18567252159119,1790476745.6763475,True,False,True,False,,False,,,NOMINAL_CONTEXT|FINAL_INPUT|JOINT_SEED|COMPARATOR_WIN|SELECTED|COMMIT_FAILED,COMMIT_FAILED,,,,1.0,0.6000000000000001,0.28925087864110155,58.32567238807678,58.84932279586792,60.32567238807678,0
20260927_103759_1243248,u1e4,0,477,SIDE_PLUS,1790476745.5363476,58.18567252159119,1790476745.6763475,False,False,False,False,,False,,,SIDE_DISPATCH|RAW_SEED_ATTEMPT|PRE_TIMING_SEED|TIMED_SEED|SEED_ELIGIBILITY|PRE_LOS|POST_LOS|SOLVER_OK|FINAL_INPUT|PREFLIGHT_REJECT,PREFLIGHT_REJECT,DYNAMICS_FAIL,,,0.0,0.0,0.0,-1790476687.350675,-1790476687.350675,-1790476687.350675,0
20260927_103759_1243248,u1e4,0,478,SIDE_MINUS,1790476745.5363476,58.18567252159119,1790476745.6763475,False,False,False,False,,False,,,SIDE_DISPATCH|RAW_SEED_ATTEMPT|PRE_TIMING_SEED|TIMED_SEED|SEED_ELIGIBILITY|PRE_LOS|POST_LOS|SOLVER_OK|FINAL_INPUT|PREFLIGHT_REJECT,PREFLIGHT_REJECT,DYNAMICS_FAIL,,,0.0,0.0,0.0,-1790476687.350675,-1790476687.350675,-1790476687.350675,0
20260927_103759_1243248,u1e4,0,479,NOMINAL,1790476745.5486884,58.19801330566406,1790476745.6886883,True,False,True,False,,False,,,NOMINAL_CONTEXT|FINAL_INPUT|JOINT_SEED|COMPARATOR_WIN|SELECTED|COMMIT_FAILED,COMMIT_FAILED,,,,1.0,0.6000000000000001,0.2588038103198764,58.33801317214966,58.84932279586792,60.33801317214966,0
20260927_103759_1243248,u1e4,0,480,SIDE_PLUS,1790476745.5486884,58.19801330566406,1790476745.6886883,False,False,False,False,,False,,,SIDE_DISPATCH|RAW_SEED_ATTEMPT|PRE_TIMING_SEED|TIMED_SEED|SEED_ELIGIBILITY|PRE_LOS|POST_LOS|SOLVER_OK|FINAL_INPUT|PREFLIGHT_REJECT,PREFLIGHT_REJECT,DYNAMICS_FAIL,,,0.0,0.0,0.0,-1790476687.350675,-1790476687.350675,-1790476687.350675,0
20260927_103759_1243248,u1e4,0,481,SIDE_MINUS,1790476745.5486884,58.19801330566406,1790476745.6886883,False,False,False,False,,False,,,SIDE_DISPATCH|RAW_SEED_ATTEMPT|PRE_TIMING_SEED|TIMED_SEED|SEED_ELIGIBILITY|PRE_LOS|POST_LOS|SOLVER_OK|FINAL_INPUT|PREFLIGHT_REJECT,PREFLIGHT_REJECT,DYNAMICS_FAIL,,,0.0,0.0,0.0,-1790476687.350675,-1790476687.350675,-1790476687.350675,0
20260927_103759_1243248,u1e4,0,482,NOMINAL,1790476745.5637321,58.21305704116821,1790476745.703732,True,False,True,False,,False,,,NOMINAL_CONTEXT|FINAL_INPUT|JOINT_SEED|COMPARATOR_WIN|SELECTED|COMMIT_FAILED,COMMIT_FAILED,,,,1.0,0.75,0.22540178066177707,58.35305690765381,58.84932279586792,60.35305690765381,0
20260927_103759_1243248,u1e4,0,483,SIDE_PLUS,1790476745.5637321,58.21305704116821,1790476745.703732,False,False,False,False,,False,,,SIDE_DISPATCH|RAW_SEED_ATTEMPT|PRE_TIMING_SEED|TIMED_SEED|SEED_ELIGIBILITY|PRE_LOS|POST_LOS|SOLVER_OK|FINAL_INPUT|PREFLIGHT_REJECT,PREFLIGHT_REJECT,DYNAMICS_FAIL,,,0.0,0.0,0.0,-1790476687.350675,-1790476687.350675,-1790476687.350675,0
20260927_103759_1243248,u1e4,0,484,SIDE_MINUS,1790476745.5637321,58.21305704116821,1790476745.703732,False,False,False,False,,False,,,SIDE_DISPATCH|RAW_SEED_ATTEMPT|PRE_TIMING_SEED|TIMED_SEED|SEED_ELIGIBILITY|PRE_LOS|POST_LOS|SOLVER_OK|FINAL_INPUT|PREFLIGHT_REJECT,PREFLIGHT_REJECT,DYNAMICS_FAIL,,,0.0,0.0,0.0,-1790476687.350675,-1790476687.350675,-1790476687.350675,0
20260927_103759_1243248,u1e4,0,485,NOMINAL,1790476745.583941,58.23326587677002,1790476745.7239408,True,False,True,False,,False,,,NOMINAL_CONTEXT|FINAL_INPUT|JOINT_SEED|COMPARATOR_WIN|SELECTED|COMMIT_FAILED,COMMIT_FAILED,,,,1.0,0.75,0.19575149996153557,58.373265743255615,58.84932279586792,60.373265743255615,0
20260927_103759_1243248,u1e4,0,486,SIDE_PLUS,1790476745.583941,58.23326587677002,1790476745.7239408,False,False,False,False,,False,,,SIDE_DISPATCH|RAW_SEED_ATTEMPT|PRE_TIMING_SEED|TIMED_SEED|SEED_ELIGIBILITY|PRE_LOS|POST_LOS|SOLVER_OK|FINAL_INPUT|PREFLIGHT_REJECT,PREFLIGHT_REJECT,DYNAMICS_FAIL,,,0.0,0.0,0.0,-1790476687.350675,-1790476687.350675,-1790476687.350675,0
20260927_103759_1243248,u1e4,0,487,SIDE_MINUS,1790476745.583941,58.23326587677002,1790476745.7239408,False,False,False,False,,False,,,SIDE_DISPATCH|RAW_SEED_ATTEMPT|PRE_TIMING_SEED|TIMED_SEED|SEED_ELIGIBILITY|PRE_LOS|POST_LOS|SOLVER_OK|FINAL_INPUT|PREFLIGHT_REJECT,PREFLIGHT_REJECT,DYNAMICS_FAIL,,,0.0,0.0,0.0,-1790476687.350675,-1790476687.350675,-1790476687.350675,0
20260927_103759_1243248,u1e4,0,488,NOMINAL,1790476745.595563,58.244887828826904,1790476745.7355628,True,False,True,False,,False,,,NOMINAL_CONTEXT|FINAL_INPUT|JOINT_SEED|COMPARATOR_WIN|SELECTED|COMMIT_FAILED,COMMIT_FAILED,,,,1.0,0.75,0.17870966339043887,58.3848876953125,58.84932279586792,60.3848876953125,0
20260927_103759_1243248,u1e4,0,489,SIDE_PLUS,1790476745.595563,58.244887828826904,1790476745.7355628,False,False,False,False,,False,,,SIDE_DISPATCH|RAW_SEED_ATTEMPT|PRE_TIMING_SEED|TIMED_SEED|SEED_ELIGIBILITY|PRE_LOS|POST_LOS|SOLVER_OK|FINAL_INPUT|PREFLIGHT_REJECT,PREFLIGHT_REJECT,DYNAMICS_FAIL,,,0.0,0.0,0.0,-1790476687.350675,-1790476687.350675,-1790476687.350675,0
20260927_103759_1243248,u1e4,0,490,SIDE_MINUS,1790476745.595563,58.244887828826904,1790476745.7355628,False,False,False,False,,False,,,SIDE_DISPATCH|RAW_SEED_ATTEMPT|PRE_TIMING_SEED|TIMED_SEED|SEED_ELIGIBILITY|PRE_LOS|POST_LOS|SOLVER_OK|FINAL_INPUT|PREFLIGHT_REJECT,PREFLIGHT_REJECT,DYNAMICS_FAIL,,,0.0,0.0,0.0,-1790476687.350675,-1790476687.350675,-1790476687.350675,0
20260927_103759_1243248,u1e4,0,491,NOMINAL,1790476745.612573,58.261897802352905,1790476745.7525728,True,False,True,True,208.0,True,58.436171,58.53776,NOMINAL_CONTEXT|FINAL_INPUT|JOINT_SEED|COMPARATOR_WIN|SELECTED|COMMITTED,,,,,1.0,0.75,0.15380083294327834,58.4018976688385,58.84932279586792,60.4018976688385,0
20260927_103759_1243248,u1e4,0,492,SIDE_PLUS,1790476745.612573,58.261897802352905,1790476745.7525728,False,False,False,False,,False,,,SIDE_DISPATCH|RAW_SEED_ATTEMPT|PRE_TIMING_SEED|TIMED_SEED|SEED_ELIGIBILITY|PRE_LOS|POST_LOS|SOLVER_OK|FINAL_INPUT|PREFLIGHT_REJECT,PREFLIGHT_REJECT,DYNAMICS_FAIL,,,0.0,0.0,0.0,-1790476687.350675,-1790476687.350675,-1790476687.350675,0
20260927_103759_1243248,u1e4,0,493,SIDE_MINUS,1790476745.612573,58.261897802352905,1790476745.7525728,False,False,False,False,,False,,,SIDE_DISPATCH|RAW_SEED_ATTEMPT|PRE_TIMING_SEED|TIMED_SEED|SEED_ELIGIBILITY|PRE_LOS|POST_LOS|SOLVER_OK|FINAL_INPUT|PREFLIGHT_REJECT,PREFLIGHT_REJECT,DYNAMICS_FAIL,,,0.0,0.0,0.0,-1790476687.350675,-1790476687.350675,-1790476687.350675,0
20260927_103759_1243248,u1e4,0,494,NOMINAL,1790476745.757702,58.40702700614929,1790476745.897702,True,False,True,True,209.0,True,58.570457,58.674311,NOMINAL_CONTEXT|FINAL_INPUT|JOINT_SEED|COMPARATOR_WIN|SELECTED|COMMITTED,,,,,1.0,1.0,0.0019989537648580093,58.54702687263489,58.84932279586792,60.54702687263489,0
20260927_103759_1243248,u1e4,0,495,SIDE_PLUS,1790476745.757702,58.40702700614929,1790476745.897702,True,False,False,False,,False,,,SIDE_DISPATCH|RAW_SEED_ATTEMPT|PRE_TIMING_SEED|TIMED_SEED|SEED_ELIGIBILITY|SOLVER_OK|FINAL_INPUT|COMPARATOR_LOSS,,,,OPPONENT_SIDE_PREFERENCE_HOLD,1.0,1.0,0.0019989537729540874,58.54702687263489,58.84932279586792,60.54702687263489,0
20260927_103759_1243248,u1e4,0,496,SIDE_MINUS,1790476745.757702,58.40702700614929,1790476745.897702,True,False,False,False,,False,,,SIDE_DISPATCH|RAW_SEED_ATTEMPT|PRE_TIMING_SEED|TIMED_SEED|SEED_ELIGIBILITY|SOLVER_OK|FINAL_INPUT|COMPARATOR_LOSS,,,,OPPONENT_SIDE_PREFERENCE_HOLD,1.0,1.0,0.0019989537587132367,58.54702687263489,58.84932279586792,60.54702687263489,0
20260927_103759_1243248,u1e5,0,511,NOMINAL,1790476748.68359,61.33291482925415,1790476748.8235898,True,False,True,True,220.0,True,61.502689,62.079401,FINAL_INPUT|JOINT_SEED|COMPARATOR_WIN|SELECTED|COMMITTED,,,,,0.0,0.0,0.0,-1790476687.350675,-1790476687.350675,63.472914695739746,0
20260927_103759_1243248,u1e5,0,512,NOMINAL,1790476748.9801598,61.6294846534729,1790476749.1201596,False,False,False,False,,False,,,NOMINAL_CONTEXT|FINAL_INPUT|JOINT_SEED|HANDOFF_REJECT,HANDOFF_REJECT,MISSED_FROZEN_ACTIVATION,,,0.0,0.0,0.0,-1790476687.350675,-1790476687.350675,-1790476687.350675,0
20260927_103759_1243248,u1e5,0,513,SIDE_MINUS,1790476748.9801598,61.6294846534729,1790476749.1201596,False,False,False,False,,False,,,SIDE_DISPATCH|RAW_SEED_ATTEMPT|RAW_SEED_ATTEMPT|RAW_SEED_ATTEMPT|RAW_SEED_ATTEMPT|PREINIT_REJECT,PREINIT_REJECT,NO_STATIC_FEASIBLE_SIDE,,,0.0,0.0,0.0,-1790476687.350675,-1790476687.350675,-1790476687.350675,0
20260927_103759_1243248,u1e5,0,514,SIDE_PLUS,1790476748.9801598,61.6294846534729,1790476749.1201596,False,True,False,False,,False,,,SIDE_DISPATCH|RAW_SEED_ATTEMPT|PRE_TIMING_SEED|TIMED_SEED|SEED_ELIGIBILITY|PRE_LOS|POST_LOS|SOLVER_OK|FINAL_INPUT|JOINT_SEED|HANDOFF_REJECT,HANDOFF_REJECT,MISSED_FROZEN_ACTIVATION,,,0.0,0.0,0.0,-1790476687.350675,-1790476687.350675,-1790476687.350675,0
20260927_103759_1243248,u1e5,0,515,NOMINAL,1790476749.133487,61.782811880111694,1790476749.2836983,False,False,False,False,,False,,,NOMINAL_CONTEXT|FINAL_INPUT|JOINT_SEED|HANDOFF_REJECT,HANDOFF_REJECT,MISSED_FROZEN_ACTIVATION,,,0.0,0.0,0.0,-1790476687.350675,-1790476687.350675,-1790476687.350675,0
20260927_103759_1243248,u1e5,0,516,SIDE_MINUS,1790476749.133487,61.782811880111694,1790476749.2836983,False,False,False,False,,False,,,SIDE_DISPATCH|RAW_SEED_ATTEMPT|RAW_SEED_ATTEMPT|RAW_SEED_ATTEMPT|RAW_SEED_ATTEMPT|PREINIT_REJECT,PREINIT_REJECT,NO_STATIC_FEASIBLE_SIDE,,,0.0,0.0,0.0,-1790476687.350675,-1790476687.350675,-1790476687.350675,0
20260927_103759_1243248,u1e5,0,517,SIDE_PLUS,1790476749.133487,61.782811880111694,1790476749.2836983,False,True,False,False,,False,,,SIDE_DISPATCH|RAW_SEED_ATTEMPT|PRE_TIMING_SEED|TIMED_SEED|SEED_ELIGIBILITY|PRE_LOS|POST_LOS|SOLVER_OK|FINAL_INPUT|JOINT_SEED|HANDOFF_REJECT,HANDOFF_REJECT,MISSED_FROZEN_ACTIVATION,,,0.0,0.0,0.0,-1790476687.350675,-1790476687.350675,-1790476687.350675,0
20260927_103759_1243248,u1e5,0,518,NOMINAL,1790476749.2707305,61.9200553894043,1790476749.428591,True,False,True,True,221.0,True,62.108001,62.335476,NOMINAL_CONTEXT|FINAL_INPUT|JOINT_SEED|COMPARATOR_WIN|SELECTED|COMMITTED,,,,,1.0,1.0,0.08937332375908479,63.44932317733765,63.572914600372314,64.07791590690613,0
20260927_103759_1243248,u1e5,0,519,SIDE_MINUS,1790476749.2707305,61.9200553894043,1790476749.428591,False,False,False,False,,False,,,SIDE_DISPATCH|RAW_SEED_ATTEMPT|RAW_SEED_ATTEMPT|RAW_SEED_ATTEMPT|RAW_SEED_ATTEMPT|PREINIT_REJECT,PREINIT_REJECT,NO_STATIC_FEASIBLE_SIDE,,,0.0,0.0,0.0,-1790476687.350675,-1790476687.350675,-1790476687.350675,0
20260927_103759_1243248,u1e5,0,520,SIDE_PLUS,1790476749.2707305,61.9200553894043,1790476749.428591,True,True,False,False,,False,,,SIDE_DISPATCH|RAW_SEED_ATTEMPT|PRE_TIMING_SEED|TIMED_SEED|SEED_ELIGIBILITY|PRE_LOS|POST_LOS|SOLVER_OK|FINAL_INPUT|JOINT_SEED|COMPARATOR_LOSS,,,,OPPONENT_D3_LOWER,1.0,1.0,0.10612902250376295,63.44932317733765,63.572914600372314,64.07791590690613,0
20260927_103759_1243248,u1e5,0,521,NOMINAL,1790476749.543918,62.19324278831482,1790476749.6969483,True,False,False,False,,False,,,NOMINAL_CONTEXT|FINAL_INPUT|JOINT_SEED|COMPARATOR_WIN,,,,,1.0,0.5,0.8285688607327689,63.44932317733765,63.97291421890259,64.34627318382263,0
20260927_103759_1243248,u1e5,0,522,SIDE_MINUS,1790476749.543918,62.19324278831482,1790476749.6969483,False,False,False,False,,False,,,SIDE_DISPATCH|RAW_SEED_ATTEMPT|RAW_SEED_ATTEMPT|RAW_SEED_ATTEMPT|RAW_SEED_ATTEMPT|PREINIT_REJECT,PREINIT_REJECT,NO_STATIC_FEASIBLE_SIDE,,,0.0,0.0,0.0,-1790476687.350675,-1790476687.350675,-1790476687.350675,0
20260927_103759_1243248,u1e5,0,523,SIDE_PLUS,1790476749.543918,62.19324278831482,1790476749.6969483,True,True,True,True,222.0,True,62.369112,62.602785,SIDE_DISPATCH|RAW_SEED_ATTEMPT|PRE_TIMING_SEED|TIMED_SEED|SEED_ELIGIBILITY|PRE_LOS|POST_LOS|SOLVER_OK|FINAL_INPUT|JOINT_SEED|COMPARATOR_WIN|SELECTED|COMMITTED,,,,D3_LOWER,1.0,0.5,0.6930985374778982,63.44932317733765,63.97291421890259,64.34627318382263,0
20260927_103759_1243248,u1e5,0,524,NOMINAL,1790476749.8113341,62.46065902709961,1790476749.9600275,True,False,False,False,,False,,,NOMINAL_CONTEXT|FINAL_INPUT|JOINT_SEED|COMPARATOR_WIN,,,,,1.0,0.30000000000000004,2.8566477302504367,63.44932317733765,64.37291383743286,64.60935235023499,0
20260927_103759_1243248,u1e5,0,525,SIDE_MINUS,1790476749.8113341,62.46065902709961,1790476749.9600275,True,True,False,False,,False,,,SIDE_DISPATCH|RAW_SEED_ATTEMPT|PRE_TIMING_SEED|TIMED_SEED|SEED_ELIGIBILITY|SOLVER_OK|FINAL_INPUT|JOINT_SEED|COMPARATOR_LOSS,,,,OPPONENT_D3_LOWER,1.0,0.30000000000000004,2.7730876454663704,63.44932317733765,64.37291383743286,64.60935235023499,0
20260927_103759_1243248,u1e5,0,526,SIDE_PLUS,1790476749.8113341,62.46065902709961,1790476749.9600275,True,True,True,True,223.0,True,62.635292,62.875878,SIDE_DISPATCH|RAW_SEED_ATTEMPT|PRE_TIMING_SEED|TIMED_SEED|SEED_ELIGIBILITY|PRE_LOS|POST_LOS|SOLVER_OK|FINAL_INPUT|JOINT_SEED|COMPARATOR_WIN|SELECTED|COMMITTED,,,,D3_LOWER,1.0,0.30000000000000004,2.6284974030812887,63.44932317733765,64.37291383743286,64.60935235023499,0
20260927_103759_1243248,u1e5,0,527,NOMINAL,1790476750.0924213,62.74174618721008,1790476750.2385957,True,False,False,False,,False,,,NOMINAL_CONTEXT|FINAL_INPUT|JOINT_SEED|COMPARATOR_WIN,,,,,1.0,0.23076923076923078,4.2184322034817585,63.44932317733765,64.70935225486755,64.88792061805725,0
20260927_103759_1243248,u1e5,0,528,SIDE_MINUS,1790476750.0924213,62.74174618721008,1790476750.2385957,True,True,False,False,,False,,,SIDE_DISPATCH|RAW_SEED_ATTEMPT|PRE_TIMING_SEED|TIMED_SEED|SEED_ELIGIBILITY|SOLVER_OK|FINAL_INPUT|JOINT_SEED|COMPARATOR_LOSS,,,,OPPONENT_D3_LOWER,1.0,0.23076923076923078,4.210292160269827,63.44932317733765,64.70935225486755,64.88792061805725,0
20260927_103759_1243248,u1e5,0,529,SIDE_PLUS,1790476750.0924213,62.74174618721008,1790476750.2385957,True,True,True,True,224.0,True,62.915964,63.168641,SIDE_DISPATCH|RAW_SEED_ATTEMPT|PRE_TIMING_SEED|TIMED_SEED|SEED_ELIGIBILITY|PRE_LOS|POST_LOS|SOLVER_OK|FINAL_INPUT|JOINT_SEED|COMPARATOR_WIN|SELECTED|COMMITTED,,,,D3_LOWER,1.0,0.23076923076923078,4.154867788696108,63.44932317733765,64.70935225486755,64.88792061805725,0
20260927_103759_1243248,u1e5,0,530,NOMINAL,1790476750.3756592,63.02498412132263,1790476750.5182111,True,False,True,True,225.0,True,63.201954,63.435463,NOMINAL_CONTEXT|FINAL_INPUT|JOINT_SEED|COMPARATOR_WIN|SELECTED|COMMITTED,,,,,1.0,0.25,4.607888640809778,63.44932317733765,64.98792052268982,65.16753602027893,0
20260927_103759_1243248,u1e5,0,531,SIDE_MINUS,1790476750.3756592,63.02498412132263,1790476750.5182111,True,True,False,False,,False,,,SIDE_DISPATCH|RAW_SEED_ATTEMPT|PRE_TIMING_SEED|TIMED_SEED|SEED_ELIGIBILITY|SOLVER_OK|FINAL_INPUT|JOINT_SEED|COMPARATOR_LOSS,,,,OPPONENT_D3_LOWER,1.0,0.25,4.627329908777856,63.44932317733765,64.98792052268982,65.16753602027893,0
20260927_103759_1243248,u1e5,0,532,SIDE_PLUS,1790476750.3756592,63.02498412132263,1790476750.5182111,True,True,False,False,,False,,,SIDE_DISPATCH|RAW_SEED_ATTEMPT|PRE_TIMING_SEED|TIMED_SEED|SEED_ELIGIBILITY|PRE_LOS|POST_LOS|SOLVER_OK|FINAL_INPUT|JOINT_SEED|COMPARATOR_LOSS,,,,OPPONENT_D3_LOWER,1.0,0.25,4.608182652229317,63.44932317733765,64.98792052268982,65.16753602027893,0
20260927_103759_1243248,u1e5,0,533,NOMINAL,1790476750.66322,63.31254482269287,1790476750.8032198,True,False,True,True,226.0,True,63.473649,63.735704,NOMINAL_CONTEXT|FINAL_INPUT|JOINT_SEED|COMPARATOR_WIN|SELECTED|COMMITTED,,,,,1.0,0.2,4.621989396932673,63.45254468917847,65.0493233203888,65.45254468917847,0
20260927_103759_1243248,u1e5,0,534,SIDE_MINUS,1790476750.66322,63.31254482269287,1790476750.8032198,True,True,False,False,,False,,,SIDE_DISPATCH|RAW_SEED_ATTEMPT|PRE_TIMING_SEED|TIMED_SEED|SEED_ELIGIBILITY|SOLVER_OK|FINAL_INPUT|JOINT_SEED|COMPARATOR_LOSS,,,,OPPONENT_D3_LOWER,1.0,0.2,4.667227620068565,63.45254468917847,65.0493233203888,65.45254468917847,0
20260927_103759_1243248,u1e5,0,535,SIDE_PLUS,1790476750.66322,63.31254482269287,1790476750.8032198,True,True,False,False,,False,,,SIDE_DISPATCH|RAW_SEED_ATTEMPT|PRE_TIMING_SEED|TIMED_SEED|SEED_ELIGIBILITY|PRE_LOS|POST_LOS|SOLVER_OK|FINAL_INPUT|JOINT_SEED|COMPARATOR_LOSS,,,,OPPONENT_C3_HIGHER,1.0,0.13333333333333333,4.812112120342999,63.45254468917847,65.0493233203888,65.45254468917847,0
20260927_103759_1243248,u1e5,0,536,NOMINAL,1790476750.9418364,63.591161251068115,1790476751.0818362,False,False,False,False,,False,,,NOMINAL_CONTEXT|FINAL_INPUT_FAILED|JOINT_SEED,FINAL_INPUT_FAILED,,,,0.0,0.0,0.0,-1790476687.350675,-1790476687.350675,-1790476687.350675,0
20260927_103759_1243248,u1e5,0,537,SIDE_MINUS,1790476750.9418364,63.591161251068115,1790476751.0818362,False,True,False,False,,False,,,SIDE_DISPATCH|RAW_SEED_ATTEMPT|PRE_TIMING_SEED|TIMED_SEED|SEED_ELIGIBILITY|PRE_LOS|POST_LOS|SOLVER_OK|FINAL_INPUT|JOINT_SEED|PREFLIGHT_REJECT,PREFLIGHT_REJECT,DYNAMICS_FAIL,,,0.0,0.0,0.0,-1790476687.350675,-1790476687.350675,-1790476687.350675,0
20260927_103759_1243248,u1e5,0,538,SIDE_PLUS,1790476750.9418364,63.591161251068115,1790476751.0818362,False,True,False,False,,False,,,SIDE_DISPATCH|RAW_SEED_ATTEMPT|PRE_TIMING_SEED|TIMED_SEED|SEED_ELIGIBILITY|PRE_LOS|POST_LOS|SOLVER_OK|FINAL_INPUT|JOINT_SEED|PREFLIGHT_REJECT,PREFLIGHT_REJECT,DYNAMICS_FAIL,,,0.0,0.0,0.0,-1790476687.350675,-1790476687.350675,-1790476687.350675,0
20260927_103759_1243248,u1e5,0,539,NOMINAL,1790476750.9677675,63.61709237098694,1790476751.1077673,True,False,True,True,227.0,True,63.769109,64.003438,NOMINAL_CONTEXT|FINAL_INPUT|JOINT_SEED|COMPARATOR_WIN|SELECTED|COMMITTED,,,,,1.0,0.08333333333333333,4.436405233694436,63.757092237472534,65.04932355880737,65.75709223747253,0
20260927_103759_1243248,u1e5,0,540,SIDE_MINUS,1790476750.9677675,63.61709237098694,1790476751.1077673,False,True,False,False,,False,,,SIDE_DISPATCH|RAW_SEED_ATTEMPT|PRE_TIMING_SEED|TIMED_SEED|SEED_ELIGIBILITY|PRE_LOS|POST_LOS|SOLVER_OK|FINAL_INPUT|JOINT_SEED|PREFLIGHT_REJECT,PREFLIGHT_REJECT,DYNAMICS_FAIL,,,0.0,0.0,0.0,-1790476687.350675,-1790476687.350675,-1790476687.350675,0
20260927_103759_1243248,u1e5,0,541,SIDE_PLUS,1790476750.9677675,63.61709237098694,1790476751.1077673,False,True,False,False,,False,,,SIDE_DISPATCH|RAW_SEED_ATTEMPT|PRE_TIMING_SEED|TIMED_SEED|SEED_ELIGIBILITY|PRE_LOS|POST_LOS|SOLVER_OK|FINAL_INPUT|JOINT_SEED|PREFLIGHT_REJECT,PREFLIGHT_REJECT,DYNAMICS_FAIL,,,0.0,0.0,0.0,-1790476687.350675,-1790476687.350675,-1790476687.350675,0
20260927_103759_1243248,u1e5,0,542,NOMINAL,1790476751.2157283,63.86505317687988,1790476751.3557281,True,False,True,True,228.0,True,64.035406,64.27242,NOMINAL_CONTEXT|FINAL_INPUT|JOINT_SEED|COMPARATOR_WIN|SELECTED|COMMITTED,,,,,1.0,0.18181818181818182,3.76281278771173,64.00505304336548,65.04932403564453,66.00505304336548,0
20260927_103759_1243248,u1e5,0,543,SIDE_MINUS,1790476751.2157283,63.86505317687988,1790476751.3557281,False,True,False,False,,False,,,SIDE_DISPATCH|RAW_SEED_ATTEMPT|PRE_TIMING_SEED|TIMED_SEED|SEED_ELIGIBILITY|PRE_LOS|POST_LOS|SOLVER_OK|FINAL_INPUT|JOINT_SEED|PREFLIGHT_REJECT,PREFLIGHT_REJECT,DYNAMICS_FAIL,,,0.0,0.0,0.0,-1790476687.350675,-1790476687.350675,-1790476687.350675,0
20260927_103759_1243248,u1e5,0,544,SIDE_PLUS,1790476751.2157283,63.86505317687988,1790476751.3557281,False,True,False,False,,False,,,SIDE_DISPATCH|RAW_SEED_ATTEMPT|PRE_TIMING_SEED|TIMED_SEED|SEED_ELIGIBILITY|PRE_LOS|POST_LOS|SOLVER_OK|FINAL_INPUT|JOINT_SEED|PREFLIGHT_REJECT,PREFLIGHT_REJECT,DYNAMICS_FAIL,,,0.0,0.0,0.0,-1790476687.350675,-1790476687.350675,-1790476687.350675,0
20260927_103759_1243248,u1e5,0,545,NOMINAL,1790476751.4918952,64.14122009277344,1790476751.631895,True,False,True,True,229.0,True,64.304162,64.535331,NOMINAL_CONTEXT|FINAL_INPUT|JOINT_SEED|COMPARATOR_WIN|SELECTED|COMMITTED,,,,,1.0,0.25,2.252346260219198,64.28121995925903,65.04932427406311,66.28121995925903,0
20260927_103759_1243248,u1e5,0,546,SIDE_MINUS,1790476751.4918952,64.14122009277344,1790476751.631895,False,True,False,False,,False,,,SIDE_DISPATCH|RAW_SEED_ATTEMPT|PRE_TIMING_SEED|TIMED_SEED|SEED_ELIGIBILITY|PRE_LOS|POST_LOS|SOLVER_OK|FINAL_INPUT|JOINT_SEED|PREFLIGHT_REJECT,PREFLIGHT_REJECT,DYNAMICS_FAIL,,,0.0,0.0,0.0,-1790476687.350675,-1790476687.350675,-1790476687.350675,0
20260927_103759_1243248,u1e5,0,547,SIDE_PLUS,1790476751.4918952,64.14122009277344,1790476751.631895,False,True,False,False,,False,,,SIDE_DISPATCH|RAW_SEED_ATTEMPT|PRE_TIMING_SEED|TIMED_SEED|SEED_ELIGIBILITY|PRE_LOS|POST_LOS|SOLVER_OK|FINAL_INPUT|JOINT_SEED|PREFLIGHT_REJECT,PREFLIGHT_REJECT,DYNAMICS_FAIL,,,0.0,0.0,0.0,-1790476687.350675,-1790476687.350675,-1790476687.350675,0
20260927_103759_1243248,u1e5,0,548,NOMINAL,1790476751.7672133,64.41653823852539,1790476751.9072132,True,False,True,True,230.0,True,64.569857,64.802123,NOMINAL_CONTEXT|FINAL_INPUT|JOINT_SEED|COMPARATOR_WIN|SELECTED|COMMITTED,,,,,1.0,0.4,0.7878737677005603,64.55653810501099,65.04932451248169,66.55653810501099,0
20260927_103759_1243248,u1e5,0,549,SIDE_MINUS,1790476751.7672133,64.41653823852539,1790476751.9072132,False,True,False,False,,False,,,SIDE_DISPATCH|RAW_SEED_ATTEMPT|PRE_TIMING_SEED|TIMED_SEED|SEED_ELIGIBILITY|PRE_LOS|POST_LOS|SOLVER_OK|FINAL_INPUT|JOINT_SEED|PREFLIGHT_REJECT,PREFLIGHT_REJECT,DYNAMICS_FAIL,,,0.0,0.0,0.0,-1790476687.350675,-1790476687.350675,-1790476687.350675,0
20260927_103759_1243248,u1e5,0,550,SIDE_PLUS,1790476751.7672133,64.41653823852539,1790476751.9072132,False,True,False,False,,False,,,SIDE_DISPATCH|RAW_SEED_ATTEMPT|PRE_TIMING_SEED|TIMED_SEED|SEED_ELIGIBILITY|PRE_LOS|POST_LOS|SOLVER_OK|FINAL_INPUT|JOINT_SEED|PREFLIGHT_REJECT,PREFLIGHT_REJECT,DYNAMICS_FAIL,,,0.0,0.0,0.0,-1790476687.350675,-1790476687.350675,-1790476687.350675,0
20260927_103759_1243248,u1e5,0,551,NOMINAL,1790476752.0283241,64.67764902114868,1790476752.168324,True,False,True,True,231.0,True,64.835595,65.10549,NOMINAL_CONTEXT|FINAL_INPUT|JOINT_SEED|COMPARATOR_WIN|SELECTED|COMMITTED,,,,,1.0,0.6666666666666666,0.15737397752415494,64.81764888763428,65.04932475090027,66.81764888763428,0
20260927_103759_1243248,u1e5,0,552,SIDE_MINUS,1790476752.0283241,64.67764902114868,1790476752.168324,True,True,False,False,,False,,,SIDE_DISPATCH|RAW_SEED_ATTEMPT|PRE_TIMING_SEED|TIMED_SEED|SEED_ELIGIBILITY|PRE_LOS|POST_LOS|SOLVER_OK|FINAL_INPUT|JOINT_SEED|COMPARATOR_LOSS,,,,OPPONENT_D3_LOWER,1.0,0.6666666666666666,0.15739229929305765,64.81764888763428,65.04932475090027,66.81764888763428,0
20260927_103759_1243248,u1e5,0,553,SIDE_PLUS,1790476752.0283241,64.67764902114868,1790476752.168324,False,True,False,False,,False,,,SIDE_DISPATCH|RAW_SEED_ATTEMPT|PRE_TIMING_SEED|TIMED_SEED|SEED_ELIGIBILITY|PRE_LOS|POST_LOS|SOLVER_OK|FINAL_INPUT|JOINT_SEED|PREFLIGHT_REJECT,PREFLIGHT_REJECT,DYNAMICS_FAIL,,,0.0,0.0,0.0,-1790476687.350675,-1790476687.350675,-1790476687.350675,0
20260927_103759_1243248,u1e5,0,554,NOMINAL,1790476752.3115666,64.96089148521423,1790476752.4515665,True,False,True,True,232.0,True,65.136042,65.36913,FINAL_INPUT|JOINT_SEED|COMPARATOR_WIN|SELECTED|COMMITTED,,,,,0.0,0.0,0.0,-1790476687.350675,-1790476687.350675,67.10089135169983,0
20260927_103759_1243248,u2e1,1,367,NOMINAL,1790476758.3186274,70.96795225143433,1790476758.4586272,False,False,False,False,,False,,,NOMINAL_CONTEXT|FINAL_INPUT_FAILED|JOINT_SEED,FINAL_INPUT_FAILED,,,,0.0,0.0,0.0,-1790476687.350675,-1790476687.350675,-1790476687.350675,0
20260927_103759_1243248,u2e1,1,368,SIDE_MINUS,1790476758.3186274,70.96795225143433,1790476758.4586272,True,False,True,True,253.0,True,71.136024,71.436718,SIDE_DISPATCH|RAW_SEED_ATTEMPT|PRE_TIMING_SEED|TIMED_SEED|SEED_ELIGIBILITY|SOLVER_OK|FINAL_INPUT|COMPARATOR_WIN|SELECTED|COMMITTED,,,,,0.0,0.0,0.0,-1790476687.350675,-1790476687.350675,73.10795211791992,0
20260927_103759_1243248,u2e1,1,369,SIDE_PLUS,1790476758.3186274,70.96795225143433,1790476758.4586272,True,False,False,False,,False,,,SIDE_DISPATCH|RAW_SEED_ATTEMPT|PRE_TIMING_SEED|TIMED_SEED|SEED_ELIGIBILITY|SOLVER_OK|FINAL_INPUT|COMPARATOR_WIN,,,,,0.0,0.0,0.0,-1790476687.350675,-1790476687.350675,73.10795211791992,0
20260927_103759_1243248,u2e1,1,370,NOMINAL,1790476758.6105673,71.2598922252655,1790476758.7505672,False,False,False,False,,False,,,NOMINAL_CONTEXT|FINAL_INPUT_FAILED|JOINT_SEED,FINAL_INPUT_FAILED,,,,0.0,0.0,0.0,-1790476687.350675,-1790476687.350675,-1790476687.350675,0
20260927_103759_1243248,u2e1,1,371,SIDE_MINUS,1790476758.6105673,71.2598922252655,1790476758.7505672,False,False,False,False,,False,,,SIDE_DISPATCH|RAW_SEED_ATTEMPT|PRE_TIMING_SEED|TIMED_SEED|SEED_ELIGIBILITY|SOLVER_FAILED,,,,,0.0,0.0,0.0,-1790476687.350675,-1790476687.350675,-1790476687.350675,0
20260927_103759_1243248,u2e1,1,372,SIDE_PLUS,1790476758.6105673,71.2598922252655,1790476758.7505672,False,False,False,False,,False,,,SIDE_DISPATCH|RAW_SEED_ATTEMPT|PRE_TIMING_SEED|TIMED_SEED|SEED_ELIGIBILITY|SOLVER_FAILED,,,,,0.0,0.0,0.0,-1790476687.350675,-1790476687.350675,-1790476687.350675,0
20260927_103759_1243248,u2e1,1,373,NOMINAL,1790476758.645551,71.29487586021423,1790476758.7855508,True,False,True,True,254.0,True,71.47753,71.673217,NOMINAL_CONTEXT|FINAL_INPUT|JOINT_SEED|COMPARATOR_WIN|SELECTED|COMMITTED,,,,,0.0,0.0,0.0,-1790476687.350675,-1790476687.350675,73.43487572669983,0
20260927_103759_1243248,u2e1,1,374,SIDE_MINUS,1790476758.645551,71.29487586021423,1790476758.7855508,True,False,False,False,,False,,,SIDE_DISPATCH|RAW_SEED_ATTEMPT|PRE_TIMING_SEED|TIMED_SEED|SEED_ELIGIBILITY|SOLVER_OK|FINAL_INPUT|COMPARATOR_LOSS,,,,,0.0,0.0,0.0,-1790476687.350675,-1790476687.350675,73.43487572669983,0
20260927_103759_1243248,u2e1,1,375,SIDE_PLUS,1790476758.645551,71.29487586021423,1790476758.7855508,False,False,False,False,,False,,,SIDE_DISPATCH|RAW_SEED_ATTEMPT|PRE_TIMING_SEED|TIMED_SEED|SEED_ELIGIBILITY|SOLVER_FAILED,,,,,0.0,0.0,0.0,-1790476687.350675,-1790476687.350675,-1790476687.350675,0
20260927_103759_1243248,u2e1,1,376,NOMINAL,1790476758.9052224,71.55454730987549,1790476759.0452223,True,False,True,True,255.0,True,71.706145,71.969562,NOMINAL_CONTEXT|FINAL_INPUT|JOINT_SEED|COMPARATOR_WIN|SELECTED|COMMITTED,,,,,0.0,0.0,0.0,-1790476687.350675,-1790476687.350675,73.69454717636108,0
20260927_103759_1243248,u2e1,1,377,SIDE_MINUS,1790476758.9052224,71.55454730987549,1790476759.0452223,False,False,False,False,,False,,,SIDE_DISPATCH|RAW_SEED_ATTEMPT|PRE_TIMING_SEED|TIMED_SEED|SEED_ELIGIBILITY|SOLVER_FAILED,,,,,0.0,0.0,0.0,-1790476687.350675,-1790476687.350675,-1790476687.350675,0
20260927_103759_1243248,u2e1,1,378,SIDE_PLUS,1790476758.9052224,71.55454730987549,1790476759.0452223,False,False,False,False,,False,,,SIDE_DISPATCH|RAW_SEED_ATTEMPT|PRE_TIMING_SEED|TIMED_SEED|SEED_ELIGIBILITY|SOLVER_FAILED,,,,,0.0,0.0,0.0,-1790476687.350675,-1790476687.350675,-1790476687.350675,0
20260927_103759_1243248,u2e1,1,379,NOMINAL,1790476759.1675668,71.81689167022705,1790476759.3075666,False,False,False,False,,False,,,NOMINAL_CONTEXT|FINAL_INPUT_FAILED|JOINT_SEED,FINAL_INPUT_FAILED,,,,0.0,0.0,0.0,-1790476687.350675,-1790476687.350675,-1790476687.350675,0
20260927_103759_1243248,u2e1,1,380,SIDE_MINUS,1790476759.1675668,71.81689167022705,1790476759.3075666,False,False,False,False,,False,,,SIDE_DISPATCH|RAW_SEED_ATTEMPT|PRE_TIMING_SEED|TIMED_SEED|SEED_ELIGIBILITY|SOLVER_FAILED,,,,,0.0,0.0,0.0,-1790476687.350675,-1790476687.350675,-1790476687.350675,0
20260927_103759_1243248,u2e1,1,381,SIDE_PLUS,1790476759.1675668,71.81689167022705,1790476759.3075666,False,False,False,False,,False,,,SIDE_DISPATCH|RAW_SEED_ATTEMPT|PRE_TIMING_SEED|TIMED_SEED|SEED_ELIGIBILITY|SOLVER_FAILED,,,,,0.0,0.0,0.0,-1790476687.350675,-1790476687.350675,-1790476687.350675,0
20260927_103759_1243248,u2e1,1,382,NOMINAL,1790476759.1958835,71.84520840644836,1790476759.3358834,True,False,True,True,256.0,True,72.004863,72.236148,NOMINAL_CONTEXT|FINAL_INPUT|JOINT_SEED|COMPARATOR_WIN|SELECTED|COMMITTED,,,,,0.0,0.0,0.0,-1790476687.350675,-1790476687.350675,73.98520827293396,0
20260927_103759_1243248,u2e1,1,383,SIDE_MINUS,1790476759.1958835,71.84520840644836,1790476759.3358834,False,False,False,False,,False,,,SIDE_DISPATCH|RAW_SEED_ATTEMPT|PRE_TIMING_SEED|TIMED_SEED|SEED_ELIGIBILITY|SOLVER_FAILED,,,,,0.0,0.0,0.0,-1790476687.350675,-1790476687.350675,-1790476687.350675,0
20260927_103759_1243248,u2e1,1,384,SIDE_PLUS,1790476759.1958835,71.84520840644836,1790476759.3358834,False,False,False,False,,False,,,SIDE_DISPATCH|RAW_SEED_ATTEMPT|PRE_TIMING_SEED|TIMED_SEED|SEED_ELIGIBILITY|SOLVER_FAILED,,,,,0.0,0.0,0.0,-1790476687.350675,-1790476687.350675,-1790476687.350675,0
20260927_103759_1243248,u2e1,1,385,NOMINAL,1790476759.4540904,72.1034152507782,1790476759.5940902,False,False,False,False,,False,,,NOMINAL_CONTEXT|FINAL_INPUT_FAILED|JOINT_SEED,FINAL_INPUT_FAILED,,,,0.0,0.0,0.0,-1790476687.350675,-1790476687.350675,-1790476687.350675,0
20260927_103759_1243248,u2e1,1,386,SIDE_MINUS,1790476759.4540904,72.1034152507782,1790476759.5940902,True,False,False,False,,False,,,SIDE_DISPATCH|RAW_SEED_ATTEMPT|PRE_TIMING_SEED|TIMED_SEED|SEED_ELIGIBILITY|PRE_LOS|POST_LOS|SOLVER_OK|FINAL_INPUT|COMPARATOR_LOSS,,,,K2_GATE_REJECT_CANDIDATE,0.3333333333333333,0.0,0.2954026421427304,73.84932327270508,74.08520817756653,74.2434151172638,0
20260927_103759_1243248,u2e1,1,387,SIDE_PLUS,1790476759.4540904,72.1034152507782,1790476759.5940902,False,False,False,False,,False,,,SIDE_DISPATCH|RAW_SEED_ATTEMPT|PRE_TIMING_SEED|TIMED_SEED|SEED_ELIGIBILITY|SOLVER_FAILED,,,,,0.0,0.0,0.0,-1790476687.350675,-1790476687.350675,-1790476687.350675,0
20260927_103759_1243248,u2e1,1,388,NOMINAL,1790476759.4784572,72.12778210639954,1790476759.618457,False,False,False,False,,False,,,NOMINAL_CONTEXT|FINAL_INPUT_FAILED|JOINT_SEED,FINAL_INPUT_FAILED,,,,0.0,0.0,0.0,-1790476687.350675,-1790476687.350675,-1790476687.350675,0
20260927_103759_1243248,u2e1,1,389,SIDE_MINUS,1790476759.4784572,72.12778210639954,1790476759.618457,True,False,True,True,257.0,True,72.276188,72.536313,SIDE_DISPATCH|RAW_SEED_ATTEMPT|PRE_TIMING_SEED|TIMED_SEED|SEED_ELIGIBILITY|PRE_LOS|POST_LOS|SOLVER_OK|FINAL_INPUT|COMPARATOR_WIN|SELECTED|COMMITTED,,,,,0.6666666666666666,0.0,0.21968719090061684,73.84932327270508,74.08520817756653,74.26778197288513,0
20260927_103759_1243248,u2e1,1,390,SIDE_PLUS,1790476759.4784572,72.12778210639954,1790476759.618457,False,False,False,False,,False,,,SIDE_DISPATCH|RAW_SEED_ATTEMPT|PRE_TIMING_SEED|TIMED_SEED|SEED_ELIGIBILITY|SOLVER_FAILED,,,,,0.0,0.0,0.0,-1790476687.350675,-1790476687.350675,-1790476687.350675,0
20260927_103759_1243248,u2e1,1,391,NOMINAL,1790476759.7481563,72.39748120307922,1790476759.8881562,False,False,False,False,,False,,,NOMINAL_CONTEXT|FINAL_INPUT_FAILED|JOINT_SEED,FINAL_INPUT_FAILED,,,,0.0,0.0,0.0,-1790476687.350675,-1790476687.350675,-1790476687.350675,0
20260927_103759_1243248,u2e1,1,392,SIDE_MINUS,1790476759.7481563,72.39748120307922,1790476759.8881562,False,False,False,False,,False,,,SIDE_DISPATCH|RAW_SEED_ATTEMPT|PRE_TIMING_SEED|TIMED_SEED|SEED_ELIGIBILITY|SOLVER_FAILED,,,,,0.0,0.0,0.0,-1790476687.350675,-1790476687.350675,-1790476687.350675,0
20260927_103759_1243248,u2e1,1,393,SIDE_PLUS,1790476759.7481563,72.39748120307922,1790476759.8881562,True,False,True,True,258.0,True,72.570106,73.96807,SIDE_DISPATCH|RAW_SEED_ATTEMPT|PRE_TIMING_SEED|TIMED_SEED|SEED_ELIGIBILITY|PRE_LOS|POST_LOS|SOLVER_OK|FINAL_INPUT|COMPARATOR_WIN|SELECTED|COMMITTED,,,,,0.8333333333333333,0.16666666666666666,0.1398268295783692,73.84932327270508,74.3677818775177,74.53748106956482,0
20260927_103759_1243248,u2e1,1,394,NOMINAL,1790476760.024894,72.67421889305115,1790476760.1648939,False,False,False,False,,False,,,NOMINAL_CONTEXT|FINAL_INPUT_FAILED|JOINT_SEED,FINAL_INPUT_FAILED,,,,0.0,0.0,0.0,-1790476687.350675,-1790476687.350675,-1790476687.350675,0
20260927_103759_1243248,u2e1,1,395,SIDE_PLUS,1790476760.024894,72.67421889305115,1790476760.1648939,False,False,False,False,,False,,,SIDE_DISPATCH|RAW_SEED_ATTEMPT|RAW_SEED_ATTEMPT|RAW_SEED_ATTEMPT|RAW_SEED_ATTEMPT|PREINIT_REJECT,PREINIT_REJECT,NO_STATIC_FEASIBLE_SIDE,,,0.0,0.0,0.0,-1790476687.350675,-1790476687.350675,-1790476687.350675,0
20260927_103759_1243248,u2e1,1,396,SIDE_MINUS,1790476760.024894,72.67421889305115,1790476760.1648939,False,False,False,False,,False,,,SIDE_DISPATCH|RAW_SEED_ATTEMPT|PRE_TIMING_SEED|TIMED_SEED|SEED_ELIGIBILITY|SOLVER_FAILED,,,,,0.0,0.0,0.0,-1790476687.350675,-1790476687.350675,-1790476687.350675,0
20260927_103759_1243248,u2e1,1,397,NOMINAL,1790476760.1762018,72.82552671432495,1790476760.3270862,False,False,False,False,,False,,,NOMINAL_CONTEXT|FINAL_INPUT_FAILED|JOINT_SEED,FINAL_INPUT_FAILED,,,,0.0,0.0,0.0,-1790476687.350675,-1790476687.350675,-1790476687.350675,0
20260927_103759_1243248,u2e1,1,398,SIDE_PLUS,1790476760.1762018,72.82552671432495,1790476760.3270862,False,False,False,False,,False,,,SIDE_DISPATCH|RAW_SEED_ATTEMPT|RAW_SEED_ATTEMPT|RAW_SEED_ATTEMPT|RAW_SEED_ATTEMPT|PREINIT_REJECT,PREINIT_REJECT,NO_STATIC_FEASIBLE_SIDE,,,0.0,0.0,0.0,-1790476687.350675,-1790476687.350675,-1790476687.350675,0
20260927_103759_1243248,u2e1,1,399,SIDE_MINUS,1790476760.1762018,72.82552671432495,1790476760.3270862,False,False,False,False,,False,,,SIDE_DISPATCH|RAW_SEED_ATTEMPT|PRE_TIMING_SEED|TIMED_SEED|SEED_ELIGIBILITY|SOLVER_FAILED,,,,,0.0,0.0,0.0,-1790476687.350675,-1790476687.350675,-1790476687.350675,0
20260927_103759_1243248,u2e1,1,400,NOMINAL,1790476760.3120124,72.96133732795715,1790476760.4713817,False,False,False,False,,False,,,NOMINAL_CONTEXT|FINAL_INPUT_FAILED|JOINT_SEED,FINAL_INPUT_FAILED,,,,0.0,0.0,0.0,-1790476687.350675,-1790476687.350675,-1790476687.350675,0
20260927_103759_1243248,u2e1,1,401,SIDE_PLUS,1790476760.3120124,72.96133732795715,1790476760.4713817,False,False,False,False,,False,,,SIDE_DISPATCH|RAW_SEED_ATTEMPT|RAW_SEED_ATTEMPT|RAW_SEED_ATTEMPT|RAW_SEED_ATTEMPT|PREINIT_REJECT,PREINIT_REJECT,NO_STATIC_FEASIBLE_SIDE,,,0.0,0.0,0.0,-1790476687.350675,-1790476687.350675,-1790476687.350675,0
20260927_103759_1243248,u2e1,1,402,SIDE_MINUS,1790476760.3120124,72.96133732795715,1790476760.4713817,False,False,False,False,,False,,,SIDE_DISPATCH|RAW_SEED_ATTEMPT|PRE_TIMING_SEED|TIMED_SEED|SEED_ELIGIBILITY|SOLVER_FAILED,,,,,0.0,0.0,0.0,-1790476687.350675,-1790476687.350675,-1790476687.350675,0
20260927_103759_1243248,u2e1,1,403,NOMINAL,1790476760.4405255,73.08985042572021,1790476760.6068,False,False,False,False,,False,,,NOMINAL_CONTEXT|FINAL_INPUT_FAILED|JOINT_SEED,FINAL_INPUT_FAILED,,,,0.0,0.0,0.0,-1790476687.350675,-1790476687.350675,-1790476687.350675,0
20260927_103759_1243248,u2e1,1,404,SIDE_MINUS,1790476760.4405255,73.08985042572021,1790476760.6068,False,False,False,False,,False,,,SIDE_DISPATCH|RAW_SEED_ATTEMPT|RAW_SEED_ATTEMPT|RAW_SEED_ATTEMPT|RAW_SEED_ATTEMPT|PREINIT_REJECT,PREINIT_REJECT,NO_STATIC_FEASIBLE_SIDE,,,0.0,0.0,0.0,-1790476687.350675,-1790476687.350675,-1790476687.350675,0
20260927_103759_1243248,u2e1,1,405,SIDE_PLUS,1790476760.4405255,73.08985042572021,1790476760.6068,False,False,False,False,,False,,,SIDE_DISPATCH|RAW_SEED_ATTEMPT|RAW_SEED_ATTEMPT|RAW_SEED_ATTEMPT|RAW_SEED_ATTEMPT|PREINIT_REJECT,PREINIT_REJECT,NO_STATIC_FEASIBLE_SIDE,,,0.0,0.0,0.0,-1790476687.350675,-1790476687.350675,-1790476687.350675,0
20260927_103759_1243248,u2e1,1,406,NOMINAL,1790476760.6944067,73.34373164176941,1790476760.8344066,False,False,False,False,,False,,,NOMINAL_CONTEXT|FINAL_INPUT|JOINT_SEED|PREFLIGHT_REJECT,PREFLIGHT_REJECT,static map t=0.333333 occupancy=1 pos=30.8224 1.49941 1.42323,,,0.0,0.0,0.0,-1790476687.350675,-1790476687.350675,-1790476687.350675,1
20260927_103759_1243248,u2e1,1,407,SIDE_MINUS,1790476760.6944067,73.34373164176941,1790476760.8344066,False,False,False,False,,False,,,SIDE_DISPATCH|RAW_SEED_ATTEMPT|RAW_SEED_ATTEMPT|RAW_SEED_ATTEMPT|RAW_SEED_ATTEMPT|PREINIT_REJECT,PREINIT_REJECT,NO_STATIC_FEASIBLE_SIDE,,,0.0,0.0,0.0,-1790476687.350675,-1790476687.350675,-1790476687.350675,0
20260927_103759_1243248,u2e1,1,408,SIDE_PLUS,1790476760.6944067,73.34373164176941,1790476760.8344066,False,False,False,False,,False,,,SIDE_DISPATCH|RAW_SEED_ATTEMPT|RAW_SEED_ATTEMPT|RAW_SEED_ATTEMPT|RAW_SEED_ATTEMPT|PREINIT_REJECT,PREINIT_REJECT,NO_STATIC_FEASIBLE_SIDE,,,0.0,0.0,0.0,-1790476687.350675,-1790476687.350675,-1790476687.350675,0
20260927_103759_1243248,u2e1,1,409,NOMINAL,1790476760.7059093,73.35523414611816,1790476760.845909,False,False,False,False,,False,,,NOMINAL_CONTEXT|FINAL_INPUT|JOINT_SEED|PREFLIGHT_REJECT,PREFLIGHT_REJECT,static map t=0.3 occupancy=1 pos=30.8069 1.49648 1.42215,,,0.0,0.0,0.0,-1790476687.350675,-1790476687.350675,-1790476687.350675,1
20260927_103759_1243248,u2e1,1,410,SIDE_MINUS,1790476760.7059093,73.35523414611816,1790476760.845909,False,False,False,False,,False,,,SIDE_DISPATCH|RAW_SEED_ATTEMPT|RAW_SEED_ATTEMPT|RAW_SEED_ATTEMPT|RAW_SEED_ATTEMPT|PREINIT_REJECT,PREINIT_REJECT,NO_STATIC_FEASIBLE_SIDE,,,0.0,0.0,0.0,-1790476687.350675,-1790476687.350675,-1790476687.350675,0
20260927_103759_1243248,u2e1,1,411,SIDE_PLUS,1790476760.7059093,73.35523414611816,1790476760.845909,False,False,False,False,,False,,,SIDE_DISPATCH|RAW_SEED_ATTEMPT|RAW_SEED_ATTEMPT|RAW_SEED_ATTEMPT|RAW_SEED_ATTEMPT|PREINIT_REJECT,PREINIT_REJECT,NO_STATIC_FEASIBLE_SIDE,,,0.0,0.0,0.0,-1790476687.350675,-1790476687.350675,-1790476687.350675,0
20260927_103759_1243248,u2e1,1,412,NOMINAL,1790476760.714228,73.3635528087616,1790476760.8542278,False,False,False,False,,False,,,NOMINAL_CONTEXT|FINAL_INPUT|JOINT_SEED|PREFLIGHT_REJECT,PREFLIGHT_REJECT,static map t=0.3 occupancy=1 pos=30.8154 1.50246 1.42256,,,0.0,0.0,0.0,-1790476687.350675,-1790476687.350675,-1790476687.350675,1
20260927_103759_1243248,u2e1,1,413,SIDE_MINUS,1790476760.714228,73.3635528087616,1790476760.8542278,False,False,False,False,,False,,,SIDE_DISPATCH|RAW_SEED_ATTEMPT|RAW_SEED_ATTEMPT|RAW_SEED_ATTEMPT|RAW_SEED_ATTEMPT|PREINIT_REJECT,PREINIT_REJECT,NO_STATIC_FEASIBLE_SIDE,,,0.0,0.0,0.0,-1790476687.350675,-1790476687.350675,-1790476687.350675,0
20260927_103759_1243248,u2e1,1,414,SIDE_PLUS,1790476760.714228,73.3635528087616,1790476760.8542278,False,False,False,False,,False,,,SIDE_DISPATCH|RAW_SEED_ATTEMPT|RAW_SEED_ATTEMPT|RAW_SEED_ATTEMPT|RAW_SEED_ATTEMPT|PREINIT_REJECT,PREINIT_REJECT,NO_STATIC_FEASIBLE_SIDE,,,0.0,0.0,0.0,-1790476687.350675,-1790476687.350675,-1790476687.350675,0
20260927_103759_1243248,u2e1,1,415,NOMINAL,1790476760.7227242,73.37204909324646,1790476760.8562984,False,False,False,False,,False,,,NOMINAL_CONTEXT|FINAL_INPUT|JOINT_SEED|PREFLIGHT_REJECT,PREFLIGHT_REJECT,static map t=0.3 occupancy=1 pos=30.8119  1.5139 1.42249,,,0.0,0.0,0.0,-1790476687.350675,-1790476687.350675,-1790476687.350675,1
20260927_103759_1243248,u2e1,1,416,SIDE_MINUS,1790476760.7227242,73.37204909324646,1790476760.8562984,False,False,False,False,,False,,,SIDE_DISPATCH|RAW_SEED_ATTEMPT|RAW_SEED_ATTEMPT|RAW_SEED_ATTEMPT|RAW_SEED_ATTEMPT|PREINIT_REJECT,PREINIT_REJECT,NO_STATIC_FEASIBLE_SIDE,,,0.0,0.0,0.0,-1790476687.350675,-1790476687.350675,-1790476687.350675,0
20260927_103759_1243248,u2e1,1,417,SIDE_PLUS,1790476760.7227242,73.37204909324646,1790476760.8562984,False,False,False,False,,False,,,SIDE_DISPATCH|RAW_SEED_ATTEMPT|RAW_SEED_ATTEMPT|RAW_SEED_ATTEMPT|RAW_SEED_ATTEMPT|PREINIT_REJECT,PREINIT_REJECT,NO_STATIC_FEASIBLE_SIDE,,,0.0,0.0,0.0,-1790476687.350675,-1790476687.350675,-1790476687.350675,0
20260927_103759_1243248,u2e1,1,418,NOMINAL,1790476760.738322,73.38764691352844,1790476760.8562984,False,False,False,False,,False,,,NOMINAL_CONTEXT|FINAL_INPUT|JOINT_SEED|PREFLIGHT_REJECT,PREFLIGHT_REJECT,static map t=0.3 occupancy=1 pos=30.8119  1.5139 1.42249,,,0.0,0.0,0.0,-1790476687.350675,-1790476687.350675,-1790476687.350675,1
20260927_103759_1243248,u2e1,1,419,SIDE_MINUS,1790476760.738322,73.38764691352844,1790476760.8562984,False,False,False,False,,False,,,SIDE_DISPATCH|RAW_SEED_ATTEMPT|RAW_SEED_ATTEMPT|RAW_SEED_ATTEMPT|RAW_SEED_ATTEMPT|PREINIT_REJECT,PREINIT_REJECT,NO_STATIC_FEASIBLE_SIDE,,,0.0,0.0,0.0,-1790476687.350675,-1790476687.350675,-1790476687.350675,0
20260927_103759_1243248,u2e1,1,420,SIDE_PLUS,1790476760.738322,73.38764691352844,1790476760.8562984,False,False,False,False,,False,,,SIDE_DISPATCH|RAW_SEED_ATTEMPT|RAW_SEED_ATTEMPT|RAW_SEED_ATTEMPT|RAW_SEED_ATTEMPT|PREINIT_REJECT,PREINIT_REJECT,NO_STATIC_FEASIBLE_SIDE,,,0.0,0.0,0.0,-1790476687.350675,-1790476687.350675,-1790476687.350675,0
20260927_103759_1243248,u2e1,1,421,NOMINAL,1790476760.752674,73.40199899673462,1790476760.892674,False,False,False,False,,False,,,NOMINAL_CONTEXT|FINAL_INPUT|JOINT_SEED|PREFLIGHT_REJECT,PREFLIGHT_REJECT,static map t=0.266667 occupancy=1 pos=30.8168  1.5234 1.42274,,,0.0,0.0,0.0,-1790476687.350675,-1790476687.350675,-1790476687.350675,1
20260927_103759_1243248,u2e1,1,422,SIDE_MINUS,1790476760.752674,73.40199899673462,1790476760.892674,False,False,False,False,,False,,,SIDE_DISPATCH|RAW_SEED_ATTEMPT|RAW_SEED_ATTEMPT|RAW_SEED_ATTEMPT|RAW_SEED_ATTEMPT|PREINIT_REJECT,PREINIT_REJECT,NO_STATIC_FEASIBLE_SIDE,,,0.0,0.0,0.0,-1790476687.350675,-1790476687.350675,-1790476687.350675,0
20260927_103759_1243248,u2e1,1,423,SIDE_PLUS,1790476760.752674,73.40199899673462,1790476760.892674,False,False,False,False,,False,,,SIDE_DISPATCH|RAW_SEED_ATTEMPT|RAW_SEED_ATTEMPT|RAW_SEED_ATTEMPT|RAW_SEED_ATTEMPT|PREINIT_REJECT,PREINIT_REJECT,NO_STATIC_FEASIBLE_SIDE,,,0.0,0.0,0.0,-1790476687.350675,-1790476687.350675,-1790476687.350675,0
20260927_103759_1243248,u2e1,1,424,NOMINAL,1790476760.7682142,73.41753911972046,1790476760.908214,False,False,False,False,,False,,,NOMINAL_CONTEXT|FINAL_INPUT|JOINT_SEED|PREFLIGHT_REJECT,PREFLIGHT_REJECT,static map t=0.233333 occupancy=1 pos=30.8058 1.51674 1.42188,,,0.0,0.0,0.0,-1790476687.350675,-1790476687.350675,-1790476687.350675,1
20260927_103759_1243248,u2e1,1,425,SIDE_MINUS,1790476760.7682142,73.41753911972046,1790476760.908214,False,False,False,False,,False,,,SIDE_DISPATCH|RAW_SEED_ATTEMPT|RAW_SEED_ATTEMPT|RAW_SEED_ATTEMPT|RAW_SEED_ATTEMPT|PREINIT_REJECT,PREINIT_REJECT,NO_STATIC_FEASIBLE_SIDE,,,0.0,0.0,0.0,-1790476687.350675,-1790476687.350675,-1790476687.350675,0
20260927_103759_1243248,u2e1,1,426,SIDE_PLUS,1790476760.7682142,73.41753911972046,1790476760.908214,False,False,False,False,,False,,,SIDE_DISPATCH|RAW_SEED_ATTEMPT|RAW_SEED_ATTEMPT|RAW_SEED_ATTEMPT|RAW_SEED_ATTEMPT|PREINIT_REJECT,PREINIT_REJECT,NO_STATIC_FEASIBLE_SIDE,,,0.0,0.0,0.0,-1790476687.350675,-1790476687.350675,-1790476687.350675,0
20260927_103759_1243248,u2e1,1,427,NOMINAL,1790476760.7825477,73.43187260627747,1790476760.9225476,False,False,False,False,,False,,,NOMINAL_CONTEXT|FINAL_INPUT|JOINT_SEED|PREFLIGHT_REJECT,PREFLIGHT_REJECT,static map t=0.233333 occupancy=1 pos=30.8202 1.52712 1.42257,,,0.0,0.0,0.0,-1790476687.350675,-1790476687.350675,-1790476687.350675,1
20260927_103759_1243248,u2e1,1,428,SIDE_MINUS,1790476760.7825477,73.43187260627747,1790476760.9225476,False,False,False,False,,False,,,SIDE_DISPATCH|RAW_SEED_ATTEMPT|RAW_SEED_ATTEMPT|RAW_SEED_ATTEMPT|RAW_SEED_ATTEMPT|PREINIT_REJECT,PREINIT_REJECT,NO_STATIC_FEASIBLE_SIDE,,,0.0,0.0,0.0,-1790476687.350675,-1790476687.350675,-1790476687.350675,0
20260927_103759_1243248,u2e1,1,429,SIDE_PLUS,1790476760.7825477,73.43187260627747,1790476760.9225476,False,False,False,False,,False,,,SIDE_DISPATCH|RAW_SEED_ATTEMPT|RAW_SEED_ATTEMPT|RAW_SEED_ATTEMPT|RAW_SEED_ATTEMPT|PREINIT_REJECT,PREINIT_REJECT,NO_STATIC_FEASIBLE_SIDE,,,0.0,0.0,0.0,-1790476687.350675,-1790476687.350675,-1790476687.350675,0
20260927_103759_1243248,u2e1,1,430,NOMINAL,1790476760.795827,73.44515180587769,1790476760.9358268,False,False,False,False,,False,,,NOMINAL_CONTEXT|FINAL_INPUT|JOINT_SEED|PREFLIGHT_REJECT,PREFLIGHT_REJECT,static map t=0.2 occupancy=1 pos=30.8045 1.51456 1.42162,,,0.0,0.0,0.0,-1790476687.350675,-1790476687.350675,-1790476687.350675,1
20260927_103759_1243248,u2e1,1,431,SIDE_MINUS,1790476760.795827,73.44515180587769,1790476760.9358268,False,False,False,False,,False,,,SIDE_DISPATCH|RAW_SEED_ATTEMPT|RAW_SEED_ATTEMPT|RAW_SEED_ATTEMPT|RAW_SEED_ATTEMPT|PREINIT_REJECT,PREINIT_REJECT,NO_STATIC_FEASIBLE_SIDE,,,0.0,0.0,0.0,-1790476687.350675,-1790476687.350675,-1790476687.350675,0
20260927_103759_1243248,u2e1,1,432,SIDE_PLUS,1790476760.795827,73.44515180587769,1790476760.9358268,False,False,False,False,,False,,,SIDE_DISPATCH|RAW_SEED_ATTEMPT|RAW_SEED_ATTEMPT|RAW_SEED_ATTEMPT|RAW_SEED_ATTEMPT|PREINIT_REJECT,PREINIT_REJECT,NO_STATIC_FEASIBLE_SIDE,,,0.0,0.0,0.0,-1790476687.350675,-1790476687.350675,-1790476687.350675,0
20260927_103759_1243248,u2e1,1,433,NOMINAL,1790476760.8123107,73.46163558959961,1790476760.9523106,False,False,False,False,,False,,,NOMINAL_CONTEXT|FINAL_INPUT|JOINT_SEED|PREFLIGHT_REJECT,PREFLIGHT_REJECT,static map t=0.2 occupancy=1 pos=30.8212 1.52993 1.42238,,,0.0,0.0,0.0,-1790476687.350675,-1790476687.350675,-1790476687.350675,1
20260927_103759_1243248,u2e1,1,434,SIDE_MINUS,1790476760.8123107,73.46163558959961,1790476760.9523106,False,False,False,False,,False,,,SIDE_DISPATCH|RAW_SEED_ATTEMPT|RAW_SEED_ATTEMPT|RAW_SEED_ATTEMPT|RAW_SEED_ATTEMPT|PREINIT_REJECT,PREINIT_REJECT,NO_STATIC_FEASIBLE_SIDE,,,0.0,0.0,0.0,-1790476687.350675,-1790476687.350675,-1790476687.350675,0
20260927_103759_1243248,u2e1,1,435,SIDE_PLUS,1790476760.8123107,73.46163558959961,1790476760.9523106,False,False,False,False,,False,,,SIDE_DISPATCH|RAW_SEED_ATTEMPT|RAW_SEED_ATTEMPT|RAW_SEED_ATTEMPT|RAW_SEED_ATTEMPT|PREINIT_REJECT,PREINIT_REJECT,NO_STATIC_FEASIBLE_SIDE,,,0.0,0.0,0.0,-1790476687.350675,-1790476687.350675,-1790476687.350675,0
20260927_103759_1243248,u2e1,1,436,NOMINAL,1790476760.834611,73.4839358329773,1790476760.9746108,False,False,False,False,,False,,,NOMINAL_CONTEXT|FINAL_INPUT|JOINT_SEED|PREFLIGHT_REJECT,PREFLIGHT_REJECT,static map t=0.166667 occupancy=1 pos= 30.812 1.52583 1.42192,,,0.0,0.0,0.0,-1790476687.350675,-1790476687.350675,-1790476687.350675,1
20260927_103759_1243248,u2e1,1,437,SIDE_MINUS,1790476760.834611,73.4839358329773,1790476760.9746108,False,False,False,False,,False,,,SIDE_DISPATCH|RAW_SEED_ATTEMPT|RAW_SEED_ATTEMPT|RAW_SEED_ATTEMPT|RAW_SEED_ATTEMPT|PREINIT_REJECT,PREINIT_REJECT,NO_STATIC_FEASIBLE_SIDE,,,0.0,0.0,0.0,-1790476687.350675,-1790476687.350675,-1790476687.350675,0
20260927_103759_1243248,u2e1,1,438,SIDE_PLUS,1790476760.834611,73.4839358329773,1790476760.9746108,False,False,False,False,,False,,,SIDE_DISPATCH|RAW_SEED_ATTEMPT|RAW_SEED_ATTEMPT|RAW_SEED_ATTEMPT|RAW_SEED_ATTEMPT|PREINIT_REJECT,PREINIT_REJECT,NO_STATIC_FEASIBLE_SIDE,,,0.0,0.0,0.0,-1790476687.350675,-1790476687.350675,-1790476687.350675,0
20260927_103759_1243248,u2e1,1,439,NOMINAL,1790476760.8643155,73.51364040374756,1790476761.0043154,False,False,False,False,,False,,,NOMINAL_CONTEXT|FINAL_INPUT|JOINT_SEED|PREFLIGHT_REJECT,PREFLIGHT_REJECT,static map t=0.133333 occupancy=1 pos=30.8123 1.52459 1.42172,,,0.0,0.0,0.0,-1790476687.350675,-1790476687.350675,-1790476687.350675,1
20260927_103759_1243248,u2e1,1,440,SIDE_MINUS,1790476760.8643155,73.51364040374756,1790476761.0043154,False,False,False,False,,False,,,SIDE_DISPATCH|RAW_SEED_ATTEMPT|RAW_SEED_ATTEMPT|RAW_SEED_ATTEMPT|RAW_SEED_ATTEMPT|PREINIT_REJECT,PREINIT_REJECT,NO_STATIC_FEASIBLE_SIDE,,,0.0,0.0,0.0,-1790476687.350675,-1790476687.350675,-1790476687.350675,0
20260927_103759_1243248,u2e1,1,441,SIDE_PLUS,1790476760.8643155,73.51364040374756,1790476761.0043154,False,False,False,False,,False,,,SIDE_DISPATCH|RAW_SEED_ATTEMPT|RAW_SEED_ATTEMPT|RAW_SEED_ATTEMPT|RAW_SEED_ATTEMPT|PREINIT_REJECT,PREINIT_REJECT,NO_STATIC_FEASIBLE_SIDE,,,0.0,0.0,0.0,-1790476687.350675,-1790476687.350675,-1790476687.350675,0
20260927_103759_1243248,u2e1,1,442,NOMINAL,1790476760.9002018,73.54952669143677,1790476761.010031,False,False,False,False,,False,,,NOMINAL_CONTEXT|FINAL_INPUT|JOINT_SEED|HANDOFF_REJECT,HANDOFF_REJECT,MISSED_FROZEN_ACTIVATION,,,0.0,0.0,0.0,-1790476687.350675,-1790476687.350675,-1790476687.350675,1
20260927_103759_1243248,u2e1,1,443,SIDE_MINUS,1790476760.9002018,73.54952669143677,1790476761.010031,False,False,False,False,,False,,,SIDE_DISPATCH|RAW_SEED_ATTEMPT|RAW_SEED_ATTEMPT|RAW_SEED_ATTEMPT|RAW_SEED_ATTEMPT|PREINIT_REJECT,PREINIT_REJECT,NO_STATIC_FEASIBLE_SIDE,,,0.0,0.0,0.0,-1790476687.350675,-1790476687.350675,-1790476687.350675,0
20260927_103759_1243248,u2e1,1,444,SIDE_PLUS,1790476760.9002018,73.54952669143677,1790476761.010031,False,False,False,False,,False,,,SIDE_DISPATCH|RAW_SEED_ATTEMPT|RAW_SEED_ATTEMPT|RAW_SEED_ATTEMPT|RAW_SEED_ATTEMPT|PREINIT_REJECT,PREINIT_REJECT,NO_STATIC_FEASIBLE_SIDE,,,0.0,0.0,0.0,-1790476687.350675,-1790476687.350675,-1790476687.350675,0
20260927_103759_1243248,u2e1,1,445,NOMINAL,1790476760.917015,73.56633996963501,1790476761.017015,False,False,False,False,,False,,,NOMINAL_CONTEXT|FINAL_INPUT|JOINT_SEED|HANDOFF_REJECT,HANDOFF_REJECT,MISSED_FROZEN_ACTIVATION,,,0.0,0.0,0.0,-1790476687.350675,-1790476687.350675,-1790476687.350675,1
20260927_103759_1243248,u2e1,1,446,SIDE_MINUS,1790476760.917015,73.56633996963501,1790476761.017015,False,False,False,False,,False,,,SIDE_DISPATCH|RAW_SEED_ATTEMPT|RAW_SEED_ATTEMPT|RAW_SEED_ATTEMPT|RAW_SEED_ATTEMPT|PREINIT_REJECT,PREINIT_REJECT,NO_STATIC_FEASIBLE_SIDE,,,0.0,0.0,0.0,-1790476687.350675,-1790476687.350675,-1790476687.350675,0
20260927_103759_1243248,u2e1,1,447,SIDE_PLUS,1790476760.917015,73.56633996963501,1790476761.017015,False,False,False,False,,False,,,SIDE_DISPATCH|RAW_SEED_ATTEMPT|RAW_SEED_ATTEMPT|RAW_SEED_ATTEMPT|RAW_SEED_ATTEMPT|PREINIT_REJECT,PREINIT_REJECT,NO_STATIC_FEASIBLE_SIDE,,,0.0,0.0,0.0,-1790476687.350675,-1790476687.350675,-1790476687.350675,0
20260927_103759_1243248,u2e1,1,448,NOMINAL,1790476760.9493482,73.59867310523987,1790476761.049348,False,False,False,False,,False,,,NOMINAL_CONTEXT|FINAL_INPUT|JOINT_SEED|HANDOFF_REJECT,HANDOFF_REJECT,MISSED_FROZEN_ACTIVATION,,,0.0,0.0,0.0,-1790476687.350675,-1790476687.350675,-1790476687.350675,1
20260927_103759_1243248,u2e1,1,449,SIDE_MINUS,1790476760.9493482,73.59867310523987,1790476761.049348,False,False,False,False,,False,,,SIDE_DISPATCH|RAW_SEED_ATTEMPT|RAW_SEED_ATTEMPT|RAW_SEED_ATTEMPT|RAW_SEED_ATTEMPT|PREINIT_REJECT,PREINIT_REJECT,NO_STATIC_FEASIBLE_SIDE,,,0.0,0.0,0.0,-1790476687.350675,-1790476687.350675,-1790476687.350675,0
20260927_103759_1243248,u2e1,1,450,SIDE_PLUS,1790476760.9493482,73.59867310523987,1790476761.049348,False,False,False,False,,False,,,SIDE_DISPATCH|RAW_SEED_ATTEMPT|RAW_SEED_ATTEMPT|RAW_SEED_ATTEMPT|RAW_SEED_ATTEMPT|PREINIT_REJECT,PREINIT_REJECT,NO_STATIC_FEASIBLE_SIDE,,,0.0,0.0,0.0,-1790476687.350675,-1790476687.350675,-1790476687.350675,0
20260927_103759_1243248,u2e1,1,451,NOMINAL,1790476760.9545069,73.60383176803589,1790476761.0545068,False,False,False,False,,False,,,NOMINAL_CONTEXT|FINAL_INPUT|JOINT_SEED|HANDOFF_REJECT,HANDOFF_REJECT,MISSED_FROZEN_ACTIVATION,,,0.0,0.0,0.0,-1790476687.350675,-1790476687.350675,-1790476687.350675,1
20260927_103759_1243248,u2e1,1,452,SIDE_MINUS,1790476760.9545069,73.60383176803589,1790476761.0545068,False,False,False,False,,False,,,SIDE_DISPATCH|RAW_SEED_ATTEMPT|RAW_SEED_ATTEMPT|RAW_SEED_ATTEMPT|RAW_SEED_ATTEMPT|PREINIT_REJECT,PREINIT_REJECT,NO_STATIC_FEASIBLE_SIDE,,,0.0,0.0,0.0,-1790476687.350675,-1790476687.350675,-1790476687.350675,0
20260927_103759_1243248,u2e1,1,453,SIDE_PLUS,1790476760.9545069,73.60383176803589,1790476761.0545068,False,False,False,False,,False,,,SIDE_DISPATCH|RAW_SEED_ATTEMPT|RAW_SEED_ATTEMPT|RAW_SEED_ATTEMPT|RAW_SEED_ATTEMPT|PREINIT_REJECT,PREINIT_REJECT,NO_STATIC_FEASIBLE_SIDE,,,0.0,0.0,0.0,-1790476687.350675,-1790476687.350675,-1790476687.350675,0
20260927_103759_1243248,u2e1,1,454,NOMINAL,1790476760.958301,73.60762596130371,1790476761.058301,False,False,False,False,,False,,,NOMINAL_CONTEXT|FINAL_INPUT|JOINT_SEED|HANDOFF_REJECT,HANDOFF_REJECT,MISSED_FROZEN_ACTIVATION,,,0.0,0.0,0.0,-1790476687.350675,-1790476687.350675,-1790476687.350675,1
20260927_103759_1243248,u2e1,1,455,SIDE_MINUS,1790476760.958301,73.60762596130371,1790476761.058301,False,False,False,False,,False,,,SIDE_DISPATCH|RAW_SEED_ATTEMPT|RAW_SEED_ATTEMPT|RAW_SEED_ATTEMPT|RAW_SEED_ATTEMPT|PREINIT_REJECT,PREINIT_REJECT,NO_STATIC_FEASIBLE_SIDE,,,0.0,0.0,0.0,-1790476687.350675,-1790476687.350675,-1790476687.350675,0
20260927_103759_1243248,u2e1,1,456,SIDE_PLUS,1790476760.958301,73.60762596130371,1790476761.058301,False,False,False,False,,False,,,SIDE_DISPATCH|RAW_SEED_ATTEMPT|RAW_SEED_ATTEMPT|RAW_SEED_ATTEMPT|RAW_SEED_ATTEMPT|PREINIT_REJECT,PREINIT_REJECT,NO_STATIC_FEASIBLE_SIDE,,,0.0,0.0,0.0,-1790476687.350675,-1790476687.350675,-1790476687.350675,0
20260927_103759_1243248,u2e1,1,457,NOMINAL,1790476760.9616966,73.61102151870728,1790476761.0616965,False,False,False,False,,False,,,NOMINAL_CONTEXT|FINAL_INPUT|JOINT_SEED|HANDOFF_REJECT,HANDOFF_REJECT,MISSED_FROZEN_ACTIVATION,,,0.0,0.0,0.0,-1790476687.350675,-1790476687.350675,-1790476687.350675,1
20260927_103759_1243248,u2e1,1,458,SIDE_MINUS,1790476760.9616966,73.61102151870728,1790476761.0616965,False,False,False,False,,False,,,SIDE_DISPATCH|RAW_SEED_ATTEMPT|RAW_SEED_ATTEMPT|RAW_SEED_ATTEMPT|RAW_SEED_ATTEMPT|PREINIT_REJECT,PREINIT_REJECT,NO_STATIC_FEASIBLE_SIDE,,,0.0,0.0,0.0,-1790476687.350675,-1790476687.350675,-1790476687.350675,0
20260927_103759_1243248,u2e1,1,459,SIDE_PLUS,1790476760.9616966,73.61102151870728,1790476761.0616965,False,False,False,False,,False,,,SIDE_DISPATCH|RAW_SEED_ATTEMPT|RAW_SEED_ATTEMPT|RAW_SEED_ATTEMPT|RAW_SEED_ATTEMPT|PREINIT_REJECT,PREINIT_REJECT,NO_STATIC_FEASIBLE_SIDE,,,0.0,0.0,0.0,-1790476687.350675,-1790476687.350675,-1790476687.350675,0
20260927_103759_1243248,u2e1,1,460,NOMINAL,1790476760.9654663,73.61479115486145,1790476761.0654662,False,False,False,False,,False,,,NOMINAL_CONTEXT|FINAL_INPUT|JOINT_SEED|HANDOFF_REJECT,HANDOFF_REJECT,MISSED_FROZEN_ACTIVATION,,,0.0,0.0,0.0,-1790476687.350675,-1790476687.350675,-1790476687.350675,1
20260927_103759_1243248,u2e1,1,461,SIDE_MINUS,1790476760.9654663,73.61479115486145,1790476761.0654662,False,False,False,False,,False,,,SIDE_DISPATCH|RAW_SEED_ATTEMPT|RAW_SEED_ATTEMPT|RAW_SEED_ATTEMPT|RAW_SEED_ATTEMPT|PREINIT_REJECT,PREINIT_REJECT,NO_STATIC_FEASIBLE_SIDE,,,0.0,0.0,0.0,-1790476687.350675,-1790476687.350675,-1790476687.350675,0
20260927_103759_1243248,u2e1,1,462,SIDE_PLUS,1790476760.9654663,73.61479115486145,1790476761.0654662,False,False,False,False,,False,,,SIDE_DISPATCH|RAW_SEED_ATTEMPT|RAW_SEED_ATTEMPT|RAW_SEED_ATTEMPT|RAW_SEED_ATTEMPT|PREINIT_REJECT,PREINIT_REJECT,NO_STATIC_FEASIBLE_SIDE,,,0.0,0.0,0.0,-1790476687.350675,-1790476687.350675,-1790476687.350675,0
20260927_103759_1243248,u2e1,1,463,NOMINAL,1790476760.968363,73.61768794059753,1790476761.068363,False,False,False,False,,False,,,NOMINAL_CONTEXT|FINAL_INPUT|JOINT_SEED|HANDOFF_REJECT,HANDOFF_REJECT,MISSED_FROZEN_ACTIVATION,,,0.0,0.0,0.0,-1790476687.350675,-1790476687.350675,-1790476687.350675,1
20260927_103759_1243248,u2e1,1,464,SIDE_MINUS,1790476760.968363,73.61768794059753,1790476761.068363,False,False,False,False,,False,,,SIDE_DISPATCH|RAW_SEED_ATTEMPT|RAW_SEED_ATTEMPT|RAW_SEED_ATTEMPT|RAW_SEED_ATTEMPT|PREINIT_REJECT,PREINIT_REJECT,NO_STATIC_FEASIBLE_SIDE,,,0.0,0.0,0.0,-1790476687.350675,-1790476687.350675,-1790476687.350675,0
20260927_103759_1243248,u2e1,1,465,SIDE_PLUS,1790476760.968363,73.61768794059753,1790476761.068363,False,False,False,False,,False,,,SIDE_DISPATCH|RAW_SEED_ATTEMPT|RAW_SEED_ATTEMPT|RAW_SEED_ATTEMPT|RAW_SEED_ATTEMPT|PREINIT_REJECT,PREINIT_REJECT,NO_STATIC_FEASIBLE_SIDE,,,0.0,0.0,0.0,-1790476687.350675,-1790476687.350675,-1790476687.350675,0
20260927_103759_1243248,u2e1,1,466,NOMINAL,1790476760.971859,73.6211838722229,1790476761.071859,False,False,False,False,,False,,,NOMINAL_CONTEXT|FINAL_INPUT|JOINT_SEED|HANDOFF_REJECT,HANDOFF_REJECT,MISSED_FROZEN_ACTIVATION,,,0.0,0.0,0.0,-1790476687.350675,-1790476687.350675,-1790476687.350675,1
20260927_103759_1243248,u2e1,1,467,SIDE_MINUS,1790476760.971859,73.6211838722229,1790476761.071859,False,False,False,False,,False,,,SIDE_DISPATCH|RAW_SEED_ATTEMPT|RAW_SEED_ATTEMPT|RAW_SEED_ATTEMPT|RAW_SEED_ATTEMPT|PREINIT_REJECT,PREINIT_REJECT,NO_STATIC_FEASIBLE_SIDE,,,0.0,0.0,0.0,-1790476687.350675,-1790476687.350675,-1790476687.350675,0
20260927_103759_1243248,u2e1,1,468,SIDE_PLUS,1790476760.971859,73.6211838722229,1790476761.071859,False,False,False,False,,False,,,SIDE_DISPATCH|RAW_SEED_ATTEMPT|RAW_SEED_ATTEMPT|RAW_SEED_ATTEMPT|RAW_SEED_ATTEMPT|PREINIT_REJECT,PREINIT_REJECT,NO_STATIC_FEASIBLE_SIDE,,,0.0,0.0,0.0,-1790476687.350675,-1790476687.350675,-1790476687.350675,0
20260927_103759_1243248,u2e1,1,469,NOMINAL,1790476760.9753895,73.62471437454224,1790476761.0753894,False,False,False,False,,False,,,NOMINAL_CONTEXT|FINAL_INPUT|JOINT_SEED|HANDOFF_REJECT,HANDOFF_REJECT,MISSED_FROZEN_ACTIVATION,,,0.0,0.0,0.0,-1790476687.350675,-1790476687.350675,-1790476687.350675,1
20260927_103759_1243248,u2e1,1,470,NOMINAL,1790476760.9762986,73.62562346458435,1790476761.0762985,False,False,False,False,,False,,,NOMINAL_CONTEXT|FINAL_INPUT|JOINT_SEED|HANDOFF_REJECT,HANDOFF_REJECT,MISSED_FROZEN_ACTIVATION,,,0.0,0.0,0.0,-1790476687.350675,-1790476687.350675,-1790476687.350675,1
20260927_103759_1243248,u2e1,1,471,NOMINAL,1790476760.9771733,73.62649822235107,1790476761.0771732,False,False,False,False,,False,,,NOMINAL_CONTEXT|FINAL_INPUT|JOINT_SEED|HANDOFF_REJECT,HANDOFF_REJECT,MISSED_FROZEN_ACTIVATION,,,0.0,0.0,0.0,-1790476687.350675,-1790476687.350675,-1790476687.350675,1
20260927_103759_1243248,u2e1,1,472,NOMINAL,1790476760.9868379,73.63616275787354,1790476761.0868378,False,False,False,False,,False,,,NOMINAL_CONTEXT|FINAL_INPUT|JOINT_SEED|HANDOFF_REJECT,HANDOFF_REJECT,MISSED_FROZEN_ACTIVATION,,,0.0,0.0,0.0,-1790476687.350675,-1790476687.350675,-1790476687.350675,1
20260927_103759_1243248,u2e1,1,473,NOMINAL,1790476760.9884946,73.63781952857971,1790476761.0884945,False,False,False,False,,False,,,NOMINAL_CONTEXT|FINAL_INPUT|JOINT_SEED|HANDOFF_REJECT,HANDOFF_REJECT,MISSED_FROZEN_ACTIVATION,,,0.0,0.0,0.0,-1790476687.350675,-1790476687.350675,-1790476687.350675,1
20260927_103759_1243248,u2e1,1,474,NOMINAL,1790476760.9944763,73.64380121231079,1790476761.0944762,False,False,False,False,,False,,,NOMINAL_CONTEXT|FINAL_INPUT|JOINT_SEED|HANDOFF_REJECT,HANDOFF_REJECT,MISSED_FROZEN_ACTIVATION,,,0.0,0.0,0.0,-1790476687.350675,-1790476687.350675,-1790476687.350675,1
20260927_103759_1243248,u2e1,1,475,NOMINAL,1790476760.9999907,73.64931559562683,1790476761.0999906,False,False,False,False,,False,,,NOMINAL_CONTEXT|FINAL_INPUT_FAILED|JOINT_SEED,FINAL_INPUT_FAILED,,,,0.0,0.0,0.0,-1790476687.350675,-1790476687.350675,-1790476687.350675,0
20260927_103759_1243248,u2e1,1,476,SIDE_MINUS,1790476760.9999907,73.64931559562683,1790476761.0999906,False,False,False,False,,False,,,SIDE_DISPATCH|RAW_SEED_ATTEMPT|RAW_SEED_ATTEMPT|RAW_SEED_ATTEMPT|RAW_SEED_ATTEMPT|PREINIT_REJECT,PREINIT_REJECT,NO_STATIC_FEASIBLE_SIDE,,,0.0,0.0,0.0,-1790476687.350675,-1790476687.350675,-1790476687.350675,0
20260927_103759_1243248,u2e1,1,477,SIDE_PLUS,1790476760.9999907,73.64931559562683,1790476761.0999906,False,False,False,False,,False,,,SIDE_DISPATCH|RAW_SEED_ATTEMPT|RAW_SEED_ATTEMPT|RAW_SEED_ATTEMPT|RAW_SEED_ATTEMPT|PREINIT_REJECT,PREINIT_REJECT,NO_STATIC_FEASIBLE_SIDE,,,0.0,0.0,0.0,-1790476687.350675,-1790476687.350675,-1790476687.350675,0
20260927_103759_1243248,u2e1,1,478,NOMINAL,1790476761.0099704,73.65929532051086,1790476761.1099703,False,False,False,False,,False,,,NOMINAL_CONTEXT|FINAL_INPUT_FAILED|JOINT_SEED,FINAL_INPUT_FAILED,,,,0.0,0.0,0.0,-1790476687.350675,-1790476687.350675,-1790476687.350675,0
20260927_103759_1243248,u2e1,1,479,SIDE_MINUS,1790476761.0099704,73.65929532051086,1790476761.1099703,False,False,False,False,,False,,,SIDE_DISPATCH|RAW_SEED_ATTEMPT|RAW_SEED_ATTEMPT|RAW_SEED_ATTEMPT|RAW_SEED_ATTEMPT|PREINIT_REJECT,PREINIT_REJECT,NO_STATIC_FEASIBLE_SIDE,,,0.0,0.0,0.0,-1790476687.350675,-1790476687.350675,-1790476687.350675,0
20260927_103759_1243248,u2e1,1,480,SIDE_PLUS,1790476761.0099704,73.65929532051086,1790476761.1099703,False,False,False,False,,False,,,SIDE_DISPATCH|RAW_SEED_ATTEMPT|RAW_SEED_ATTEMPT|RAW_SEED_ATTEMPT|RAW_SEED_ATTEMPT|PREINIT_REJECT,PREINIT_REJECT,NO_STATIC_FEASIBLE_SIDE,,,0.0,0.0,0.0,-1790476687.350675,-1790476687.350675,-1790476687.350675,0
20260927_103759_1243248,u2e1,1,481,NOMINAL,1790476761.0170052,73.66633009910583,1790476761.117005,False,False,False,False,,False,,,NOMINAL_CONTEXT|FINAL_INPUT_FAILED|JOINT_SEED,FINAL_INPUT_FAILED,,,,0.0,0.0,0.0,-1790476687.350675,-1790476687.350675,-1790476687.350675,0
20260927_103759_1243248,u2e1,1,482,SIDE_MINUS,1790476761.0170052,73.66633009910583,1790476761.117005,False,False,False,False,,False,,,SIDE_DISPATCH|RAW_SEED_ATTEMPT|RAW_SEED_ATTEMPT|RAW_SEED_ATTEMPT|RAW_SEED_ATTEMPT|PREINIT_REJECT,PREINIT_REJECT,NO_STATIC_FEASIBLE_SIDE,,,0.0,0.0,0.0,-1790476687.350675,-1790476687.350675,-1790476687.350675,0
20260927_103759_1243248,u2e1,1,483,SIDE_PLUS,1790476761.0170052,73.66633009910583,1790476761.117005,False,False,False,False,,False,,,SIDE_DISPATCH|RAW_SEED_ATTEMPT|RAW_SEED_ATTEMPT|RAW_SEED_ATTEMPT|RAW_SEED_ATTEMPT|PREINIT_REJECT,PREINIT_REJECT,NO_STATIC_FEASIBLE_SIDE,,,0.0,0.0,0.0,-1790476687.350675,-1790476687.350675,-1790476687.350675,0
20260927_103759_1243248,u2e1,1,484,NOMINAL,1790476761.0268795,73.6762044429779,1790476761.1268795,False,False,False,False,,False,,,NOMINAL_CONTEXT|FINAL_INPUT_FAILED|JOINT_SEED,FINAL_INPUT_FAILED,,,,0.0,0.0,0.0,-1790476687.350675,-1790476687.350675,-1790476687.350675,0
20260927_103759_1243248,u2e1,1,485,SIDE_MINUS,1790476761.0268795,73.6762044429779,1790476761.1268795,False,False,False,False,,False,,,SIDE_DISPATCH|RAW_SEED_ATTEMPT|RAW_SEED_ATTEMPT|RAW_SEED_ATTEMPT|RAW_SEED_ATTEMPT|PREINIT_REJECT,PREINIT_REJECT,NO_STATIC_FEASIBLE_SIDE,,,0.0,0.0,0.0,-1790476687.350675,-1790476687.350675,-1790476687.350675,0
20260927_103759_1243248,u2e1,1,486,SIDE_PLUS,1790476761.0268795,73.6762044429779,1790476761.1268795,False,False,False,False,,False,,,SIDE_DISPATCH|RAW_SEED_ATTEMPT|RAW_SEED_ATTEMPT|RAW_SEED_ATTEMPT|RAW_SEED_ATTEMPT|PRE_TIMING_SEED|TIMED_SEED|SEED_ELIGIBILITY|SOLVER_FAILED|FINAL_INPUT_FAILED|JOINT_SEED,FINAL_INPUT_FAILED,,DYNAMICS_MODEL_MISMATCH_TRUST_EXHAUSTED,,0.0,0.0,0.0,-1790476687.350675,-1790476687.350675,-1790476687.350675,0
20260927_103759_1243248,u2e1,1,487,NOMINAL,1790476761.1640997,73.81342458724976,1790476761.313798,True,False,True,True,259.0,True,74.0037,74.136087,NOMINAL_CONTEXT|FINAL_INPUT|JOINT_SEED|COMPARATOR_WIN|SELECTED|COMMITTED,,,,,0.0,0.0,0.0,-1790476687.350675,-1790476687.350675,75.96312284469604,1
20260927_103759_1243248,u2e1,1,488,SIDE_MINUS,1790476761.1640997,73.81342458724976,1790476761.313798,False,False,False,False,,False,,,SIDE_DISPATCH|RAW_SEED_ATTEMPT|RAW_SEED_ATTEMPT|RAW_SEED_ATTEMPT|RAW_SEED_ATTEMPT|PREINIT_REJECT,PREINIT_REJECT,NO_STATIC_FEASIBLE_SIDE,,,0.0,0.0,0.0,-1790476687.350675,-1790476687.350675,-1790476687.350675,0
20260927_103759_1243248,u2e1,1,489,SIDE_PLUS,1790476761.1640997,73.81342458724976,1790476761.313798,False,False,False,False,,False,,,SIDE_DISPATCH|RAW_SEED_ATTEMPT|RAW_SEED_ATTEMPT|RAW_SEED_ATTEMPT|RAW_SEED_ATTEMPT|PREINIT_REJECT,PREINIT_REJECT,NO_STATIC_FEASIBLE_SIDE,,,0.0,0.0,0.0,-1790476687.350675,-1790476687.350675,-1790476687.350675,0
20260927_103759_1243248,u3e1,2,137,NOMINAL,1790476720.475147,33.12447190284729,1790476720.6333294,False,False,False,False,,False,,,NOMINAL_CONTEXT|FINAL_INPUT|JOINT_SEED|HANDOFF_REJECT,HANDOFF_REJECT,MISSED_FROZEN_ACTIVATION,,,0.0,0.0,0.0,-1790476687.350675,-1790476687.350675,-1790476687.350675,0
20260927_103759_1243248,u3e1,2,138,SIDE_MINUS,1790476720.475147,33.12447190284729,1790476720.6333294,False,True,False,False,,False,,,SIDE_DISPATCH|RAW_SEED_ATTEMPT|PRE_TIMING_SEED|TIMED_SEED|SEED_ELIGIBILITY|PRE_LOS|POST_LOS|SOLVER_OK|FINAL_INPUT|JOINT_SEED|HANDOFF_REJECT,HANDOFF_REJECT,MISSED_FROZEN_ACTIVATION,,,0.0,0.0,0.0,-1790476687.350675,-1790476687.350675,-1790476687.350675,0
20260927_103759_1243248,u3e1,2,139,SIDE_PLUS,1790476720.475147,33.12447190284729,1790476720.6333294,False,False,False,False,,False,,,SIDE_DISPATCH|RAW_SEED_ATTEMPT|RAW_SEED_ATTEMPT|RAW_SEED_ATTEMPT|RAW_SEED_ATTEMPT|PRE_TIMING_SEED|TIMED_SEED|SEED_ELIGIBILITY|SOLVER_FAILED|FINAL_INPUT_FAILED|JOINT_SEED,FINAL_INPUT_FAILED,,DYNAMICS_MODEL_MISMATCH_TRUST_EXHAUSTED,,0.0,0.0,0.0,-1790476687.350675,-1790476687.350675,-1790476687.350675,0
20260927_103759_1243248,u3e1,2,140,NOMINAL,1790476720.7585616,33.40788650512695,1790476720.9382002,True,False,False,False,,False,,,NOMINAL_CONTEXT|FINAL_INPUT|JOINT_SEED|COMPARATOR_WIN,,,,,0.0,0.0,0.0,-1790476687.350675,-1790476687.350675,35.58752512931824,0
20260927_103759_1243248,u3e1,2,141,SIDE_MINUS,1790476720.7585616,33.40788650512695,1790476720.9382002,True,True,False,False,,False,,,SIDE_DISPATCH|RAW_SEED_ATTEMPT|PRE_TIMING_SEED|TIMED_SEED|SEED_ELIGIBILITY|PRE_LOS|POST_LOS|SOLVER_OK|FINAL_INPUT|JOINT_SEED|COMPARATOR_LOSS,,,,,0.0,0.0,0.0,-1790476687.350675,-1790476687.350675,35.58752512931824,0
20260927_103759_1243248,u3e1,2,142,SIDE_PLUS,1790476720.7585616,33.40788650512695,1790476720.9382002,True,True,True,True,120.0,True,33.602143,33.835331,SIDE_DISPATCH|RAW_SEED_ATTEMPT|RAW_SEED_ATTEMPT|RAW_SEED_ATTEMPT|RAW_SEED_ATTEMPT|PRE_TIMING_SEED|TIMED_SEED|SEED_ELIGIBILITY|SOLVER_OK|FINAL_INPUT|JOINT_SEED|COMPARATOR_WIN|SELECTED|COMMITTED,,,,,0.0,0.0,0.0,-1790476687.350675,-1790476687.350675,35.58752512931824,0
20260927_103759_1243248,u3e1,2,143,NOMINAL,1790476721.0141644,33.66348934173584,1790476721.1921237,True,False,False,False,,False,,,NOMINAL_CONTEXT|FINAL_INPUT|JOINT_SEED|COMPARATOR_WIN,,,,,1.0,0.2222222222222222,3.2396534078157084,34.849323987960815,35.687525033950806,35.84144854545593,0
20260927_103759_1243248,u3e1,2,144,SIDE_MINUS,1790476721.0141644,33.66348934173584,1790476721.1921237,True,True,True,True,121.0,True,33.871051,34.102271,SIDE_DISPATCH|RAW_SEED_ATTEMPT|PRE_TIMING_SEED|TIMED_SEED|SEED_ELIGIBILITY|PRE_LOS|POST_LOS|SOLVER_OK|FINAL_INPUT|JOINT_SEED|COMPARATOR_WIN|SELECTED|COMMITTED,,,,C3_HIGHER,1.0,0.5555555555555556,1.0360934164166542,34.849323987960815,35.687525033950806,35.84144854545593,0
20260927_103759_1243248,u3e1,2,145,SIDE_PLUS,1790476721.0141644,33.66348934173584,1790476721.1921237,False,True,False,False,,False,,,SIDE_DISPATCH|RAW_SEED_ATTEMPT|PRE_TIMING_SEED|TIMED_SEED|SEED_ELIGIBILITY|PRE_LOS|POST_LOS|SOLVER_OK|FINAL_INPUT|JOINT_SEED|PREFLIGHT_REJECT,PREFLIGHT_REJECT,static map t=1.16667 occupancy=1 pos=-1.43182  2.39834  1.49974,,,0.0,0.0,0.0,-1790476687.350675,-1790476687.350675,-1790476687.350675,0
20260927_103759_1243248,u3e1,2,146,NOMINAL,1790476721.3048646,33.95418953895569,1790476721.477752,True,False,False,False,,False,,,NOMINAL_CONTEXT|FINAL_INPUT|JOINT_SEED|COMPARATOR_WIN,,,,,1.0,0.18181818181818182,3.8046231630571326,34.849323987960815,35.9414484500885,36.127076864242554,0
20260927_103759_1243248,u3e1,2,147,SIDE_MINUS,1790476721.3048646,33.95418953895569,1790476721.477752,True,True,True,True,122.0,True,34.135511,34.636492,SIDE_DISPATCH|RAW_SEED_ATTEMPT|PRE_TIMING_SEED|TIMED_SEED|SEED_ELIGIBILITY|PRE_LOS|POST_LOS|SOLVER_OK|FINAL_INPUT|JOINT_SEED|COMPARATOR_WIN|SELECTED|COMMITTED,,,,C3_HIGHER,1.0,0.6363636363636364,1.4231867192600478,34.849323987960815,35.9414484500885,36.127076864242554,0
20260927_103759_1243248,u3e1,2,148,SIDE_PLUS,1790476721.3048646,33.95418953895569,1790476721.477752,True,True,False,False,,False,,,SIDE_DISPATCH|RAW_SEED_ATTEMPT|PRE_TIMING_SEED|TIMED_SEED|SEED_ELIGIBILITY|PRE_LOS|POST_LOS|SOLVER_OK|FINAL_INPUT|JOINT_SEED|COMPARATOR_WIN,,,,D3_LOWER,1.0,0.18181818181818182,3.4751268661615655,34.849323987960815,35.9414484500885,36.127076864242554,0
20260927_103759_1243248,u3e1,2,149,NOMINAL,1790476721.8433244,34.49264931678772,1790476722.0101378,True,False,False,False,,False,,,NOMINAL_CONTEXT|FINAL_INPUT|JOINT_SEED|COMPARATOR_WIN,,,,,1.0,0.42857142857142855,3.4833007534798863,34.849323987960815,36.22707676887512,36.659462690353394,0
20260927_103759_1243248,u3e1,2,150,SIDE_MINUS,1790476721.8433244,34.49264931678772,1790476722.0101378,True,True,True,True,123.0,True,34.677241,34.935525,SIDE_DISPATCH|RAW_SEED_ATTEMPT|PRE_TIMING_SEED|TIMED_SEED|SEED_ELIGIBILITY|SOLVER_OK|FINAL_INPUT|JOINT_SEED|COMPARATOR_WIN|SELECTED|COMMITTED,,,,D3_LOWER,1.0,0.42857142857142855,3.4695810630494694,34.849323987960815,36.22707676887512,36.659462690353394,0
20260927_103759_1243248,u3e1,2,151,SIDE_PLUS,1790476721.8433244,34.49264931678772,1790476722.0101378,True,True,False,False,,False,,,SIDE_DISPATCH|RAW_SEED_ATTEMPT|PRE_TIMING_SEED|TIMED_SEED|SEED_ELIGIBILITY|PRE_LOS|POST_LOS|SOLVER_OK|FINAL_INPUT|JOINT_SEED|COMPARATOR_LOSS,,,,OPPONENT_C3_HIGHER,1.0,0.3571428571428571,3.277265400165829,34.849323987960815,36.22707676887512,36.659462690353394,0
20260927_103759_1243248,u3e1,2,152,NOMINAL,1790476722.122595,34.77191996574402,1790476722.2845068,True,False,False,False,,False,,,NOMINAL_CONTEXT|FINAL_INPUT|JOINT_SEED|COMPARATOR_WIN,,,,,1.0,0.375,3.959033781468803,34.93383169174194,36.549323320388794,36.93383169174194,0
20260927_103759_1243248,u3e1,2,153,SIDE_MINUS,1790476722.122595,34.77191996574402,1790476722.2845068,True,True,False,False,,False,,,SIDE_DISPATCH|RAW_SEED_ATTEMPT|PRE_TIMING_SEED|TIMED_SEED|SEED_ELIGIBILITY|SOLVER_OK|FINAL_INPUT|JOINT_SEED|COMPARATOR_LOSS,,,,OPPONENT_D3_LOWER,1.0,0.375,3.898902449712117,34.93383169174194,36.549323320388794,36.93383169174194,0
20260927_103759_1243248,u3e1,2,154,SIDE_PLUS,1790476722.122595,34.77191996574402,1790476722.2845068,True,True,True,True,124.0,True,34.971546,35.203324,SIDE_DISPATCH|RAW_SEED_ATTEMPT|PRE_TIMING_SEED|TIMED_SEED|SEED_ELIGIBILITY|PRE_LOS|POST_LOS|SOLVER_OK|FINAL_INPUT|JOINT_SEED|COMPARATOR_WIN|SELECTED|COMMITTED,,,,D3_LOWER,1.0,0.375,3.6667737030830088,34.93383169174194,36.549323320388794,36.93383169174194,0
20260927_103759_1243248,u3e1,2,155,NOMINAL,1790476722.4120874,35.06141233444214,1790476722.5692832,False,False,False,False,,False,,,NOMINAL_CONTEXT|FINAL_INPUT_FAILED|JOINT_SEED,FINAL_INPUT_FAILED,,,,0.0,0.0,0.0,-1790476687.350675,-1790476687.350675,-1790476687.350675,0
20260927_103759_1243248,u3e1,2,156,SIDE_MINUS,1790476722.4120874,35.06141233444214,1790476722.5692832,True,True,False,False,,False,,,SIDE_DISPATCH|RAW_SEED_ATTEMPT|PRE_TIMING_SEED|TIMED_SEED|SEED_ELIGIBILITY|SOLVER_OK|FINAL_INPUT|JOINT_SEED|COMPARATOR_LOSS,,,,OPPONENT_D3_LOWER,1.0,0.23076923076923078,3.995877515167082,35.218608140945435,36.549323320388794,37.218608140945435,0
20260927_103759_1243248,u3e1,2,157,SIDE_PLUS,1790476722.4120874,35.06141233444214,1790476722.5692832,True,True,True,True,125.0,True,35.236046,35.435914,SIDE_DISPATCH|RAW_SEED_ATTEMPT|PRE_TIMING_SEED|TIMED_SEED|SEED_ELIGIBILITY|PRE_LOS|POST_LOS|SOLVER_OK|FINAL_INPUT|JOINT_SEED|COMPARATOR_WIN|SELECTED|COMMITTED,,,,,1.0,0.23076923076923078,3.7486083429373407,35.218608140945435,36.549323320388794,37.218608140945435,0
20260927_103759_1243248,u3e1,2,158,NOMINAL,1790476722.664488,35.31381297111511,1790476722.8186138,True,False,True,True,126.0,True,35.478072,35.736556,NOMINAL_CONTEXT|FINAL_INPUT|JOINT_SEED|COMPARATOR_WIN|SELECTED|COMMITTED,,,,,1.0,0.1,3.4472977936666265,35.46793866157532,36.54932379722595,37.46793866157532,0
20260927_103759_1243248,u3e1,2,159,SIDE_MINUS,1790476722.664488,35.31381297111511,1790476722.8186138,False,True,False,False,,False,,,SIDE_DISPATCH|RAW_SEED_ATTEMPT|PRE_TIMING_SEED|TIMED_SEED|SEED_ELIGIBILITY|PRE_LOS|POST_LOS|SOLVER_OK|FINAL_INPUT|JOINT_SEED|PREFLIGHT_REJECT,PREFLIGHT_REJECT,DYNAMICS_FAIL,,,0.0,0.0,0.0,-1790476687.350675,-1790476687.350675,-1790476687.350675,0
20260927_103759_1243248,u3e1,2,160,SIDE_PLUS,1790476722.664488,35.31381297111511,1790476722.8186138,False,True,False,False,,False,,,SIDE_DISPATCH|RAW_SEED_ATTEMPT|PRE_TIMING_SEED|TIMED_SEED|SEED_ELIGIBILITY|PRE_LOS|POST_LOS|SOLVER_OK|FINAL_INPUT|JOINT_SEED|PREFLIGHT_REJECT,PREFLIGHT_REJECT,DYNAMICS_FAIL,,,0.0,0.0,0.0,-1790476687.350675,-1790476687.350675,-1790476687.350675,0
20260927_103759_1243248,u3e1,2,161,NOMINAL,1790476722.9422064,35.59153127670288,1790476723.0931845,True,False,True,True,127.0,True,35.769578,36.035876,NOMINAL_CONTEXT|FINAL_INPUT|JOINT_SEED|COMPARATOR_WIN|SELECTED|COMMITTED,,,,,1.0,0.125,2.5576044108621607,35.74250936508179,36.54932403564453,37.74250936508179,0
20260927_103759_1243248,u3e1,2,162,SIDE_MINUS,1790476722.9422064,35.59153127670288,1790476723.0931845,False,True,False,False,,False,,,SIDE_DISPATCH|RAW_SEED_ATTEMPT|PRE_TIMING_SEED|TIMED_SEED|SEED_ELIGIBILITY|PRE_LOS|POST_LOS|SOLVER_OK|FINAL_INPUT|JOINT_SEED|PREFLIGHT_REJECT,PREFLIGHT_REJECT,DYNAMICS_FAIL,,,0.0,0.0,0.0,-1790476687.350675,-1790476687.350675,-1790476687.350675,0
20260927_103759_1243248,u3e1,2,163,SIDE_PLUS,1790476722.9422064,35.59153127670288,1790476723.0931845,False,True,False,False,,False,,,SIDE_DISPATCH|RAW_SEED_ATTEMPT|PRE_TIMING_SEED|TIMED_SEED|SEED_ELIGIBILITY|PRE_LOS|POST_LOS|SOLVER_OK|FINAL_INPUT|JOINT_SEED|PREFLIGHT_REJECT,PREFLIGHT_REJECT,DYNAMICS_FAIL,,,0.0,0.0,0.0,-1790476687.350675,-1790476687.350675,-1790476687.350675,0
20260927_103759_1243248,u3e1,2,164,NOMINAL,1790476723.232949,35.88227391242981,1790476723.3814788,True,False,True,True,128.0,True,36.074247,36.271317,NOMINAL_CONTEXT|FINAL_INPUT|JOINT_SEED|COMPARATOR_WIN|SELECTED|COMMITTED,,,,,1.0,0.3333333333333333,0.8327005487307751,36.03080368041992,36.54932451248169,38.03080368041992,0
20260927_103759_1243248,u3e1,2,165,SIDE_MINUS,1790476723.232949,35.88227391242981,1790476723.3814788,False,True,False,False,,False,,,SIDE_DISPATCH|RAW_SEED_ATTEMPT|PRE_TIMING_SEED|TIMED_SEED|SEED_ELIGIBILITY|PRE_LOS|POST_LOS|SOLVER_OK|FINAL_INPUT|JOINT_SEED|PREFLIGHT_REJECT,PREFLIGHT_REJECT,DYNAMICS_FAIL,,,0.0,0.0,0.0,-1790476687.350675,-1790476687.350675,-1790476687.350675,0
20260927_103759_1243248,u3e1,2,166,SIDE_PLUS,1790476723.232949,35.88227391242981,1790476723.3814788,False,True,False,False,,False,,,SIDE_DISPATCH|RAW_SEED_ATTEMPT|PRE_TIMING_SEED|TIMED_SEED|SEED_ELIGIBILITY|PRE_LOS|POST_LOS|SOLVER_OK|FINAL_INPUT|JOINT_SEED|PREFLIGHT_REJECT,PREFLIGHT_REJECT,DYNAMICS_FAIL,,,0.0,0.0,0.0,-1790476687.350675,-1790476687.350675,-1790476687.350675,0
20260927_103759_1243248,u3e1,2,167,NOMINAL,1790476723.4969814,36.14630627632141,1790476723.6434727,True,False,False,False,,False,,,NOMINAL_CONTEXT|FINAL_INPUT|JOINT_SEED|COMPARATOR_WIN,,,,,1.0,0.6666666666666666,0.07009621172599086,36.292797565460205,36.54932475090027,38.292797565460205,0
20260927_103759_1243248,u3e1,2,168,SIDE_MINUS,1790476723.4969814,36.14630627632141,1790476723.6434727,False,True,False,False,,False,,,SIDE_DISPATCH|RAW_SEED_ATTEMPT|PRE_TIMING_SEED|TIMED_SEED|SEED_ELIGIBILITY|PRE_LOS|POST_LOS|SOLVER_OK|FINAL_INPUT|JOINT_SEED|PREFLIGHT_REJECT,PREFLIGHT_REJECT,DYNAMICS_FAIL,,,0.0,0.0,0.0,-1790476687.350675,-1790476687.350675,-1790476687.350675,0
20260927_103759_1243248,u3e1,2,169,SIDE_PLUS,1790476723.4969814,36.14630627632141,1790476723.6434727,True,True,True,True,129.0,True,36.307855,36.570138,SIDE_DISPATCH|RAW_SEED_ATTEMPT|PRE_TIMING_SEED|TIMED_SEED|SEED_ELIGIBILITY|PRE_LOS|POST_LOS|SOLVER_OK|FINAL_INPUT|JOINT_SEED|COMPARATOR_WIN|SELECTED|COMMITTED,,,,D3_LOWER,1.0,0.6666666666666666,0.07009561606640463,36.292797565460205,36.54932475090027,38.292797565460205,0
20260927_103759_1243248,u3e2,2,329,NOMINAL,1790476755.1824946,67.83181953430176,1790476755.3224945,False,False,False,False,,False,,,NOMINAL_CONTEXT|FINAL_INPUT_FAILED|JOINT_SEED,FINAL_INPUT_FAILED,,,,0.0,0.0,0.0,-1790476687.350675,-1790476687.350675,-1790476687.350675,0
20260927_103759_1243248,u3e2,2,330,SIDE_MINUS,1790476755.1824946,67.83181953430176,1790476755.3224945,True,True,True,True,245.0,True,68.006077,68.335453,SIDE_DISPATCH|RAW_SEED_ATTEMPT|PRE_TIMING_SEED|TIMED_SEED|SEED_ELIGIBILITY|SOLVER_FAILED|FINAL_INPUT|JOINT_SEED|COMPARATOR_WIN|SELECTED|COMMITTED,,,,,0.0,0.0,0.0,-1790476687.350675,-1790476687.350675,69.97181940078735,1
20260927_103759_1243248,u3e2,2,331,SIDE_PLUS,1790476755.1824946,67.83181953430176,1790476755.3224945,True,False,False,False,,False,,,SIDE_DISPATCH|RAW_SEED_ATTEMPT|PRE_TIMING_SEED|TIMED_SEED|SEED_ELIGIBILITY|SOLVER_OK|FINAL_INPUT|COMPARATOR_WIN,,,,,0.0,0.0,0.0,-1790476687.350675,-1790476687.350675,69.97181940078735,0
20260927_103759_1243248,u3e2,2,332,NOMINAL,1790476755.4785638,68.1278886795044,1790476755.6185637,False,False,False,False,,False,,,NOMINAL_CONTEXT|FINAL_INPUT_FAILED|JOINT_SEED,FINAL_INPUT_FAILED,,,,0.0,0.0,0.0,-1790476687.350675,-1790476687.350675,-1790476687.350675,0
20260927_103759_1243248,u3e2,2,333,SIDE_MINUS,1790476755.4785638,68.1278886795044,1790476755.6185637,False,True,False,False,,False,,,SIDE_DISPATCH|RAW_SEED_ATTEMPT|PRE_TIMING_SEED|TIMED_SEED|SEED_ELIGIBILITY|PRE_LOS|POST_LOS|SOLVER_OK|FINAL_INPUT|JOINT_SEED|PREFLIGHT_REJECT,PREFLIGHT_REJECT,DYNAMICS_FAIL,,,0.0,0.0,0.0,-1790476687.350675,-1790476687.350675,-1790476687.350675,0
20260927_103759_1243248,u3e2,2,334,SIDE_PLUS,1790476755.4785638,68.1278886795044,1790476755.6185637,False,False,False,False,,False,,,SIDE_DISPATCH|RAW_SEED_ATTEMPT|RAW_SEED_ATTEMPT|RAW_SEED_ATTEMPT|RAW_SEED_ATTEMPT|PREINIT_REJECT,PREINIT_REJECT,NO_STATIC_FEASIBLE_SIDE,,,0.0,0.0,0.0,-1790476687.350675,-1790476687.350675,-1790476687.350675,0
20260927_103759_1243248,u3e2,2,335,NOMINAL,1790476755.505806,68.1551308631897,1790476755.6458058,False,False,False,False,,False,,,NOMINAL_CONTEXT|FINAL_INPUT_FAILED|JOINT_SEED,FINAL_INPUT_FAILED,,,,0.0,0.0,0.0,-1790476687.350675,-1790476687.350675,-1790476687.350675,0
20260927_103759_1243248,u3e2,2,336,SIDE_MINUS,1790476755.505806,68.1551308631897,1790476755.6458058,False,True,False,False,,False,,,SIDE_DISPATCH|RAW_SEED_ATTEMPT|PRE_TIMING_SEED|TIMED_SEED|SEED_ELIGIBILITY|PRE_LOS|POST_LOS|SOLVER_OK|FINAL_INPUT|JOINT_SEED|PREFLIGHT_REJECT,PREFLIGHT_REJECT,DYNAMICS_FAIL,,,0.0,0.0,0.0,-1790476687.350675,-1790476687.350675,-1790476687.350675,0
20260927_103759_1243248,u3e2,2,337,SIDE_PLUS,1790476755.505806,68.1551308631897,1790476755.6458058,False,False,False,False,,False,,,SIDE_DISPATCH|RAW_SEED_ATTEMPT|RAW_SEED_ATTEMPT|RAW_SEED_ATTEMPT|RAW_SEED_ATTEMPT|PREINIT_REJECT,PREINIT_REJECT,NO_STATIC_FEASIBLE_SIDE,,,0.0,0.0,0.0,-1790476687.350675,-1790476687.350675,-1790476687.350675,0
20260927_103759_1243248,u3e2,2,338,NOMINAL,1790476755.5319352,68.18126010894775,1790476755.671935,False,False,False,False,,False,,,NOMINAL_CONTEXT|FINAL_INPUT_FAILED|JOINT_SEED,FINAL_INPUT_FAILED,,,,0.0,0.0,0.0,-1790476687.350675,-1790476687.350675,-1790476687.350675,0
20260927_103759_1243248,u3e2,2,339,SIDE_MINUS,1790476755.5319352,68.18126010894775,1790476755.671935,False,True,False,False,,False,,,SIDE_DISPATCH|RAW_SEED_ATTEMPT|PRE_TIMING_SEED|TIMED_SEED|SEED_ELIGIBILITY|PRE_LOS|POST_LOS|SOLVER_OK|FINAL_INPUT|JOINT_SEED|PREFLIGHT_REJECT,PREFLIGHT_REJECT,DYNAMICS_FAIL,,,0.0,0.0,0.0,-1790476687.350675,-1790476687.350675,-1790476687.350675,0
20260927_103759_1243248,u3e2,2,340,SIDE_PLUS,1790476755.5319352,68.18126010894775,1790476755.671935,False,False,False,False,,False,,,SIDE_DISPATCH|RAW_SEED_ATTEMPT|RAW_SEED_ATTEMPT|RAW_SEED_ATTEMPT|RAW_SEED_ATTEMPT|PREINIT_REJECT,PREINIT_REJECT,NO_STATIC_FEASIBLE_SIDE,,,0.0,0.0,0.0,-1790476687.350675,-1790476687.350675,-1790476687.350675,0
20260927_103759_1243248,u3e2,2,341,NOMINAL,1790476755.5557144,68.2050392627716,1790476755.6957142,False,False,False,False,,False,,,NOMINAL_CONTEXT|FINAL_INPUT_FAILED|JOINT_SEED,FINAL_INPUT_FAILED,,,,0.0,0.0,0.0,-1790476687.350675,-1790476687.350675,-1790476687.350675,0
20260927_103759_1243248,u3e2,2,342,SIDE_MINUS,1790476755.5557144,68.2050392627716,1790476755.6957142,True,True,True,True,246.0,True,68.368693,68.535254,SIDE_DISPATCH|RAW_SEED_ATTEMPT|PRE_TIMING_SEED|TIMED_SEED|SEED_ELIGIBILITY|SOLVER_FAILED|FINAL_INPUT|JOINT_SEED|COMPARATOR_WIN|SELECTED|COMMITTED,,,,,0.0,0.0,0.0,-1790476687.350675,-1790476687.350675,70.3450391292572,1
20260927_103759_1243248,u3e2,2,343,SIDE_PLUS,1790476755.5557144,68.2050392627716,1790476755.6957142,False,False,False,False,,False,,,SIDE_DISPATCH|RAW_SEED_ATTEMPT|RAW_SEED_ATTEMPT|RAW_SEED_ATTEMPT|RAW_SEED_ATTEMPT|PREINIT_REJECT,PREINIT_REJECT,NO_STATIC_FEASIBLE_SIDE,,,0.0,0.0,0.0,-1790476687.350675,-1790476687.350675,-1790476687.350675,0
20260927_103759_1243248,u3e2,2,344,NOMINAL,1790476755.7326055,68.38193035125732,1790476755.8726053,False,False,False,False,,False,,,NOMINAL_CONTEXT|FINAL_INPUT_FAILED|JOINT_SEED,FINAL_INPUT_FAILED,,,,0.0,0.0,0.0,-1790476687.350675,-1790476687.350675,-1790476687.350675,0
20260927_103759_1243248,u3e2,2,345,SIDE_MINUS,1790476755.7326055,68.38193035125732,1790476755.8726053,False,True,False,False,,False,,,SIDE_DISPATCH|RAW_SEED_ATTEMPT|PRE_TIMING_SEED|TIMED_SEED|SEED_ELIGIBILITY|PRE_LOS|POST_LOS|SOLVER_OK|FINAL_INPUT|JOINT_SEED|PREFLIGHT_REJECT,PREFLIGHT_REJECT,DYNAMICS_FAIL,,,0.0,0.0,0.0,-1790476687.350675,-1790476687.350675,-1790476687.350675,0
20260927_103759_1243248,u3e2,2,346,SIDE_PLUS,1790476755.7326055,68.38193035125732,1790476755.8726053,False,False,False,False,,False,,,SIDE_DISPATCH|RAW_SEED_ATTEMPT|RAW_SEED_ATTEMPT|RAW_SEED_ATTEMPT|RAW_SEED_ATTEMPT|PREINIT_REJECT,PREINIT_REJECT,NO_STATIC_FEASIBLE_SIDE,,,0.0,0.0,0.0,-1790476687.350675,-1790476687.350675,-1790476687.350675,0
20260927_103759_1243248,u3e2,2,347,NOMINAL,1790476755.7555754,68.4049003124237,1790476755.8955753,False,False,False,False,,False,,,NOMINAL_CONTEXT|FINAL_INPUT_FAILED|JOINT_SEED,FINAL_INPUT_FAILED,,,,0.0,0.0,0.0,-1790476687.350675,-1790476687.350675,-1790476687.350675,0
20260927_103759_1243248,u3e2,2,348,SIDE_MINUS,1790476755.7555754,68.4049003124237,1790476755.8955753,True,True,True,True,247.0,True,68.569152,68.802698,SIDE_DISPATCH|RAW_SEED_ATTEMPT|PRE_TIMING_SEED|TIMED_SEED|SEED_ELIGIBILITY|PRE_LOS|POST_LOS|SOLVER_OK|FINAL_INPUT|JOINT_SEED|COMPARATOR_WIN|SELECTED|COMMITTED,,,,,0.0,0.0,0.0,-1790476687.350675,-1790476687.350675,70.5449001789093,0
20260927_103759_1243248,u3e2,2,349,SIDE_PLUS,1790476755.7555754,68.4049003124237,1790476755.8955753,False,False,False,False,,False,,,SIDE_DISPATCH|RAW_SEED_ATTEMPT|RAW_SEED_ATTEMPT|RAW_SEED_ATTEMPT|RAW_SEED_ATTEMPT|PREINIT_REJECT,PREINIT_REJECT,NO_STATIC_FEASIBLE_SIDE,,,0.0,0.0,0.0,-1790476687.350675,-1790476687.350675,-1790476687.350675,0
20260927_103759_1243248,u3e2,2,350,NOMINAL,1790476756.009614,68.65893888473511,1790476756.1496139,False,False,False,False,,False,,,NOMINAL_CONTEXT|FINAL_INPUT_FAILED|JOINT_SEED,FINAL_INPUT_FAILED,,,,0.0,0.0,0.0,-1790476687.350675,-1790476687.350675,-1790476687.350675,0
20260927_103759_1243248,u3e2,2,351,SIDE_MINUS,1790476756.009614,68.65893888473511,1790476756.1496139,True,True,True,True,248.0,True,68.835511,69.20245,SIDE_DISPATCH|RAW_SEED_ATTEMPT|PRE_TIMING_SEED|TIMED_SEED|SEED_ELIGIBILITY|SOLVER_FAILED|FINAL_INPUT|JOINT_SEED|COMPARATOR_WIN|SELECTED|COMMITTED,,,,C3_HIGHER,1.0,1.0,0.0,70.44932341575623,70.64490008354187,70.7989387512207,1
20260927_103759_1243248,u3e2,2,352,SIDE_PLUS,1790476756.009614,68.65893888473511,1790476756.1496139,True,True,False,False,,False,,,SIDE_DISPATCH|RAW_SEED_ATTEMPT|PRE_TIMING_SEED|TIMED_SEED|SEED_ELIGIBILITY|SOLVER_FAILED|FINAL_INPUT|JOINT_SEED|COMPARATOR_WIN,,,,,1.0,0.0,0.32915266384863223,70.44932341575623,70.64490008354187,70.7989387512207,1
20260927_103759_1243248,u3e2,2,353,NOMINAL,1790476756.3058262,68.9551510810852,1790476756.445826,False,False,False,False,,False,,,NOMINAL_CONTEXT|FINAL_INPUT_FAILED|JOINT_SEED,FINAL_INPUT_FAILED,,,,0.0,0.0,0.0,-1790476687.350675,-1790476687.350675,-1790476687.350675,0
20260927_103759_1243248,u3e2,2,354,SIDE_MINUS,1790476756.3058262,68.9551510810852,1790476756.445826,False,True,False,False,,False,,,SIDE_DISPATCH|RAW_SEED_ATTEMPT|PRE_TIMING_SEED|TIMED_SEED|SEED_ELIGIBILITY|PRE_LOS|POST_LOS|SOLVER_OK|FINAL_INPUT|JOINT_SEED|HANDOFF_REJECT,HANDOFF_REJECT,MISSED_FROZEN_ACTIVATION,,,0.0,0.0,0.0,-1790476687.350675,-1790476687.350675,-1790476687.350675,0
20260927_103759_1243248,u3e2,2,355,SIDE_PLUS,1790476756.3058262,68.9551510810852,1790476756.445826,False,False,False,False,,False,,,SIDE_DISPATCH|RAW_SEED_ATTEMPT|RAW_SEED_ATTEMPT|RAW_SEED_ATTEMPT|RAW_SEED_ATTEMPT|PREINIT_REJECT,PREINIT_REJECT,NO_STATIC_FEASIBLE_SIDE,,,0.0,0.0,0.0,-1790476687.350675,-1790476687.350675,-1790476687.350675,0
20260927_103759_1243248,u3e2,2,356,NOMINAL,1790476756.4231203,69.07244515419006,1790476756.5697699,False,False,False,False,,False,,,NOMINAL_CONTEXT|FINAL_INPUT_FAILED|JOINT_SEED,FINAL_INPUT_FAILED,,,,0.0,0.0,0.0,-1790476687.350675,-1790476687.350675,-1790476687.350675,0
20260927_103759_1243248,u3e2,2,357,SIDE_MINUS,1790476756.4231203,69.07244515419006,1790476756.5697699,False,True,False,False,,False,,,SIDE_DISPATCH|RAW_SEED_ATTEMPT|PRE_TIMING_SEED|TIMED_SEED|SEED_ELIGIBILITY|PRE_LOS|POST_LOS|SOLVER_OK|FINAL_INPUT|JOINT_SEED|PREFLIGHT_REJECT,PREFLIGHT_REJECT,DYNAMICS_FAIL,,,0.0,0.0,0.0,-1790476687.350675,-1790476687.350675,-1790476687.350675,0
20260927_103759_1243248,u3e2,2,358,SIDE_PLUS,1790476756.4231203,69.07244515419006,1790476756.5697699,True,True,True,True,249.0,True,69.235355,70.114705,SIDE_DISPATCH|RAW_SEED_ATTEMPT|PRE_TIMING_SEED|TIMED_SEED|SEED_ELIGIBILITY|SOLVER_FAILED|FINAL_INPUT|JOINT_SEED|COMPARATOR_WIN|SELECTED|COMMITTED,,,,,1.0,0.0,0.8016133131655019,70.44932341575623,70.89893865585327,71.21909475326538,1
20260927_103759_1243248,u3e2,2,359,NOMINAL,1790476756.5923102,69.24163508415222,1790476756.7364376,False,False,False,False,,False,,,NOMINAL_CONTEXT|FINAL_INPUT|JOINT_SEED|HANDOFF_REJECT,HANDOFF_REJECT,MISSED_FROZEN_ACTIVATION,,,0.0,0.0,0.0,-1790476687.350675,-1790476687.350675,-1790476687.350675,0
20260927_103759_1243248,u3e2,2,360,SIDE_MINUS,1790476756.5923102,69.24163508415222,1790476756.7364376,False,True,False,False,,False,,,SIDE_DISPATCH|RAW_SEED_ATTEMPT|PRE_TIMING_SEED|TIMED_SEED|SEED_ELIGIBILITY|PRE_LOS|POST_LOS|SOLVER_OK|FINAL_INPUT|JOINT_SEED|HANDOFF_REJECT,HANDOFF_REJECT,MISSED_FROZEN_ACTIVATION,,,0.0,0.0,0.0,-1790476687.350675,-1790476687.350675,-1790476687.350675,0
20260927_103759_1243248,u3e2,2,361,SIDE_PLUS,1790476756.5923102,69.24163508415222,1790476756.7364376,False,False,False,False,,False,,,SIDE_DISPATCH|RAW_SEED_ATTEMPT|RAW_SEED_ATTEMPT|RAW_SEED_ATTEMPT|RAW_SEED_ATTEMPT|PREINIT_REJECT,PREINIT_REJECT,NO_STATIC_FEASIBLE_SIDE,,,0.0,0.0,0.0,-1790476687.350675,-1790476687.350675,-1790476687.350675,0
20260927_103759_1243248,u3e2,2,362,NOMINAL,1790476756.713353,69.3626778125763,1790476756.865165,False,False,False,False,,False,,,NOMINAL_CONTEXT|FINAL_INPUT_FAILED|JOINT_SEED,FINAL_INPUT_FAILED,,,,0.0,0.0,0.0,-1790476687.350675,-1790476687.350675,-1790476687.350675,0
20260927_103759_1243248,u3e2,2,363,SIDE_MINUS,1790476756.713353,69.3626778125763,1790476756.865165,False,True,False,False,,False,,,SIDE_DISPATCH|RAW_SEED_ATTEMPT|PRE_TIMING_SEED|TIMED_SEED|SEED_ELIGIBILITY|PRE_LOS|POST_LOS|SOLVER_OK|FINAL_INPUT|JOINT_SEED|HANDOFF_REJECT,HANDOFF_REJECT,MISSED_FROZEN_ACTIVATION,,,0.0,0.0,0.0,-1790476687.350675,-1790476687.350675,-1790476687.350675,0
20260927_103759_1243248,u3e2,2,364,SIDE_PLUS,1790476756.713353,69.3626778125763,1790476756.865165,False,False,False,False,,False,,,SIDE_DISPATCH|RAW_SEED_ATTEMPT|RAW_SEED_ATTEMPT|RAW_SEED_ATTEMPT|RAW_SEED_ATTEMPT|PREINIT_REJECT,PREINIT_REJECT,NO_STATIC_FEASIBLE_SIDE,,,0.0,0.0,0.0,-1790476687.350675,-1790476687.350675,-1790476687.350675,0
20260927_103759_1243248,u3e2,2,365,NOMINAL,1790476756.8158987,69.46522355079651,1790476756.9727652,False,False,False,False,,False,,,NOMINAL_CONTEXT|FINAL_INPUT|JOINT_SEED|HANDOFF_REJECT,HANDOFF_REJECT,MISSED_FROZEN_ACTIVATION,,,0.0,0.0,0.0,-1790476687.350675,-1790476687.350675,-1790476687.350675,0
20260927_103759_1243248,u3e2,2,366,SIDE_MINUS,1790476756.8158987,69.46522355079651,1790476756.9727652,False,True,False,False,,False,,,SIDE_DISPATCH|RAW_SEED_ATTEMPT|PRE_TIMING_SEED|TIMED_SEED|SEED_ELIGIBILITY|PRE_LOS|POST_LOS|SOLVER_OK|FINAL_INPUT|JOINT_SEED|HANDOFF_REJECT,HANDOFF_REJECT,MISSED_FROZEN_ACTIVATION,,,0.0,0.0,0.0,-1790476687.350675,-1790476687.350675,-1790476687.350675,0
20260927_103759_1243248,u3e2,2,367,SIDE_PLUS,1790476756.8158987,69.46522355079651,1790476756.9727652,False,False,False,False,,False,,,SIDE_DISPATCH|RAW_SEED_ATTEMPT|RAW_SEED_ATTEMPT|RAW_SEED_ATTEMPT|RAW_SEED_ATTEMPT|PREINIT_REJECT,PREINIT_REJECT,NO_STATIC_FEASIBLE_SIDE,,,0.0,0.0,0.0,-1790476687.350675,-1790476687.350675,-1790476687.350675,0
20260927_103759_1243248,u3e2,2,368,NOMINAL,1790476756.947714,69.5970389842987,1790476757.1109698,False,False,False,False,,False,,,NOMINAL_CONTEXT|FINAL_INPUT|JOINT_SEED|HANDOFF_REJECT,HANDOFF_REJECT,MISSED_FROZEN_ACTIVATION,,,0.0,0.0,0.0,-1790476687.350675,-1790476687.350675,-1790476687.350675,0
20260927_103759_1243248,u3e2,2,369,SIDE_MINUS,1790476756.947714,69.5970389842987,1790476757.1109698,False,True,False,False,,False,,,SIDE_DISPATCH|RAW_SEED_ATTEMPT|PRE_TIMING_SEED|TIMED_SEED|SEED_ELIGIBILITY|PRE_LOS|POST_LOS|SOLVER_OK|FINAL_INPUT|JOINT_SEED|HANDOFF_REJECT,HANDOFF_REJECT,MISSED_FROZEN_ACTIVATION,,,0.0,0.0,0.0,-1790476687.350675,-1790476687.350675,-1790476687.350675,0
20260927_103759_1243248,u3e2,2,370,SIDE_PLUS,1790476756.947714,69.5970389842987,1790476757.1109698,False,False,False,False,,False,,,SIDE_DISPATCH|RAW_SEED_ATTEMPT|RAW_SEED_ATTEMPT|RAW_SEED_ATTEMPT|RAW_SEED_ATTEMPT|PREINIT_REJECT,PREINIT_REJECT,NO_STATIC_FEASIBLE_SIDE,,,0.0,0.0,0.0,-1790476687.350675,-1790476687.350675,-1790476687.350675,0
20260927_103759_1243248,u3e2,2,371,NOMINAL,1790476757.0574253,69.70675015449524,1790476757.2253168,False,False,False,False,,False,,,NOMINAL_CONTEXT|FINAL_INPUT|JOINT_SEED|HANDOFF_REJECT,HANDOFF_REJECT,MISSED_FROZEN_ACTIVATION,,,0.0,0.0,0.0,-1790476687.350675,-1790476687.350675,-1790476687.350675,0
20260927_103759_1243248,u3e2,2,372,SIDE_MINUS,1790476757.0574253,69.70675015449524,1790476757.2253168,False,True,False,False,,False,,,SIDE_DISPATCH|RAW_SEED_ATTEMPT|PRE_TIMING_SEED|TIMED_SEED|SEED_ELIGIBILITY|PRE_LOS|POST_LOS|SOLVER_OK|FINAL_INPUT|JOINT_SEED|HANDOFF_REJECT,HANDOFF_REJECT,MISSED_FROZEN_ACTIVATION,,,0.0,0.0,0.0,-1790476687.350675,-1790476687.350675,-1790476687.350675,0
20260927_103759_1243248,u3e2,2,373,SIDE_PLUS,1790476757.0574253,69.70675015449524,1790476757.2253168,False,False,False,False,,False,,,SIDE_DISPATCH|RAW_SEED_ATTEMPT|RAW_SEED_ATTEMPT|RAW_SEED_ATTEMPT|RAW_SEED_ATTEMPT|PREINIT_REJECT,PREINIT_REJECT,NO_STATIC_FEASIBLE_SIDE,,,0.0,0.0,0.0,-1790476687.350675,-1790476687.350675,-1790476687.350675,0
20260927_103759_1243248,u3e2,2,374,NOMINAL,1790476757.1672277,69.81655263900757,1790476757.339307,False,False,False,False,,False,,,NOMINAL_CONTEXT|FINAL_INPUT|JOINT_SEED|HANDOFF_REJECT,HANDOFF_REJECT,MISSED_FROZEN_ACTIVATION,,,0.0,0.0,0.0,-1790476687.350675,-1790476687.350675,-1790476687.350675,0
20260927_103759_1243248,u3e2,2,375,SIDE_MINUS,1790476757.1672277,69.81655263900757,1790476757.339307,False,True,False,False,,False,,,SIDE_DISPATCH|RAW_SEED_ATTEMPT|PRE_TIMING_SEED|TIMED_SEED|SEED_ELIGIBILITY|SOLVER_FAILED|FINAL_INPUT|JOINT_SEED|HANDOFF_REJECT,HANDOFF_REJECT,MISSED_FROZEN_ACTIVATION,,,0.0,0.0,0.0,-1790476687.350675,-1790476687.350675,-1790476687.350675,1
20260927_103759_1243248,u3e2,2,376,SIDE_PLUS,1790476757.1672277,69.81655263900757,1790476757.339307,False,False,False,False,,False,,,SIDE_DISPATCH|RAW_SEED_ATTEMPT|RAW_SEED_ATTEMPT|RAW_SEED_ATTEMPT|RAW_SEED_ATTEMPT|PREINIT_REJECT,PREINIT_REJECT,NO_STATIC_FEASIBLE_SIDE,,,0.0,0.0,0.0,-1790476687.350675,-1790476687.350675,-1790476687.350675,0
20260927_103759_1243248,u3e2,2,377,NOMINAL,1790476757.2908633,69.94018816947937,1790476757.4670131,True,False,True,True,250.0,True,70.138195,70.368911,NOMINAL_CONTEXT|FINAL_INPUT|JOINT_SEED|COMPARATOR_WIN|SELECTED|COMMITTED,,,,,1.0,0.0,2.709419748079758,70.44932341575623,71.31909465789795,72.11633801460266,0
20260927_103759_1243248,u3e2,2,378,SIDE_MINUS,1790476757.2908633,69.94018816947937,1790476757.4670131,False,True,False,False,,False,,,SIDE_DISPATCH|RAW_SEED_ATTEMPT|PRE_TIMING_SEED|TIMED_SEED|SEED_ELIGIBILITY|PRE_LOS|POST_LOS|SOLVER_OK|FINAL_INPUT|JOINT_SEED|PREFLIGHT_REJECT,PREFLIGHT_REJECT,DYNAMICS_FAIL,,,0.0,0.0,0.0,-1790476687.350675,-1790476687.350675,-1790476687.350675,0
20260927_103759_1243248,u3e2,2,379,SIDE_PLUS,1790476757.2908633,69.94018816947937,1790476757.4670131,False,False,False,False,,False,,,SIDE_DISPATCH|RAW_SEED_ATTEMPT|PRE_TIMING_SEED|TIMED_SEED|SEED_ELIGIBILITY|PRE_LOS|POST_LOS|SOLVER_OK|FINAL_INPUT|JOINT_SEED|PREFLIGHT_REJECT,PREFLIGHT_REJECT,DYNAMICS_FAIL,,,0.0,0.0,0.0,-1790476687.350675,-1790476687.350675,-1790476687.350675,0
20260927_103759_1243248,u3e2,2,380,NOMINAL,1790476757.553428,70.20275282859802,1790476757.7237473,True,False,True,True,251.0,True,70.403234,70.636261,NOMINAL_CONTEXT|FINAL_INPUT|JOINT_SEED|COMPARATOR_WIN|SELECTED|COMMITTED,,,,,1.0,0.0,2.878970774506474,70.44932341575623,71.44932389259338,72.37307214736938,0
20260927_103759_1243248,u3e2,2,381,SIDE_MINUS,1790476757.553428,70.20275282859802,1790476757.7237473,False,True,False,False,,False,,,SIDE_DISPATCH|RAW_SEED_ATTEMPT|PRE_TIMING_SEED|TIMED_SEED|SEED_ELIGIBILITY|PRE_LOS|POST_LOS|SOLVER_OK|FINAL_INPUT|JOINT_SEED|PREFLIGHT_REJECT,PREFLIGHT_REJECT,DYNAMICS_FAIL,,,0.0,0.0,0.0,-1790476687.350675,-1790476687.350675,-1790476687.350675,0
20260927_103759_1243248,u3e2,2,382,SIDE_PLUS,1790476757.553428,70.20275282859802,1790476757.7237473,False,True,False,False,,False,,,SIDE_DISPATCH|RAW_SEED_ATTEMPT|PRE_TIMING_SEED|TIMED_SEED|SEED_ELIGIBILITY|PRE_LOS|POST_LOS|SOLVER_OK|FINAL_INPUT|JOINT_SEED|PREFLIGHT_REJECT,PREFLIGHT_REJECT,DYNAMICS_FAIL,,,0.0,0.0,0.0,-1790476687.350675,-1790476687.350675,-1790476687.350675,0
20260927_103759_1243248,u3e2,2,383,NOMINAL,1790476757.8480382,70.49736309051514,1790476758.01343,False,False,False,False,,False,,,NOMINAL_CONTEXT|FINAL_INPUT_FAILED|JOINT_SEED,FINAL_INPUT_FAILED,,,,0.0,0.0,0.0,-1790476687.350675,-1790476687.350675,-1790476687.350675,0
20260927_103759_1243248,u3e2,2,384,SIDE_MINUS,1790476757.8480382,70.49736309051514,1790476758.01343,True,True,False,False,,False,,,SIDE_DISPATCH|RAW_SEED_ATTEMPT|PRE_TIMING_SEED|TIMED_SEED|SEED_ELIGIBILITY|SOLVER_FAILED|FINAL_INPUT|JOINT_SEED|COMPARATOR_LOSS,,,,OPPONENT_C3_HIGHER,1.0,0.0,3.770643544562152,70.6627550125122,71.54932403564453,72.6627550125122,1
20260927_103759_1243248,u3e2,2,385,SIDE_PLUS,1790476757.8480382,70.49736309051514,1790476758.01343,True,True,True,True,252.0,True,70.674754,70.907617,SIDE_DISPATCH|RAW_SEED_ATTEMPT|PRE_TIMING_SEED|TIMED_SEED|SEED_ELIGIBILITY|SOLVER_OK|FINAL_INPUT|JOINT_SEED|COMPARATOR_WIN|SELECTED|COMMITTED,,,,,1.0,0.125,2.5848820051405434,70.6627550125122,71.54932403564453,72.6627550125122,0
20260927_103759_1243248,u3e2,2,386,NOMINAL,1790476758.1124465,70.76177144050598,1790476758.273953,False,False,False,False,,False,,,NOMINAL_CONTEXT|FINAL_INPUT_FAILED|JOINT_SEED,FINAL_INPUT_FAILED,,,,0.0,0.0,0.0,-1790476687.350675,-1790476687.350675,-1790476687.350675,0
20260927_103759_1243248,u3e2,2,387,SIDE_MINUS,1790476758.1124465,70.76177144050598,1790476758.273953,True,True,False,False,,False,,,SIDE_DISPATCH|RAW_SEED_ATTEMPT|PRE_TIMING_SEED|TIMED_SEED|SEED_ELIGIBILITY|SOLVER_FAILED|FINAL_INPUT|JOINT_SEED|COMPARATOR_LOSS,,,,OPPONENT_C3_HIGHER,1.0,0.0,1.856672273655246,70.92327785491943,71.54932427406311,72.92327785491943,1
20260927_103759_1243248,u3e2,2,388,SIDE_PLUS,1790476758.1124465,70.76177144050598,1790476758.273953,True,True,True,True,253.0,True,70.936273,71.47753,SIDE_DISPATCH|RAW_SEED_ATTEMPT|PRE_TIMING_SEED|TIMED_SEED|SEED_ELIGIBILITY|SOLVER_FAILED|FINAL_INPUT|JOINT_SEED|COMPARATOR_WIN|SELECTED|COMMITTED,,,,,1.0,0.16666666666666666,1.6297188311497819,70.92327785491943,71.54932427406311,72.92327785491943,1
20260927_103759_1243248,u3e2,2,389,NOMINAL,1790476758.659066,71.30839085578918,1790476758.8164804,False,False,False,False,,False,,,NOMINAL_CONTEXT|FINAL_INPUT_FAILED|JOINT_SEED,FINAL_INPUT_FAILED,,,,0.0,0.0,0.0,-1790476687.350675,-1790476687.350675,-1790476687.350675,0
20260927_103759_1243248,u3e2,2,390,SIDE_MINUS,1790476758.659066,71.30839085578918,1790476758.8164804,True,True,False,False,,False,,,SIDE_DISPATCH|RAW_SEED_ATTEMPT|PRE_TIMING_SEED|TIMED_SEED|SEED_ELIGIBILITY|PRE_LOS|POST_LOS|SOLVER_OK|FINAL_INPUT|JOINT_SEED|COMPARATOR_LOSS,,,,K2_BASELINE_UNAVAILABLE,0.0,0.0,0.0,71.46580529212952,71.54932475090027,73.46580529212952,0
20260927_103759_1243248,u3e2,2,391,SIDE_PLUS,1790476758.659066,71.30839085578918,1790476758.8164804,True,True,False,False,,False,,,SIDE_DISPATCH|RAW_SEED_ATTEMPT|PRE_TIMING_SEED|TIMED_SEED|SEED_ELIGIBILITY|SOLVER_OK|FINAL_INPUT|JOINT_SEED|COMPARATOR_LOSS,,,,K2_BASELINE_UNAVAILABLE,0.0,0.0,0.0,71.46580529212952,71.54932475090027,73.46580529212952,0
20260927_103759_1243248,u3e2,2,392,NOMINAL,1790476758.6824734,71.33179831504822,1790476758.835421,True,False,True,True,254.0,True,71.502162,71.735581,NOMINAL_CONTEXT|FINAL_INPUT|JOINT_SEED|COMPARATOR_WIN|SELECTED|COMMITTED,,,,,0.0,0.0,0.0,71.48474597930908,71.54932475090027,73.48474597930908,0
20260927_103759_1243248,u3e2,2,393,SIDE_MINUS,1790476758.6824734,71.33179831504822,1790476758.835421,True,True,False,False,,False,,,SIDE_DISPATCH|RAW_SEED_ATTEMPT|PRE_TIMING_SEED|TIMED_SEED|SEED_ELIGIBILITY|PRE_LOS|POST_LOS|SOLVER_OK|FINAL_INPUT|JOINT_SEED|COMPARATOR_LOSS,,,,K2_BASELINE_UNAVAILABLE,0.0,0.0,0.0,71.48474597930908,71.54932475090027,73.48474597930908,0
20260927_103759_1243248,u3e2,2,394,SIDE_PLUS,1790476758.6824734,71.33179831504822,1790476758.835421,True,True,False,False,,False,,,SIDE_DISPATCH|RAW_SEED_ATTEMPT|PRE_TIMING_SEED|TIMED_SEED|SEED_ELIGIBILITY|SOLVER_OK|FINAL_INPUT|JOINT_SEED|COMPARATOR_LOSS,,,,K2_BASELINE_UNAVAILABLE,0.0,0.0,0.0,71.48474597930908,71.54932475090027,73.48474597930908,0
20260927_103759_1243248,u3e3,2,386,NOMINAL,1790476758.1124465,70.76177144050598,1790476758.273953,False,False,False,False,,False,,,NOMINAL_CONTEXT|FINAL_INPUT_FAILED|JOINT_SEED,FINAL_INPUT_FAILED,,,,0.0,0.0,0.0,-1790476687.350675,-1790476687.350675,-1790476687.350675,0
20260927_103759_1243248,u3e3,2,387,SIDE_MINUS,1790476758.1124465,70.76177144050598,1790476758.273953,True,True,False,False,,False,,,SIDE_DISPATCH|RAW_SEED_ATTEMPT|PRE_TIMING_SEED|TIMED_SEED|SEED_ELIGIBILITY|SOLVER_FAILED|FINAL_INPUT|JOINT_SEED|COMPARATOR_LOSS,,,,OPPONENT_C3_HIGHER,1.0,0.0,1.856672273655246,70.92327785491943,71.54932427406311,72.92327785491943,1
20260927_103759_1243248,u3e3,2,388,SIDE_PLUS,1790476758.1124465,70.76177144050598,1790476758.273953,True,True,True,True,253.0,True,70.936273,71.47753,SIDE_DISPATCH|RAW_SEED_ATTEMPT|PRE_TIMING_SEED|TIMED_SEED|SEED_ELIGIBILITY|SOLVER_FAILED|FINAL_INPUT|JOINT_SEED|COMPARATOR_WIN|SELECTED|COMMITTED,,,,,1.0,0.16666666666666666,1.6297188311497819,70.92327785491943,71.54932427406311,72.92327785491943,1
20260927_103759_1243248,u3e3,2,389,NOMINAL,1790476758.659066,71.30839085578918,1790476758.8164804,False,False,False,False,,False,,,NOMINAL_CONTEXT|FINAL_INPUT_FAILED|JOINT_SEED,FINAL_INPUT_FAILED,,,,0.0,0.0,0.0,-1790476687.350675,-1790476687.350675,-1790476687.350675,0
20260927_103759_1243248,u3e3,2,390,SIDE_MINUS,1790476758.659066,71.30839085578918,1790476758.8164804,True,True,False,False,,False,,,SIDE_DISPATCH|RAW_SEED_ATTEMPT|PRE_TIMING_SEED|TIMED_SEED|SEED_ELIGIBILITY|PRE_LOS|POST_LOS|SOLVER_OK|FINAL_INPUT|JOINT_SEED|COMPARATOR_LOSS,,,,K2_BASELINE_UNAVAILABLE,0.0,0.0,0.0,71.46580529212952,71.54932475090027,73.46580529212952,0
20260927_103759_1243248,u3e3,2,391,SIDE_PLUS,1790476758.659066,71.30839085578918,1790476758.8164804,True,True,False,False,,False,,,SIDE_DISPATCH|RAW_SEED_ATTEMPT|PRE_TIMING_SEED|TIMED_SEED|SEED_ELIGIBILITY|SOLVER_OK|FINAL_INPUT|JOINT_SEED|COMPARATOR_LOSS,,,,K2_BASELINE_UNAVAILABLE,0.0,0.0,0.0,71.46580529212952,71.54932475090027,73.46580529212952,0
20260927_103759_1243248,u3e3,2,392,NOMINAL,1790476758.6824734,71.33179831504822,1790476758.835421,True,False,True,True,254.0,True,71.502162,71.735581,NOMINAL_CONTEXT|FINAL_INPUT|JOINT_SEED|COMPARATOR_WIN|SELECTED|COMMITTED,,,,,0.0,0.0,0.0,71.48474597930908,71.54932475090027,73.48474597930908,0
20260927_103759_1243248,u3e3,2,393,SIDE_MINUS,1790476758.6824734,71.33179831504822,1790476758.835421,True,True,False,False,,False,,,SIDE_DISPATCH|RAW_SEED_ATTEMPT|PRE_TIMING_SEED|TIMED_SEED|SEED_ELIGIBILITY|PRE_LOS|POST_LOS|SOLVER_OK|FINAL_INPUT|JOINT_SEED|COMPARATOR_LOSS,,,,K2_BASELINE_UNAVAILABLE,0.0,0.0,0.0,71.48474597930908,71.54932475090027,73.48474597930908,0
20260927_103759_1243248,u3e3,2,394,SIDE_PLUS,1790476758.6824734,71.33179831504822,1790476758.835421,True,True,False,False,,False,,,SIDE_DISPATCH|RAW_SEED_ATTEMPT|PRE_TIMING_SEED|TIMED_SEED|SEED_ELIGIBILITY|SOLVER_OK|FINAL_INPUT|JOINT_SEED|COMPARATOR_LOSS,,,,K2_BASELINE_UNAVAILABLE,0.0,0.0,0.0,71.48474597930908,71.54932475090027,73.48474597930908,0
20260927_103759_1243248,u3e3,2,395,NOMINAL,1790476758.940019,71.58934378623962,1790476759.0890307,True,False,False,False,,False,,,NOMINAL_CONTEXT|FINAL_INPUT|JOINT_SEED|COMPARATOR_WIN,,,,,1.0,0.3333333333333333,0.8300898259555943,73.04932355880737,73.58474588394165,73.73835563659668,0
20260927_103759_1243248,u3e3,2,396,SIDE_MINUS,1790476758.940019,71.58934378623962,1790476759.0890307,True,True,False,False,,False,,,SIDE_DISPATCH|RAW_SEED_ATTEMPT|PRE_TIMING_SEED|TIMED_SEED|SEED_ELIGIBILITY|PRE_LOS|POST_LOS|SOLVER_OK|FINAL_INPUT|JOINT_SEED|COMPARATOR_LOSS,,,,OPPONENT_D3_LOWER,1.0,0.3333333333333333,0.832269610262744,73.04932355880737,73.58474588394165,73.73835563659668,0
20260927_103759_1243248,u3e3,2,397,SIDE_PLUS,1790476758.940019,71.58934378623962,1790476759.0890307,True,True,True,True,255.0,True,71.770117,72.004863,SIDE_DISPATCH|RAW_SEED_ATTEMPT|PRE_TIMING_SEED|TIMED_SEED|SEED_ELIGIBILITY|SOLVER_OK|FINAL_INPUT|JOINT_SEED|COMPARATOR_WIN|SELECTED|COMMITTED,,,,D3_LOWER,1.0,0.3333333333333333,0.8288369447368282,73.04932355880737,73.58474588394165,73.73835563659668,0
20260927_103759_1243248,u3e3,2,398,NOMINAL,1790476759.2276292,71.87695407867432,1790476759.3725982,False,False,False,False,,False,,,NOMINAL_CONTEXT|FINAL_INPUT_FAILED|JOINT_SEED,FINAL_INPUT_FAILED,,,,0.0,0.0,0.0,-1790476687.350675,-1790476687.350675,-1790476687.350675,0
20260927_103759_1243248,u3e3,2,399,SIDE_MINUS,1790476759.2276292,71.87695407867432,1790476759.3725982,True,True,True,True,256.0,True,72.036059,72.276188,SIDE_DISPATCH|RAW_SEED_ATTEMPT|PRE_TIMING_SEED|TIMED_SEED|SEED_ELIGIBILITY|PRE_LOS|POST_LOS|SOLVER_OK|FINAL_INPUT|JOINT_SEED|COMPARATOR_WIN|SELECTED|COMMITTED,,,,C3_HIGHER,1.0,0.375,1.488214042621098,73.04932355880737,73.83835554122925,74.02192306518555,0
20260927_103759_1243248,u3e3,2,400,SIDE_PLUS,1790476759.2276292,71.87695407867432,1790476759.3725982,True,True,False,False,,False,,,SIDE_DISPATCH|RAW_SEED_ATTEMPT|PRE_TIMING_SEED|TIMED_SEED|SEED_ELIGIBILITY|SOLVER_FAILED|FINAL_INPUT|JOINT_SEED|COMPARATOR_WIN,,,,,1.0,0.0,2.682309095093602,73.04932355880737,73.83835554122925,74.02192306518555,1
20260927_103759_1243248,u3e3,2,401,NOMINAL,1790476759.5045128,72.15383768081665,1790476759.6473165,True,False,False,False,,False,,,NOMINAL_CONTEXT|FINAL_INPUT|JOINT_SEED|COMPARATOR_WIN,,,,,0.9090909090909092,0.18181818181818182,2.8277314375656024,73.04932355880737,74.12192296981812,74.29664134979248,0
20260927_103759_1243248,u3e3,2,402,SIDE_MINUS,1790476759.5045128,72.15383768081665,1790476759.6473165,True,True,True,True,257.0,True,72.305451,72.536313,SIDE_DISPATCH|RAW_SEED_ATTEMPT|PRE_TIMING_SEED|TIMED_SEED|SEED_ELIGIBILITY|PRE_LOS|POST_LOS|SOLVER_OK|FINAL_INPUT|JOINT_SEED|COMPARATOR_WIN|SELECTED|COMMITTED,,,,D3_LOWER,0.9090909090909092,0.18181818181818182,2.8129416054878975,73.04932355880737,74.12192296981812,74.29664134979248,0
20260927_103759_1243248,u3e3,2,403,SIDE_PLUS,1790476759.5045128,72.15383768081665,1790476759.6473165,True,True,False,False,,False,,,SIDE_DISPATCH|RAW_SEED_ATTEMPT|PRE_TIMING_SEED|TIMED_SEED|SEED_ELIGIBILITY|SOLVER_FAILED|FINAL_INPUT|JOINT_SEED|COMPARATOR_LOSS,,,,OPPONENT_C3_HIGHER,0.9090909090909092,0.0,2.59929856417376,73.04932355880737,74.12192296981812,74.29664134979248,1
20260927_103759_1243248,u3e3,2,404,NOMINAL,1790476759.7614694,72.41079425811768,1790476759.9015787,True,False,False,False,,False,,,NOMINAL_CONTEXT|FINAL_INPUT|JOINT_SEED|COMPARATOR_WIN,,,,,0.8571428571428571,0.14285714285714285,3.0707651799130633,73.04932355880737,74.39664125442505,74.55090355873108,0
20260927_103759_1243248,u3e3,2,405,SIDE_MINUS,1790476759.7614694,72.41079425811768,1790476759.9015787,True,True,True,True,258.0,True,72.570106,72.803205,SIDE_DISPATCH|RAW_SEED_ATTEMPT|PRE_TIMING_SEED|TIMED_SEED|SEED_ELIGIBILITY|PRE_LOS|POST_LOS|SOLVER_OK|FINAL_INPUT|JOINT_SEED|COMPARATOR_WIN|SELECTED|COMMITTED,,,,D3_LOWER,0.8571428571428571,0.14285714285714285,3.0550598099735846,73.04932355880737,74.39664125442505,74.55090355873108,0
20260927_103759_1243248,u3e3,2,406,SIDE_PLUS,1790476759.7614694,72.41079425811768,1790476759.9015787,True,True,False,False,,False,,,SIDE_DISPATCH|RAW_SEED_ATTEMPT|PRE_TIMING_SEED|TIMED_SEED|SEED_ELIGIBILITY|SOLVER_OK|FINAL_INPUT|JOINT_SEED|COMPARATOR_WIN,,,,D3_LOWER,0.8571428571428571,0.14285714285714285,3.0692932715095513,73.04932355880737,74.39664125442505,74.55090355873108,0
20260927_103759_1243248,u3e3,2,407,NOMINAL,1790476760.035645,72.68496990203857,1790476760.1756449,False,False,False,False,,False,,,NOMINAL_CONTEXT|FINAL_INPUT_FAILED|JOINT_SEED,FINAL_INPUT_FAILED,,,,0.0,0.0,0.0,-1790476687.350675,-1790476687.350675,-1790476687.350675,0
20260927_103759_1243248,u3e3,2,408,SIDE_MINUS,1790476760.035645,72.68496990203857,1790476760.1756449,True,True,False,False,,False,,,SIDE_DISPATCH|RAW_SEED_ATTEMPT|PRE_TIMING_SEED|TIMED_SEED|SEED_ELIGIBILITY|SOLVER_FAILED|FINAL_INPUT|JOINT_SEED|COMPARATOR_LOSS,,,,,0.0,0.0,0.0,-1790476687.350675,-1790476687.350675,74.82496976852417,1
20260927_103759_1243248,u3e3,2,409,SIDE_PLUS,1790476760.035645,72.68496990203857,1790476760.1756449,True,True,True,True,259.0,True,72.835517,73.107612,SIDE_DISPATCH|RAW_SEED_ATTEMPT|PRE_TIMING_SEED|TIMED_SEED|SEED_ELIGIBILITY|SOLVER_FAILED|FINAL_INPUT|JOINT_SEED|COMPARATOR_WIN|SELECTED|COMMITTED,,,,,0.0,0.0,0.0,-1790476687.350675,-1790476687.350675,74.82496976852417,1
20260927_103759_1243248,u3e3,2,410,NOMINAL,1790476760.3152127,72.96453762054443,1790476760.4552126,False,False,False,False,,False,,,NOMINAL_CONTEXT|FINAL_INPUT_FAILED|JOINT_SEED,FINAL_INPUT_FAILED,,,,0.0,0.0,0.0,-1790476687.350675,-1790476687.350675,-1790476687.350675,0
20260927_103759_1243248,u3e3,2,411,SIDE_MINUS,1790476760.3152127,72.96453762054443,1790476760.4552126,True,True,False,False,,False,,,SIDE_DISPATCH|RAW_SEED_ATTEMPT|PRE_TIMING_SEED|TIMED_SEED|SEED_ELIGIBILITY|SOLVER_FAILED|FINAL_INPUT|JOINT_SEED|COMPARATOR_LOSS,,,,,0.0,0.0,0.0,-1790476687.350675,-1790476687.350675,75.10453748703003,1
20260927_103759_1243248,u3e3,2,412,SIDE_PLUS,1790476760.3152127,72.96453762054443,1790476760.4552126,True,True,True,True,260.0,True,73.135845,73.96807,SIDE_DISPATCH|RAW_SEED_ATTEMPT|PRE_TIMING_SEED|TIMED_SEED|SEED_ELIGIBILITY|SOLVER_FAILED|FINAL_INPUT|JOINT_SEED|COMPARATOR_WIN|SELECTED|COMMITTED,,,,,0.0,0.0,0.0,-1790476687.350675,-1790476687.350675,75.10453748703003,1
20260927_103759_1243248,u3e3,2,413,NOMINAL,1790476760.596559,73.24588394165039,1790476760.736559,False,False,False,False,,False,,,NOMINAL_CONTEXT|FINAL_INPUT_FAILED|JOINT_SEED,FINAL_INPUT_FAILED,,,,0.0,0.0,0.0,-1790476687.350675,-1790476687.350675,-1790476687.350675,0
20260927_103759_1243248,u3e3,2,414,SIDE_MINUS,1790476760.596559,73.24588394165039,1790476760.736559,False,True,False,False,,False,,,SIDE_DISPATCH|RAW_SEED_ATTEMPT|PRE_TIMING_SEED|TIMED_SEED|SEED_ELIGIBILITY|SOLVER_FAILED|FINAL_INPUT|JOINT_SEED|CERTIFICATE_REJECT,CERTIFICATE_REJECT,,,,0.0,0.0,0.0,-1790476687.350675,-1790476687.350675,-1790476687.350675,1
20260927_103759_1243248,u3e3,2,415,SIDE_PLUS,1790476760.596559,73.24588394165039,1790476760.736559,False,True,False,False,,False,,,SIDE_DISPATCH|RAW_SEED_ATTEMPT|PRE_TIMING_SEED|TIMED_SEED|SEED_ELIGIBILITY|SOLVER_FAILED|FINAL_INPUT|JOINT_SEED|CERTIFICATE_REJECT,CERTIFICATE_REJECT,,,,0.0,0.0,0.0,-1790476687.350675,-1790476687.350675,-1790476687.350675,1
20260927_103759_1243248,u3e3,2,416,NOMINAL,1790476760.6253166,73.27464151382446,1790476760.7653165,False,False,False,False,,False,,,NOMINAL_CONTEXT|FINAL_INPUT_FAILED|JOINT_SEED,FINAL_INPUT_FAILED,,,,0.0,0.0,0.0,-1790476687.350675,-1790476687.350675,-1790476687.350675,0
20260927_103759_1243248,u3e3,2,417,SIDE_MINUS,1790476760.6253166,73.27464151382446,1790476760.7653165,False,True,False,False,,False,,,SIDE_DISPATCH|RAW_SEED_ATTEMPT|PRE_TIMING_SEED|TIMED_SEED|SEED_ELIGIBILITY|SOLVER_FAILED|FINAL_INPUT|JOINT_SEED|CERTIFICATE_REJECT,CERTIFICATE_REJECT,,,,0.0,0.0,0.0,-1790476687.350675,-1790476687.350675,-1790476687.350675,1
20260927_103759_1243248,u3e3,2,418,SIDE_PLUS,1790476760.6253166,73.27464151382446,1790476760.7653165,False,True,False,False,,False,,,SIDE_DISPATCH|RAW_SEED_ATTEMPT|PRE_TIMING_SEED|TIMED_SEED|SEED_ELIGIBILITY|PRE_LOS|POST_LOS|SOLVER_OK|FINAL_INPUT|JOINT_SEED|PREFLIGHT_REJECT,PREFLIGHT_REJECT,DYNAMICS_FAIL,,,0.0,0.0,0.0,-1790476687.350675,-1790476687.350675,-1790476687.350675,0
20260927_103759_1243248,u3e3,2,419,NOMINAL,1790476760.6550865,73.3044114112854,1790476760.7950864,False,False,False,False,,False,,,NOMINAL_CONTEXT|FINAL_INPUT_FAILED|JOINT_SEED,FINAL_INPUT_FAILED,,,,0.0,0.0,0.0,-1790476687.350675,-1790476687.350675,-1790476687.350675,0
20260927_103759_1243248,u3e3,2,420,SIDE_MINUS,1790476760.6550865,73.3044114112854,1790476760.7950864,False,True,False,False,,False,,,SIDE_DISPATCH|RAW_SEED_ATTEMPT|PRE_TIMING_SEED|TIMED_SEED|SEED_ELIGIBILITY|SOLVER_FAILED|FINAL_INPUT|JOINT_SEED|CERTIFICATE_REJECT,CERTIFICATE_REJECT,,,,0.0,0.0,0.0,-1790476687.350675,-1790476687.350675,-1790476687.350675,1
20260927_103759_1243248,u3e3,2,421,SIDE_PLUS,1790476760.6550865,73.3044114112854,1790476760.7950864,False,True,False,False,,False,,,SIDE_DISPATCH|RAW_SEED_ATTEMPT|PRE_TIMING_SEED|TIMED_SEED|SEED_ELIGIBILITY|SOLVER_FAILED|FINAL_INPUT|JOINT_SEED|CERTIFICATE_REJECT,CERTIFICATE_REJECT,,,,0.0,0.0,0.0,-1790476687.350675,-1790476687.350675,-1790476687.350675,1
20260927_103759_1243248,u3e3,2,422,NOMINAL,1790476760.6917095,73.34103441238403,1790476760.8317094,False,False,False,False,,False,,,NOMINAL_CONTEXT|FINAL_INPUT_FAILED|JOINT_SEED,FINAL_INPUT_FAILED,,,,0.0,0.0,0.0,-1790476687.350675,-1790476687.350675,-1790476687.350675,0
20260927_103759_1243248,u3e3,2,423,SIDE_MINUS,1790476760.6917095,73.34103441238403,1790476760.8317094,False,True,False,False,,False,,,SIDE_DISPATCH|RAW_SEED_ATTEMPT|PRE_TIMING_SEED|TIMED_SEED|SEED_ELIGIBILITY|SOLVER_FAILED|FINAL_INPUT|JOINT_SEED|CERTIFICATE_REJECT,CERTIFICATE_REJECT,,,,0.0,0.0,0.0,-1790476687.350675,-1790476687.350675,-1790476687.350675,1
20260927_103759_1243248,u3e3,2,424,SIDE_PLUS,1790476760.6917095,73.34103441238403,1790476760.8317094,False,True,False,False,,False,,,SIDE_DISPATCH|RAW_SEED_ATTEMPT|PRE_TIMING_SEED|TIMED_SEED|SEED_ELIGIBILITY|PRE_LOS|POST_LOS|SOLVER_OK|FINAL_INPUT|JOINT_SEED|PREFLIGHT_REJECT,PREFLIGHT_REJECT,DYNAMICS_FAIL,,,0.0,0.0,0.0,-1790476687.350675,-1790476687.350675,-1790476687.350675,0
20260927_103759_1243248,u3e3,2,425,NOMINAL,1790476760.717817,73.36714196205139,1790476760.857817,False,False,False,False,,False,,,NOMINAL_CONTEXT|FINAL_INPUT_FAILED|JOINT_SEED,FINAL_INPUT_FAILED,,,,0.0,0.0,0.0,-1790476687.350675,-1790476687.350675,-1790476687.350675,0
20260927_103759_1243248,u3e3,2,426,SIDE_MINUS,1790476760.717817,73.36714196205139,1790476760.857817,False,True,False,False,,False,,,SIDE_DISPATCH|RAW_SEED_ATTEMPT|PRE_TIMING_SEED|TIMED_SEED|SEED_ELIGIBILITY|SOLVER_FAILED|FINAL_INPUT|JOINT_SEED|CERTIFICATE_REJECT,CERTIFICATE_REJECT,,,,0.0,0.0,0.0,-1790476687.350675,-1790476687.350675,-1790476687.350675,1
20260927_103759_1243248,u3e3,2,427,SIDE_PLUS,1790476760.717817,73.36714196205139,1790476760.857817,False,True,False,False,,False,,,SIDE_DISPATCH|RAW_SEED_ATTEMPT|PRE_TIMING_SEED|TIMED_SEED|SEED_ELIGIBILITY|PRE_LOS|POST_LOS|SOLVER_OK|FINAL_INPUT|JOINT_SEED|PREFLIGHT_REJECT,PREFLIGHT_REJECT,DYNAMICS_FAIL,,,0.0,0.0,0.0,-1790476687.350675,-1790476687.350675,-1790476687.350675,0
20260927_103759_1243248,u3e3,2,428,NOMINAL,1790476760.7457855,73.39511036872864,1790476760.8857853,False,False,False,False,,False,,,NOMINAL_CONTEXT|FINAL_INPUT_FAILED|JOINT_SEED,FINAL_INPUT_FAILED,,,,0.0,0.0,0.0,-1790476687.350675,-1790476687.350675,-1790476687.350675,0
20260927_103759_1243248,u3e3,2,429,SIDE_MINUS,1790476760.7457855,73.39511036872864,1790476760.8857853,False,True,False,False,,False,,,SIDE_DISPATCH|RAW_SEED_ATTEMPT|PRE_TIMING_SEED|TIMED_SEED|SEED_ELIGIBILITY|SOLVER_FAILED|FINAL_INPUT|JOINT_SEED|CERTIFICATE_REJECT,CERTIFICATE_REJECT,,,,0.0,0.0,0.0,-1790476687.350675,-1790476687.350675,-1790476687.350675,1
20260927_103759_1243248,u3e3,2,430,SIDE_PLUS,1790476760.7457855,73.39511036872864,1790476760.8857853,False,True,False,False,,False,,,SIDE_DISPATCH|RAW_SEED_ATTEMPT|PRE_TIMING_SEED|TIMED_SEED|SEED_ELIGIBILITY|SOLVER_FAILED|FINAL_INPUT|JOINT_SEED|CERTIFICATE_REJECT,CERTIFICATE_REJECT,,,,0.0,0.0,0.0,-1790476687.350675,-1790476687.350675,-1790476687.350675,1
20260927_103759_1243248,u3e3,2,431,NOMINAL,1790476760.7755203,73.42484521865845,1790476760.9155202,False,False,False,False,,False,,,NOMINAL_CONTEXT|FINAL_INPUT_FAILED|JOINT_SEED,FINAL_INPUT_FAILED,,,,0.0,0.0,0.0,-1790476687.350675,-1790476687.350675,-1790476687.350675,0
20260927_103759_1243248,u3e3,2,432,SIDE_MINUS,1790476760.7755203,73.42484521865845,1790476760.9155202,False,True,False,False,,False,,,SIDE_DISPATCH|RAW_SEED_ATTEMPT|PRE_TIMING_SEED|TIMED_SEED|SEED_ELIGIBILITY|SOLVER_FAILED|FINAL_INPUT|JOINT_SEED|CERTIFICATE_REJECT,CERTIFICATE_REJECT,,,,0.0,0.0,0.0,-1790476687.350675,-1790476687.350675,-1790476687.350675,1
20260927_103759_1243248,u3e3,2,433,SIDE_PLUS,1790476760.7755203,73.42484521865845,1790476760.9155202,False,True,False,False,,False,,,SIDE_DISPATCH|RAW_SEED_ATTEMPT|PRE_TIMING_SEED|TIMED_SEED|SEED_ELIGIBILITY|SOLVER_FAILED|FINAL_INPUT|JOINT_SEED|CERTIFICATE_REJECT,CERTIFICATE_REJECT,,,,0.0,0.0,0.0,-1790476687.350675,-1790476687.350675,-1790476687.350675,1
20260927_103759_1243248,u3e3,2,434,NOMINAL,1790476760.8092363,73.4585611820221,1790476760.9492362,False,False,False,False,,False,,,NOMINAL_CONTEXT|FINAL_INPUT_FAILED|JOINT_SEED,FINAL_INPUT_FAILED,,,,0.0,0.0,0.0,-1790476687.350675,-1790476687.350675,-1790476687.350675,0
20260927_103759_1243248,u3e3,2,435,SIDE_MINUS,1790476760.8092363,73.4585611820221,1790476760.9492362,False,True,False,False,,False,,,SIDE_DISPATCH|RAW_SEED_ATTEMPT|PRE_TIMING_SEED|TIMED_SEED|SEED_ELIGIBILITY|SOLVER_FAILED|FINAL_INPUT|JOINT_SEED|CERTIFICATE_REJECT,CERTIFICATE_REJECT,,,,0.0,0.0,0.0,-1790476687.350675,-1790476687.350675,-1790476687.350675,1
20260927_103759_1243248,u3e3,2,436,SIDE_PLUS,1790476760.8092363,73.4585611820221,1790476760.9492362,False,True,False,False,,False,,,SIDE_DISPATCH|RAW_SEED_ATTEMPT|PRE_TIMING_SEED|TIMED_SEED|SEED_ELIGIBILITY|SOLVER_FAILED|FINAL_INPUT|JOINT_SEED|CERTIFICATE_REJECT,CERTIFICATE_REJECT,,,,0.0,0.0,0.0,-1790476687.350675,-1790476687.350675,-1790476687.350675,1
20260927_103759_1243248,u3e3,2,437,NOMINAL,1790476760.842524,73.49184894561768,1790476760.982524,False,False,False,False,,False,,,NOMINAL_CONTEXT|FINAL_INPUT_FAILED|JOINT_SEED,FINAL_INPUT_FAILED,,,,0.0,0.0,0.0,-1790476687.350675,-1790476687.350675,-1790476687.350675,0
20260927_103759_1243248,u3e3,2,438,SIDE_MINUS,1790476760.842524,73.49184894561768,1790476760.982524,False,True,False,False,,False,,,SIDE_DISPATCH|RAW_SEED_ATTEMPT|PRE_TIMING_SEED|TIMED_SEED|SEED_ELIGIBILITY|SOLVER_FAILED|FINAL_INPUT|JOINT_SEED|CERTIFICATE_REJECT,CERTIFICATE_REJECT,,,,0.0,0.0,0.0,-1790476687.350675,-1790476687.350675,-1790476687.350675,1
20260927_103759_1243248,u3e3,2,439,SIDE_PLUS,1790476760.842524,73.49184894561768,1790476760.982524,False,True,False,False,,False,,,SIDE_DISPATCH|RAW_SEED_ATTEMPT|PRE_TIMING_SEED|TIMED_SEED|SEED_ELIGIBILITY|SOLVER_FAILED|FINAL_INPUT|JOINT_SEED|CERTIFICATE_REJECT,CERTIFICATE_REJECT,,,,0.0,0.0,0.0,-1790476687.350675,-1790476687.350675,-1790476687.350675,1
20260927_103759_1243248,u3e3,2,440,NOMINAL,1790476760.885294,73.5346188545227,1790476761.0252938,False,False,False,False,,False,,,NOMINAL_CONTEXT|FINAL_INPUT_FAILED|JOINT_SEED,FINAL_INPUT_FAILED,,,,0.0,0.0,0.0,-1790476687.350675,-1790476687.350675,-1790476687.350675,0
20260927_103759_1243248,u3e3,2,441,SIDE_MINUS,1790476760.885294,73.5346188545227,1790476761.0252938,False,True,False,False,,False,,,SIDE_DISPATCH|RAW_SEED_ATTEMPT|PRE_TIMING_SEED|TIMED_SEED|SEED_ELIGIBILITY|SOLVER_FAILED|FINAL_INPUT|JOINT_SEED|CERTIFICATE_REJECT,CERTIFICATE_REJECT,,,,0.0,0.0,0.0,-1790476687.350675,-1790476687.350675,-1790476687.350675,1
20260927_103759_1243248,u3e3,2,442,SIDE_PLUS,1790476760.885294,73.5346188545227,1790476761.0252938,False,True,False,False,,False,,,SIDE_DISPATCH|RAW_SEED_ATTEMPT|PRE_TIMING_SEED|TIMED_SEED|SEED_ELIGIBILITY|SOLVER_FAILED|FINAL_INPUT|JOINT_SEED|CERTIFICATE_REJECT,CERTIFICATE_REJECT,,,,0.0,0.0,0.0,-1790476687.350675,-1790476687.350675,-1790476687.350675,1
20260927_103759_1243248,u3e3,2,443,NOMINAL,1790476760.9139888,73.56331372261047,1790476761.0539887,False,False,False,False,,False,,,NOMINAL_CONTEXT|FINAL_INPUT_FAILED|JOINT_SEED,FINAL_INPUT_FAILED,,,,0.0,0.0,0.0,-1790476687.350675,-1790476687.350675,-1790476687.350675,0
20260927_103759_1243248,u3e3,2,444,SIDE_MINUS,1790476760.9139888,73.56331372261047,1790476761.0539887,False,True,False,False,,False,,,SIDE_DISPATCH|RAW_SEED_ATTEMPT|PRE_TIMING_SEED|TIMED_SEED|SEED_ELIGIBILITY|SOLVER_FAILED|FINAL_INPUT|JOINT_SEED|CERTIFICATE_REJECT,CERTIFICATE_REJECT,,,,0.0,0.0,0.0,-1790476687.350675,-1790476687.350675,-1790476687.350675,1
20260927_103759_1243248,u3e3,2,445,SIDE_PLUS,1790476760.9139888,73.56331372261047,1790476761.0539887,False,True,False,False,,False,,,SIDE_DISPATCH|RAW_SEED_ATTEMPT|PRE_TIMING_SEED|TIMED_SEED|SEED_ELIGIBILITY|SOLVER_FAILED|FINAL_INPUT|JOINT_SEED|CERTIFICATE_REJECT,CERTIFICATE_REJECT,,,,0.0,0.0,0.0,-1790476687.350675,-1790476687.350675,-1790476687.350675,1
20260927_103759_1243248,u3e3,2,446,NOMINAL,1790476760.9459012,73.59522604942322,1790476761.085901,False,False,False,False,,False,,,NOMINAL_CONTEXT|FINAL_INPUT_FAILED|JOINT_SEED,FINAL_INPUT_FAILED,,,,0.0,0.0,0.0,-1790476687.350675,-1790476687.350675,-1790476687.350675,0
20260927_103759_1243248,u3e3,2,447,SIDE_MINUS,1790476760.9459012,73.59522604942322,1790476761.085901,False,True,False,False,,False,,,SIDE_DISPATCH|RAW_SEED_ATTEMPT|PRE_TIMING_SEED|TIMED_SEED|SEED_ELIGIBILITY|SOLVER_FAILED|FINAL_INPUT|JOINT_SEED|CERTIFICATE_REJECT,CERTIFICATE_REJECT,,,,0.0,0.0,0.0,-1790476687.350675,-1790476687.350675,-1790476687.350675,1
20260927_103759_1243248,u3e3,2,448,SIDE_PLUS,1790476760.9459012,73.59522604942322,1790476761.085901,False,True,False,False,,False,,,SIDE_DISPATCH|RAW_SEED_ATTEMPT|PRE_TIMING_SEED|TIMED_SEED|SEED_ELIGIBILITY|PRE_LOS|POST_LOS|SOLVER_OK|FINAL_INPUT|JOINT_SEED|PREFLIGHT_REJECT,PREFLIGHT_REJECT,DYNAMICS_FAIL,,,0.0,0.0,0.0,-1790476687.350675,-1790476687.350675,-1790476687.350675,0
20260927_103759_1243248,u3e3,2,449,NOMINAL,1790476760.97763,73.62695479393005,1790476761.1176298,False,False,False,False,,False,,,NOMINAL_CONTEXT|FINAL_INPUT_FAILED|JOINT_SEED,FINAL_INPUT_FAILED,,,,0.0,0.0,0.0,-1790476687.350675,-1790476687.350675,-1790476687.350675,0
20260927_103759_1243248,u3e3,2,450,SIDE_MINUS,1790476760.97763,73.62695479393005,1790476761.1176298,False,True,False,False,,False,,,SIDE_DISPATCH|RAW_SEED_ATTEMPT|PRE_TIMING_SEED|TIMED_SEED|SEED_ELIGIBILITY|SOLVER_FAILED|FINAL_INPUT|JOINT_SEED|CERTIFICATE_REJECT,CERTIFICATE_REJECT,,,,0.0,0.0,0.0,-1790476687.350675,-1790476687.350675,-1790476687.350675,1
20260927_103759_1243248,u3e3,2,451,SIDE_PLUS,1790476760.97763,73.62695479393005,1790476761.1176298,False,True,False,False,,False,,,SIDE_DISPATCH|RAW_SEED_ATTEMPT|PRE_TIMING_SEED|TIMED_SEED|SEED_ELIGIBILITY|SOLVER_FAILED|FINAL_INPUT|JOINT_SEED|CERTIFICATE_REJECT,CERTIFICATE_REJECT,,,,0.0,0.0,0.0,-1790476687.350675,-1790476687.350675,-1790476687.350675,1
20260927_103759_1243248,u3e3,2,452,NOMINAL,1790476761.0068853,73.65621018409729,1790476761.1468852,False,False,False,False,,False,,,NOMINAL_CONTEXT|FINAL_INPUT|JOINT_SEED|CERTIFICATE_REJECT,CERTIFICATE_REJECT,,,,0.0,0.0,0.0,-1790476687.350675,-1790476687.350675,-1790476687.350675,0
20260927_103759_1243248,u3e3,2,453,SIDE_MINUS,1790476761.0068853,73.65621018409729,1790476761.1468852,False,True,False,False,,False,,,SIDE_DISPATCH|RAW_SEED_ATTEMPT|PRE_TIMING_SEED|TIMED_SEED|SEED_ELIGIBILITY|SOLVER_FAILED|FINAL_INPUT|JOINT_SEED|CERTIFICATE_REJECT,CERTIFICATE_REJECT,,,,0.0,0.0,0.0,-1790476687.350675,-1790476687.350675,-1790476687.350675,1
20260927_103759_1243248,u3e3,2,454,SIDE_PLUS,1790476761.0068853,73.65621018409729,1790476761.1468852,False,True,False,False,,False,,,SIDE_DISPATCH|RAW_SEED_ATTEMPT|PRE_TIMING_SEED|TIMED_SEED|SEED_ELIGIBILITY|SOLVER_FAILED|FINAL_INPUT|JOINT_SEED|CERTIFICATE_REJECT,CERTIFICATE_REJECT,,,,0.0,0.0,0.0,-1790476687.350675,-1790476687.350675,-1790476687.350675,1
20260927_103759_1243248,u3e3,2,455,NOMINAL,1790476761.0375836,73.68690848350525,1790476761.1775835,False,False,False,False,,False,,,NOMINAL_CONTEXT|FINAL_INPUT_FAILED|JOINT_SEED,FINAL_INPUT_FAILED,,,,0.0,0.0,0.0,-1790476687.350675,-1790476687.350675,-1790476687.350675,0
20260927_103759_1243248,u3e3,2,456,SIDE_MINUS,1790476761.0375836,73.68690848350525,1790476761.1775835,False,True,False,False,,False,,,SIDE_DISPATCH|RAW_SEED_ATTEMPT|PRE_TIMING_SEED|TIMED_SEED|SEED_ELIGIBILITY|SOLVER_FAILED|FINAL_INPUT|JOINT_SEED|CERTIFICATE_REJECT,CERTIFICATE_REJECT,,,,0.0,0.0,0.0,-1790476687.350675,-1790476687.350675,-1790476687.350675,1
20260927_103759_1243248,u3e3,2,457,SIDE_PLUS,1790476761.0375836,73.68690848350525,1790476761.1775835,False,True,False,False,,False,,,SIDE_DISPATCH|RAW_SEED_ATTEMPT|PRE_TIMING_SEED|TIMED_SEED|SEED_ELIGIBILITY|PRE_LOS|POST_LOS|SOLVER_OK|FINAL_INPUT|JOINT_SEED|PREFLIGHT_REJECT,PREFLIGHT_REJECT,DYNAMICS_FAIL,,,0.0,0.0,0.0,-1790476687.350675,-1790476687.350675,-1790476687.350675,0
20260927_103759_1243248,u3e3,2,458,NOMINAL,1790476761.0638273,73.71315217018127,1790476761.2038271,False,False,False,False,,False,,,NOMINAL_CONTEXT|FINAL_INPUT_FAILED|JOINT_SEED,FINAL_INPUT_FAILED,,,,0.0,0.0,0.0,-1790476687.350675,-1790476687.350675,-1790476687.350675,0
20260927_103759_1243248,u3e3,2,459,SIDE_MINUS,1790476761.0638273,73.71315217018127,1790476761.2038271,False,True,False,False,,False,,,SIDE_DISPATCH|RAW_SEED_ATTEMPT|PRE_TIMING_SEED|TIMED_SEED|SEED_ELIGIBILITY|SOLVER_FAILED|FINAL_INPUT|JOINT_SEED|CERTIFICATE_REJECT,CERTIFICATE_REJECT,,,,0.0,0.0,0.0,-1790476687.350675,-1790476687.350675,-1790476687.350675,1
20260927_103759_1243248,u3e3,2,460,SIDE_PLUS,1790476761.0638273,73.71315217018127,1790476761.2038271,False,True,False,False,,False,,,SIDE_DISPATCH|RAW_SEED_ATTEMPT|PRE_TIMING_SEED|TIMED_SEED|SEED_ELIGIBILITY|PRE_LOS|POST_LOS|SOLVER_OK|FINAL_INPUT|JOINT_SEED|PREFLIGHT_REJECT,PREFLIGHT_REJECT,DYNAMICS_FAIL,,,0.0,0.0,0.0,-1790476687.350675,-1790476687.350675,-1790476687.350675,0
20260927_103759_1243248,u3e3,2,461,NOMINAL,1790476761.092408,73.74173283576965,1790476761.2324078,False,False,False,False,,False,,,NOMINAL_CONTEXT|FINAL_INPUT_FAILED|JOINT_SEED,FINAL_INPUT_FAILED,,,,0.0,0.0,0.0,-1790476687.350675,-1790476687.350675,-1790476687.350675,0
20260927_103759_1243248,u3e3,2,462,SIDE_MINUS,1790476761.092408,73.74173283576965,1790476761.2324078,False,True,False,False,,False,,,SIDE_DISPATCH|RAW_SEED_ATTEMPT|PRE_TIMING_SEED|TIMED_SEED|SEED_ELIGIBILITY|SOLVER_FAILED|FINAL_INPUT|JOINT_SEED|CERTIFICATE_REJECT,CERTIFICATE_REJECT,,,,0.0,0.0,0.0,-1790476687.350675,-1790476687.350675,-1790476687.350675,1
20260927_103759_1243248,u3e3,2,463,SIDE_PLUS,1790476761.092408,73.74173283576965,1790476761.2324078,False,True,False,False,,False,,,SIDE_DISPATCH|RAW_SEED_ATTEMPT|PRE_TIMING_SEED|TIMED_SEED|SEED_ELIGIBILITY|PRE_LOS|POST_LOS|SOLVER_OK|FINAL_INPUT|JOINT_SEED|CERTIFICATE_REJECT,CERTIFICATE_REJECT,,,,0.0,0.0,0.0,-1790476687.350675,-1790476687.350675,-1790476687.350675,0
20260927_103759_1243248,u3e3,2,464,NOMINAL,1790476761.1216102,73.77093505859375,1790476761.26161,False,False,False,False,,False,,,NOMINAL_CONTEXT|FINAL_INPUT_FAILED|JOINT_SEED,FINAL_INPUT_FAILED,,,,0.0,0.0,0.0,-1790476687.350675,-1790476687.350675,-1790476687.350675,0
20260927_103759_1243248,u3e3,2,465,SIDE_MINUS,1790476761.1216102,73.77093505859375,1790476761.26161,False,True,False,False,,False,,,SIDE_DISPATCH|RAW_SEED_ATTEMPT|PRE_TIMING_SEED|TIMED_SEED|SEED_ELIGIBILITY|SOLVER_FAILED|FINAL_INPUT|JOINT_SEED|CERTIFICATE_REJECT,CERTIFICATE_REJECT,,,,0.0,0.0,0.0,-1790476687.350675,-1790476687.350675,-1790476687.350675,1
20260927_103759_1243248,u3e3,2,466,SIDE_PLUS,1790476761.1216102,73.77093505859375,1790476761.26161,False,True,False,False,,False,,,SIDE_DISPATCH|RAW_SEED_ATTEMPT|PRE_TIMING_SEED|TIMED_SEED|SEED_ELIGIBILITY|SOLVER_FAILED|FINAL_INPUT|JOINT_SEED|CERTIFICATE_REJECT,CERTIFICATE_REJECT,,,,0.0,0.0,0.0,-1790476687.350675,-1790476687.350675,-1790476687.350675,1
20260927_103759_1243248,u3e3,2,467,NOMINAL,1790476761.1523488,73.80167365074158,1790476761.2923486,False,False,False,False,,False,,,NOMINAL_CONTEXT|FINAL_INPUT|JOINT_SEED|CERTIFICATE_REJECT,CERTIFICATE_REJECT,,,,0.0,0.0,0.0,-1790476687.350675,-1790476687.350675,-1790476687.350675,0
20260927_103759_1243248,u3e3,2,468,SIDE_MINUS,1790476761.1523488,73.80167365074158,1790476761.2923486,False,True,False,False,,False,,,SIDE_DISPATCH|RAW_SEED_ATTEMPT|PRE_TIMING_SEED|TIMED_SEED|SEED_ELIGIBILITY|SOLVER_FAILED|FINAL_INPUT|JOINT_SEED|CERTIFICATE_REJECT,CERTIFICATE_REJECT,,,,0.0,0.0,0.0,-1790476687.350675,-1790476687.350675,-1790476687.350675,1
20260927_103759_1243248,u3e3,2,469,SIDE_PLUS,1790476761.1523488,73.80167365074158,1790476761.2923486,False,True,False,False,,False,,,SIDE_DISPATCH|RAW_SEED_ATTEMPT|PRE_TIMING_SEED|TIMED_SEED|SEED_ELIGIBILITY|SOLVER_FAILED|FINAL_INPUT|JOINT_SEED|CERTIFICATE_REJECT,CERTIFICATE_REJECT,,,,0.0,0.0,0.0,-1790476687.350675,-1790476687.350675,-1790476687.350675,1
20260927_103759_1243248,u3e3,2,470,NOMINAL,1790476761.177471,73.82679581642151,1790476761.3174708,False,False,False,False,,False,,,NOMINAL_CONTEXT|FINAL_INPUT_FAILED|JOINT_SEED,FINAL_INPUT_FAILED,,,,0.0,0.0,0.0,-1790476687.350675,-1790476687.350675,-1790476687.350675,0
20260927_103759_1243248,u3e3,2,471,SIDE_MINUS,1790476761.177471,73.82679581642151,1790476761.3174708,True,True,False,False,,False,,,SIDE_DISPATCH|RAW_SEED_ATTEMPT|PRE_TIMING_SEED|TIMED_SEED|SEED_ELIGIBILITY|SOLVER_FAILED|FINAL_INPUT|JOINT_SEED|COMPARATOR_LOSS,,,,,0.0,0.0,0.0,-1790476687.350675,-1790476687.350675,75.9667956829071,1
20260927_103759_1243248,u3e3,2,472,SIDE_PLUS,1790476761.177471,73.82679581642151,1790476761.3174708,True,True,True,True,261.0,True,74.0037,74.202682,SIDE_DISPATCH|RAW_SEED_ATTEMPT|PRE_TIMING_SEED|TIMED_SEED|SEED_ELIGIBILITY|SOLVER_FAILED|FINAL_INPUT|JOINT_SEED|COMPARATOR_WIN|SELECTED|COMMITTED,,,,,0.0,0.0,0.0,-1790476687.350675,-1790476687.350675,75.9667956829071,1
20260927_103759_1243248,u3e3,2,473,NOMINAL,1790476761.4215212,74.07084608078003,1790476761.561521,True,False,True,True,262.0,True,74.236389,74.484141,FINAL_INPUT|JOINT_SEED|COMPARATOR_WIN|SELECTED|COMMITTED,,,,,1.0,1.0,0.0,74.21084594726562,76.06679558753967,76.21084594726562,0
