run,episode,drone,batch,activation,kind,observed_tags,statuses,candidate_payload,association
20260927_061256_1157439,u1e1,0,1790460789.4982686,1790460789.638268471,NOMINAL,,,UNRESOLVED_DUE_TO_MISSING_CANDIDATE_PAYLOAD,same_drone_plan_start_to_finalize_plus_25ms_NOT_EXACT_ID
20260927_061256_1157439,u1e1,0,1790460789.4982686,1790460789.638268471,SIDE_PLUS,side-minco|candidate-final-status|topology-post-check,|MINCO_OK|,UNRESOLVED_DUE_TO_MISSING_CANDIDATE_PAYLOAD,same_drone_plan_start_to_finalize_plus_25ms_NOT_EXACT_ID
20260927_061256_1157439,u1e1,0,1790460789.4982686,1790460789.638268471,SIDE_MINUS,side-minco|candidate-final-status,|MINCO_OK,UNRESOLVED_DUE_TO_MISSING_CANDIDATE_PAYLOAD,same_drone_plan_start_to_finalize_plus_25ms_NOT_EXACT_ID
20260927_061256_1157439,u1e1,0,1790460789.7611105,1790460789.901110411,NOMINAL,,,UNRESOLVED_DUE_TO_MISSING_CANDIDATE_PAYLOAD,same_drone_plan_start_to_finalize_plus_25ms_NOT_EXACT_ID
20260927_061256_1157439,u1e1,0,1790460789.7611105,1790460789.901110411,SIDE_PLUS,side-minco|candidate-final-status|topology-post-check,|MINCO_OK|,UNRESOLVED_DUE_TO_MISSING_CANDIDATE_PAYLOAD,same_drone_plan_start_to_finalize_plus_25ms_NOT_EXACT_ID
20260927_061256_1157439,u1e1,0,1790460789.7611105,1790460789.901110411,SIDE_MINUS,side-minco|candidate-final-status,|MINCO_OK,UNRESOLVED_DUE_TO_MISSING_CANDIDATE_PAYLOAD,same_drone_plan_start_to_finalize_plus_25ms_NOT_EXACT_ID
20260927_061256_1157439,u1e1,0,1790460790.0347466,1790460790.174746513,NOMINAL,,,UNRESOLVED_DUE_TO_MISSING_CANDIDATE_PAYLOAD,same_drone_plan_start_to_finalize_plus_25ms_NOT_EXACT_ID
20260927_061256_1157439,u1e1,0,1790460790.0347466,1790460790.174746513,SIDE_PLUS,side-minco|candidate-final-status|topology-post-check,|MINCO_OK|,UNRESOLVED_DUE_TO_MISSING_CANDIDATE_PAYLOAD,same_drone_plan_start_to_finalize_plus_25ms_NOT_EXACT_ID
20260927_061256_1157439,u1e1,0,1790460790.0347466,1790460790.174746513,SIDE_MINUS,side-minco|candidate-final-status,|MINCO_OK,UNRESOLVED_DUE_TO_MISSING_CANDIDATE_PAYLOAD,same_drone_plan_start_to_finalize_plus_25ms_NOT_EXACT_ID
20260927_061256_1157439,u1e1,0,1790460790.3254309,1790460790.465430737,NOMINAL,,,UNRESOLVED_DUE_TO_MISSING_CANDIDATE_PAYLOAD,same_drone_plan_start_to_finalize_plus_25ms_NOT_EXACT_ID
20260927_061256_1157439,u1e1,0,1790460790.3254309,1790460790.465430737,SIDE_PLUS,side-minco|candidate-final-status|topology-post-check,|MINCO_OK|,UNRESOLVED_DUE_TO_MISSING_CANDIDATE_PAYLOAD,same_drone_plan_start_to_finalize_plus_25ms_NOT_EXACT_ID
20260927_061256_1157439,u1e1,0,1790460790.3254309,1790460790.465430737,SIDE_MINUS,side-minco|candidate-final-status,|MINCO_OK,UNRESOLVED_DUE_TO_MISSING_CANDIDATE_PAYLOAD,same_drone_plan_start_to_finalize_plus_25ms_NOT_EXACT_ID
20260927_061256_1157439,u1e1,0,1790460790.6063309,1790460790.746330738,NOMINAL,,,UNRESOLVED_DUE_TO_MISSING_CANDIDATE_PAYLOAD,same_drone_plan_start_to_finalize_plus_25ms_NOT_EXACT_ID
20260927_061256_1157439,u1e1,0,1790460790.6063309,1790460790.746330738,SIDE_PLUS,side-minco|candidate-final-status,|MINCO_OK,UNRESOLVED_DUE_TO_MISSING_CANDIDATE_PAYLOAD,same_drone_plan_start_to_finalize_plus_25ms_NOT_EXACT_ID
20260927_061256_1157439,u1e1,0,1790460790.6063309,1790460790.746330738,SIDE_MINUS,side-minco|candidate-final-status|topology-post-check,|FEASIBLE_INITIALIZER_FALLBACK:|,UNRESOLVED_DUE_TO_MISSING_CANDIDATE_PAYLOAD,same_drone_plan_start_to_finalize_plus_25ms_NOT_EXACT_ID
20260927_061256_1157439,u1e1,0,1790460790.8697813,1790460791.009781122,NOMINAL,,,UNRESOLVED_DUE_TO_MISSING_CANDIDATE_PAYLOAD,same_drone_plan_start_to_finalize_plus_25ms_NOT_EXACT_ID
20260927_061256_1157439,u1e1,0,1790460790.8697813,1790460791.009781122,SIDE_PLUS,side-minco|candidate-final-status,|FEASIBLE_INITIALIZER_FALLBACK:,UNRESOLVED_DUE_TO_MISSING_CANDIDATE_PAYLOAD,same_drone_plan_start_to_finalize_plus_25ms_NOT_EXACT_ID
20260927_061256_1157439,u1e1,0,1790460790.8697813,1790460791.009781122,SIDE_MINUS,side-minco|candidate-final-status|topology-post-check,|FEASIBLE_INITIALIZER_FALLBACK:|,UNRESOLVED_DUE_TO_MISSING_CANDIDATE_PAYLOAD,same_drone_plan_start_to_finalize_plus_25ms_NOT_EXACT_ID
20260927_061256_1157439,u1e1,0,1790460791.039055,1790460791.179054976,NOMINAL,,,UNRESOLVED_DUE_TO_MISSING_CANDIDATE_PAYLOAD,same_drone_plan_start_to_finalize_plus_25ms_NOT_EXACT_ID
20260927_061256_1157439,u1e1,0,1790460791.039055,1790460791.179054976,SIDE_PLUS,side-minco|candidate-final-status,|MINCO_OK,UNRESOLVED_DUE_TO_MISSING_CANDIDATE_PAYLOAD,same_drone_plan_start_to_finalize_plus_25ms_NOT_EXACT_ID
20260927_061256_1157439,u1e1,0,1790460791.039055,1790460791.179054976,SIDE_MINUS,side-minco|candidate-final-status|topology-post-check,|MINCO_OK|,UNRESOLVED_DUE_TO_MISSING_CANDIDATE_PAYLOAD,same_drone_plan_start_to_finalize_plus_25ms_NOT_EXACT_ID
20260927_061256_1157439,u1e1,0,1790460791.1874917,1790460791.327491522,NOMINAL,topology-post-check,,UNRESOLVED_DUE_TO_MISSING_CANDIDATE_PAYLOAD,same_drone_plan_start_to_finalize_plus_25ms_NOT_EXACT_ID
20260927_061256_1157439,u1e1,0,1790460791.1874917,1790460791.327491522,SIDE_PLUS,side-minco|candidate-final-status,|MINCO_OK,UNRESOLVED_DUE_TO_MISSING_CANDIDATE_PAYLOAD,same_drone_plan_start_to_finalize_plus_25ms_NOT_EXACT_ID
20260927_061256_1157439,u1e1,0,1790460791.1874917,1790460791.327491522,SIDE_MINUS,side-minco|candidate-final-status,|FEASIBLE_INITIALIZER_FALLBACK:,UNRESOLVED_DUE_TO_MISSING_CANDIDATE_PAYLOAD,same_drone_plan_start_to_finalize_plus_25ms_NOT_EXACT_ID
20260927_061256_1157439,u1e1,0,1790460791.4131808,1790460791.553180695,NOMINAL,topology-post-check,,UNRESOLVED_DUE_TO_MISSING_CANDIDATE_PAYLOAD,same_drone_plan_start_to_finalize_plus_25ms_NOT_EXACT_ID
20260927_061256_1157439,u1e1,0,1790460791.4131808,1790460791.553180695,SIDE_PLUS,side-minco|candidate-final-status,|MINCO_OK,UNRESOLVED_DUE_TO_MISSING_CANDIDATE_PAYLOAD,same_drone_plan_start_to_finalize_plus_25ms_NOT_EXACT_ID
20260927_061256_1157439,u1e1,0,1790460791.4131808,1790460791.553180695,SIDE_MINUS,side-minco|candidate-final-status,|MINCO_OK,UNRESOLVED_DUE_TO_MISSING_CANDIDATE_PAYLOAD,same_drone_plan_start_to_finalize_plus_25ms_NOT_EXACT_ID
20260927_061256_1157439,u1e1,0,1790460791.6663196,1790460791.806319475,NOMINAL,topology-post-check,,UNRESOLVED_DUE_TO_MISSING_CANDIDATE_PAYLOAD,same_drone_plan_start_to_finalize_plus_25ms_NOT_EXACT_ID
20260927_061256_1157439,u1e1,0,1790460791.6663196,1790460791.806319475,SIDE_PLUS,side-minco|candidate-final-status,|MINCO_OK,UNRESOLVED_DUE_TO_MISSING_CANDIDATE_PAYLOAD,same_drone_plan_start_to_finalize_plus_25ms_NOT_EXACT_ID
20260927_061256_1157439,u1e1,0,1790460791.6663196,1790460791.806319475,SIDE_MINUS,side-minco|candidate-final-status,|MINCO_OK,UNRESOLVED_DUE_TO_MISSING_CANDIDATE_PAYLOAD,same_drone_plan_start_to_finalize_plus_25ms_NOT_EXACT_ID
20260927_061256_1157439,u1e1,0,1790460791.9727077,1790460792.112707615,NOMINAL,,,UNRESOLVED_DUE_TO_MISSING_CANDIDATE_PAYLOAD,same_drone_plan_start_to_finalize_plus_25ms_NOT_EXACT_ID
20260927_061256_1157439,u1e1,0,1790460791.9727077,1790460792.112707615,SIDE_PLUS,side-minco|candidate-final-status|side-minco|candidate-final-status,|MINCO_OK||MINCO_OK,UNRESOLVED_DUE_TO_MISSING_CANDIDATE_PAYLOAD,same_drone_plan_start_to_finalize_plus_25ms_NOT_EXACT_ID
20260927_061256_1157439,u1e1,0,1790460791.9727077,1790460792.112707615,SIDE_MINUS,candidate-preinit-failure,NO_STATIC_FEASIBLE_SIDE,UNRESOLVED_DUE_TO_MISSING_CANDIDATE_PAYLOAD,same_drone_plan_start_to_finalize_plus_25ms_NOT_EXACT_ID
20260927_061256_1157439,u1e2,0,1790460791.9727077,1790460792.112707615,NOMINAL,,,UNRESOLVED_DUE_TO_MISSING_CANDIDATE_PAYLOAD,same_drone_plan_start_to_finalize_plus_25ms_NOT_EXACT_ID
20260927_061256_1157439,u1e2,0,1790460791.9727077,1790460792.112707615,SIDE_PLUS,side-minco|candidate-final-status|side-minco|candidate-final-status,|MINCO_OK||MINCO_OK,UNRESOLVED_DUE_TO_MISSING_CANDIDATE_PAYLOAD,same_drone_plan_start_to_finalize_plus_25ms_NOT_EXACT_ID
20260927_061256_1157439,u1e2,0,1790460791.9727077,1790460792.112707615,SIDE_MINUS,candidate-preinit-failure,NO_STATIC_FEASIBLE_SIDE,UNRESOLVED_DUE_TO_MISSING_CANDIDATE_PAYLOAD,same_drone_plan_start_to_finalize_plus_25ms_NOT_EXACT_ID
20260927_061256_1157439,u1e2,0,1790460792.0865424,1790460792.232819557,NOMINAL,,,UNRESOLVED_DUE_TO_MISSING_CANDIDATE_PAYLOAD,same_drone_plan_start_to_finalize_plus_25ms_NOT_EXACT_ID
20260927_061256_1157439,u1e2,0,1790460792.0865424,1790460792.232819557,SIDE_PLUS,side-minco|candidate-final-status|side-minco|candidate-final-status,|MINCO_OK||MINCO_OK,UNRESOLVED_DUE_TO_MISSING_CANDIDATE_PAYLOAD,same_drone_plan_start_to_finalize_plus_25ms_NOT_EXACT_ID
20260927_061256_1157439,u1e2,0,1790460792.0865424,1790460792.232819557,SIDE_MINUS,candidate-preinit-failure,NO_STATIC_FEASIBLE_SIDE,UNRESOLVED_DUE_TO_MISSING_CANDIDATE_PAYLOAD,same_drone_plan_start_to_finalize_plus_25ms_NOT_EXACT_ID
20260927_061256_1157439,u1e2,0,1790460792.1875217,1790460792.338168621,NOMINAL,,,UNRESOLVED_DUE_TO_MISSING_CANDIDATE_PAYLOAD,same_drone_plan_start_to_finalize_plus_25ms_NOT_EXACT_ID
20260927_061256_1157439,u1e2,0,1790460792.1875217,1790460792.338168621,SIDE_PLUS,side-minco|candidate-final-status|side-minco|candidate-final-status,|MINCO_OK||MINCO_OK,UNRESOLVED_DUE_TO_MISSING_CANDIDATE_PAYLOAD,same_drone_plan_start_to_finalize_plus_25ms_NOT_EXACT_ID
20260927_061256_1157439,u1e2,0,1790460792.1875217,1790460792.338168621,SIDE_MINUS,candidate-preinit-failure,NO_STATIC_FEASIBLE_SIDE,UNRESOLVED_DUE_TO_MISSING_CANDIDATE_PAYLOAD,same_drone_plan_start_to_finalize_plus_25ms_NOT_EXACT_ID
20260927_061256_1157439,u1e2,0,1790460792.287687,1790460792.442235708,NOMINAL,,,UNRESOLVED_DUE_TO_MISSING_CANDIDATE_PAYLOAD,same_drone_plan_start_to_finalize_plus_25ms_NOT_EXACT_ID
20260927_061256_1157439,u1e2,0,1790460792.287687,1790460792.442235708,SIDE_PLUS,side-minco|candidate-final-status|side-minco|candidate-final-status,|MINCO_OK||MINCO_OK,UNRESOLVED_DUE_TO_MISSING_CANDIDATE_PAYLOAD,same_drone_plan_start_to_finalize_plus_25ms_NOT_EXACT_ID
20260927_061256_1157439,u1e2,0,1790460792.287687,1790460792.442235708,SIDE_MINUS,candidate-preinit-failure,NO_STATIC_FEASIBLE_SIDE,UNRESOLVED_DUE_TO_MISSING_CANDIDATE_PAYLOAD,same_drone_plan_start_to_finalize_plus_25ms_NOT_EXACT_ID
20260927_061256_1157439,u1e2,0,1790460792.3938968,1790460792.552494764,NOMINAL,,,UNRESOLVED_DUE_TO_MISSING_CANDIDATE_PAYLOAD,same_drone_plan_start_to_finalize_plus_25ms_NOT_EXACT_ID
20260927_061256_1157439,u1e2,0,1790460792.3938968,1790460792.552494764,SIDE_PLUS,side-minco|candidate-final-status|side-minco|candidate-final-status,|MINCO_OK||MINCO_OK,UNRESOLVED_DUE_TO_MISSING_CANDIDATE_PAYLOAD,same_drone_plan_start_to_finalize_plus_25ms_NOT_EXACT_ID
20260927_061256_1157439,u1e2,0,1790460792.3938968,1790460792.552494764,SIDE_MINUS,candidate-preinit-failure,NO_STATIC_FEASIBLE_SIDE,UNRESOLVED_DUE_TO_MISSING_CANDIDATE_PAYLOAD,same_drone_plan_start_to_finalize_plus_25ms_NOT_EXACT_ID
20260927_061256_1157439,u1e2,0,1790460792.5067332,1790460792.669671535,NOMINAL,topology-post-check,,UNRESOLVED_DUE_TO_MISSING_CANDIDATE_PAYLOAD,same_drone_plan_start_to_finalize_plus_25ms_NOT_EXACT_ID
20260927_061256_1157439,u1e2,0,1790460792.5067332,1790460792.669671535,SIDE_PLUS,side-minco|candidate-final-status|side-minco|candidate-final-status,|MINCO_OK||MINCO_OK,UNRESOLVED_DUE_TO_MISSING_CANDIDATE_PAYLOAD,same_drone_plan_start_to_finalize_plus_25ms_NOT_EXACT_ID
20260927_061256_1157439,u1e2,0,1790460792.5067332,1790460792.669671535,SIDE_MINUS,candidate-preinit-failure|candidate-preinit-failure,NO_STATIC_FEASIBLE_SIDE|NO_STATIC_FEASIBLE_SIDE,UNRESOLVED_DUE_TO_MISSING_CANDIDATE_PAYLOAD,same_drone_plan_start_to_finalize_plus_25ms_NOT_EXACT_ID
20260927_061256_1157439,u1e2,0,1790460792.6053076,1790460792.770758390,NOMINAL,topology-post-check,,UNRESOLVED_DUE_TO_MISSING_CANDIDATE_PAYLOAD,same_drone_plan_start_to_finalize_plus_25ms_NOT_EXACT_ID
20260927_061256_1157439,u1e2,0,1790460792.6053076,1790460792.770758390,SIDE_PLUS,side-minco|candidate-final-status,|MINCO_OK,UNRESOLVED_DUE_TO_MISSING_CANDIDATE_PAYLOAD,same_drone_plan_start_to_finalize_plus_25ms_NOT_EXACT_ID
20260927_061256_1157439,u1e2,0,1790460792.6053076,1790460792.770758390,SIDE_MINUS,candidate-preinit-failure,NO_STATIC_FEASIBLE_SIDE,UNRESOLVED_DUE_TO_MISSING_CANDIDATE_PAYLOAD,same_drone_plan_start_to_finalize_plus_25ms_NOT_EXACT_ID
20260927_061256_1157439,u1e2,0,1790460792.8861258,1790460793.045716524,NOMINAL,,,UNRESOLVED_DUE_TO_MISSING_CANDIDATE_PAYLOAD,same_drone_plan_start_to_finalize_plus_25ms_NOT_EXACT_ID
20260927_061256_1157439,u1e2,0,1790460792.8861258,1790460793.045716524,SIDE_PLUS,side-minco|candidate-final-status,|MINCO_OK,UNRESOLVED_DUE_TO_MISSING_CANDIDATE_PAYLOAD,same_drone_plan_start_to_finalize_plus_25ms_NOT_EXACT_ID
20260927_061256_1157439,u1e2,0,1790460792.8861258,1790460793.045716524,SIDE_MINUS,side-minco|candidate-final-status|topology-post-check,|MINCO_OK|,UNRESOLVED_DUE_TO_MISSING_CANDIDATE_PAYLOAD,same_drone_plan_start_to_finalize_plus_25ms_NOT_EXACT_ID
20260927_061256_1157439,u1e2,0,1790460793.1800864,1790460793.334659815,NOMINAL,,,UNRESOLVED_DUE_TO_MISSING_CANDIDATE_PAYLOAD,same_drone_plan_start_to_finalize_plus_25ms_NOT_EXACT_ID
20260927_061256_1157439,u1e2,0,1790460793.1800864,1790460793.334659815,SIDE_PLUS,side-minco|candidate-final-status|topology-post-check,|MINCO_OK|,UNRESOLVED_DUE_TO_MISSING_CANDIDATE_PAYLOAD,same_drone_plan_start_to_finalize_plus_25ms_NOT_EXACT_ID
20260927_061256_1157439,u1e2,0,1790460793.1800864,1790460793.334659815,SIDE_MINUS,side-minco|candidate-final-status,|MINCO_OK,UNRESOLVED_DUE_TO_MISSING_CANDIDATE_PAYLOAD,same_drone_plan_start_to_finalize_plus_25ms_NOT_EXACT_ID
20260927_061256_1157439,u1e2,0,1790460793.4667215,1790460793.616833687,NOMINAL,topology-post-check,,UNRESOLVED_DUE_TO_MISSING_CANDIDATE_PAYLOAD,same_drone_plan_start_to_finalize_plus_25ms_NOT_EXACT_ID
20260927_061256_1157439,u1e2,0,1790460793.4667215,1790460793.616833687,SIDE_PLUS,side-minco|candidate-final-status,|MINCO_OK,UNRESOLVED_DUE_TO_MISSING_CANDIDATE_PAYLOAD,same_drone_plan_start_to_finalize_plus_25ms_NOT_EXACT_ID
20260927_061256_1157439,u1e2,0,1790460793.4667215,1790460793.616833687,SIDE_MINUS,side-minco|candidate-final-status,|MINCO_OK,UNRESOLVED_DUE_TO_MISSING_CANDIDATE_PAYLOAD,same_drone_plan_start_to_finalize_plus_25ms_NOT_EXACT_ID
20260927_061256_1157439,u1e2,0,1790460793.7479935,1790460793.893926620,NOMINAL,topology-post-check,,UNRESOLVED_DUE_TO_MISSING_CANDIDATE_PAYLOAD,same_drone_plan_start_to_finalize_plus_25ms_NOT_EXACT_ID
20260927_061256_1157439,u1e2,0,1790460793.7479935,1790460793.893926620,SIDE_PLUS,side-minco|candidate-final-status,|MINCO_OK,UNRESOLVED_DUE_TO_MISSING_CANDIDATE_PAYLOAD,same_drone_plan_start_to_finalize_plus_25ms_NOT_EXACT_ID
20260927_061256_1157439,u1e2,0,1790460793.7479935,1790460793.893926620,SIDE_MINUS,side-minco|candidate-final-status,|MINCO_OK,UNRESOLVED_DUE_TO_MISSING_CANDIDATE_PAYLOAD,same_drone_plan_start_to_finalize_plus_25ms_NOT_EXACT_ID
20260927_061256_1157439,u1e2,0,1790460794.0417368,1790460794.184136391,NOMINAL,topology-post-check,,UNRESOLVED_DUE_TO_MISSING_CANDIDATE_PAYLOAD,same_drone_plan_start_to_finalize_plus_25ms_NOT_EXACT_ID
20260927_061256_1157439,u1e2,0,1790460794.0417368,1790460794.184136391,SIDE_PLUS,side-minco|candidate-final-status,|MINCO_OK,UNRESOLVED_DUE_TO_MISSING_CANDIDATE_PAYLOAD,same_drone_plan_start_to_finalize_plus_25ms_NOT_EXACT_ID
20260927_061256_1157439,u1e2,0,1790460794.0417368,1790460794.184136391,SIDE_MINUS,side-minco|candidate-final-status,|MINCO_OK,UNRESOLVED_DUE_TO_MISSING_CANDIDATE_PAYLOAD,same_drone_plan_start_to_finalize_plus_25ms_NOT_EXACT_ID
20260927_061256_1157439,u1e2,0,1790460794.335628,1790460794.475627899,NOMINAL,topology-post-check,,UNRESOLVED_DUE_TO_MISSING_CANDIDATE_PAYLOAD,same_drone_plan_start_to_finalize_plus_25ms_NOT_EXACT_ID
20260927_061256_1157439,u1e2,0,1790460794.335628,1790460794.475627899,SIDE_PLUS,side-minco|candidate-final-status,|MINCO_OK,UNRESOLVED_DUE_TO_MISSING_CANDIDATE_PAYLOAD,same_drone_plan_start_to_finalize_plus_25ms_NOT_EXACT_ID
20260927_061256_1157439,u1e2,0,1790460794.335628,1790460794.475627899,SIDE_MINUS,side-minco|candidate-final-status,|MINCO_OK,UNRESOLVED_DUE_TO_MISSING_CANDIDATE_PAYLOAD,same_drone_plan_start_to_finalize_plus_25ms_NOT_EXACT_ID
20260927_061256_1157439,u1e2,0,1790460794.5905478,1790460794.730547667,NOMINAL,topology-post-check,,UNRESOLVED_DUE_TO_MISSING_CANDIDATE_PAYLOAD,same_drone_plan_start_to_finalize_plus_25ms_NOT_EXACT_ID
20260927_061256_1157439,u1e2,0,1790460794.5905478,1790460794.730547667,SIDE_PLUS,side-minco|candidate-final-status,|MINCO_OK,UNRESOLVED_DUE_TO_MISSING_CANDIDATE_PAYLOAD,same_drone_plan_start_to_finalize_plus_25ms_NOT_EXACT_ID
20260927_061256_1157439,u1e2,0,1790460794.5905478,1790460794.730547667,SIDE_MINUS,side-minco|candidate-final-status,|MINCO_OK,UNRESOLVED_DUE_TO_MISSING_CANDIDATE_PAYLOAD,same_drone_plan_start_to_finalize_plus_25ms_NOT_EXACT_ID
20260927_061256_1157439,u1e2,0,1790460794.8828454,1790460795.022845268,NOMINAL,topology-post-check,,UNRESOLVED_DUE_TO_MISSING_CANDIDATE_PAYLOAD,same_drone_plan_start_to_finalize_plus_25ms_NOT_EXACT_ID
20260927_061256_1157439,u1e2,0,1790460794.8828454,1790460795.022845268,SIDE_PLUS,side-minco|candidate-final-status,|MINCO_OK,UNRESOLVED_DUE_TO_MISSING_CANDIDATE_PAYLOAD,same_drone_plan_start_to_finalize_plus_25ms_NOT_EXACT_ID
20260927_061256_1157439,u1e2,0,1790460794.8828454,1790460795.022845268,SIDE_MINUS,side-minco|candidate-final-status,|MINCO_OK,UNRESOLVED_DUE_TO_MISSING_CANDIDATE_PAYLOAD,same_drone_plan_start_to_finalize_plus_25ms_NOT_EXACT_ID
20260927_061256_1157439,u1e3,0,1790460806.2937243,1790460806.454916477,NOMINAL,,,UNRESOLVED_DUE_TO_MISSING_CANDIDATE_PAYLOAD,same_drone_plan_start_to_finalize_plus_25ms_NOT_EXACT_ID
20260927_061256_1157439,u1e3,0,1790460806.2937243,1790460806.454916477,SIDE_PLUS,,,UNRESOLVED_DUE_TO_MISSING_CANDIDATE_PAYLOAD,same_drone_plan_start_to_finalize_plus_25ms_NOT_EXACT_ID
20260927_061256_1157439,u1e3,0,1790460806.2937243,1790460806.454916477,SIDE_MINUS,candidate-preinit-failure,NO_STATIC_FEASIBLE_SIDE,UNRESOLVED_DUE_TO_MISSING_CANDIDATE_PAYLOAD,same_drone_plan_start_to_finalize_plus_25ms_NOT_EXACT_ID
20260927_061256_1157439,u1e3,0,1790460806.4292173,1790460806.596732140,NOMINAL,,,UNRESOLVED_DUE_TO_MISSING_CANDIDATE_PAYLOAD,same_drone_plan_start_to_finalize_plus_25ms_NOT_EXACT_ID
20260927_061256_1157439,u1e3,0,1790460806.4292173,1790460806.596732140,SIDE_PLUS,side-minco|candidate-final-status|side-minco|candidate-final-status,|FEASIBLE_INITIALIZER_FALLBACK:||MINCO_OK,UNRESOLVED_DUE_TO_MISSING_CANDIDATE_PAYLOAD,same_drone_plan_start_to_finalize_plus_25ms_NOT_EXACT_ID
20260927_061256_1157439,u1e3,0,1790460806.4292173,1790460806.596732140,SIDE_MINUS,candidate-preinit-failure,NO_STATIC_FEASIBLE_SIDE,UNRESOLVED_DUE_TO_MISSING_CANDIDATE_PAYLOAD,same_drone_plan_start_to_finalize_plus_25ms_NOT_EXACT_ID
20260927_061256_1157439,u1e3,0,1790460806.574996,1790460806.749253511,NOMINAL,,,UNRESOLVED_DUE_TO_MISSING_CANDIDATE_PAYLOAD,same_drone_plan_start_to_finalize_plus_25ms_NOT_EXACT_ID
20260927_061256_1157439,u1e3,0,1790460806.574996,1790460806.749253511,SIDE_PLUS,side-minco|candidate-final-status|side-minco|candidate-final-status,|MINCO_OK||MINCO_OK,UNRESOLVED_DUE_TO_MISSING_CANDIDATE_PAYLOAD,same_drone_plan_start_to_finalize_plus_25ms_NOT_EXACT_ID
20260927_061256_1157439,u1e3,0,1790460806.574996,1790460806.749253511,SIDE_MINUS,candidate-preinit-failure,NO_STATIC_FEASIBLE_SIDE,UNRESOLVED_DUE_TO_MISSING_CANDIDATE_PAYLOAD,same_drone_plan_start_to_finalize_plus_25ms_NOT_EXACT_ID
20260927_061256_1157439,u1e3,0,1790460806.6869643,1790460806.863899708,NOMINAL,,,UNRESOLVED_DUE_TO_MISSING_CANDIDATE_PAYLOAD,same_drone_plan_start_to_finalize_plus_25ms_NOT_EXACT_ID
20260927_061256_1157439,u1e3,0,1790460806.6869643,1790460806.863899708,SIDE_PLUS,side-minco|candidate-final-status|side-minco|candidate-final-status,|MINCO_OK||MINCO_OK,UNRESOLVED_DUE_TO_MISSING_CANDIDATE_PAYLOAD,same_drone_plan_start_to_finalize_plus_25ms_NOT_EXACT_ID
20260927_061256_1157439,u1e3,0,1790460806.6869643,1790460806.863899708,SIDE_MINUS,candidate-preinit-failure,NO_STATIC_FEASIBLE_SIDE,UNRESOLVED_DUE_TO_MISSING_CANDIDATE_PAYLOAD,same_drone_plan_start_to_finalize_plus_25ms_NOT_EXACT_ID
20260927_061256_1157439,u1e3,0,1790460806.7894268,1790460806.967822552,NOMINAL,topology-post-check,,UNRESOLVED_DUE_TO_MISSING_CANDIDATE_PAYLOAD,same_drone_plan_start_to_finalize_plus_25ms_NOT_EXACT_ID
20260927_061256_1157439,u1e3,0,1790460806.7894268,1790460806.967822552,SIDE_PLUS,side-minco|candidate-final-status|side-minco|candidate-final-status,|MINCO_OK||MINCO_OK,UNRESOLVED_DUE_TO_MISSING_CANDIDATE_PAYLOAD,same_drone_plan_start_to_finalize_plus_25ms_NOT_EXACT_ID
20260927_061256_1157439,u1e3,0,1790460806.7894268,1790460806.967822552,SIDE_MINUS,candidate-preinit-failure|side-minco|candidate-final-status,NO_STATIC_FEASIBLE_SIDE||FEASIBLE_INITIALIZER_FALLBACK:,UNRESOLVED_DUE_TO_MISSING_CANDIDATE_PAYLOAD,same_drone_plan_start_to_finalize_plus_25ms_NOT_EXACT_ID
20260927_061256_1157439,u1e3,0,1790460806.8937926,1790460807.073679924,NOMINAL,topology-post-check,,UNRESOLVED_DUE_TO_MISSING_CANDIDATE_PAYLOAD,same_drone_plan_start_to_finalize_plus_25ms_NOT_EXACT_ID
20260927_061256_1157439,u1e3,0,1790460806.8937926,1790460807.073679924,SIDE_PLUS,side-minco|candidate-final-status,|MINCO_OK,UNRESOLVED_DUE_TO_MISSING_CANDIDATE_PAYLOAD,same_drone_plan_start_to_finalize_plus_25ms_NOT_EXACT_ID
20260927_061256_1157439,u1e3,0,1790460806.8937926,1790460807.073679924,SIDE_MINUS,side-minco|candidate-final-status,|FEASIBLE_INITIALIZER_FALLBACK:,UNRESOLVED_DUE_TO_MISSING_CANDIDATE_PAYLOAD,same_drone_plan_start_to_finalize_plus_25ms_NOT_EXACT_ID
20260927_061256_1157439,u1e3,0,1790460807.1697164,1790460807.342739344,NOMINAL,,,UNRESOLVED_DUE_TO_MISSING_CANDIDATE_PAYLOAD,same_drone_plan_start_to_finalize_plus_25ms_NOT_EXACT_ID
20260927_061256_1157439,u1e3,0,1790460807.1697164,1790460807.342739344,SIDE_PLUS,side-minco|candidate-final-status|topology-post-check,|MINCO_OK|,UNRESOLVED_DUE_TO_MISSING_CANDIDATE_PAYLOAD,same_drone_plan_start_to_finalize_plus_25ms_NOT_EXACT_ID
20260927_061256_1157439,u1e3,0,1790460807.1697164,1790460807.342739344,SIDE_MINUS,side-minco|candidate-final-status,|MINCO_OK,UNRESOLVED_DUE_TO_MISSING_CANDIDATE_PAYLOAD,same_drone_plan_start_to_finalize_plus_25ms_NOT_EXACT_ID
20260927_061256_1157439,u1e3,0,1790460807.4296587,1790460807.596342802,NOMINAL,,,UNRESOLVED_DUE_TO_MISSING_CANDIDATE_PAYLOAD,same_drone_plan_start_to_finalize_plus_25ms_NOT_EXACT_ID
20260927_061256_1157439,u1e3,0,1790460807.4296587,1790460807.596342802,SIDE_PLUS,side-minco|candidate-final-status|topology-post-check,|MINCO_OK|,UNRESOLVED_DUE_TO_MISSING_CANDIDATE_PAYLOAD,same_drone_plan_start_to_finalize_plus_25ms_NOT_EXACT_ID
20260927_061256_1157439,u1e3,0,1790460807.4296587,1790460807.596342802,SIDE_MINUS,side-minco|candidate-final-status,|MINCO_OK,UNRESOLVED_DUE_TO_MISSING_CANDIDATE_PAYLOAD,same_drone_plan_start_to_finalize_plus_25ms_NOT_EXACT_ID
20260927_061256_1157439,u1e3,0,1790460807.7252052,1790460807.886321783,NOMINAL,topology-post-check,,UNRESOLVED_DUE_TO_MISSING_CANDIDATE_PAYLOAD,same_drone_plan_start_to_finalize_plus_25ms_NOT_EXACT_ID
20260927_061256_1157439,u1e3,0,1790460807.7252052,1790460807.886321783,SIDE_PLUS,side-minco|candidate-final-status,|MINCO_OK,UNRESOLVED_DUE_TO_MISSING_CANDIDATE_PAYLOAD,same_drone_plan_start_to_finalize_plus_25ms_NOT_EXACT_ID
20260927_061256_1157439,u1e3,0,1790460807.7252052,1790460807.886321783,SIDE_MINUS,side-minco|candidate-final-status,|MINCO_OK,UNRESOLVED_DUE_TO_MISSING_CANDIDATE_PAYLOAD,same_drone_plan_start_to_finalize_plus_25ms_NOT_EXACT_ID
20260927_061256_1157439,u1e3,0,1790460808.0160904,1790460808.171822071,NOMINAL,,,UNRESOLVED_DUE_TO_MISSING_CANDIDATE_PAYLOAD,same_drone_plan_start_to_finalize_plus_25ms_NOT_EXACT_ID
20260927_061256_1157439,u1e3,0,1790460808.0160904,1790460808.171822071,SIDE_PLUS,side-minco|candidate-final-status,|MINCO_OK,UNRESOLVED_DUE_TO_MISSING_CANDIDATE_PAYLOAD,same_drone_plan_start_to_finalize_plus_25ms_NOT_EXACT_ID
20260927_061256_1157439,u1e3,0,1790460808.0160904,1790460808.171822071,SIDE_MINUS,side-minco|candidate-final-status|topology-post-check,|MINCO_OK|,UNRESOLVED_DUE_TO_MISSING_CANDIDATE_PAYLOAD,same_drone_plan_start_to_finalize_plus_25ms_NOT_EXACT_ID
20260927_061256_1157439,u1e3,0,1790460808.2691941,1790460808.420305729,NOMINAL,topology-post-check,,UNRESOLVED_DUE_TO_MISSING_CANDIDATE_PAYLOAD,same_drone_plan_start_to_finalize_plus_25ms_NOT_EXACT_ID
20260927_061256_1157439,u1e3,0,1790460808.2691941,1790460808.420305729,SIDE_PLUS,side-minco|candidate-final-status,|MINCO_OK,UNRESOLVED_DUE_TO_MISSING_CANDIDATE_PAYLOAD,same_drone_plan_start_to_finalize_plus_25ms_NOT_EXACT_ID
20260927_061256_1157439,u1e3,0,1790460808.2691941,1790460808.420305729,SIDE_MINUS,side-minco|candidate-final-status,|MINCO_OK,UNRESOLVED_DUE_TO_MISSING_CANDIDATE_PAYLOAD,same_drone_plan_start_to_finalize_plus_25ms_NOT_EXACT_ID
20260927_061256_1157439,u1e3,0,1790460808.5495872,1790460808.696618080,NOMINAL,,,UNRESOLVED_DUE_TO_MISSING_CANDIDATE_PAYLOAD,same_drone_plan_start_to_finalize_plus_25ms_NOT_EXACT_ID
20260927_061256_1157439,u1e3,0,1790460808.5495872,1790460808.696618080,SIDE_PLUS,side-minco|candidate-final-status,|FEASIBLE_INITIALIZER_FALLBACK:,UNRESOLVED_DUE_TO_MISSING_CANDIDATE_PAYLOAD,same_drone_plan_start_to_finalize_plus_25ms_NOT_EXACT_ID
20260927_061256_1157439,u1e3,0,1790460808.5495872,1790460808.696618080,SIDE_MINUS,side-minco|candidate-final-status|topology-post-check,|FEASIBLE_INITIALIZER_FALLBACK:|,UNRESOLVED_DUE_TO_MISSING_CANDIDATE_PAYLOAD,same_drone_plan_start_to_finalize_plus_25ms_NOT_EXACT_ID
20260927_061256_1157439,u1e3,0,1790460808.8306398,1790460808.974452972,NOMINAL,,,UNRESOLVED_DUE_TO_MISSING_CANDIDATE_PAYLOAD,same_drone_plan_start_to_finalize_plus_25ms_NOT_EXACT_ID
20260927_061256_1157439,u1e3,0,1790460808.8306398,1790460808.974452972,SIDE_PLUS,side-minco|candidate-final-status,|FEASIBLE_INITIALIZER_FALLBACK:,UNRESOLVED_DUE_TO_MISSING_CANDIDATE_PAYLOAD,same_drone_plan_start_to_finalize_plus_25ms_NOT_EXACT_ID
20260927_061256_1157439,u1e3,0,1790460808.8306398,1790460808.974452972,SIDE_MINUS,side-minco|candidate-final-status|topology-post-check,|FEASIBLE_INITIALIZER_FALLBACK:|,UNRESOLVED_DUE_TO_MISSING_CANDIDATE_PAYLOAD,same_drone_plan_start_to_finalize_plus_25ms_NOT_EXACT_ID
20260927_061256_1157439,u1e3,0,1790460809.0912912,1790460809.232701302,NOMINAL,,,UNRESOLVED_DUE_TO_MISSING_CANDIDATE_PAYLOAD,same_drone_plan_start_to_finalize_plus_25ms_NOT_EXACT_ID
20260927_061256_1157439,u1e3,0,1790460809.0912912,1790460809.232701302,SIDE_PLUS,side-minco|candidate-final-status,|FEASIBLE_INITIALIZER_FALLBACK:,UNRESOLVED_DUE_TO_MISSING_CANDIDATE_PAYLOAD,same_drone_plan_start_to_finalize_plus_25ms_NOT_EXACT_ID
20260927_061256_1157439,u1e3,0,1790460809.0912912,1790460809.232701302,SIDE_MINUS,side-minco|candidate-final-status|topology-post-check,|FEASIBLE_INITIALIZER_FALLBACK:|,UNRESOLVED_DUE_TO_MISSING_CANDIDATE_PAYLOAD,same_drone_plan_start_to_finalize_plus_25ms_NOT_EXACT_ID
20260927_061256_1157439,u1e3,0,1790460809.3688354,1790460809.508835316,NOMINAL,topology-post-check,,UNRESOLVED_DUE_TO_MISSING_CANDIDATE_PAYLOAD,same_drone_plan_start_to_finalize_plus_25ms_NOT_EXACT_ID
20260927_061256_1157439,u1e3,0,1790460809.3688354,1790460809.508835316,SIDE_PLUS,side-minco|candidate-final-status,|MINCO_OK,UNRESOLVED_DUE_TO_MISSING_CANDIDATE_PAYLOAD,same_drone_plan_start_to_finalize_plus_25ms_NOT_EXACT_ID
20260927_061256_1157439,u1e3,0,1790460809.3688354,1790460809.508835316,SIDE_MINUS,side-minco|candidate-final-status,|MINCO_OK,UNRESOLVED_DUE_TO_MISSING_CANDIDATE_PAYLOAD,same_drone_plan_start_to_finalize_plus_25ms_NOT_EXACT_ID
20260927_061256_1157439,u1e3,0,1790460809.661414,1790460809.801413774,NOMINAL,topology-post-check,,UNRESOLVED_DUE_TO_MISSING_CANDIDATE_PAYLOAD,same_drone_plan_start_to_finalize_plus_25ms_NOT_EXACT_ID
20260927_061256_1157439,u1e3,0,1790460809.661414,1790460809.801413774,SIDE_PLUS,,,UNRESOLVED_DUE_TO_MISSING_CANDIDATE_PAYLOAD,same_drone_plan_start_to_finalize_plus_25ms_NOT_EXACT_ID
20260927_061256_1157439,u1e3,0,1790460809.661414,1790460809.801413774,SIDE_MINUS,,,UNRESOLVED_DUE_TO_MISSING_CANDIDATE_PAYLOAD,same_drone_plan_start_to_finalize_plus_25ms_NOT_EXACT_ID
20260927_061256_1157439,u1e4,0,1790460821.0488436,1790460821.188843489,NOMINAL,,,UNRESOLVED_DUE_TO_MISSING_CANDIDATE_PAYLOAD,same_drone_plan_start_to_finalize_plus_25ms_NOT_EXACT_ID
20260927_061256_1157439,u1e4,0,1790460821.0488436,1790460821.188843489,SIDE_PLUS,side-minco|candidate-final-status|topology-post-check,SCP_FINAL_OK|MINCO_OK|,UNRESOLVED_DUE_TO_MISSING_CANDIDATE_PAYLOAD,same_drone_plan_start_to_finalize_plus_25ms_NOT_EXACT_ID
20260927_061256_1157439,u1e4,0,1790460821.0488436,1790460821.188843489,SIDE_MINUS,candidate-preinit-failure,NO_STATIC_FEASIBLE_SIDE,UNRESOLVED_DUE_TO_MISSING_CANDIDATE_PAYLOAD,same_drone_plan_start_to_finalize_plus_25ms_NOT_EXACT_ID
20260927_061256_1157439,u1e4,0,1790460821.307833,1790460821.447832823,NOMINAL,,,UNRESOLVED_DUE_TO_MISSING_CANDIDATE_PAYLOAD,same_drone_plan_start_to_finalize_plus_25ms_NOT_EXACT_ID
20260927_061256_1157439,u1e4,0,1790460821.307833,1790460821.447832823,SIDE_PLUS,side-minco|candidate-final-status|topology-post-check,SCP_FINAL_OK|MINCO_OK|,UNRESOLVED_DUE_TO_MISSING_CANDIDATE_PAYLOAD,same_drone_plan_start_to_finalize_plus_25ms_NOT_EXACT_ID
20260927_061256_1157439,u1e4,0,1790460821.307833,1790460821.447832823,SIDE_MINUS,candidate-preinit-failure,NO_STATIC_FEASIBLE_SIDE,UNRESOLVED_DUE_TO_MISSING_CANDIDATE_PAYLOAD,same_drone_plan_start_to_finalize_plus_25ms_NOT_EXACT_ID
20260927_061256_1157439,u1e4,0,1790460821.5909605,1790460821.730960369,NOMINAL,,,UNRESOLVED_DUE_TO_MISSING_CANDIDATE_PAYLOAD,same_drone_plan_start_to_finalize_plus_25ms_NOT_EXACT_ID
20260927_061256_1157439,u1e4,0,1790460821.5909605,1790460821.730960369,SIDE_PLUS,side-minco|candidate-final-status|topology-post-check,|MINCO_OK|,UNRESOLVED_DUE_TO_MISSING_CANDIDATE_PAYLOAD,same_drone_plan_start_to_finalize_plus_25ms_NOT_EXACT_ID
20260927_061256_1157439,u1e4,0,1790460821.5909605,1790460821.730960369,SIDE_MINUS,candidate-preinit-failure,NO_STATIC_FEASIBLE_SIDE,UNRESOLVED_DUE_TO_MISSING_CANDIDATE_PAYLOAD,same_drone_plan_start_to_finalize_plus_25ms_NOT_EXACT_ID
20260927_061256_1157439,u1e4,0,1790460821.8581476,1790460821.998147488,NOMINAL,,,UNRESOLVED_DUE_TO_MISSING_CANDIDATE_PAYLOAD,same_drone_plan_start_to_finalize_plus_25ms_NOT_EXACT_ID
20260927_061256_1157439,u1e4,0,1790460821.8581476,1790460821.998147488,SIDE_PLUS,side-minco|candidate-final-status|topology-post-check,SCP_FINAL_OK|MINCO_OK|,UNRESOLVED_DUE_TO_MISSING_CANDIDATE_PAYLOAD,same_drone_plan_start_to_finalize_plus_25ms_NOT_EXACT_ID
20260927_061256_1157439,u1e4,0,1790460821.8581476,1790460821.998147488,SIDE_MINUS,side-minco|candidate-final-status,|MINCO_OK,UNRESOLVED_DUE_TO_MISSING_CANDIDATE_PAYLOAD,same_drone_plan_start_to_finalize_plus_25ms_NOT_EXACT_ID
20260927_061256_1157439,u1e4,0,1790460822.1571298,1790460822.297129631,NOMINAL,topology-post-check,,UNRESOLVED_DUE_TO_MISSING_CANDIDATE_PAYLOAD,same_drone_plan_start_to_finalize_plus_25ms_NOT_EXACT_ID
20260927_061256_1157439,u1e4,0,1790460822.1571298,1790460822.297129631,SIDE_PLUS,side-minco|candidate-final-status,|MINCO_OK,UNRESOLVED_DUE_TO_MISSING_CANDIDATE_PAYLOAD,same_drone_plan_start_to_finalize_plus_25ms_NOT_EXACT_ID
20260927_061256_1157439,u1e4,0,1790460822.1571298,1790460822.297129631,SIDE_MINUS,side-minco|candidate-final-status,|MINCO_OK,UNRESOLVED_DUE_TO_MISSING_CANDIDATE_PAYLOAD,same_drone_plan_start_to_finalize_plus_25ms_NOT_EXACT_ID
20260927_061256_1157439,u1e4,0,1790460822.4542928,1790460822.594292641,NOMINAL,topology-post-check,,UNRESOLVED_DUE_TO_MISSING_CANDIDATE_PAYLOAD,same_drone_plan_start_to_finalize_plus_25ms_NOT_EXACT_ID
20260927_061256_1157439,u1e4,0,1790460822.4542928,1790460822.594292641,SIDE_PLUS,side-minco|candidate-final-status,|MINCO_OK,UNRESOLVED_DUE_TO_MISSING_CANDIDATE_PAYLOAD,same_drone_plan_start_to_finalize_plus_25ms_NOT_EXACT_ID
20260927_061256_1157439,u1e4,0,1790460822.4542928,1790460822.594292641,SIDE_MINUS,side-minco|candidate-final-status,|MINCO_OK,UNRESOLVED_DUE_TO_MISSING_CANDIDATE_PAYLOAD,same_drone_plan_start_to_finalize_plus_25ms_NOT_EXACT_ID
20260927_061256_1157439,u1e4,0,1790460822.7180007,1790460822.858000517,NOMINAL,topology-post-check,,UNRESOLVED_DUE_TO_MISSING_CANDIDATE_PAYLOAD,same_drone_plan_start_to_finalize_plus_25ms_NOT_EXACT_ID
20260927_061256_1157439,u1e4,0,1790460822.7180007,1790460822.858000517,SIDE_PLUS,side-minco|candidate-final-status,|MINCO_OK,UNRESOLVED_DUE_TO_MISSING_CANDIDATE_PAYLOAD,same_drone_plan_start_to_finalize_plus_25ms_NOT_EXACT_ID
20260927_061256_1157439,u1e4,0,1790460822.7180007,1790460822.858000517,SIDE_MINUS,side-minco|candidate-final-status,|MINCO_OK,UNRESOLVED_DUE_TO_MISSING_CANDIDATE_PAYLOAD,same_drone_plan_start_to_finalize_plus_25ms_NOT_EXACT_ID
20260927_061256_1157439,u1e4,0,1790460822.9727511,1790460823.112751007,NOMINAL,topology-post-check,,UNRESOLVED_DUE_TO_MISSING_CANDIDATE_PAYLOAD,same_drone_plan_start_to_finalize_plus_25ms_NOT_EXACT_ID
20260927_061256_1157439,u1e4,0,1790460822.9727511,1790460823.112751007,SIDE_PLUS,side-minco|candidate-final-status,|MINCO_OK,UNRESOLVED_DUE_TO_MISSING_CANDIDATE_PAYLOAD,same_drone_plan_start_to_finalize_plus_25ms_NOT_EXACT_ID
20260927_061256_1157439,u1e4,0,1790460822.9727511,1790460823.112751007,SIDE_MINUS,side-minco|candidate-final-status,|MINCO_OK,UNRESOLVED_DUE_TO_MISSING_CANDIDATE_PAYLOAD,same_drone_plan_start_to_finalize_plus_25ms_NOT_EXACT_ID
20260927_061256_1157439,u1e4,0,1790460823.2748528,1790460823.414852619,NOMINAL,topology-post-check,,UNRESOLVED_DUE_TO_MISSING_CANDIDATE_PAYLOAD,same_drone_plan_start_to_finalize_plus_25ms_NOT_EXACT_ID
20260927_061256_1157439,u1e4,0,1790460823.2748528,1790460823.414852619,SIDE_PLUS,side-minco|candidate-final-status,|MINCO_OK,UNRESOLVED_DUE_TO_MISSING_CANDIDATE_PAYLOAD,same_drone_plan_start_to_finalize_plus_25ms_NOT_EXACT_ID
20260927_061256_1157439,u1e4,0,1790460823.2748528,1790460823.414852619,SIDE_MINUS,side-minco|candidate-final-status,|MINCO_OK,UNRESOLVED_DUE_TO_MISSING_CANDIDATE_PAYLOAD,same_drone_plan_start_to_finalize_plus_25ms_NOT_EXACT_ID
20260927_061256_1157439,u1e4,0,1790460823.5328896,1790460823.672889471,NOMINAL,topology-post-check,,UNRESOLVED_DUE_TO_MISSING_CANDIDATE_PAYLOAD,same_drone_plan_start_to_finalize_plus_25ms_NOT_EXACT_ID
20260927_061256_1157439,u1e4,0,1790460823.5328896,1790460823.672889471,SIDE_PLUS,side-minco|candidate-final-status,|MINCO_OK,UNRESOLVED_DUE_TO_MISSING_CANDIDATE_PAYLOAD,same_drone_plan_start_to_finalize_plus_25ms_NOT_EXACT_ID
20260927_061256_1157439,u1e4,0,1790460823.5328896,1790460823.672889471,SIDE_MINUS,side-minco|candidate-final-status,|MINCO_OK,UNRESOLVED_DUE_TO_MISSING_CANDIDATE_PAYLOAD,same_drone_plan_start_to_finalize_plus_25ms_NOT_EXACT_ID
20260927_061256_1157439,u1e5,0,1790460825.5016413,1790460825.641641140,NOMINAL,topology-post-check,,UNRESOLVED_DUE_TO_MISSING_CANDIDATE_PAYLOAD,same_drone_plan_start_to_finalize_plus_25ms_NOT_EXACT_ID
20260927_061256_1157439,u1e5,0,1790460825.5016413,1790460825.641641140,SIDE_PLUS,,,UNRESOLVED_DUE_TO_MISSING_CANDIDATE_PAYLOAD,same_drone_plan_start_to_finalize_plus_25ms_NOT_EXACT_ID
20260927_061256_1157439,u1e5,0,1790460825.5016413,1790460825.641641140,SIDE_MINUS,,,UNRESOLVED_DUE_TO_MISSING_CANDIDATE_PAYLOAD,same_drone_plan_start_to_finalize_plus_25ms_NOT_EXACT_ID
20260927_061256_1157439,u1e5,0,1790460825.7825234,1790460825.922523260,NOMINAL,topology-post-check,,UNRESOLVED_DUE_TO_MISSING_CANDIDATE_PAYLOAD,same_drone_plan_start_to_finalize_plus_25ms_NOT_EXACT_ID
20260927_061256_1157439,u1e5,0,1790460825.7825234,1790460825.922523260,SIDE_PLUS,,,UNRESOLVED_DUE_TO_MISSING_CANDIDATE_PAYLOAD,same_drone_plan_start_to_finalize_plus_25ms_NOT_EXACT_ID
20260927_061256_1157439,u1e5,0,1790460825.7825234,1790460825.922523260,SIDE_MINUS,,,UNRESOLVED_DUE_TO_MISSING_CANDIDATE_PAYLOAD,same_drone_plan_start_to_finalize_plus_25ms_NOT_EXACT_ID
20260927_061256_1157439,u1e5,0,1790460826.0743818,1790460826.214381695,NOMINAL,topology-post-check,,UNRESOLVED_DUE_TO_MISSING_CANDIDATE_PAYLOAD,same_drone_plan_start_to_finalize_plus_25ms_NOT_EXACT_ID
20260927_061256_1157439,u1e5,0,1790460826.0743818,1790460826.214381695,SIDE_PLUS,,,UNRESOLVED_DUE_TO_MISSING_CANDIDATE_PAYLOAD,same_drone_plan_start_to_finalize_plus_25ms_NOT_EXACT_ID
20260927_061256_1157439,u1e5,0,1790460826.0743818,1790460826.214381695,SIDE_MINUS,,,UNRESOLVED_DUE_TO_MISSING_CANDIDATE_PAYLOAD,same_drone_plan_start_to_finalize_plus_25ms_NOT_EXACT_ID
20260927_061256_1157439,u1e5,0,1790460826.3340802,1790460826.474080086,NOMINAL,topology-post-check,,UNRESOLVED_DUE_TO_MISSING_CANDIDATE_PAYLOAD,same_drone_plan_start_to_finalize_plus_25ms_NOT_EXACT_ID
20260927_061256_1157439,u1e5,0,1790460826.3340802,1790460826.474080086,SIDE_PLUS,,,UNRESOLVED_DUE_TO_MISSING_CANDIDATE_PAYLOAD,same_drone_plan_start_to_finalize_plus_25ms_NOT_EXACT_ID
20260927_061256_1157439,u1e5,0,1790460826.3340802,1790460826.474080086,SIDE_MINUS,,,UNRESOLVED_DUE_TO_MISSING_CANDIDATE_PAYLOAD,same_drone_plan_start_to_finalize_plus_25ms_NOT_EXACT_ID
20260927_061256_1157439,u1e5,0,1790460826.6204135,1790460826.760413408,NOMINAL,,,UNRESOLVED_DUE_TO_MISSING_CANDIDATE_PAYLOAD,same_drone_plan_start_to_finalize_plus_25ms_NOT_EXACT_ID
20260927_061256_1157439,u1e5,0,1790460826.6204135,1790460826.760413408,SIDE_PLUS,candidate-preinit-failure,NO_STATIC_FEASIBLE_SIDE,UNRESOLVED_DUE_TO_MISSING_CANDIDATE_PAYLOAD,same_drone_plan_start_to_finalize_plus_25ms_NOT_EXACT_ID
20260927_061256_1157439,u1e5,0,1790460826.6204135,1790460826.760413408,SIDE_MINUS,side-minco|candidate-final-status|side-minco|candidate-final-status,|FEASIBLE_INITIALIZER_FALLBACK:||FEASIBLE_INITIALIZER_FALLBACK:,UNRESOLVED_DUE_TO_MISSING_CANDIDATE_PAYLOAD,same_drone_plan_start_to_finalize_plus_25ms_NOT_EXACT_ID
20260927_061256_1157439,u1e5,0,1790460826.7070131,1790460826.850575209,NOMINAL,,,UNRESOLVED_DUE_TO_MISSING_CANDIDATE_PAYLOAD,same_drone_plan_start_to_finalize_plus_25ms_NOT_EXACT_ID
20260927_061256_1157439,u1e5,0,1790460826.7070131,1790460826.850575209,SIDE_PLUS,candidate-preinit-failure,NO_STATIC_FEASIBLE_SIDE,UNRESOLVED_DUE_TO_MISSING_CANDIDATE_PAYLOAD,same_drone_plan_start_to_finalize_plus_25ms_NOT_EXACT_ID
20260927_061256_1157439,u1e5,0,1790460826.7070131,1790460826.850575209,SIDE_MINUS,side-minco|candidate-final-status|side-minco|candidate-final-status,|FEASIBLE_INITIALIZER_FALLBACK:||FEASIBLE_INITIALIZER_FALLBACK:,UNRESOLVED_DUE_TO_MISSING_CANDIDATE_PAYLOAD,same_drone_plan_start_to_finalize_plus_25ms_NOT_EXACT_ID
20260927_061256_1157439,u1e5,0,1790460826.7818112,1790460826.927454710,NOMINAL,,,UNRESOLVED_DUE_TO_MISSING_CANDIDATE_PAYLOAD,same_drone_plan_start_to_finalize_plus_25ms_NOT_EXACT_ID
20260927_061256_1157439,u1e5,0,1790460826.7818112,1790460826.927454710,SIDE_PLUS,candidate-preinit-failure,NO_STATIC_FEASIBLE_SIDE,UNRESOLVED_DUE_TO_MISSING_CANDIDATE_PAYLOAD,same_drone_plan_start_to_finalize_plus_25ms_NOT_EXACT_ID
20260927_061256_1157439,u1e5,0,1790460826.7818112,1790460826.927454710,SIDE_MINUS,side-minco|candidate-final-status|side-minco|candidate-final-status,|FEASIBLE_INITIALIZER_FALLBACK:||FEASIBLE_INITIALIZER_FALLBACK:,UNRESOLVED_DUE_TO_MISSING_CANDIDATE_PAYLOAD,same_drone_plan_start_to_finalize_plus_25ms_NOT_EXACT_ID
20260927_061256_1157439,u1e5,0,1790460826.8556352,1790460827.003015041,NOMINAL,,,UNRESOLVED_DUE_TO_MISSING_CANDIDATE_PAYLOAD,same_drone_plan_start_to_finalize_plus_25ms_NOT_EXACT_ID
20260927_061256_1157439,u1e5,0,1790460826.8556352,1790460827.003015041,SIDE_PLUS,candidate-preinit-failure|candidate-preinit-failure,NO_STATIC_FEASIBLE_SIDE|NO_STATIC_FEASIBLE_SIDE,UNRESOLVED_DUE_TO_MISSING_CANDIDATE_PAYLOAD,same_drone_plan_start_to_finalize_plus_25ms_NOT_EXACT_ID
20260927_061256_1157439,u1e5,0,1790460826.8556352,1790460827.003015041,SIDE_MINUS,side-minco|candidate-final-status|side-minco|candidate-final-status|topology-post-check,|FEASIBLE_INITIALIZER_FALLBACK:||MINCO_OK|,UNRESOLVED_DUE_TO_MISSING_CANDIDATE_PAYLOAD,same_drone_plan_start_to_finalize_plus_25ms_NOT_EXACT_ID
20260927_061256_1157439,u1e5,0,1790460826.9394636,1790460827.089409113,NOMINAL,,,UNRESOLVED_DUE_TO_MISSING_CANDIDATE_PAYLOAD,same_drone_plan_start_to_finalize_plus_25ms_NOT_EXACT_ID
20260927_061256_1157439,u1e5,0,1790460826.9394636,1790460827.089409113,SIDE_PLUS,candidate-preinit-failure,NO_STATIC_FEASIBLE_SIDE,UNRESOLVED_DUE_TO_MISSING_CANDIDATE_PAYLOAD,same_drone_plan_start_to_finalize_plus_25ms_NOT_EXACT_ID
20260927_061256_1157439,u1e5,0,1790460826.9394636,1790460827.089409113,SIDE_MINUS,side-minco|candidate-final-status|topology-post-check,|MINCO_OK|,UNRESOLVED_DUE_TO_MISSING_CANDIDATE_PAYLOAD,same_drone_plan_start_to_finalize_plus_25ms_NOT_EXACT_ID
20260927_061256_1157439,u1e5,0,1790460827.1976607,1790460827.343228340,NOMINAL,,,UNRESOLVED_DUE_TO_MISSING_CANDIDATE_PAYLOAD,same_drone_plan_start_to_finalize_plus_25ms_NOT_EXACT_ID
20260927_061256_1157439,u1e5,0,1790460827.1976607,1790460827.343228340,SIDE_PLUS,candidate-preinit-failure,NO_STATIC_FEASIBLE_SIDE,UNRESOLVED_DUE_TO_MISSING_CANDIDATE_PAYLOAD,same_drone_plan_start_to_finalize_plus_25ms_NOT_EXACT_ID
20260927_061256_1157439,u1e5,0,1790460827.1976607,1790460827.343228340,SIDE_MINUS,side-minco|candidate-final-status|topology-post-check,|MINCO_OK|,UNRESOLVED_DUE_TO_MISSING_CANDIDATE_PAYLOAD,same_drone_plan_start_to_finalize_plus_25ms_NOT_EXACT_ID
20260927_061256_1157439,u1e6,0,1790460845.0175185,1790460845.166475534,NOMINAL,,,UNRESOLVED_DUE_TO_MISSING_CANDIDATE_PAYLOAD,same_drone_plan_start_to_finalize_plus_25ms_NOT_EXACT_ID
20260927_061256_1157439,u1e6,0,1790460845.0175185,1790460845.166475534,SIDE_PLUS,side-minco|candidate-final-status,|MINCO_OK,UNRESOLVED_DUE_TO_MISSING_CANDIDATE_PAYLOAD,same_drone_plan_start_to_finalize_plus_25ms_NOT_EXACT_ID
20260927_061256_1157439,u1e6,0,1790460845.0175185,1790460845.166475534,SIDE_MINUS,candidate-preinit-failure,NO_STATIC_FEASIBLE_SIDE,UNRESOLVED_DUE_TO_MISSING_CANDIDATE_PAYLOAD,same_drone_plan_start_to_finalize_plus_25ms_NOT_EXACT_ID
20260927_061256_1157439,u1e6,0,1790460845.1192658,1790460845.272427082,NOMINAL,,,UNRESOLVED_DUE_TO_MISSING_CANDIDATE_PAYLOAD,same_drone_plan_start_to_finalize_plus_25ms_NOT_EXACT_ID
20260927_061256_1157439,u1e6,0,1790460845.1192658,1790460845.272427082,SIDE_PLUS,side-minco|candidate-final-status,|FEASIBLE_INITIALIZER_FALLBACK:,UNRESOLVED_DUE_TO_MISSING_CANDIDATE_PAYLOAD,same_drone_plan_start_to_finalize_plus_25ms_NOT_EXACT_ID
20260927_061256_1157439,u1e6,0,1790460845.1192658,1790460845.272427082,SIDE_MINUS,candidate-preinit-failure,NO_STATIC_FEASIBLE_SIDE,UNRESOLVED_DUE_TO_MISSING_CANDIDATE_PAYLOAD,same_drone_plan_start_to_finalize_plus_25ms_NOT_EXACT_ID
20260927_061256_1157439,u1e6,0,1790460845.2182982,1790460845.374983549,NOMINAL,,,UNRESOLVED_DUE_TO_MISSING_CANDIDATE_PAYLOAD,same_drone_plan_start_to_finalize_plus_25ms_NOT_EXACT_ID
20260927_061256_1157439,u1e6,0,1790460845.2182982,1790460845.374983549,SIDE_PLUS,side-minco|candidate-final-status,|MINCO_OK,UNRESOLVED_DUE_TO_MISSING_CANDIDATE_PAYLOAD,same_drone_plan_start_to_finalize_plus_25ms_NOT_EXACT_ID
20260927_061256_1157439,u1e6,0,1790460845.2182982,1790460845.374983549,SIDE_MINUS,candidate-preinit-failure,NO_STATIC_FEASIBLE_SIDE,UNRESOLVED_DUE_TO_MISSING_CANDIDATE_PAYLOAD,same_drone_plan_start_to_finalize_plus_25ms_NOT_EXACT_ID
20260927_061256_1157439,u1e6,0,1790460845.3097568,1790460845.468861103,NOMINAL,topology-post-check,,UNRESOLVED_DUE_TO_MISSING_CANDIDATE_PAYLOAD,same_drone_plan_start_to_finalize_plus_25ms_NOT_EXACT_ID
20260927_061256_1157439,u1e6,0,1790460845.3097568,1790460845.468861103,SIDE_PLUS,side-minco|candidate-final-status|side-minco|candidate-final-status,|MINCO_OK||MINCO_OK,UNRESOLVED_DUE_TO_MISSING_CANDIDATE_PAYLOAD,same_drone_plan_start_to_finalize_plus_25ms_NOT_EXACT_ID
20260927_061256_1157439,u1e6,0,1790460845.3097568,1790460845.468861103,SIDE_MINUS,candidate-preinit-failure|candidate-preinit-failure,NO_STATIC_FEASIBLE_SIDE|NO_STATIC_FEASIBLE_SIDE,UNRESOLVED_DUE_TO_MISSING_CANDIDATE_PAYLOAD,same_drone_plan_start_to_finalize_plus_25ms_NOT_EXACT_ID
20260927_061256_1157439,u1e6,0,1790460845.4001307,1790460845.561304092,NOMINAL,topology-post-check,,UNRESOLVED_DUE_TO_MISSING_CANDIDATE_PAYLOAD,same_drone_plan_start_to_finalize_plus_25ms_NOT_EXACT_ID
20260927_061256_1157439,u1e6,0,1790460845.4001307,1790460845.561304092,SIDE_PLUS,side-minco|candidate-final-status,|MINCO_OK,UNRESOLVED_DUE_TO_MISSING_CANDIDATE_PAYLOAD,same_drone_plan_start_to_finalize_plus_25ms_NOT_EXACT_ID
20260927_061256_1157439,u1e6,0,1790460845.4001307,1790460845.561304092,SIDE_MINUS,candidate-preinit-failure,NO_STATIC_FEASIBLE_SIDE,UNRESOLVED_DUE_TO_MISSING_CANDIDATE_PAYLOAD,same_drone_plan_start_to_finalize_plus_25ms_NOT_EXACT_ID
20260927_061256_1157439,u1e6,0,1790460845.6721694,1790460845.827774048,NOMINAL,,,UNRESOLVED_DUE_TO_MISSING_CANDIDATE_PAYLOAD,same_drone_plan_start_to_finalize_plus_25ms_NOT_EXACT_ID
20260927_061256_1157439,u1e6,0,1790460845.6721694,1790460845.827774048,SIDE_PLUS,side-minco|candidate-final-status|topology-post-check,|MINCO_OK|,UNRESOLVED_DUE_TO_MISSING_CANDIDATE_PAYLOAD,same_drone_plan_start_to_finalize_plus_25ms_NOT_EXACT_ID
20260927_061256_1157439,u1e6,0,1790460845.6721694,1790460845.827774048,SIDE_MINUS,side-minco|candidate-final-status,|MINCO_OK,UNRESOLVED_DUE_TO_MISSING_CANDIDATE_PAYLOAD,same_drone_plan_start_to_finalize_plus_25ms_NOT_EXACT_ID
20260927_061256_1157439,u1e6,0,1790460845.9483488,1790460846.099202394,NOMINAL,,,UNRESOLVED_DUE_TO_MISSING_CANDIDATE_PAYLOAD,same_drone_plan_start_to_finalize_plus_25ms_NOT_EXACT_ID
20260927_061256_1157439,u1e6,0,1790460845.9483488,1790460846.099202394,SIDE_PLUS,side-minco|candidate-final-status|topology-post-check,|MINCO_OK|,UNRESOLVED_DUE_TO_MISSING_CANDIDATE_PAYLOAD,same_drone_plan_start_to_finalize_plus_25ms_NOT_EXACT_ID
20260927_061256_1157439,u1e6,0,1790460845.9483488,1790460846.099202394,SIDE_MINUS,side-minco|candidate-final-status,|MINCO_OK,UNRESOLVED_DUE_TO_MISSING_CANDIDATE_PAYLOAD,same_drone_plan_start_to_finalize_plus_25ms_NOT_EXACT_ID
20260927_061256_1157439,u1e6,0,1790460846.2373648,1790460846.383871078,NOMINAL,,,UNRESOLVED_DUE_TO_MISSING_CANDIDATE_PAYLOAD,same_drone_plan_start_to_finalize_plus_25ms_NOT_EXACT_ID
20260927_061256_1157439,u1e6,0,1790460846.2373648,1790460846.383871078,SIDE_PLUS,side-minco|candidate-final-status|topology-post-check,|MINCO_OK|,UNRESOLVED_DUE_TO_MISSING_CANDIDATE_PAYLOAD,same_drone_plan_start_to_finalize_plus_25ms_NOT_EXACT_ID
20260927_061256_1157439,u1e6,0,1790460846.2373648,1790460846.383871078,SIDE_MINUS,side-minco|candidate-final-status,|MINCO_OK,UNRESOLVED_DUE_TO_MISSING_CANDIDATE_PAYLOAD,same_drone_plan_start_to_finalize_plus_25ms_NOT_EXACT_ID
20260927_061256_1157439,u1e6,0,1790460846.4889212,1790460846.631528616,NOMINAL,topology-post-check,,UNRESOLVED_DUE_TO_MISSING_CANDIDATE_PAYLOAD,same_drone_plan_start_to_finalize_plus_25ms_NOT_EXACT_ID
20260927_061256_1157439,u1e6,0,1790460846.4889212,1790460846.631528616,SIDE_PLUS,side-minco|candidate-final-status,|MINCO_OK,UNRESOLVED_DUE_TO_MISSING_CANDIDATE_PAYLOAD,same_drone_plan_start_to_finalize_plus_25ms_NOT_EXACT_ID
20260927_061256_1157439,u1e6,0,1790460846.4889212,1790460846.631528616,SIDE_MINUS,side-minco|candidate-final-status,|MINCO_OK,UNRESOLVED_DUE_TO_MISSING_CANDIDATE_PAYLOAD,same_drone_plan_start_to_finalize_plus_25ms_NOT_EXACT_ID
20260927_061256_1157439,u1e6,0,1790460846.7756937,1790460846.915693521,NOMINAL,topology-post-check,,UNRESOLVED_DUE_TO_MISSING_CANDIDATE_PAYLOAD,same_drone_plan_start_to_finalize_plus_25ms_NOT_EXACT_ID
20260927_061256_1157439,u1e6,0,1790460846.7756937,1790460846.915693521,SIDE_PLUS,side-minco|candidate-final-status,|MINCO_OK,UNRESOLVED_DUE_TO_MISSING_CANDIDATE_PAYLOAD,same_drone_plan_start_to_finalize_plus_25ms_NOT_EXACT_ID
20260927_061256_1157439,u1e6,0,1790460846.7756937,1790460846.915693521,SIDE_MINUS,side-minco|candidate-final-status,|MINCO_OK,UNRESOLVED_DUE_TO_MISSING_CANDIDATE_PAYLOAD,same_drone_plan_start_to_finalize_plus_25ms_NOT_EXACT_ID
20260927_061256_1157439,u1e6,0,1790460847.0506332,1790460847.190633059,NOMINAL,topology-post-check,,UNRESOLVED_DUE_TO_MISSING_CANDIDATE_PAYLOAD,same_drone_plan_start_to_finalize_plus_25ms_NOT_EXACT_ID
20260927_061256_1157439,u1e6,0,1790460847.0506332,1790460847.190633059,SIDE_PLUS,side-minco|candidate-final-status,|MINCO_OK,UNRESOLVED_DUE_TO_MISSING_CANDIDATE_PAYLOAD,same_drone_plan_start_to_finalize_plus_25ms_NOT_EXACT_ID
20260927_061256_1157439,u1e6,0,1790460847.0506332,1790460847.190633059,SIDE_MINUS,side-minco|candidate-final-status,|MINCO_OK,UNRESOLVED_DUE_TO_MISSING_CANDIDATE_PAYLOAD,same_drone_plan_start_to_finalize_plus_25ms_NOT_EXACT_ID
20260927_061256_1157439,u1e6,0,1790460847.3266606,1790460847.466660500,NOMINAL,topology-post-check,,UNRESOLVED_DUE_TO_MISSING_CANDIDATE_PAYLOAD,same_drone_plan_start_to_finalize_plus_25ms_NOT_EXACT_ID
20260927_061256_1157439,u1e6,0,1790460847.3266606,1790460847.466660500,SIDE_PLUS,side-minco|candidate-final-status,|MINCO_OK,UNRESOLVED_DUE_TO_MISSING_CANDIDATE_PAYLOAD,same_drone_plan_start_to_finalize_plus_25ms_NOT_EXACT_ID
20260927_061256_1157439,u1e6,0,1790460847.3266606,1790460847.466660500,SIDE_MINUS,side-minco|candidate-final-status,|MINCO_OK,UNRESOLVED_DUE_TO_MISSING_CANDIDATE_PAYLOAD,same_drone_plan_start_to_finalize_plus_25ms_NOT_EXACT_ID
20260927_061256_1157439,u1e6,0,1790460847.5907989,1790460847.730798721,NOMINAL,topology-post-check,,UNRESOLVED_DUE_TO_MISSING_CANDIDATE_PAYLOAD,same_drone_plan_start_to_finalize_plus_25ms_NOT_EXACT_ID
20260927_061256_1157439,u1e6,0,1790460847.5907989,1790460847.730798721,SIDE_PLUS,side-minco|candidate-final-status,|MINCO_OK,UNRESOLVED_DUE_TO_MISSING_CANDIDATE_PAYLOAD,same_drone_plan_start_to_finalize_plus_25ms_NOT_EXACT_ID
20260927_061256_1157439,u1e6,0,1790460847.5907989,1790460847.730798721,SIDE_MINUS,side-minco|candidate-final-status,|MINCO_OK,UNRESOLVED_DUE_TO_MISSING_CANDIDATE_PAYLOAD,same_drone_plan_start_to_finalize_plus_25ms_NOT_EXACT_ID
20260927_061256_1157439,u1e6,0,1790460847.8719492,1790460848.011949062,NOMINAL,topology-post-check,,UNRESOLVED_DUE_TO_MISSING_CANDIDATE_PAYLOAD,same_drone_plan_start_to_finalize_plus_25ms_NOT_EXACT_ID
20260927_061256_1157439,u1e6,0,1790460847.8719492,1790460848.011949062,SIDE_PLUS,side-minco|candidate-final-status,|MINCO_OK,UNRESOLVED_DUE_TO_MISSING_CANDIDATE_PAYLOAD,same_drone_plan_start_to_finalize_plus_25ms_NOT_EXACT_ID
20260927_061256_1157439,u1e6,0,1790460847.8719492,1790460848.011949062,SIDE_MINUS,side-minco|candidate-final-status,|MINCO_OK,UNRESOLVED_DUE_TO_MISSING_CANDIDATE_PAYLOAD,same_drone_plan_start_to_finalize_plus_25ms_NOT_EXACT_ID
20260927_061256_1157439,u1e6,0,1790460848.1513581,1790460848.291357994,NOMINAL,topology-post-check,,UNRESOLVED_DUE_TO_MISSING_CANDIDATE_PAYLOAD,same_drone_plan_start_to_finalize_plus_25ms_NOT_EXACT_ID
20260927_061256_1157439,u1e6,0,1790460848.1513581,1790460848.291357994,SIDE_PLUS,side-minco|candidate-final-status,|MINCO_OK,UNRESOLVED_DUE_TO_MISSING_CANDIDATE_PAYLOAD,same_drone_plan_start_to_finalize_plus_25ms_NOT_EXACT_ID
20260927_061256_1157439,u1e6,0,1790460848.1513581,1790460848.291357994,SIDE_MINUS,side-minco|candidate-final-status,|MINCO_OK,UNRESOLVED_DUE_TO_MISSING_CANDIDATE_PAYLOAD,same_drone_plan_start_to_finalize_plus_25ms_NOT_EXACT_ID
20260927_061256_1157439,u2e1,1,1790460855.4413831,1790460855.581382990,NOMINAL,,,UNRESOLVED_DUE_TO_MISSING_CANDIDATE_PAYLOAD,same_drone_plan_start_to_finalize_plus_25ms_NOT_EXACT_ID
20260927_061256_1157439,u2e1,1,1790460855.4413831,1790460855.581382990,SIDE_PLUS,side-minco|candidate-final-status|side-minco|candidate-final-status,|||,UNRESOLVED_DUE_TO_MISSING_CANDIDATE_PAYLOAD,same_drone_plan_start_to_finalize_plus_25ms_NOT_EXACT_ID
20260927_061256_1157439,u2e1,1,1790460855.4413831,1790460855.581382990,SIDE_MINUS,side-minco|candidate-final-status|side-minco|candidate-final-status,SCP_FINAL_OK|MINCO_OK|SCP_FINAL_OK|MINCO_OK,UNRESOLVED_DUE_TO_MISSING_CANDIDATE_PAYLOAD,same_drone_plan_start_to_finalize_plus_25ms_NOT_EXACT_ID
20260927_061256_1157439,u2e1,1,1790460855.4747274,1790460855.614727259,NOMINAL,,,UNRESOLVED_DUE_TO_MISSING_CANDIDATE_PAYLOAD,same_drone_plan_start_to_finalize_plus_25ms_NOT_EXACT_ID
20260927_061256_1157439,u2e1,1,1790460855.4747274,1790460855.614727259,SIDE_PLUS,side-minco|candidate-final-status|side-minco|candidate-final-status,|||,UNRESOLVED_DUE_TO_MISSING_CANDIDATE_PAYLOAD,same_drone_plan_start_to_finalize_plus_25ms_NOT_EXACT_ID
20260927_061256_1157439,u2e1,1,1790460855.4747274,1790460855.614727259,SIDE_MINUS,side-minco|candidate-final-status|side-minco|candidate-final-status,SCP_FINAL_OK|MINCO_OK|SCP_FINAL_OK|MINCO_OK,UNRESOLVED_DUE_TO_MISSING_CANDIDATE_PAYLOAD,same_drone_plan_start_to_finalize_plus_25ms_NOT_EXACT_ID
20260927_061256_1157439,u2e1,1,1790460855.4974282,1790460855.637428045,NOMINAL,,,UNRESOLVED_DUE_TO_MISSING_CANDIDATE_PAYLOAD,same_drone_plan_start_to_finalize_plus_25ms_NOT_EXACT_ID
20260927_061256_1157439,u2e1,1,1790460855.4974282,1790460855.637428045,SIDE_PLUS,side-minco|candidate-final-status|side-minco|candidate-final-status,|||,UNRESOLVED_DUE_TO_MISSING_CANDIDATE_PAYLOAD,same_drone_plan_start_to_finalize_plus_25ms_NOT_EXACT_ID
20260927_061256_1157439,u2e1,1,1790460855.4974282,1790460855.637428045,SIDE_MINUS,side-minco|candidate-final-status|side-minco|candidate-final-status,SCP_FINAL_OK|MINCO_OK|SCP_FINAL_OK|MINCO_OK,UNRESOLVED_DUE_TO_MISSING_CANDIDATE_PAYLOAD,same_drone_plan_start_to_finalize_plus_25ms_NOT_EXACT_ID
20260927_061256_1157439,u2e1,1,1790460855.522165,1790460855.662164927,NOMINAL,,,UNRESOLVED_DUE_TO_MISSING_CANDIDATE_PAYLOAD,same_drone_plan_start_to_finalize_plus_25ms_NOT_EXACT_ID
20260927_061256_1157439,u2e1,1,1790460855.522165,1790460855.662164927,SIDE_PLUS,side-minco|candidate-final-status,|,UNRESOLVED_DUE_TO_MISSING_CANDIDATE_PAYLOAD,same_drone_plan_start_to_finalize_plus_25ms_NOT_EXACT_ID
20260927_061256_1157439,u2e1,1,1790460855.522165,1790460855.662164927,SIDE_MINUS,side-minco|candidate-final-status|side-minco|candidate-final-status,SCP_FINAL_OK|MINCO_OK|SCP_FINAL_OK|MINCO_OK,UNRESOLVED_DUE_TO_MISSING_CANDIDATE_PAYLOAD,same_drone_plan_start_to_finalize_plus_25ms_NOT_EXACT_ID
20260927_061256_1157439,u2e1,1,1790460855.5452125,1790460855.685212374,NOMINAL,,,UNRESOLVED_DUE_TO_MISSING_CANDIDATE_PAYLOAD,same_drone_plan_start_to_finalize_plus_25ms_NOT_EXACT_ID
20260927_061256_1157439,u2e1,1,1790460855.5452125,1790460855.685212374,SIDE_PLUS,side-minco|candidate-final-status,|,UNRESOLVED_DUE_TO_MISSING_CANDIDATE_PAYLOAD,same_drone_plan_start_to_finalize_plus_25ms_NOT_EXACT_ID
20260927_061256_1157439,u2e1,1,1790460855.5452125,1790460855.685212374,SIDE_MINUS,side-minco|candidate-final-status|topology-post-check,SCP_FINAL_OK|MINCO_OK|,UNRESOLVED_DUE_TO_MISSING_CANDIDATE_PAYLOAD,same_drone_plan_start_to_finalize_plus_25ms_NOT_EXACT_ID
20260927_061256_1157439,u2e1,1,1790460855.698951,1790460855.838950872,NOMINAL,,,UNRESOLVED_DUE_TO_MISSING_CANDIDATE_PAYLOAD,same_drone_plan_start_to_finalize_plus_25ms_NOT_EXACT_ID
20260927_061256_1157439,u2e1,1,1790460855.698951,1790460855.838950872,SIDE_PLUS,side-minco|candidate-final-status,|,UNRESOLVED_DUE_TO_MISSING_CANDIDATE_PAYLOAD,same_drone_plan_start_to_finalize_plus_25ms_NOT_EXACT_ID
20260927_061256_1157439,u2e1,1,1790460855.698951,1790460855.838950872,SIDE_MINUS,side-minco|candidate-final-status|topology-post-check,SCP_FINAL_OK|MINCO_OK|,UNRESOLVED_DUE_TO_MISSING_CANDIDATE_PAYLOAD,same_drone_plan_start_to_finalize_plus_25ms_NOT_EXACT_ID
20260927_061256_1157439,u2e1,1,1790460855.975267,1790460856.115266800,NOMINAL,,,UNRESOLVED_DUE_TO_MISSING_CANDIDATE_PAYLOAD,same_drone_plan_start_to_finalize_plus_25ms_NOT_EXACT_ID
20260927_061256_1157439,u2e1,1,1790460855.975267,1790460856.115266800,SIDE_PLUS,candidate-preinit-failure,NO_STATIC_FEASIBLE_SIDE,UNRESOLVED_DUE_TO_MISSING_CANDIDATE_PAYLOAD,same_drone_plan_start_to_finalize_plus_25ms_NOT_EXACT_ID
20260927_061256_1157439,u2e1,1,1790460855.975267,1790460856.115266800,SIDE_MINUS,side-minco|candidate-final-status,|,UNRESOLVED_DUE_TO_MISSING_CANDIDATE_PAYLOAD,same_drone_plan_start_to_finalize_plus_25ms_NOT_EXACT_ID
20260927_061256_1157439,u2e1,1,1790460856.080724,1790460856.226205111,NOMINAL,,,UNRESOLVED_DUE_TO_MISSING_CANDIDATE_PAYLOAD,same_drone_plan_start_to_finalize_plus_25ms_NOT_EXACT_ID
20260927_061256_1157439,u2e1,1,1790460856.080724,1790460856.226205111,SIDE_PLUS,candidate-preinit-failure,NO_STATIC_FEASIBLE_SIDE,UNRESOLVED_DUE_TO_MISSING_CANDIDATE_PAYLOAD,same_drone_plan_start_to_finalize_plus_25ms_NOT_EXACT_ID
20260927_061256_1157439,u2e1,1,1790460856.080724,1790460856.226205111,SIDE_MINUS,side-minco|candidate-final-status,|,UNRESOLVED_DUE_TO_MISSING_CANDIDATE_PAYLOAD,same_drone_plan_start_to_finalize_plus_25ms_NOT_EXACT_ID
20260927_061256_1157439,u2e1,1,1790460856.1844852,1790460856.334692240,NOMINAL,,,UNRESOLVED_DUE_TO_MISSING_CANDIDATE_PAYLOAD,same_drone_plan_start_to_finalize_plus_25ms_NOT_EXACT_ID
20260927_061256_1157439,u2e1,1,1790460856.1844852,1790460856.334692240,SIDE_PLUS,candidate-preinit-failure,NO_STATIC_FEASIBLE_SIDE,UNRESOLVED_DUE_TO_MISSING_CANDIDATE_PAYLOAD,same_drone_plan_start_to_finalize_plus_25ms_NOT_EXACT_ID
20260927_061256_1157439,u2e1,1,1790460856.1844852,1790460856.334692240,SIDE_MINUS,side-minco|candidate-final-status,|,UNRESOLVED_DUE_TO_MISSING_CANDIDATE_PAYLOAD,same_drone_plan_start_to_finalize_plus_25ms_NOT_EXACT_ID
20260927_061256_1157439,u2e1,1,1790460856.2988336,1790460856.454342842,NOMINAL,,,UNRESOLVED_DUE_TO_MISSING_CANDIDATE_PAYLOAD,same_drone_plan_start_to_finalize_plus_25ms_NOT_EXACT_ID
20260927_061256_1157439,u2e1,1,1790460856.2988336,1790460856.454342842,SIDE_PLUS,candidate-preinit-failure,NO_STATIC_FEASIBLE_SIDE,UNRESOLVED_DUE_TO_MISSING_CANDIDATE_PAYLOAD,same_drone_plan_start_to_finalize_plus_25ms_NOT_EXACT_ID
20260927_061256_1157439,u2e1,1,1790460856.2988336,1790460856.454342842,SIDE_MINUS,side-minco|candidate-final-status,|MINCO_OK,UNRESOLVED_DUE_TO_MISSING_CANDIDATE_PAYLOAD,same_drone_plan_start_to_finalize_plus_25ms_NOT_EXACT_ID
20260927_061256_1157439,u2e1,1,1790460856.4205868,1790460856.581631422,NOMINAL,,,UNRESOLVED_DUE_TO_MISSING_CANDIDATE_PAYLOAD,same_drone_plan_start_to_finalize_plus_25ms_NOT_EXACT_ID
20260927_061256_1157439,u2e1,1,1790460856.4205868,1790460856.581631422,SIDE_PLUS,candidate-preinit-failure,NO_STATIC_FEASIBLE_SIDE,UNRESOLVED_DUE_TO_MISSING_CANDIDATE_PAYLOAD,same_drone_plan_start_to_finalize_plus_25ms_NOT_EXACT_ID
20260927_061256_1157439,u2e1,1,1790460856.4205868,1790460856.581631422,SIDE_MINUS,side-minco|candidate-final-status,|,UNRESOLVED_DUE_TO_MISSING_CANDIDATE_PAYLOAD,same_drone_plan_start_to_finalize_plus_25ms_NOT_EXACT_ID
20260927_061256_1157439,u2e1,1,1790460856.5356493,1790460856.701024532,NOMINAL,topology-post-check,,UNRESOLVED_DUE_TO_MISSING_CANDIDATE_PAYLOAD,same_drone_plan_start_to_finalize_plus_25ms_NOT_EXACT_ID
20260927_061256_1157439,u2e1,1,1790460856.5356493,1790460856.701024532,SIDE_PLUS,candidate-preinit-failure|candidate-preinit-failure,NO_STATIC_FEASIBLE_SIDE|NO_STATIC_FEASIBLE_SIDE,UNRESOLVED_DUE_TO_MISSING_CANDIDATE_PAYLOAD,same_drone_plan_start_to_finalize_plus_25ms_NOT_EXACT_ID
20260927_061256_1157439,u2e1,1,1790460856.5356493,1790460856.701024532,SIDE_MINUS,side-minco|candidate-final-status|side-minco|candidate-final-status,|||,UNRESOLVED_DUE_TO_MISSING_CANDIDATE_PAYLOAD,same_drone_plan_start_to_finalize_plus_25ms_NOT_EXACT_ID
20260927_061256_1157439,u2e1,1,1790460856.655997,1790460856.825795412,NOMINAL,topology-post-check,,UNRESOLVED_DUE_TO_MISSING_CANDIDATE_PAYLOAD,same_drone_plan_start_to_finalize_plus_25ms_NOT_EXACT_ID
20260927_061256_1157439,u2e1,1,1790460856.655997,1790460856.825795412,SIDE_PLUS,candidate-preinit-failure,NO_STATIC_FEASIBLE_SIDE,UNRESOLVED_DUE_TO_MISSING_CANDIDATE_PAYLOAD,same_drone_plan_start_to_finalize_plus_25ms_NOT_EXACT_ID
20260927_061256_1157439,u2e1,1,1790460856.655997,1790460856.825795412,SIDE_MINUS,side-minco|candidate-final-status,|,UNRESOLVED_DUE_TO_MISSING_CANDIDATE_PAYLOAD,same_drone_plan_start_to_finalize_plus_25ms_NOT_EXACT_ID
20260927_061256_1157439,u2e1,1,1790460856.9269977,1790460857.090786695,NOMINAL,,,UNRESOLVED_DUE_TO_MISSING_CANDIDATE_PAYLOAD,same_drone_plan_start_to_finalize_plus_25ms_NOT_EXACT_ID
20260927_061256_1157439,u2e1,1,1790460856.9269977,1790460857.090786695,SIDE_PLUS,candidate-preinit-failure|candidate-preinit-failure,NO_STATIC_FEASIBLE_SIDE|NO_STATIC_FEASIBLE_SIDE,UNRESOLVED_DUE_TO_MISSING_CANDIDATE_PAYLOAD,same_drone_plan_start_to_finalize_plus_25ms_NOT_EXACT_ID
20260927_061256_1157439,u2e1,1,1790460856.9269977,1790460857.090786695,SIDE_MINUS,side-minco|candidate-final-status|side-minco|candidate-final-status,|||,UNRESOLVED_DUE_TO_MISSING_CANDIDATE_PAYLOAD,same_drone_plan_start_to_finalize_plus_25ms_NOT_EXACT_ID
20260927_061256_1157439,u2e1,1,1790460856.9460447,1790460857.104333401,NOMINAL,,,UNRESOLVED_DUE_TO_MISSING_CANDIDATE_PAYLOAD,same_drone_plan_start_to_finalize_plus_25ms_NOT_EXACT_ID
20260927_061256_1157439,u2e1,1,1790460856.9460447,1790460857.104333401,SIDE_PLUS,candidate-preinit-failure|candidate-preinit-failure,NO_STATIC_FEASIBLE_SIDE|NO_STATIC_FEASIBLE_SIDE,UNRESOLVED_DUE_TO_MISSING_CANDIDATE_PAYLOAD,same_drone_plan_start_to_finalize_plus_25ms_NOT_EXACT_ID
20260927_061256_1157439,u2e1,1,1790460856.9460447,1790460857.104333401,SIDE_MINUS,side-minco|candidate-final-status|side-minco|candidate-final-status,|||,UNRESOLVED_DUE_TO_MISSING_CANDIDATE_PAYLOAD,same_drone_plan_start_to_finalize_plus_25ms_NOT_EXACT_ID
20260927_061256_1157439,u2e1,1,1790460856.9665623,1790460857.119996071,NOMINAL,,,UNRESOLVED_DUE_TO_MISSING_CANDIDATE_PAYLOAD,same_drone_plan_start_to_finalize_plus_25ms_NOT_EXACT_ID
20260927_061256_1157439,u2e1,1,1790460856.9665623,1790460857.119996071,SIDE_PLUS,candidate-preinit-failure|candidate-preinit-failure,NO_STATIC_FEASIBLE_SIDE|NO_STATIC_FEASIBLE_SIDE,UNRESOLVED_DUE_TO_MISSING_CANDIDATE_PAYLOAD,same_drone_plan_start_to_finalize_plus_25ms_NOT_EXACT_ID
20260927_061256_1157439,u2e1,1,1790460856.9665623,1790460857.119996071,SIDE_MINUS,side-minco|candidate-final-status|side-minco|candidate-final-status,|||,UNRESOLVED_DUE_TO_MISSING_CANDIDATE_PAYLOAD,same_drone_plan_start_to_finalize_plus_25ms_NOT_EXACT_ID
20260927_061256_1157439,u2e1,1,1790460856.9854422,1790460857.134362698,NOMINAL,,,UNRESOLVED_DUE_TO_MISSING_CANDIDATE_PAYLOAD,same_drone_plan_start_to_finalize_plus_25ms_NOT_EXACT_ID
20260927_061256_1157439,u2e1,1,1790460856.9854422,1790460857.134362698,SIDE_PLUS,candidate-preinit-failure|candidate-preinit-failure,NO_STATIC_FEASIBLE_SIDE|NO_STATIC_FEASIBLE_SIDE,UNRESOLVED_DUE_TO_MISSING_CANDIDATE_PAYLOAD,same_drone_plan_start_to_finalize_plus_25ms_NOT_EXACT_ID
20260927_061256_1157439,u2e1,1,1790460856.9854422,1790460857.134362698,SIDE_MINUS,side-minco|candidate-final-status|side-minco|candidate-final-status,|||,UNRESOLVED_DUE_TO_MISSING_CANDIDATE_PAYLOAD,same_drone_plan_start_to_finalize_plus_25ms_NOT_EXACT_ID
20260927_061256_1157439,u2e1,1,1790460857.003011,1790460857.147730112,NOMINAL,,,UNRESOLVED_DUE_TO_MISSING_CANDIDATE_PAYLOAD,same_drone_plan_start_to_finalize_plus_25ms_NOT_EXACT_ID
20260927_061256_1157439,u2e1,1,1790460857.003011,1790460857.147730112,SIDE_PLUS,candidate-preinit-failure|candidate-preinit-failure,NO_STATIC_FEASIBLE_SIDE|NO_STATIC_FEASIBLE_SIDE,UNRESOLVED_DUE_TO_MISSING_CANDIDATE_PAYLOAD,same_drone_plan_start_to_finalize_plus_25ms_NOT_EXACT_ID
20260927_061256_1157439,u2e1,1,1790460857.003011,1790460857.147730112,SIDE_MINUS,side-minco|candidate-final-status|side-minco|candidate-final-status,|||,UNRESOLVED_DUE_TO_MISSING_CANDIDATE_PAYLOAD,same_drone_plan_start_to_finalize_plus_25ms_NOT_EXACT_ID
20260927_061256_1157439,u2e1,1,1790460857.0212517,1790460857.162290812,NOMINAL,,,UNRESOLVED_DUE_TO_MISSING_CANDIDATE_PAYLOAD,same_drone_plan_start_to_finalize_plus_25ms_NOT_EXACT_ID
20260927_061256_1157439,u2e1,1,1790460857.0212517,1790460857.162290812,SIDE_PLUS,candidate-preinit-failure|candidate-preinit-failure,NO_STATIC_FEASIBLE_SIDE|NO_STATIC_FEASIBLE_SIDE,UNRESOLVED_DUE_TO_MISSING_CANDIDATE_PAYLOAD,same_drone_plan_start_to_finalize_plus_25ms_NOT_EXACT_ID
20260927_061256_1157439,u2e1,1,1790460857.0212517,1790460857.162290812,SIDE_MINUS,side-minco|candidate-final-status|candidate-final-status,||,UNRESOLVED_DUE_TO_MISSING_CANDIDATE_PAYLOAD,same_drone_plan_start_to_finalize_plus_25ms_NOT_EXACT_ID
20260927_061256_1157439,u2e1,1,1790460857.0391629,1790460857.179162741,NOMINAL,,,UNRESOLVED_DUE_TO_MISSING_CANDIDATE_PAYLOAD,same_drone_plan_start_to_finalize_plus_25ms_NOT_EXACT_ID
20260927_061256_1157439,u2e1,1,1790460857.0391629,1790460857.179162741,SIDE_PLUS,candidate-preinit-failure|candidate-preinit-failure,NO_STATIC_FEASIBLE_SIDE|NO_STATIC_FEASIBLE_SIDE,UNRESOLVED_DUE_TO_MISSING_CANDIDATE_PAYLOAD,same_drone_plan_start_to_finalize_plus_25ms_NOT_EXACT_ID
20260927_061256_1157439,u2e1,1,1790460857.0391629,1790460857.179162741,SIDE_MINUS,candidate-final-status|side-minco|candidate-final-status,||,UNRESOLVED_DUE_TO_MISSING_CANDIDATE_PAYLOAD,same_drone_plan_start_to_finalize_plus_25ms_NOT_EXACT_ID
20260927_061256_1157439,u2e1,1,1790460857.0574071,1790460857.197407007,NOMINAL,,,UNRESOLVED_DUE_TO_MISSING_CANDIDATE_PAYLOAD,same_drone_plan_start_to_finalize_plus_25ms_NOT_EXACT_ID
20260927_061256_1157439,u2e1,1,1790460857.0574071,1790460857.197407007,SIDE_PLUS,candidate-preinit-failure|candidate-preinit-failure,NO_STATIC_FEASIBLE_SIDE|NO_STATIC_FEASIBLE_SIDE,UNRESOLVED_DUE_TO_MISSING_CANDIDATE_PAYLOAD,same_drone_plan_start_to_finalize_plus_25ms_NOT_EXACT_ID
20260927_061256_1157439,u2e1,1,1790460857.0574071,1790460857.197407007,SIDE_MINUS,side-minco|candidate-final-status|side-minco|candidate-final-status,|||,UNRESOLVED_DUE_TO_MISSING_CANDIDATE_PAYLOAD,same_drone_plan_start_to_finalize_plus_25ms_NOT_EXACT_ID
20260927_061256_1157439,u2e1,1,1790460857.0759797,1790460857.215979576,NOMINAL,,,UNRESOLVED_DUE_TO_MISSING_CANDIDATE_PAYLOAD,same_drone_plan_start_to_finalize_plus_25ms_NOT_EXACT_ID
20260927_061256_1157439,u2e1,1,1790460857.0759797,1790460857.215979576,SIDE_PLUS,candidate-preinit-failure|candidate-preinit-failure,NO_STATIC_FEASIBLE_SIDE|NO_STATIC_FEASIBLE_SIDE,UNRESOLVED_DUE_TO_MISSING_CANDIDATE_PAYLOAD,same_drone_plan_start_to_finalize_plus_25ms_NOT_EXACT_ID
20260927_061256_1157439,u2e1,1,1790460857.0759797,1790460857.215979576,SIDE_MINUS,side-minco|candidate-final-status|side-minco|candidate-final-status|topology-post-check,|||MINCO_OK|,UNRESOLVED_DUE_TO_MISSING_CANDIDATE_PAYLOAD,same_drone_plan_start_to_finalize_plus_25ms_NOT_EXACT_ID
20260927_061256_1157439,u2e1,1,1790460857.0940504,1790460857.234050274,NOMINAL,,,UNRESOLVED_DUE_TO_MISSING_CANDIDATE_PAYLOAD,same_drone_plan_start_to_finalize_plus_25ms_NOT_EXACT_ID
20260927_061256_1157439,u2e1,1,1790460857.0940504,1790460857.234050274,SIDE_PLUS,candidate-preinit-failure,NO_STATIC_FEASIBLE_SIDE,UNRESOLVED_DUE_TO_MISSING_CANDIDATE_PAYLOAD,same_drone_plan_start_to_finalize_plus_25ms_NOT_EXACT_ID
20260927_061256_1157439,u2e1,1,1790460857.0940504,1790460857.234050274,SIDE_MINUS,side-minco|candidate-final-status|topology-post-check,|MINCO_OK|,UNRESOLVED_DUE_TO_MISSING_CANDIDATE_PAYLOAD,same_drone_plan_start_to_finalize_plus_25ms_NOT_EXACT_ID
20260927_061256_1157439,u2e1,1,1790460857.2396643,1790460857.379664183,NOMINAL,topology-post-check|topology-post-check,|,UNRESOLVED_DUE_TO_MISSING_CANDIDATE_PAYLOAD,same_drone_plan_start_to_finalize_plus_25ms_NOT_EXACT_ID
20260927_061256_1157439,u2e1,1,1790460857.2396643,1790460857.379664183,SIDE_PLUS,side-minco|candidate-final-status|side-minco|candidate-final-status,|MINCO_OK||,UNRESOLVED_DUE_TO_MISSING_CANDIDATE_PAYLOAD,same_drone_plan_start_to_finalize_plus_25ms_NOT_EXACT_ID
20260927_061256_1157439,u2e1,1,1790460857.2396643,1790460857.379664183,SIDE_MINUS,side-minco|candidate-final-status|side-minco|candidate-final-status,|||,UNRESOLVED_DUE_TO_MISSING_CANDIDATE_PAYLOAD,same_drone_plan_start_to_finalize_plus_25ms_NOT_EXACT_ID
20260927_061256_1157439,u2e1,1,1790460857.2639346,1790460857.403934479,NOMINAL,topology-post-check,,UNRESOLVED_DUE_TO_MISSING_CANDIDATE_PAYLOAD,same_drone_plan_start_to_finalize_plus_25ms_NOT_EXACT_ID
20260927_061256_1157439,u2e1,1,1790460857.2639346,1790460857.403934479,SIDE_PLUS,side-minco|candidate-final-status,|,UNRESOLVED_DUE_TO_MISSING_CANDIDATE_PAYLOAD,same_drone_plan_start_to_finalize_plus_25ms_NOT_EXACT_ID
20260927_061256_1157439,u2e1,1,1790460857.2639346,1790460857.403934479,SIDE_MINUS,side-minco|candidate-final-status,|,UNRESOLVED_DUE_TO_MISSING_CANDIDATE_PAYLOAD,same_drone_plan_start_to_finalize_plus_25ms_NOT_EXACT_ID
20260927_061256_1157439,u2e1,1,1790460857.472492,1790460857.612491846,NOMINAL,topology-post-check,,UNRESOLVED_DUE_TO_MISSING_CANDIDATE_PAYLOAD,same_drone_plan_start_to_finalize_plus_25ms_NOT_EXACT_ID
20260927_061256_1157439,u2e1,1,1790460857.472492,1790460857.612491846,SIDE_PLUS,side-minco|candidate-final-status,|,UNRESOLVED_DUE_TO_MISSING_CANDIDATE_PAYLOAD,same_drone_plan_start_to_finalize_plus_25ms_NOT_EXACT_ID
20260927_061256_1157439,u2e1,1,1790460857.472492,1790460857.612491846,SIDE_MINUS,side-minco|candidate-final-status,|,UNRESOLVED_DUE_TO_MISSING_CANDIDATE_PAYLOAD,same_drone_plan_start_to_finalize_plus_25ms_NOT_EXACT_ID
20260927_061256_1157439,u2e1,1,1790460857.7630863,1790460857.903086185,NOMINAL,topology-post-check,,UNRESOLVED_DUE_TO_MISSING_CANDIDATE_PAYLOAD,same_drone_plan_start_to_finalize_plus_25ms_NOT_EXACT_ID
20260927_061256_1157439,u2e1,1,1790460857.7630863,1790460857.903086185,SIDE_PLUS,side-minco|candidate-final-status|side-minco|candidate-final-status,|||,UNRESOLVED_DUE_TO_MISSING_CANDIDATE_PAYLOAD,same_drone_plan_start_to_finalize_plus_25ms_NOT_EXACT_ID
20260927_061256_1157439,u2e1,1,1790460857.7630863,1790460857.903086185,SIDE_MINUS,side-minco|candidate-final-status|side-minco|candidate-final-status,|||,UNRESOLVED_DUE_TO_MISSING_CANDIDATE_PAYLOAD,same_drone_plan_start_to_finalize_plus_25ms_NOT_EXACT_ID
20260927_061256_1157439,u2e1,1,1790460857.7876291,1790460857.927628994,NOMINAL,topology-post-check,,UNRESOLVED_DUE_TO_MISSING_CANDIDATE_PAYLOAD,same_drone_plan_start_to_finalize_plus_25ms_NOT_EXACT_ID
20260927_061256_1157439,u2e1,1,1790460857.7876291,1790460857.927628994,SIDE_PLUS,side-minco|candidate-final-status,|,UNRESOLVED_DUE_TO_MISSING_CANDIDATE_PAYLOAD,same_drone_plan_start_to_finalize_plus_25ms_NOT_EXACT_ID
20260927_061256_1157439,u2e1,1,1790460857.7876291,1790460857.927628994,SIDE_MINUS,side-minco|candidate-final-status,|,UNRESOLVED_DUE_TO_MISSING_CANDIDATE_PAYLOAD,same_drone_plan_start_to_finalize_plus_25ms_NOT_EXACT_ID
20260927_061256_1157439,u2e1,1,1790460858.0263326,1790460858.166332483,NOMINAL,,,UNRESOLVED_DUE_TO_MISSING_CANDIDATE_PAYLOAD,same_drone_plan_start_to_finalize_plus_25ms_NOT_EXACT_ID
20260927_061256_1157439,u2e1,1,1790460858.0263326,1790460858.166332483,SIDE_PLUS,side-minco|candidate-final-status|side-minco|candidate-final-status,|||,UNRESOLVED_DUE_TO_MISSING_CANDIDATE_PAYLOAD,same_drone_plan_start_to_finalize_plus_25ms_NOT_EXACT_ID
20260927_061256_1157439,u2e1,1,1790460858.0263326,1790460858.166332483,SIDE_MINUS,side-minco|candidate-final-status|side-minco|candidate-final-status,|||,UNRESOLVED_DUE_TO_MISSING_CANDIDATE_PAYLOAD,same_drone_plan_start_to_finalize_plus_25ms_NOT_EXACT_ID
20260927_061256_1157439,u2e1,1,1790460858.050066,1790460858.190065861,NOMINAL,,,UNRESOLVED_DUE_TO_MISSING_CANDIDATE_PAYLOAD,same_drone_plan_start_to_finalize_plus_25ms_NOT_EXACT_ID
20260927_061256_1157439,u2e1,1,1790460858.050066,1790460858.190065861,SIDE_PLUS,side-minco|candidate-final-status|side-minco|candidate-final-status,|||,UNRESOLVED_DUE_TO_MISSING_CANDIDATE_PAYLOAD,same_drone_plan_start_to_finalize_plus_25ms_NOT_EXACT_ID
20260927_061256_1157439,u2e1,1,1790460858.050066,1790460858.190065861,SIDE_MINUS,side-minco|candidate-final-status|side-minco|candidate-final-status,|||,UNRESOLVED_DUE_TO_MISSING_CANDIDATE_PAYLOAD,same_drone_plan_start_to_finalize_plus_25ms_NOT_EXACT_ID
20260927_061256_1157439,u2e1,1,1790460858.0750215,1790460858.215021372,NOMINAL,,,UNRESOLVED_DUE_TO_MISSING_CANDIDATE_PAYLOAD,same_drone_plan_start_to_finalize_plus_25ms_NOT_EXACT_ID
20260927_061256_1157439,u2e1,1,1790460858.0750215,1790460858.215021372,SIDE_PLUS,side-minco|candidate-final-status|side-minco|candidate-final-status,|||MINCO_OK,UNRESOLVED_DUE_TO_MISSING_CANDIDATE_PAYLOAD,same_drone_plan_start_to_finalize_plus_25ms_NOT_EXACT_ID
20260927_061256_1157439,u2e1,1,1790460858.0750215,1790460858.215021372,SIDE_MINUS,side-minco|candidate-final-status|side-minco|candidate-final-status|topology-post-check,|||MINCO_OK|,UNRESOLVED_DUE_TO_MISSING_CANDIDATE_PAYLOAD,same_drone_plan_start_to_finalize_plus_25ms_NOT_EXACT_ID
20260927_061256_1157439,u2e1,1,1790460858.0997033,1790460858.239703178,NOMINAL,,,UNRESOLVED_DUE_TO_MISSING_CANDIDATE_PAYLOAD,same_drone_plan_start_to_finalize_plus_25ms_NOT_EXACT_ID
20260927_061256_1157439,u2e1,1,1790460858.0997033,1790460858.239703178,SIDE_PLUS,side-minco|candidate-final-status,|MINCO_OK,UNRESOLVED_DUE_TO_MISSING_CANDIDATE_PAYLOAD,same_drone_plan_start_to_finalize_plus_25ms_NOT_EXACT_ID
20260927_061256_1157439,u2e1,1,1790460858.0997033,1790460858.239703178,SIDE_MINUS,side-minco|candidate-final-status|topology-post-check,|MINCO_OK|,UNRESOLVED_DUE_TO_MISSING_CANDIDATE_PAYLOAD,same_drone_plan_start_to_finalize_plus_25ms_NOT_EXACT_ID
20260927_061256_1157439,u2e1,1,1790460858.3079963,1790460858.447996140,NOMINAL,,,UNRESOLVED_DUE_TO_MISSING_CANDIDATE_PAYLOAD,same_drone_plan_start_to_finalize_plus_25ms_NOT_EXACT_ID
20260927_061256_1157439,u2e1,1,1790460858.3079963,1790460858.447996140,SIDE_PLUS,side-minco|candidate-final-status,|MINCO_OK,UNRESOLVED_DUE_TO_MISSING_CANDIDATE_PAYLOAD,same_drone_plan_start_to_finalize_plus_25ms_NOT_EXACT_ID
20260927_061256_1157439,u2e1,1,1790460858.3079963,1790460858.447996140,SIDE_MINUS,side-minco|candidate-final-status|topology-post-check,|MINCO_OK|,UNRESOLVED_DUE_TO_MISSING_CANDIDATE_PAYLOAD,same_drone_plan_start_to_finalize_plus_25ms_NOT_EXACT_ID
20260927_061256_1157439,u2e1,1,1790460858.5638041,1790460858.703804016,NOMINAL,topology-post-check,,UNRESOLVED_DUE_TO_MISSING_CANDIDATE_PAYLOAD,same_drone_plan_start_to_finalize_plus_25ms_NOT_EXACT_ID
20260927_061256_1157439,u2e1,1,1790460858.5638041,1790460858.703804016,SIDE_PLUS,side-minco|candidate-final-status|side-minco|candidate-final-status|side-minco|candidate-final-status|side-minco|candidate-final-status,|MINCO_OK||MINCO_OK||MINCO_OK||,UNRESOLVED_DUE_TO_MISSING_CANDIDATE_PAYLOAD,same_drone_plan_start_to_finalize_plus_25ms_NOT_EXACT_ID
20260927_061256_1157439,u2e1,1,1790460858.5638041,1790460858.703804016,SIDE_MINUS,side-minco|candidate-final-status|side-minco|candidate-final-status|side-minco|candidate-final-status|side-minco|candidate-final-status,|MINCO_OK||MINCO_OK||MINCO_OK||MINCO_OK,UNRESOLVED_DUE_TO_MISSING_CANDIDATE_PAYLOAD,same_drone_plan_start_to_finalize_plus_25ms_NOT_EXACT_ID
20260927_061256_1157439,u2e1,1,1790460858.5720546,1790460858.712054491,NOMINAL,topology-post-check,,UNRESOLVED_DUE_TO_MISSING_CANDIDATE_PAYLOAD,same_drone_plan_start_to_finalize_plus_25ms_NOT_EXACT_ID
20260927_061256_1157439,u2e1,1,1790460858.5720546,1790460858.712054491,SIDE_PLUS,side-minco|candidate-final-status|side-minco|candidate-final-status|side-minco|candidate-final-status|side-minco|candidate-final-status,|MINCO_OK||MINCO_OK||||MINCO_OK,UNRESOLVED_DUE_TO_MISSING_CANDIDATE_PAYLOAD,same_drone_plan_start_to_finalize_plus_25ms_NOT_EXACT_ID
20260927_061256_1157439,u2e1,1,1790460858.5720546,1790460858.712054491,SIDE_MINUS,side-minco|candidate-final-status|side-minco|candidate-final-status|side-minco|candidate-final-status|side-minco|candidate-final-status,|MINCO_OK||MINCO_OK||MINCO_OK||MINCO_OK,UNRESOLVED_DUE_TO_MISSING_CANDIDATE_PAYLOAD,same_drone_plan_start_to_finalize_plus_25ms_NOT_EXACT_ID
20260927_061256_1157439,u2e1,1,1790460858.5803494,1790460858.720349312,NOMINAL,topology-post-check|topology-post-check,|,UNRESOLVED_DUE_TO_MISSING_CANDIDATE_PAYLOAD,same_drone_plan_start_to_finalize_plus_25ms_NOT_EXACT_ID
20260927_061256_1157439,u2e1,1,1790460858.5803494,1790460858.720349312,SIDE_PLUS,side-minco|candidate-final-status|side-minco|candidate-final-status|side-minco|candidate-final-status|candidate-preinit-failure,|MINCO_OK||||MINCO_OK|NO_STATIC_FEASIBLE_SIDE,UNRESOLVED_DUE_TO_MISSING_CANDIDATE_PAYLOAD,same_drone_plan_start_to_finalize_plus_25ms_NOT_EXACT_ID
20260927_061256_1157439,u2e1,1,1790460858.5803494,1790460858.720349312,SIDE_MINUS,side-minco|candidate-final-status|side-minco|candidate-final-status|side-minco|candidate-final-status|candidate-preinit-failure,|MINCO_OK||MINCO_OK||MINCO_OK|NO_STATIC_FEASIBLE_SIDE,UNRESOLVED_DUE_TO_MISSING_CANDIDATE_PAYLOAD,same_drone_plan_start_to_finalize_plus_25ms_NOT_EXACT_ID
20260927_061256_1157439,u2e1,1,1790460858.5881095,1790460858.728109360,NOMINAL,topology-post-check|topology-post-check,|,UNRESOLVED_DUE_TO_MISSING_CANDIDATE_PAYLOAD,same_drone_plan_start_to_finalize_plus_25ms_NOT_EXACT_ID
20260927_061256_1157439,u2e1,1,1790460858.5881095,1790460858.728109360,SIDE_PLUS,side-minco|candidate-final-status|side-minco|candidate-final-status|candidate-preinit-failure|side-minco|candidate-final-status,|||MINCO_OK|NO_STATIC_FEASIBLE_SIDE||MINCO_OK,UNRESOLVED_DUE_TO_MISSING_CANDIDATE_PAYLOAD,same_drone_plan_start_to_finalize_plus_25ms_NOT_EXACT_ID
20260927_061256_1157439,u2e1,1,1790460858.5881095,1790460858.728109360,SIDE_MINUS,side-minco|candidate-final-status|side-minco|candidate-final-status|candidate-preinit-failure,|MINCO_OK||MINCO_OK|NO_STATIC_FEASIBLE_SIDE,UNRESOLVED_DUE_TO_MISSING_CANDIDATE_PAYLOAD,same_drone_plan_start_to_finalize_plus_25ms_NOT_EXACT_ID
20260927_061256_1157439,u2e1,1,1790460858.5969741,1790460858.736974001,NOMINAL,topology-post-check,,UNRESOLVED_DUE_TO_MISSING_CANDIDATE_PAYLOAD,same_drone_plan_start_to_finalize_plus_25ms_NOT_EXACT_ID
20260927_061256_1157439,u2e1,1,1790460858.5969741,1790460858.736974001,SIDE_PLUS,side-minco|candidate-final-status|candidate-preinit-failure|side-minco|candidate-final-status,|MINCO_OK|NO_STATIC_FEASIBLE_SIDE||MINCO_OK,UNRESOLVED_DUE_TO_MISSING_CANDIDATE_PAYLOAD,same_drone_plan_start_to_finalize_plus_25ms_NOT_EXACT_ID
20260927_061256_1157439,u2e1,1,1790460858.5969741,1790460858.736974001,SIDE_MINUS,side-minco|candidate-final-status|candidate-preinit-failure|side-minco|candidate-final-status|topology-post-check,|MINCO_OK|NO_STATIC_FEASIBLE_SIDE||MINCO_OK|,UNRESOLVED_DUE_TO_MISSING_CANDIDATE_PAYLOAD,same_drone_plan_start_to_finalize_plus_25ms_NOT_EXACT_ID
20260927_061256_1157439,u2e1,1,1790460858.6061587,1790460858.706158638,NOMINAL,,,UNRESOLVED_DUE_TO_MISSING_CANDIDATE_PAYLOAD,same_drone_plan_start_to_finalize_plus_25ms_NOT_EXACT_ID
20260927_061256_1157439,u2e1,1,1790460858.6061587,1790460858.706158638,SIDE_PLUS,candidate-preinit-failure|side-minco|candidate-final-status,NO_STATIC_FEASIBLE_SIDE||MINCO_OK,UNRESOLVED_DUE_TO_MISSING_CANDIDATE_PAYLOAD,same_drone_plan_start_to_finalize_plus_25ms_NOT_EXACT_ID
20260927_061256_1157439,u2e1,1,1790460858.6061587,1790460858.706158638,SIDE_MINUS,candidate-preinit-failure|side-minco|candidate-final-status|topology-post-check,NO_STATIC_FEASIBLE_SIDE||MINCO_OK|,UNRESOLVED_DUE_TO_MISSING_CANDIDATE_PAYLOAD,same_drone_plan_start_to_finalize_plus_25ms_NOT_EXACT_ID
20260927_061256_1157439,u2e1,1,1790460858.613989,1790460858.713989019,NOMINAL,,,UNRESOLVED_DUE_TO_MISSING_CANDIDATE_PAYLOAD,same_drone_plan_start_to_finalize_plus_25ms_NOT_EXACT_ID
20260927_061256_1157439,u2e1,1,1790460858.613989,1790460858.713989019,SIDE_PLUS,side-minco|candidate-final-status,|MINCO_OK,UNRESOLVED_DUE_TO_MISSING_CANDIDATE_PAYLOAD,same_drone_plan_start_to_finalize_plus_25ms_NOT_EXACT_ID
20260927_061256_1157439,u2e1,1,1790460858.613989,1790460858.713989019,SIDE_MINUS,side-minco|candidate-final-status|topology-post-check,|MINCO_OK|,UNRESOLVED_DUE_TO_MISSING_CANDIDATE_PAYLOAD,same_drone_plan_start_to_finalize_plus_25ms_NOT_EXACT_ID
20260927_061256_1157439,u2e1,1,1790460858.722944,1790460858.862943888,NOMINAL,topology-post-check,,UNRESOLVED_DUE_TO_MISSING_CANDIDATE_PAYLOAD,same_drone_plan_start_to_finalize_plus_25ms_NOT_EXACT_ID
20260927_061256_1157439,u2e1,1,1790460858.722944,1790460858.862943888,SIDE_PLUS,side-minco|candidate-final-status|side-minco|candidate-final-status|side-minco|candidate-final-status|side-minco|candidate-final-status,|MINCO_OK||MINCO_OK||MINCO_OK||MINCO_OK,UNRESOLVED_DUE_TO_MISSING_CANDIDATE_PAYLOAD,same_drone_plan_start_to_finalize_plus_25ms_NOT_EXACT_ID
20260927_061256_1157439,u2e1,1,1790460858.722944,1790460858.862943888,SIDE_MINUS,side-minco|candidate-final-status|side-minco|candidate-final-status|side-minco|candidate-final-status,|MINCO_OK||MINCO_OK||MINCO_OK,UNRESOLVED_DUE_TO_MISSING_CANDIDATE_PAYLOAD,same_drone_plan_start_to_finalize_plus_25ms_NOT_EXACT_ID
20260927_061256_1157439,u2e1,1,1790460858.7316382,1790460858.871638060,NOMINAL,topology-post-check,,UNRESOLVED_DUE_TO_MISSING_CANDIDATE_PAYLOAD,same_drone_plan_start_to_finalize_plus_25ms_NOT_EXACT_ID
20260927_061256_1157439,u2e1,1,1790460858.7316382,1790460858.871638060,SIDE_PLUS,side-minco|candidate-final-status|side-minco|candidate-final-status|side-minco|candidate-final-status|side-minco|candidate-final-status,|MINCO_OK||MINCO_OK||MINCO_OK||MINCO_OK,UNRESOLVED_DUE_TO_MISSING_CANDIDATE_PAYLOAD,same_drone_plan_start_to_finalize_plus_25ms_NOT_EXACT_ID
20260927_061256_1157439,u2e1,1,1790460858.7316382,1790460858.871638060,SIDE_MINUS,side-minco|candidate-final-status|side-minco|candidate-final-status|side-minco|candidate-final-status|side-minco|candidate-final-status,|MINCO_OK||MINCO_OK||MINCO_OK||MINCO_OK,UNRESOLVED_DUE_TO_MISSING_CANDIDATE_PAYLOAD,same_drone_plan_start_to_finalize_plus_25ms_NOT_EXACT_ID
20260927_061256_1157439,u2e1,1,1790460858.7400463,1790460858.880046129,NOMINAL,topology-post-check,,UNRESOLVED_DUE_TO_MISSING_CANDIDATE_PAYLOAD,same_drone_plan_start_to_finalize_plus_25ms_NOT_EXACT_ID
20260927_061256_1157439,u2e1,1,1790460858.7400463,1790460858.880046129,SIDE_PLUS,side-minco|candidate-final-status|side-minco|candidate-final-status|side-minco|candidate-final-status|side-minco|candidate-final-status,|MINCO_OK||MINCO_OK||MINCO_OK||MINCO_OK,UNRESOLVED_DUE_TO_MISSING_CANDIDATE_PAYLOAD,same_drone_plan_start_to_finalize_plus_25ms_NOT_EXACT_ID
20260927_061256_1157439,u2e1,1,1790460858.7400463,1790460858.880046129,SIDE_MINUS,side-minco|candidate-final-status|side-minco|candidate-final-status|side-minco|candidate-final-status|side-minco|candidate-final-status,|MINCO_OK||MINCO_OK||MINCO_OK||MINCO_OK,UNRESOLVED_DUE_TO_MISSING_CANDIDATE_PAYLOAD,same_drone_plan_start_to_finalize_plus_25ms_NOT_EXACT_ID
20260927_061256_1157439,u2e1,1,1790460858.7484882,1790460858.888488054,NOMINAL,topology-post-check|topology-post-check,|,UNRESOLVED_DUE_TO_MISSING_CANDIDATE_PAYLOAD,same_drone_plan_start_to_finalize_plus_25ms_NOT_EXACT_ID
20260927_061256_1157439,u2e1,1,1790460858.7484882,1790460858.888488054,SIDE_PLUS,side-minco|candidate-final-status|side-minco|candidate-final-status|side-minco|candidate-final-status|side-minco|candidate-final-status,|MINCO_OK||MINCO_OK||MINCO_OK||MINCO_OK,UNRESOLVED_DUE_TO_MISSING_CANDIDATE_PAYLOAD,same_drone_plan_start_to_finalize_plus_25ms_NOT_EXACT_ID
20260927_061256_1157439,u2e1,1,1790460858.7484882,1790460858.888488054,SIDE_MINUS,side-minco|candidate-final-status|side-minco|candidate-final-status|side-minco|candidate-final-status|side-minco|candidate-final-status,|MINCO_OK||MINCO_OK||MINCO_OK||MINCO_OK,UNRESOLVED_DUE_TO_MISSING_CANDIDATE_PAYLOAD,same_drone_plan_start_to_finalize_plus_25ms_NOT_EXACT_ID
20260927_061256_1157439,u2e1,1,1790460858.7573314,1790460858.897331238,NOMINAL,topology-post-check,,UNRESOLVED_DUE_TO_MISSING_CANDIDATE_PAYLOAD,same_drone_plan_start_to_finalize_plus_25ms_NOT_EXACT_ID
20260927_061256_1157439,u2e1,1,1790460858.7573314,1790460858.897331238,SIDE_PLUS,side-minco|candidate-final-status|side-minco|candidate-final-status|side-minco|candidate-final-status|side-minco|candidate-final-status,|MINCO_OK||MINCO_OK||MINCO_OK||MINCO_OK,UNRESOLVED_DUE_TO_MISSING_CANDIDATE_PAYLOAD,same_drone_plan_start_to_finalize_plus_25ms_NOT_EXACT_ID
20260927_061256_1157439,u2e1,1,1790460858.7573314,1790460858.897331238,SIDE_MINUS,side-minco|candidate-final-status|side-minco|candidate-final-status|side-minco|candidate-final-status|side-minco|candidate-final-status,|MINCO_OK||MINCO_OK||MINCO_OK||MINCO_OK,UNRESOLVED_DUE_TO_MISSING_CANDIDATE_PAYLOAD,same_drone_plan_start_to_finalize_plus_25ms_NOT_EXACT_ID
20260927_061256_1157439,u2e1,1,1790460858.7651358,1790460858.905135632,NOMINAL,topology-post-check,,UNRESOLVED_DUE_TO_MISSING_CANDIDATE_PAYLOAD,same_drone_plan_start_to_finalize_plus_25ms_NOT_EXACT_ID
20260927_061256_1157439,u2e1,1,1790460858.7651358,1790460858.905135632,SIDE_PLUS,side-minco|candidate-final-status|side-minco|candidate-final-status|side-minco|candidate-final-status|side-minco|candidate-final-status,|MINCO_OK||MINCO_OK||MINCO_OK||MINCO_OK,UNRESOLVED_DUE_TO_MISSING_CANDIDATE_PAYLOAD,same_drone_plan_start_to_finalize_plus_25ms_NOT_EXACT_ID
20260927_061256_1157439,u2e1,1,1790460858.7651358,1790460858.905135632,SIDE_MINUS,side-minco|candidate-final-status|side-minco|candidate-final-status|side-minco|candidate-final-status|side-minco|candidate-final-status,|MINCO_OK||MINCO_OK||MINCO_OK||MINCO_OK,UNRESOLVED_DUE_TO_MISSING_CANDIDATE_PAYLOAD,same_drone_plan_start_to_finalize_plus_25ms_NOT_EXACT_ID
20260927_061256_1157439,u2e1,1,1790460858.7736888,1790460858.913688660,NOMINAL,topology-post-check,,UNRESOLVED_DUE_TO_MISSING_CANDIDATE_PAYLOAD,same_drone_plan_start_to_finalize_plus_25ms_NOT_EXACT_ID
20260927_061256_1157439,u2e1,1,1790460858.7736888,1790460858.913688660,SIDE_PLUS,side-minco|candidate-final-status|side-minco|candidate-final-status|side-minco|candidate-final-status|side-minco|candidate-final-status,|MINCO_OK||MINCO_OK||MINCO_OK||MINCO_OK,UNRESOLVED_DUE_TO_MISSING_CANDIDATE_PAYLOAD,same_drone_plan_start_to_finalize_plus_25ms_NOT_EXACT_ID
20260927_061256_1157439,u2e1,1,1790460858.7736888,1790460858.913688660,SIDE_MINUS,side-minco|candidate-final-status|side-minco|candidate-final-status|side-minco|candidate-final-status,|MINCO_OK||MINCO_OK||MINCO_OK,UNRESOLVED_DUE_TO_MISSING_CANDIDATE_PAYLOAD,same_drone_plan_start_to_finalize_plus_25ms_NOT_EXACT_ID
20260927_061256_1157439,u2e1,1,1790460858.7818193,1790460858.921819210,NOMINAL,topology-post-check,,UNRESOLVED_DUE_TO_MISSING_CANDIDATE_PAYLOAD,same_drone_plan_start_to_finalize_plus_25ms_NOT_EXACT_ID
20260927_061256_1157439,u2e1,1,1790460858.7818193,1790460858.921819210,SIDE_PLUS,side-minco|candidate-final-status|side-minco|candidate-final-status|side-minco|candidate-final-status|side-minco|candidate-final-status,|MINCO_OK||MINCO_OK||MINCO_OK||MINCO_OK,UNRESOLVED_DUE_TO_MISSING_CANDIDATE_PAYLOAD,same_drone_plan_start_to_finalize_plus_25ms_NOT_EXACT_ID
20260927_061256_1157439,u2e1,1,1790460858.7818193,1790460858.921819210,SIDE_MINUS,side-minco|candidate-final-status|side-minco|candidate-final-status|side-minco|candidate-final-status|side-minco,|MINCO_OK||MINCO_OK||MINCO_OK|,UNRESOLVED_DUE_TO_MISSING_CANDIDATE_PAYLOAD,same_drone_plan_start_to_finalize_plus_25ms_NOT_EXACT_ID
20260927_061256_1157439,u2e1,1,1790460858.79018,1790460858.930179834,NOMINAL,topology-post-check|topology-post-check,|,UNRESOLVED_DUE_TO_MISSING_CANDIDATE_PAYLOAD,same_drone_plan_start_to_finalize_plus_25ms_NOT_EXACT_ID
20260927_061256_1157439,u2e1,1,1790460858.79018,1790460858.930179834,SIDE_PLUS,side-minco|candidate-final-status|side-minco|candidate-final-status|side-minco|candidate-final-status|side-minco|candidate-final-status,|MINCO_OK||MINCO_OK||MINCO_OK||MINCO_OK,UNRESOLVED_DUE_TO_MISSING_CANDIDATE_PAYLOAD,same_drone_plan_start_to_finalize_plus_25ms_NOT_EXACT_ID
20260927_061256_1157439,u2e1,1,1790460858.79018,1790460858.930179834,SIDE_MINUS,side-minco|candidate-final-status|side-minco|candidate-final-status|side-minco|candidate-final-status|side-minco,|MINCO_OK||MINCO_OK||MINCO_OK|,UNRESOLVED_DUE_TO_MISSING_CANDIDATE_PAYLOAD,same_drone_plan_start_to_finalize_plus_25ms_NOT_EXACT_ID
20260927_061256_1157439,u2e1,1,1790460858.7986374,1790460858.938637257,NOMINAL,topology-post-check|topology-post-check|topology-post-check,||,UNRESOLVED_DUE_TO_MISSING_CANDIDATE_PAYLOAD,same_drone_plan_start_to_finalize_plus_25ms_NOT_EXACT_ID
20260927_061256_1157439,u2e1,1,1790460858.7986374,1790460858.938637257,SIDE_PLUS,side-minco|candidate-final-status|side-minco|candidate-final-status|side-minco|candidate-final-status,|MINCO_OK||MINCO_OK||MINCO_OK,UNRESOLVED_DUE_TO_MISSING_CANDIDATE_PAYLOAD,same_drone_plan_start_to_finalize_plus_25ms_NOT_EXACT_ID
20260927_061256_1157439,u2e1,1,1790460858.7986374,1790460858.938637257,SIDE_MINUS,side-minco|candidate-final-status|side-minco|candidate-final-status|side-minco|candidate-final-status,|MINCO_OK||MINCO_OK||MINCO_OK,UNRESOLVED_DUE_TO_MISSING_CANDIDATE_PAYLOAD,same_drone_plan_start_to_finalize_plus_25ms_NOT_EXACT_ID
20260927_061256_1157439,u2e1,1,1790460858.8075275,1790460858.947527409,NOMINAL,topology-post-check|topology-post-check,|,UNRESOLVED_DUE_TO_MISSING_CANDIDATE_PAYLOAD,same_drone_plan_start_to_finalize_plus_25ms_NOT_EXACT_ID
20260927_061256_1157439,u2e1,1,1790460858.8075275,1790460858.947527409,SIDE_PLUS,side-minco|candidate-final-status|side-minco|candidate-final-status,|MINCO_OK||MINCO_OK,UNRESOLVED_DUE_TO_MISSING_CANDIDATE_PAYLOAD,same_drone_plan_start_to_finalize_plus_25ms_NOT_EXACT_ID
20260927_061256_1157439,u2e1,1,1790460858.8075275,1790460858.947527409,SIDE_MINUS,side-minco|candidate-final-status|side-minco|candidate-final-status,|MINCO_OK||MINCO_OK,UNRESOLVED_DUE_TO_MISSING_CANDIDATE_PAYLOAD,same_drone_plan_start_to_finalize_plus_25ms_NOT_EXACT_ID
20260927_061256_1157439,u2e1,1,1790460858.8155706,1790460858.955570459,NOMINAL,topology-post-check,,UNRESOLVED_DUE_TO_MISSING_CANDIDATE_PAYLOAD,same_drone_plan_start_to_finalize_plus_25ms_NOT_EXACT_ID
20260927_061256_1157439,u2e1,1,1790460858.8155706,1790460858.955570459,SIDE_PLUS,side-minco|candidate-final-status,|MINCO_OK,UNRESOLVED_DUE_TO_MISSING_CANDIDATE_PAYLOAD,same_drone_plan_start_to_finalize_plus_25ms_NOT_EXACT_ID
20260927_061256_1157439,u2e1,1,1790460858.8155706,1790460858.955570459,SIDE_MINUS,side-minco|candidate-final-status,|MINCO_OK,UNRESOLVED_DUE_TO_MISSING_CANDIDATE_PAYLOAD,same_drone_plan_start_to_finalize_plus_25ms_NOT_EXACT_ID
20260927_061256_1157439,u2e1,1,1790460858.963377,1790460859.103376865,NOMINAL,topology-post-check,,UNRESOLVED_DUE_TO_MISSING_CANDIDATE_PAYLOAD,same_drone_plan_start_to_finalize_plus_25ms_NOT_EXACT_ID
20260927_061256_1157439,u2e1,1,1790460858.963377,1790460859.103376865,SIDE_PLUS,side-minco|candidate-final-status|side-minco|candidate-final-status|topology-post-check|side-minco|candidate-final-status|topology-post-check|side-minco|candidate-final-status|topology-post-check|side-minco|candidate-final-status|topology-post-check,|MINCO_OK||MINCO_OK|||MINCO_OK|||MINCO_OK|||MINCO_OK|,UNRESOLVED_DUE_TO_MISSING_CANDIDATE_PAYLOAD,same_drone_plan_start_to_finalize_plus_25ms_NOT_EXACT_ID
20260927_061256_1157439,u2e1,1,1790460858.963377,1790460859.103376865,SIDE_MINUS,candidate-final-status|side-minco|candidate-final-status|side-minco|candidate-final-status|side-minco|candidate-final-status|side-minco|candidate-final-status,MINCO_OK||MINCO_OK||MINCO_OK||MINCO_OK||MINCO_OK,UNRESOLVED_DUE_TO_MISSING_CANDIDATE_PAYLOAD,same_drone_plan_start_to_finalize_plus_25ms_NOT_EXACT_ID
20260927_061256_1157439,u2e1,1,1790460858.971194,1790460859.111193895,NOMINAL,,,UNRESOLVED_DUE_TO_MISSING_CANDIDATE_PAYLOAD,same_drone_plan_start_to_finalize_plus_25ms_NOT_EXACT_ID
20260927_061256_1157439,u2e1,1,1790460858.971194,1790460859.111193895,SIDE_PLUS,side-minco|candidate-final-status|topology-post-check|side-minco|candidate-final-status|topology-post-check|side-minco|candidate-final-status|topology-post-check|side-minco|candidate-final-status|topology-post-check|side-minco|candidate-final-status|topology-post-check,|MINCO_OK|||MINCO_OK|||MINCO_OK|||MINCO_OK|||MINCO_OK|,UNRESOLVED_DUE_TO_MISSING_CANDIDATE_PAYLOAD,same_drone_plan_start_to_finalize_plus_25ms_NOT_EXACT_ID
20260927_061256_1157439,u2e1,1,1790460858.971194,1790460859.111193895,SIDE_MINUS,side-minco|candidate-final-status|side-minco|candidate-final-status|side-minco|candidate-final-status|side-minco|candidate-final-status|side-minco|candidate-final-status,|MINCO_OK||MINCO_OK||MINCO_OK||MINCO_OK||MINCO_OK,UNRESOLVED_DUE_TO_MISSING_CANDIDATE_PAYLOAD,same_drone_plan_start_to_finalize_plus_25ms_NOT_EXACT_ID
20260927_061256_1157439,u2e1,1,1790460858.9772105,1790460859.117210388,NOMINAL,,,UNRESOLVED_DUE_TO_MISSING_CANDIDATE_PAYLOAD,same_drone_plan_start_to_finalize_plus_25ms_NOT_EXACT_ID
20260927_061256_1157439,u2e1,1,1790460858.9772105,1790460859.117210388,SIDE_PLUS,side-minco|candidate-final-status|topology-post-check|side-minco|candidate-final-status|topology-post-check|side-minco|candidate-final-status|topology-post-check|side-minco|candidate-final-status|topology-post-check|side-minco|candidate-final-status,|MINCO_OK|||MINCO_OK|||MINCO_OK|||MINCO_OK|||MINCO_OK,UNRESOLVED_DUE_TO_MISSING_CANDIDATE_PAYLOAD,same_drone_plan_start_to_finalize_plus_25ms_NOT_EXACT_ID
20260927_061256_1157439,u2e1,1,1790460858.9772105,1790460859.117210388,SIDE_MINUS,side-minco|candidate-final-status|side-minco|candidate-final-status|side-minco|candidate-final-status|side-minco|candidate-final-status|side-minco|candidate-final-status,|MINCO_OK||MINCO_OK||MINCO_OK||MINCO_OK||MINCO_OK,UNRESOLVED_DUE_TO_MISSING_CANDIDATE_PAYLOAD,same_drone_plan_start_to_finalize_plus_25ms_NOT_EXACT_ID
20260927_061256_1157439,u2e1,1,1790460858.9832747,1790460859.123274565,NOMINAL,,,UNRESOLVED_DUE_TO_MISSING_CANDIDATE_PAYLOAD,same_drone_plan_start_to_finalize_plus_25ms_NOT_EXACT_ID
20260927_061256_1157439,u2e1,1,1790460858.9832747,1790460859.123274565,SIDE_PLUS,side-minco|candidate-final-status|topology-post-check|side-minco|candidate-final-status|topology-post-check|side-minco|candidate-final-status|topology-post-check|side-minco|candidate-final-status|topology-post-check|side-minco|candidate-final-status|topology-post-check,|MINCO_OK|||MINCO_OK|||MINCO_OK|||MINCO_OK|||MINCO_OK|,UNRESOLVED_DUE_TO_MISSING_CANDIDATE_PAYLOAD,same_drone_plan_start_to_finalize_plus_25ms_NOT_EXACT_ID
20260927_061256_1157439,u2e1,1,1790460858.9832747,1790460859.123274565,SIDE_MINUS,side-minco|candidate-final-status|side-minco|candidate-final-status|side-minco|candidate-final-status|side-minco|candidate-final-status|side-minco|candidate-final-status,|MINCO_OK||MINCO_OK||MINCO_OK||MINCO_OK||MINCO_OK,UNRESOLVED_DUE_TO_MISSING_CANDIDATE_PAYLOAD,same_drone_plan_start_to_finalize_plus_25ms_NOT_EXACT_ID
20260927_061256_1157439,u2e1,1,1790460858.9892838,1790460859.129283667,NOMINAL,,,UNRESOLVED_DUE_TO_MISSING_CANDIDATE_PAYLOAD,same_drone_plan_start_to_finalize_plus_25ms_NOT_EXACT_ID
20260927_061256_1157439,u2e1,1,1790460858.9892838,1790460859.129283667,SIDE_PLUS,side-minco|candidate-final-status|topology-post-check|side-minco|candidate-final-status|topology-post-check|side-minco|candidate-final-status|topology-post-check|side-minco|candidate-final-status|topology-post-check|side-minco|candidate-final-status,|MINCO_OK|||MINCO_OK|||MINCO_OK|||MINCO_OK|||MINCO_OK,UNRESOLVED_DUE_TO_MISSING_CANDIDATE_PAYLOAD,same_drone_plan_start_to_finalize_plus_25ms_NOT_EXACT_ID
20260927_061256_1157439,u2e1,1,1790460858.9892838,1790460859.129283667,SIDE_MINUS,side-minco|candidate-final-status|side-minco|candidate-final-status|side-minco|candidate-final-status|side-minco|candidate-final-status|side-minco|candidate-final-status,|MINCO_OK||MINCO_OK||MINCO_OK||MINCO_OK||MINCO_OK,UNRESOLVED_DUE_TO_MISSING_CANDIDATE_PAYLOAD,same_drone_plan_start_to_finalize_plus_25ms_NOT_EXACT_ID
20260927_061256_1157439,u2e1,1,1790460858.9950318,1790460859.135031700,NOMINAL,,,UNRESOLVED_DUE_TO_MISSING_CANDIDATE_PAYLOAD,same_drone_plan_start_to_finalize_plus_25ms_NOT_EXACT_ID
20260927_061256_1157439,u2e1,1,1790460858.9950318,1790460859.135031700,SIDE_PLUS,side-minco|candidate-final-status|topology-post-check|side-minco|candidate-final-status|topology-post-check|side-minco|candidate-final-status|topology-post-check|side-minco|candidate-final-status|topology-post-check|side-minco|candidate-final-status,|MINCO_OK|||MINCO_OK|||MINCO_OK|||MINCO_OK|||MINCO_OK,UNRESOLVED_DUE_TO_MISSING_CANDIDATE_PAYLOAD,same_drone_plan_start_to_finalize_plus_25ms_NOT_EXACT_ID
20260927_061256_1157439,u2e1,1,1790460858.9950318,1790460859.135031700,SIDE_MINUS,side-minco|candidate-final-status|side-minco|candidate-final-status|side-minco|candidate-final-status|side-minco|candidate-final-status|side-minco,|MINCO_OK||MINCO_OK||MINCO_OK||MINCO_OK|,UNRESOLVED_DUE_TO_MISSING_CANDIDATE_PAYLOAD,same_drone_plan_start_to_finalize_plus_25ms_NOT_EXACT_ID
20260927_061256_1157439,u2e1,1,1790460859.000903,1790460859.140902758,NOMINAL,,,UNRESOLVED_DUE_TO_MISSING_CANDIDATE_PAYLOAD,same_drone_plan_start_to_finalize_plus_25ms_NOT_EXACT_ID
20260927_061256_1157439,u2e1,1,1790460859.000903,1790460859.140902758,SIDE_PLUS,side-minco|candidate-final-status|topology-post-check|side-minco|candidate-final-status|topology-post-check|side-minco|candidate-final-status|topology-post-check|side-minco|candidate-final-status|topology-post-check|side-minco|candidate-final-status,|MINCO_OK|||MINCO_OK|||MINCO_OK|||MINCO_OK|||MINCO_OK,UNRESOLVED_DUE_TO_MISSING_CANDIDATE_PAYLOAD,same_drone_plan_start_to_finalize_plus_25ms_NOT_EXACT_ID
20260927_061256_1157439,u2e1,1,1790460859.000903,1790460859.140902758,SIDE_MINUS,side-minco|candidate-final-status|side-minco|candidate-final-status|side-minco|candidate-final-status|side-minco|candidate-final-status|side-minco|candidate-final-status,|MINCO_OK||MINCO_OK||MINCO_OK||MINCO_OK||MINCO_OK,UNRESOLVED_DUE_TO_MISSING_CANDIDATE_PAYLOAD,same_drone_plan_start_to_finalize_plus_25ms_NOT_EXACT_ID
20260927_061256_1157439,u2e1,1,1790460859.007369,1790460859.147368908,NOMINAL,,,UNRESOLVED_DUE_TO_MISSING_CANDIDATE_PAYLOAD,same_drone_plan_start_to_finalize_plus_25ms_NOT_EXACT_ID
20260927_061256_1157439,u2e1,1,1790460859.007369,1790460859.147368908,SIDE_PLUS,side-minco|candidate-final-status|topology-post-check|side-minco|candidate-final-status|topology-post-check|side-minco|candidate-final-status|topology-post-check|side-minco|candidate-final-status|topology-post-check|side-minco|candidate-final-status,|MINCO_OK|||MINCO_OK|||MINCO_OK|||MINCO_OK|||MINCO_OK,UNRESOLVED_DUE_TO_MISSING_CANDIDATE_PAYLOAD,same_drone_plan_start_to_finalize_plus_25ms_NOT_EXACT_ID
20260927_061256_1157439,u2e1,1,1790460859.007369,1790460859.147368908,SIDE_MINUS,side-minco|candidate-final-status|side-minco|candidate-final-status|side-minco|candidate-final-status|side-minco|candidate-final-status|side-minco|candidate-final-status,|MINCO_OK||MINCO_OK||MINCO_OK||MINCO_OK||MINCO_OK,UNRESOLVED_DUE_TO_MISSING_CANDIDATE_PAYLOAD,same_drone_plan_start_to_finalize_plus_25ms_NOT_EXACT_ID
20260927_061256_1157439,u2e1,1,1790460859.0130756,1790460859.153075457,NOMINAL,,,UNRESOLVED_DUE_TO_MISSING_CANDIDATE_PAYLOAD,same_drone_plan_start_to_finalize_plus_25ms_NOT_EXACT_ID
20260927_061256_1157439,u2e1,1,1790460859.0130756,1790460859.153075457,SIDE_PLUS,side-minco|candidate-final-status|topology-post-check|side-minco|candidate-final-status|topology-post-check|side-minco|candidate-final-status|topology-post-check|side-minco|candidate-final-status|topology-post-check|side-minco|candidate-final-status,|MINCO_OK|||MINCO_OK|||MINCO_OK|||MINCO_OK|||MINCO_OK,UNRESOLVED_DUE_TO_MISSING_CANDIDATE_PAYLOAD,same_drone_plan_start_to_finalize_plus_25ms_NOT_EXACT_ID
20260927_061256_1157439,u2e1,1,1790460859.0130756,1790460859.153075457,SIDE_MINUS,side-minco|candidate-final-status|side-minco|candidate-final-status|side-minco|candidate-final-status|side-minco|candidate-final-status|side-minco|candidate-final-status,|MINCO_OK||MINCO_OK||MINCO_OK||MINCO_OK||MINCO_OK,UNRESOLVED_DUE_TO_MISSING_CANDIDATE_PAYLOAD,same_drone_plan_start_to_finalize_plus_25ms_NOT_EXACT_ID
20260927_061256_1157439,u2e1,1,1790460859.0201933,1790460859.160193205,NOMINAL,,,UNRESOLVED_DUE_TO_MISSING_CANDIDATE_PAYLOAD,same_drone_plan_start_to_finalize_plus_25ms_NOT_EXACT_ID
20260927_061256_1157439,u2e1,1,1790460859.0201933,1790460859.160193205,SIDE_PLUS,side-minco|candidate-final-status|topology-post-check|side-minco|candidate-final-status|topology-post-check|side-minco|candidate-final-status|topology-post-check|side-minco|candidate-final-status|topology-post-check|side-minco|candidate-final-status,|MINCO_OK|||MINCO_OK|||MINCO_OK|||MINCO_OK|||MINCO_OK,UNRESOLVED_DUE_TO_MISSING_CANDIDATE_PAYLOAD,same_drone_plan_start_to_finalize_plus_25ms_NOT_EXACT_ID
20260927_061256_1157439,u2e1,1,1790460859.0201933,1790460859.160193205,SIDE_MINUS,side-minco|candidate-final-status|side-minco|candidate-final-status|side-minco|candidate-final-status|side-minco|candidate-final-status|side-minco|candidate-final-status,|MINCO_OK||MINCO_OK||MINCO_OK||MINCO_OK||MINCO_OK,UNRESOLVED_DUE_TO_MISSING_CANDIDATE_PAYLOAD,same_drone_plan_start_to_finalize_plus_25ms_NOT_EXACT_ID
20260927_061256_1157439,u2e1,1,1790460859.0261626,1790460859.166162491,NOMINAL,,,UNRESOLVED_DUE_TO_MISSING_CANDIDATE_PAYLOAD,same_drone_plan_start_to_finalize_plus_25ms_NOT_EXACT_ID
20260927_061256_1157439,u2e1,1,1790460859.0261626,1790460859.166162491,SIDE_PLUS,side-minco|candidate-final-status|topology-post-check|side-minco|candidate-final-status|topology-post-check|side-minco|candidate-final-status|topology-post-check|side-minco|candidate-final-status|topology-post-check,|MINCO_OK|||MINCO_OK|||MINCO_OK|||MINCO_OK|,UNRESOLVED_DUE_TO_MISSING_CANDIDATE_PAYLOAD,same_drone_plan_start_to_finalize_plus_25ms_NOT_EXACT_ID
20260927_061256_1157439,u2e1,1,1790460859.0261626,1790460859.166162491,SIDE_MINUS,side-minco|candidate-final-status|side-minco|candidate-final-status|side-minco|candidate-final-status|side-minco|candidate-final-status,|MINCO_OK||MINCO_OK||MINCO_OK||MINCO_OK,UNRESOLVED_DUE_TO_MISSING_CANDIDATE_PAYLOAD,same_drone_plan_start_to_finalize_plus_25ms_NOT_EXACT_ID
20260927_061256_1157439,u2e1,1,1790460859.032132,1790460859.172131777,NOMINAL,,,UNRESOLVED_DUE_TO_MISSING_CANDIDATE_PAYLOAD,same_drone_plan_start_to_finalize_plus_25ms_NOT_EXACT_ID
20260927_061256_1157439,u2e1,1,1790460859.032132,1790460859.172131777,SIDE_PLUS,side-minco|candidate-final-status|topology-post-check|side-minco|candidate-final-status|topology-post-check|side-minco|candidate-final-status|topology-post-check,|MINCO_OK|||MINCO_OK|||MINCO_OK|,UNRESOLVED_DUE_TO_MISSING_CANDIDATE_PAYLOAD,same_drone_plan_start_to_finalize_plus_25ms_NOT_EXACT_ID
20260927_061256_1157439,u2e1,1,1790460859.032132,1790460859.172131777,SIDE_MINUS,side-minco|candidate-final-status|side-minco|candidate-final-status|side-minco|candidate-final-status,|MINCO_OK||MINCO_OK||MINCO_OK,UNRESOLVED_DUE_TO_MISSING_CANDIDATE_PAYLOAD,same_drone_plan_start_to_finalize_plus_25ms_NOT_EXACT_ID
20260927_061256_1157439,u2e1,1,1790460859.038369,1790460859.178368807,NOMINAL,,,UNRESOLVED_DUE_TO_MISSING_CANDIDATE_PAYLOAD,same_drone_plan_start_to_finalize_plus_25ms_NOT_EXACT_ID
20260927_061256_1157439,u2e1,1,1790460859.038369,1790460859.178368807,SIDE_PLUS,side-minco|candidate-final-status|topology-post-check|side-minco|candidate-final-status|topology-post-check,|MINCO_OK|||MINCO_OK|,UNRESOLVED_DUE_TO_MISSING_CANDIDATE_PAYLOAD,same_drone_plan_start_to_finalize_plus_25ms_NOT_EXACT_ID
20260927_061256_1157439,u2e1,1,1790460859.038369,1790460859.178368807,SIDE_MINUS,side-minco|candidate-final-status|side-minco|candidate-final-status,|MINCO_OK||MINCO_OK,UNRESOLVED_DUE_TO_MISSING_CANDIDATE_PAYLOAD,same_drone_plan_start_to_finalize_plus_25ms_NOT_EXACT_ID
20260927_061256_1157439,u2e1,1,1790460859.0442793,1790460859.184279203,NOMINAL,,,UNRESOLVED_DUE_TO_MISSING_CANDIDATE_PAYLOAD,same_drone_plan_start_to_finalize_plus_25ms_NOT_EXACT_ID
20260927_061256_1157439,u2e1,1,1790460859.0442793,1790460859.184279203,SIDE_PLUS,side-minco|candidate-final-status|topology-post-check,|MINCO_OK|,UNRESOLVED_DUE_TO_MISSING_CANDIDATE_PAYLOAD,same_drone_plan_start_to_finalize_plus_25ms_NOT_EXACT_ID
20260927_061256_1157439,u2e1,1,1790460859.0442793,1790460859.184279203,SIDE_MINUS,side-minco|candidate-final-status,|MINCO_OK,UNRESOLVED_DUE_TO_MISSING_CANDIDATE_PAYLOAD,same_drone_plan_start_to_finalize_plus_25ms_NOT_EXACT_ID
20260927_061256_1157439,u2e2,1,1790460857.2396643,1790460857.379664183,NOMINAL,topology-post-check|topology-post-check,|,UNRESOLVED_DUE_TO_MISSING_CANDIDATE_PAYLOAD,same_drone_plan_start_to_finalize_plus_25ms_NOT_EXACT_ID
20260927_061256_1157439,u2e2,1,1790460857.2396643,1790460857.379664183,SIDE_PLUS,side-minco|candidate-final-status|side-minco|candidate-final-status,|MINCO_OK||,UNRESOLVED_DUE_TO_MISSING_CANDIDATE_PAYLOAD,same_drone_plan_start_to_finalize_plus_25ms_NOT_EXACT_ID
20260927_061256_1157439,u2e2,1,1790460857.2396643,1790460857.379664183,SIDE_MINUS,side-minco|candidate-final-status|side-minco|candidate-final-status,|||,UNRESOLVED_DUE_TO_MISSING_CANDIDATE_PAYLOAD,same_drone_plan_start_to_finalize_plus_25ms_NOT_EXACT_ID
20260927_061256_1157439,u2e2,1,1790460857.2639346,1790460857.403934479,NOMINAL,topology-post-check,,UNRESOLVED_DUE_TO_MISSING_CANDIDATE_PAYLOAD,same_drone_plan_start_to_finalize_plus_25ms_NOT_EXACT_ID
20260927_061256_1157439,u2e2,1,1790460857.2639346,1790460857.403934479,SIDE_PLUS,side-minco|candidate-final-status,|,UNRESOLVED_DUE_TO_MISSING_CANDIDATE_PAYLOAD,same_drone_plan_start_to_finalize_plus_25ms_NOT_EXACT_ID
20260927_061256_1157439,u2e2,1,1790460857.2639346,1790460857.403934479,SIDE_MINUS,side-minco|candidate-final-status,|,UNRESOLVED_DUE_TO_MISSING_CANDIDATE_PAYLOAD,same_drone_plan_start_to_finalize_plus_25ms_NOT_EXACT_ID
20260927_061256_1157439,u2e2,1,1790460857.472492,1790460857.612491846,NOMINAL,topology-post-check,,UNRESOLVED_DUE_TO_MISSING_CANDIDATE_PAYLOAD,same_drone_plan_start_to_finalize_plus_25ms_NOT_EXACT_ID
20260927_061256_1157439,u2e2,1,1790460857.472492,1790460857.612491846,SIDE_PLUS,side-minco|candidate-final-status,|,UNRESOLVED_DUE_TO_MISSING_CANDIDATE_PAYLOAD,same_drone_plan_start_to_finalize_plus_25ms_NOT_EXACT_ID
20260927_061256_1157439,u2e2,1,1790460857.472492,1790460857.612491846,SIDE_MINUS,side-minco|candidate-final-status,|,UNRESOLVED_DUE_TO_MISSING_CANDIDATE_PAYLOAD,same_drone_plan_start_to_finalize_plus_25ms_NOT_EXACT_ID
20260927_061256_1157439,u2e2,1,1790460857.7630863,1790460857.903086185,NOMINAL,topology-post-check,,UNRESOLVED_DUE_TO_MISSING_CANDIDATE_PAYLOAD,same_drone_plan_start_to_finalize_plus_25ms_NOT_EXACT_ID
20260927_061256_1157439,u2e2,1,1790460857.7630863,1790460857.903086185,SIDE_PLUS,side-minco|candidate-final-status|side-minco|candidate-final-status,|||,UNRESOLVED_DUE_TO_MISSING_CANDIDATE_PAYLOAD,same_drone_plan_start_to_finalize_plus_25ms_NOT_EXACT_ID
20260927_061256_1157439,u2e2,1,1790460857.7630863,1790460857.903086185,SIDE_MINUS,side-minco|candidate-final-status|side-minco|candidate-final-status,|||,UNRESOLVED_DUE_TO_MISSING_CANDIDATE_PAYLOAD,same_drone_plan_start_to_finalize_plus_25ms_NOT_EXACT_ID
20260927_061256_1157439,u2e2,1,1790460857.7876291,1790460857.927628994,NOMINAL,topology-post-check,,UNRESOLVED_DUE_TO_MISSING_CANDIDATE_PAYLOAD,same_drone_plan_start_to_finalize_plus_25ms_NOT_EXACT_ID
20260927_061256_1157439,u2e2,1,1790460857.7876291,1790460857.927628994,SIDE_PLUS,side-minco|candidate-final-status,|,UNRESOLVED_DUE_TO_MISSING_CANDIDATE_PAYLOAD,same_drone_plan_start_to_finalize_plus_25ms_NOT_EXACT_ID
20260927_061256_1157439,u2e2,1,1790460857.7876291,1790460857.927628994,SIDE_MINUS,side-minco|candidate-final-status,|,UNRESOLVED_DUE_TO_MISSING_CANDIDATE_PAYLOAD,same_drone_plan_start_to_finalize_plus_25ms_NOT_EXACT_ID
20260927_061256_1157439,u2e2,1,1790460858.0263326,1790460858.166332483,NOMINAL,,,UNRESOLVED_DUE_TO_MISSING_CANDIDATE_PAYLOAD,same_drone_plan_start_to_finalize_plus_25ms_NOT_EXACT_ID
20260927_061256_1157439,u2e2,1,1790460858.0263326,1790460858.166332483,SIDE_PLUS,side-minco|candidate-final-status|side-minco|candidate-final-status,|||,UNRESOLVED_DUE_TO_MISSING_CANDIDATE_PAYLOAD,same_drone_plan_start_to_finalize_plus_25ms_NOT_EXACT_ID
20260927_061256_1157439,u2e2,1,1790460858.0263326,1790460858.166332483,SIDE_MINUS,side-minco|candidate-final-status|side-minco|candidate-final-status,|||,UNRESOLVED_DUE_TO_MISSING_CANDIDATE_PAYLOAD,same_drone_plan_start_to_finalize_plus_25ms_NOT_EXACT_ID
20260927_061256_1157439,u2e2,1,1790460858.050066,1790460858.190065861,NOMINAL,,,UNRESOLVED_DUE_TO_MISSING_CANDIDATE_PAYLOAD,same_drone_plan_start_to_finalize_plus_25ms_NOT_EXACT_ID
20260927_061256_1157439,u2e2,1,1790460858.050066,1790460858.190065861,SIDE_PLUS,side-minco|candidate-final-status|side-minco|candidate-final-status,|||,UNRESOLVED_DUE_TO_MISSING_CANDIDATE_PAYLOAD,same_drone_plan_start_to_finalize_plus_25ms_NOT_EXACT_ID
20260927_061256_1157439,u2e2,1,1790460858.050066,1790460858.190065861,SIDE_MINUS,side-minco|candidate-final-status|side-minco|candidate-final-status,|||,UNRESOLVED_DUE_TO_MISSING_CANDIDATE_PAYLOAD,same_drone_plan_start_to_finalize_plus_25ms_NOT_EXACT_ID
20260927_061256_1157439,u2e2,1,1790460858.0750215,1790460858.215021372,NOMINAL,,,UNRESOLVED_DUE_TO_MISSING_CANDIDATE_PAYLOAD,same_drone_plan_start_to_finalize_plus_25ms_NOT_EXACT_ID
20260927_061256_1157439,u2e2,1,1790460858.0750215,1790460858.215021372,SIDE_PLUS,side-minco|candidate-final-status|side-minco|candidate-final-status,|||MINCO_OK,UNRESOLVED_DUE_TO_MISSING_CANDIDATE_PAYLOAD,same_drone_plan_start_to_finalize_plus_25ms_NOT_EXACT_ID
20260927_061256_1157439,u2e2,1,1790460858.0750215,1790460858.215021372,SIDE_MINUS,side-minco|candidate-final-status|side-minco|candidate-final-status|topology-post-check,|||MINCO_OK|,UNRESOLVED_DUE_TO_MISSING_CANDIDATE_PAYLOAD,same_drone_plan_start_to_finalize_plus_25ms_NOT_EXACT_ID
20260927_061256_1157439,u2e2,1,1790460858.0997033,1790460858.239703178,NOMINAL,,,UNRESOLVED_DUE_TO_MISSING_CANDIDATE_PAYLOAD,same_drone_plan_start_to_finalize_plus_25ms_NOT_EXACT_ID
20260927_061256_1157439,u2e2,1,1790460858.0997033,1790460858.239703178,SIDE_PLUS,side-minco|candidate-final-status,|MINCO_OK,UNRESOLVED_DUE_TO_MISSING_CANDIDATE_PAYLOAD,same_drone_plan_start_to_finalize_plus_25ms_NOT_EXACT_ID
20260927_061256_1157439,u2e2,1,1790460858.0997033,1790460858.239703178,SIDE_MINUS,side-minco|candidate-final-status|topology-post-check,|MINCO_OK|,UNRESOLVED_DUE_TO_MISSING_CANDIDATE_PAYLOAD,same_drone_plan_start_to_finalize_plus_25ms_NOT_EXACT_ID
20260927_061256_1157439,u2e2,1,1790460858.3079963,1790460858.447996140,NOMINAL,,,UNRESOLVED_DUE_TO_MISSING_CANDIDATE_PAYLOAD,same_drone_plan_start_to_finalize_plus_25ms_NOT_EXACT_ID
20260927_061256_1157439,u2e2,1,1790460858.3079963,1790460858.447996140,SIDE_PLUS,side-minco|candidate-final-status,|MINCO_OK,UNRESOLVED_DUE_TO_MISSING_CANDIDATE_PAYLOAD,same_drone_plan_start_to_finalize_plus_25ms_NOT_EXACT_ID
20260927_061256_1157439,u2e2,1,1790460858.3079963,1790460858.447996140,SIDE_MINUS,side-minco|candidate-final-status|topology-post-check,|MINCO_OK|,UNRESOLVED_DUE_TO_MISSING_CANDIDATE_PAYLOAD,same_drone_plan_start_to_finalize_plus_25ms_NOT_EXACT_ID
20260927_061256_1157439,u2e2,1,1790460858.5638041,1790460858.703804016,NOMINAL,topology-post-check,,UNRESOLVED_DUE_TO_MISSING_CANDIDATE_PAYLOAD,same_drone_plan_start_to_finalize_plus_25ms_NOT_EXACT_ID
20260927_061256_1157439,u2e2,1,1790460858.5638041,1790460858.703804016,SIDE_PLUS,side-minco|candidate-final-status|side-minco|candidate-final-status|side-minco|candidate-final-status|side-minco|candidate-final-status,|MINCO_OK||MINCO_OK||MINCO_OK||,UNRESOLVED_DUE_TO_MISSING_CANDIDATE_PAYLOAD,same_drone_plan_start_to_finalize_plus_25ms_NOT_EXACT_ID
20260927_061256_1157439,u2e2,1,1790460858.5638041,1790460858.703804016,SIDE_MINUS,side-minco|candidate-final-status|side-minco|candidate-final-status|side-minco|candidate-final-status|side-minco|candidate-final-status,|MINCO_OK||MINCO_OK||MINCO_OK||MINCO_OK,UNRESOLVED_DUE_TO_MISSING_CANDIDATE_PAYLOAD,same_drone_plan_start_to_finalize_plus_25ms_NOT_EXACT_ID
20260927_061256_1157439,u2e2,1,1790460858.5720546,1790460858.712054491,NOMINAL,topology-post-check,,UNRESOLVED_DUE_TO_MISSING_CANDIDATE_PAYLOAD,same_drone_plan_start_to_finalize_plus_25ms_NOT_EXACT_ID
20260927_061256_1157439,u2e2,1,1790460858.5720546,1790460858.712054491,SIDE_PLUS,side-minco|candidate-final-status|side-minco|candidate-final-status|side-minco|candidate-final-status|side-minco|candidate-final-status,|MINCO_OK||MINCO_OK||||MINCO_OK,UNRESOLVED_DUE_TO_MISSING_CANDIDATE_PAYLOAD,same_drone_plan_start_to_finalize_plus_25ms_NOT_EXACT_ID
20260927_061256_1157439,u2e2,1,1790460858.5720546,1790460858.712054491,SIDE_MINUS,side-minco|candidate-final-status|side-minco|candidate-final-status|side-minco|candidate-final-status|side-minco|candidate-final-status,|MINCO_OK||MINCO_OK||MINCO_OK||MINCO_OK,UNRESOLVED_DUE_TO_MISSING_CANDIDATE_PAYLOAD,same_drone_plan_start_to_finalize_plus_25ms_NOT_EXACT_ID
20260927_061256_1157439,u2e2,1,1790460858.5803494,1790460858.720349312,NOMINAL,topology-post-check|topology-post-check,|,UNRESOLVED_DUE_TO_MISSING_CANDIDATE_PAYLOAD,same_drone_plan_start_to_finalize_plus_25ms_NOT_EXACT_ID
20260927_061256_1157439,u2e2,1,1790460858.5803494,1790460858.720349312,SIDE_PLUS,side-minco|candidate-final-status|side-minco|candidate-final-status|side-minco|candidate-final-status|candidate-preinit-failure,|MINCO_OK||||MINCO_OK|NO_STATIC_FEASIBLE_SIDE,UNRESOLVED_DUE_TO_MISSING_CANDIDATE_PAYLOAD,same_drone_plan_start_to_finalize_plus_25ms_NOT_EXACT_ID
20260927_061256_1157439,u2e2,1,1790460858.5803494,1790460858.720349312,SIDE_MINUS,side-minco|candidate-final-status|side-minco|candidate-final-status|side-minco|candidate-final-status|candidate-preinit-failure,|MINCO_OK||MINCO_OK||MINCO_OK|NO_STATIC_FEASIBLE_SIDE,UNRESOLVED_DUE_TO_MISSING_CANDIDATE_PAYLOAD,same_drone_plan_start_to_finalize_plus_25ms_NOT_EXACT_ID
20260927_061256_1157439,u2e2,1,1790460858.5881095,1790460858.728109360,NOMINAL,topology-post-check|topology-post-check,|,UNRESOLVED_DUE_TO_MISSING_CANDIDATE_PAYLOAD,same_drone_plan_start_to_finalize_plus_25ms_NOT_EXACT_ID
20260927_061256_1157439,u2e2,1,1790460858.5881095,1790460858.728109360,SIDE_PLUS,side-minco|candidate-final-status|side-minco|candidate-final-status|candidate-preinit-failure|side-minco|candidate-final-status,|||MINCO_OK|NO_STATIC_FEASIBLE_SIDE||MINCO_OK,UNRESOLVED_DUE_TO_MISSING_CANDIDATE_PAYLOAD,same_drone_plan_start_to_finalize_plus_25ms_NOT_EXACT_ID
20260927_061256_1157439,u2e2,1,1790460858.5881095,1790460858.728109360,SIDE_MINUS,side-minco|candidate-final-status|side-minco|candidate-final-status|candidate-preinit-failure,|MINCO_OK||MINCO_OK|NO_STATIC_FEASIBLE_SIDE,UNRESOLVED_DUE_TO_MISSING_CANDIDATE_PAYLOAD,same_drone_plan_start_to_finalize_plus_25ms_NOT_EXACT_ID
20260927_061256_1157439,u2e2,1,1790460858.5969741,1790460858.736974001,NOMINAL,topology-post-check,,UNRESOLVED_DUE_TO_MISSING_CANDIDATE_PAYLOAD,same_drone_plan_start_to_finalize_plus_25ms_NOT_EXACT_ID
20260927_061256_1157439,u2e2,1,1790460858.5969741,1790460858.736974001,SIDE_PLUS,side-minco|candidate-final-status|candidate-preinit-failure|side-minco|candidate-final-status,|MINCO_OK|NO_STATIC_FEASIBLE_SIDE||MINCO_OK,UNRESOLVED_DUE_TO_MISSING_CANDIDATE_PAYLOAD,same_drone_plan_start_to_finalize_plus_25ms_NOT_EXACT_ID
20260927_061256_1157439,u2e2,1,1790460858.5969741,1790460858.736974001,SIDE_MINUS,side-minco|candidate-final-status|candidate-preinit-failure|side-minco|candidate-final-status|topology-post-check,|MINCO_OK|NO_STATIC_FEASIBLE_SIDE||MINCO_OK|,UNRESOLVED_DUE_TO_MISSING_CANDIDATE_PAYLOAD,same_drone_plan_start_to_finalize_plus_25ms_NOT_EXACT_ID
20260927_061256_1157439,u2e2,1,1790460858.6061587,1790460858.706158638,NOMINAL,,,UNRESOLVED_DUE_TO_MISSING_CANDIDATE_PAYLOAD,same_drone_plan_start_to_finalize_plus_25ms_NOT_EXACT_ID
20260927_061256_1157439,u2e2,1,1790460858.6061587,1790460858.706158638,SIDE_PLUS,candidate-preinit-failure|side-minco|candidate-final-status,NO_STATIC_FEASIBLE_SIDE||MINCO_OK,UNRESOLVED_DUE_TO_MISSING_CANDIDATE_PAYLOAD,same_drone_plan_start_to_finalize_plus_25ms_NOT_EXACT_ID
20260927_061256_1157439,u2e2,1,1790460858.6061587,1790460858.706158638,SIDE_MINUS,candidate-preinit-failure|side-minco|candidate-final-status|topology-post-check,NO_STATIC_FEASIBLE_SIDE||MINCO_OK|,UNRESOLVED_DUE_TO_MISSING_CANDIDATE_PAYLOAD,same_drone_plan_start_to_finalize_plus_25ms_NOT_EXACT_ID
20260927_061256_1157439,u2e2,1,1790460858.613989,1790460858.713989019,NOMINAL,,,UNRESOLVED_DUE_TO_MISSING_CANDIDATE_PAYLOAD,same_drone_plan_start_to_finalize_plus_25ms_NOT_EXACT_ID
20260927_061256_1157439,u2e2,1,1790460858.613989,1790460858.713989019,SIDE_PLUS,side-minco|candidate-final-status,|MINCO_OK,UNRESOLVED_DUE_TO_MISSING_CANDIDATE_PAYLOAD,same_drone_plan_start_to_finalize_plus_25ms_NOT_EXACT_ID
20260927_061256_1157439,u2e2,1,1790460858.613989,1790460858.713989019,SIDE_MINUS,side-minco|candidate-final-status|topology-post-check,|MINCO_OK|,UNRESOLVED_DUE_TO_MISSING_CANDIDATE_PAYLOAD,same_drone_plan_start_to_finalize_plus_25ms_NOT_EXACT_ID
20260927_061256_1157439,u2e2,1,1790460858.722944,1790460858.862943888,NOMINAL,topology-post-check,,UNRESOLVED_DUE_TO_MISSING_CANDIDATE_PAYLOAD,same_drone_plan_start_to_finalize_plus_25ms_NOT_EXACT_ID
20260927_061256_1157439,u2e2,1,1790460858.722944,1790460858.862943888,SIDE_PLUS,side-minco|candidate-final-status|side-minco|candidate-final-status|side-minco|candidate-final-status|side-minco|candidate-final-status,|MINCO_OK||MINCO_OK||MINCO_OK||MINCO_OK,UNRESOLVED_DUE_TO_MISSING_CANDIDATE_PAYLOAD,same_drone_plan_start_to_finalize_plus_25ms_NOT_EXACT_ID
20260927_061256_1157439,u2e2,1,1790460858.722944,1790460858.862943888,SIDE_MINUS,side-minco|candidate-final-status|side-minco|candidate-final-status|side-minco|candidate-final-status,|MINCO_OK||MINCO_OK||MINCO_OK,UNRESOLVED_DUE_TO_MISSING_CANDIDATE_PAYLOAD,same_drone_plan_start_to_finalize_plus_25ms_NOT_EXACT_ID
20260927_061256_1157439,u2e2,1,1790460858.7316382,1790460858.871638060,NOMINAL,topology-post-check,,UNRESOLVED_DUE_TO_MISSING_CANDIDATE_PAYLOAD,same_drone_plan_start_to_finalize_plus_25ms_NOT_EXACT_ID
20260927_061256_1157439,u2e2,1,1790460858.7316382,1790460858.871638060,SIDE_PLUS,side-minco|candidate-final-status|side-minco|candidate-final-status|side-minco|candidate-final-status|side-minco|candidate-final-status,|MINCO_OK||MINCO_OK||MINCO_OK||MINCO_OK,UNRESOLVED_DUE_TO_MISSING_CANDIDATE_PAYLOAD,same_drone_plan_start_to_finalize_plus_25ms_NOT_EXACT_ID
20260927_061256_1157439,u2e2,1,1790460858.7316382,1790460858.871638060,SIDE_MINUS,side-minco|candidate-final-status|side-minco|candidate-final-status|side-minco|candidate-final-status|side-minco|candidate-final-status,|MINCO_OK||MINCO_OK||MINCO_OK||MINCO_OK,UNRESOLVED_DUE_TO_MISSING_CANDIDATE_PAYLOAD,same_drone_plan_start_to_finalize_plus_25ms_NOT_EXACT_ID
20260927_061256_1157439,u2e2,1,1790460858.7400463,1790460858.880046129,NOMINAL,topology-post-check,,UNRESOLVED_DUE_TO_MISSING_CANDIDATE_PAYLOAD,same_drone_plan_start_to_finalize_plus_25ms_NOT_EXACT_ID
20260927_061256_1157439,u2e2,1,1790460858.7400463,1790460858.880046129,SIDE_PLUS,side-minco|candidate-final-status|side-minco|candidate-final-status|side-minco|candidate-final-status|side-minco|candidate-final-status,|MINCO_OK||MINCO_OK||MINCO_OK||MINCO_OK,UNRESOLVED_DUE_TO_MISSING_CANDIDATE_PAYLOAD,same_drone_plan_start_to_finalize_plus_25ms_NOT_EXACT_ID
20260927_061256_1157439,u2e2,1,1790460858.7400463,1790460858.880046129,SIDE_MINUS,side-minco|candidate-final-status|side-minco|candidate-final-status|side-minco|candidate-final-status|side-minco|candidate-final-status,|MINCO_OK||MINCO_OK||MINCO_OK||MINCO_OK,UNRESOLVED_DUE_TO_MISSING_CANDIDATE_PAYLOAD,same_drone_plan_start_to_finalize_plus_25ms_NOT_EXACT_ID
20260927_061256_1157439,u2e2,1,1790460858.7484882,1790460858.888488054,NOMINAL,topology-post-check|topology-post-check,|,UNRESOLVED_DUE_TO_MISSING_CANDIDATE_PAYLOAD,same_drone_plan_start_to_finalize_plus_25ms_NOT_EXACT_ID
20260927_061256_1157439,u2e2,1,1790460858.7484882,1790460858.888488054,SIDE_PLUS,side-minco|candidate-final-status|side-minco|candidate-final-status|side-minco|candidate-final-status|side-minco|candidate-final-status,|MINCO_OK||MINCO_OK||MINCO_OK||MINCO_OK,UNRESOLVED_DUE_TO_MISSING_CANDIDATE_PAYLOAD,same_drone_plan_start_to_finalize_plus_25ms_NOT_EXACT_ID
20260927_061256_1157439,u2e2,1,1790460858.7484882,1790460858.888488054,SIDE_MINUS,side-minco|candidate-final-status|side-minco|candidate-final-status|side-minco|candidate-final-status|side-minco|candidate-final-status,|MINCO_OK||MINCO_OK||MINCO_OK||MINCO_OK,UNRESOLVED_DUE_TO_MISSING_CANDIDATE_PAYLOAD,same_drone_plan_start_to_finalize_plus_25ms_NOT_EXACT_ID
20260927_061256_1157439,u2e2,1,1790460858.7573314,1790460858.897331238,NOMINAL,topology-post-check,,UNRESOLVED_DUE_TO_MISSING_CANDIDATE_PAYLOAD,same_drone_plan_start_to_finalize_plus_25ms_NOT_EXACT_ID
20260927_061256_1157439,u2e2,1,1790460858.7573314,1790460858.897331238,SIDE_PLUS,side-minco|candidate-final-status|side-minco|candidate-final-status|side-minco|candidate-final-status|side-minco|candidate-final-status,|MINCO_OK||MINCO_OK||MINCO_OK||MINCO_OK,UNRESOLVED_DUE_TO_MISSING_CANDIDATE_PAYLOAD,same_drone_plan_start_to_finalize_plus_25ms_NOT_EXACT_ID
20260927_061256_1157439,u2e2,1,1790460858.7573314,1790460858.897331238,SIDE_MINUS,side-minco|candidate-final-status|side-minco|candidate-final-status|side-minco|candidate-final-status|side-minco|candidate-final-status,|MINCO_OK||MINCO_OK||MINCO_OK||MINCO_OK,UNRESOLVED_DUE_TO_MISSING_CANDIDATE_PAYLOAD,same_drone_plan_start_to_finalize_plus_25ms_NOT_EXACT_ID
20260927_061256_1157439,u2e2,1,1790460858.7651358,1790460858.905135632,NOMINAL,topology-post-check,,UNRESOLVED_DUE_TO_MISSING_CANDIDATE_PAYLOAD,same_drone_plan_start_to_finalize_plus_25ms_NOT_EXACT_ID
20260927_061256_1157439,u2e2,1,1790460858.7651358,1790460858.905135632,SIDE_PLUS,side-minco|candidate-final-status|side-minco|candidate-final-status|side-minco|candidate-final-status|side-minco|candidate-final-status,|MINCO_OK||MINCO_OK||MINCO_OK||MINCO_OK,UNRESOLVED_DUE_TO_MISSING_CANDIDATE_PAYLOAD,same_drone_plan_start_to_finalize_plus_25ms_NOT_EXACT_ID
20260927_061256_1157439,u2e2,1,1790460858.7651358,1790460858.905135632,SIDE_MINUS,side-minco|candidate-final-status|side-minco|candidate-final-status|side-minco|candidate-final-status|side-minco|candidate-final-status,|MINCO_OK||MINCO_OK||MINCO_OK||MINCO_OK,UNRESOLVED_DUE_TO_MISSING_CANDIDATE_PAYLOAD,same_drone_plan_start_to_finalize_plus_25ms_NOT_EXACT_ID
20260927_061256_1157439,u2e2,1,1790460858.7736888,1790460858.913688660,NOMINAL,topology-post-check,,UNRESOLVED_DUE_TO_MISSING_CANDIDATE_PAYLOAD,same_drone_plan_start_to_finalize_plus_25ms_NOT_EXACT_ID
20260927_061256_1157439,u2e2,1,1790460858.7736888,1790460858.913688660,SIDE_PLUS,side-minco|candidate-final-status|side-minco|candidate-final-status|side-minco|candidate-final-status|side-minco|candidate-final-status,|MINCO_OK||MINCO_OK||MINCO_OK||MINCO_OK,UNRESOLVED_DUE_TO_MISSING_CANDIDATE_PAYLOAD,same_drone_plan_start_to_finalize_plus_25ms_NOT_EXACT_ID
20260927_061256_1157439,u2e2,1,1790460858.7736888,1790460858.913688660,SIDE_MINUS,side-minco|candidate-final-status|side-minco|candidate-final-status|side-minco|candidate-final-status,|MINCO_OK||MINCO_OK||MINCO_OK,UNRESOLVED_DUE_TO_MISSING_CANDIDATE_PAYLOAD,same_drone_plan_start_to_finalize_plus_25ms_NOT_EXACT_ID
20260927_061256_1157439,u2e2,1,1790460858.7818193,1790460858.921819210,NOMINAL,topology-post-check,,UNRESOLVED_DUE_TO_MISSING_CANDIDATE_PAYLOAD,same_drone_plan_start_to_finalize_plus_25ms_NOT_EXACT_ID
20260927_061256_1157439,u2e2,1,1790460858.7818193,1790460858.921819210,SIDE_PLUS,side-minco|candidate-final-status|side-minco|candidate-final-status|side-minco|candidate-final-status|side-minco|candidate-final-status,|MINCO_OK||MINCO_OK||MINCO_OK||MINCO_OK,UNRESOLVED_DUE_TO_MISSING_CANDIDATE_PAYLOAD,same_drone_plan_start_to_finalize_plus_25ms_NOT_EXACT_ID
20260927_061256_1157439,u2e2,1,1790460858.7818193,1790460858.921819210,SIDE_MINUS,side-minco|candidate-final-status|side-minco|candidate-final-status|side-minco|candidate-final-status|side-minco,|MINCO_OK||MINCO_OK||MINCO_OK|,UNRESOLVED_DUE_TO_MISSING_CANDIDATE_PAYLOAD,same_drone_plan_start_to_finalize_plus_25ms_NOT_EXACT_ID
20260927_061256_1157439,u2e2,1,1790460858.79018,1790460858.930179834,NOMINAL,topology-post-check|topology-post-check,|,UNRESOLVED_DUE_TO_MISSING_CANDIDATE_PAYLOAD,same_drone_plan_start_to_finalize_plus_25ms_NOT_EXACT_ID
20260927_061256_1157439,u2e2,1,1790460858.79018,1790460858.930179834,SIDE_PLUS,side-minco|candidate-final-status|side-minco|candidate-final-status|side-minco|candidate-final-status|side-minco|candidate-final-status,|MINCO_OK||MINCO_OK||MINCO_OK||MINCO_OK,UNRESOLVED_DUE_TO_MISSING_CANDIDATE_PAYLOAD,same_drone_plan_start_to_finalize_plus_25ms_NOT_EXACT_ID
20260927_061256_1157439,u2e2,1,1790460858.79018,1790460858.930179834,SIDE_MINUS,side-minco|candidate-final-status|side-minco|candidate-final-status|side-minco|candidate-final-status|side-minco,|MINCO_OK||MINCO_OK||MINCO_OK|,UNRESOLVED_DUE_TO_MISSING_CANDIDATE_PAYLOAD,same_drone_plan_start_to_finalize_plus_25ms_NOT_EXACT_ID
20260927_061256_1157439,u2e2,1,1790460858.7986374,1790460858.938637257,NOMINAL,topology-post-check|topology-post-check|topology-post-check,||,UNRESOLVED_DUE_TO_MISSING_CANDIDATE_PAYLOAD,same_drone_plan_start_to_finalize_plus_25ms_NOT_EXACT_ID
20260927_061256_1157439,u2e2,1,1790460858.7986374,1790460858.938637257,SIDE_PLUS,side-minco|candidate-final-status|side-minco|candidate-final-status|side-minco|candidate-final-status,|MINCO_OK||MINCO_OK||MINCO_OK,UNRESOLVED_DUE_TO_MISSING_CANDIDATE_PAYLOAD,same_drone_plan_start_to_finalize_plus_25ms_NOT_EXACT_ID
20260927_061256_1157439,u2e2,1,1790460858.7986374,1790460858.938637257,SIDE_MINUS,side-minco|candidate-final-status|side-minco|candidate-final-status|side-minco|candidate-final-status,|MINCO_OK||MINCO_OK||MINCO_OK,UNRESOLVED_DUE_TO_MISSING_CANDIDATE_PAYLOAD,same_drone_plan_start_to_finalize_plus_25ms_NOT_EXACT_ID
20260927_061256_1157439,u2e2,1,1790460858.8075275,1790460858.947527409,NOMINAL,topology-post-check|topology-post-check,|,UNRESOLVED_DUE_TO_MISSING_CANDIDATE_PAYLOAD,same_drone_plan_start_to_finalize_plus_25ms_NOT_EXACT_ID
20260927_061256_1157439,u2e2,1,1790460858.8075275,1790460858.947527409,SIDE_PLUS,side-minco|candidate-final-status|side-minco|candidate-final-status,|MINCO_OK||MINCO_OK,UNRESOLVED_DUE_TO_MISSING_CANDIDATE_PAYLOAD,same_drone_plan_start_to_finalize_plus_25ms_NOT_EXACT_ID
20260927_061256_1157439,u2e2,1,1790460858.8075275,1790460858.947527409,SIDE_MINUS,side-minco|candidate-final-status|side-minco|candidate-final-status,|MINCO_OK||MINCO_OK,UNRESOLVED_DUE_TO_MISSING_CANDIDATE_PAYLOAD,same_drone_plan_start_to_finalize_plus_25ms_NOT_EXACT_ID
20260927_061256_1157439,u2e2,1,1790460858.8155706,1790460858.955570459,NOMINAL,topology-post-check,,UNRESOLVED_DUE_TO_MISSING_CANDIDATE_PAYLOAD,same_drone_plan_start_to_finalize_plus_25ms_NOT_EXACT_ID
20260927_061256_1157439,u2e2,1,1790460858.8155706,1790460858.955570459,SIDE_PLUS,side-minco|candidate-final-status,|MINCO_OK,UNRESOLVED_DUE_TO_MISSING_CANDIDATE_PAYLOAD,same_drone_plan_start_to_finalize_plus_25ms_NOT_EXACT_ID
20260927_061256_1157439,u2e2,1,1790460858.8155706,1790460858.955570459,SIDE_MINUS,side-minco|candidate-final-status,|MINCO_OK,UNRESOLVED_DUE_TO_MISSING_CANDIDATE_PAYLOAD,same_drone_plan_start_to_finalize_plus_25ms_NOT_EXACT_ID
20260927_061256_1157439,u2e2,1,1790460858.963377,1790460859.103376865,NOMINAL,topology-post-check,,UNRESOLVED_DUE_TO_MISSING_CANDIDATE_PAYLOAD,same_drone_plan_start_to_finalize_plus_25ms_NOT_EXACT_ID
20260927_061256_1157439,u2e2,1,1790460858.963377,1790460859.103376865,SIDE_PLUS,side-minco|candidate-final-status|side-minco|candidate-final-status|topology-post-check|side-minco|candidate-final-status|topology-post-check|side-minco|candidate-final-status|topology-post-check|side-minco|candidate-final-status|topology-post-check,|MINCO_OK||MINCO_OK|||MINCO_OK|||MINCO_OK|||MINCO_OK|,UNRESOLVED_DUE_TO_MISSING_CANDIDATE_PAYLOAD,same_drone_plan_start_to_finalize_plus_25ms_NOT_EXACT_ID
20260927_061256_1157439,u2e2,1,1790460858.963377,1790460859.103376865,SIDE_MINUS,candidate-final-status|side-minco|candidate-final-status|side-minco|candidate-final-status|side-minco|candidate-final-status|side-minco|candidate-final-status,MINCO_OK||MINCO_OK||MINCO_OK||MINCO_OK||MINCO_OK,UNRESOLVED_DUE_TO_MISSING_CANDIDATE_PAYLOAD,same_drone_plan_start_to_finalize_plus_25ms_NOT_EXACT_ID
20260927_061256_1157439,u2e2,1,1790460858.971194,1790460859.111193895,NOMINAL,,,UNRESOLVED_DUE_TO_MISSING_CANDIDATE_PAYLOAD,same_drone_plan_start_to_finalize_plus_25ms_NOT_EXACT_ID
20260927_061256_1157439,u2e2,1,1790460858.971194,1790460859.111193895,SIDE_PLUS,side-minco|candidate-final-status|topology-post-check|side-minco|candidate-final-status|topology-post-check|side-minco|candidate-final-status|topology-post-check|side-minco|candidate-final-status|topology-post-check|side-minco|candidate-final-status|topology-post-check,|MINCO_OK|||MINCO_OK|||MINCO_OK|||MINCO_OK|||MINCO_OK|,UNRESOLVED_DUE_TO_MISSING_CANDIDATE_PAYLOAD,same_drone_plan_start_to_finalize_plus_25ms_NOT_EXACT_ID
20260927_061256_1157439,u2e2,1,1790460858.971194,1790460859.111193895,SIDE_MINUS,side-minco|candidate-final-status|side-minco|candidate-final-status|side-minco|candidate-final-status|side-minco|candidate-final-status|side-minco|candidate-final-status,|MINCO_OK||MINCO_OK||MINCO_OK||MINCO_OK||MINCO_OK,UNRESOLVED_DUE_TO_MISSING_CANDIDATE_PAYLOAD,same_drone_plan_start_to_finalize_plus_25ms_NOT_EXACT_ID
20260927_061256_1157439,u2e2,1,1790460858.9772105,1790460859.117210388,NOMINAL,,,UNRESOLVED_DUE_TO_MISSING_CANDIDATE_PAYLOAD,same_drone_plan_start_to_finalize_plus_25ms_NOT_EXACT_ID
20260927_061256_1157439,u2e2,1,1790460858.9772105,1790460859.117210388,SIDE_PLUS,side-minco|candidate-final-status|topology-post-check|side-minco|candidate-final-status|topology-post-check|side-minco|candidate-final-status|topology-post-check|side-minco|candidate-final-status|topology-post-check|side-minco|candidate-final-status,|MINCO_OK|||MINCO_OK|||MINCO_OK|||MINCO_OK|||MINCO_OK,UNRESOLVED_DUE_TO_MISSING_CANDIDATE_PAYLOAD,same_drone_plan_start_to_finalize_plus_25ms_NOT_EXACT_ID
20260927_061256_1157439,u2e2,1,1790460858.9772105,1790460859.117210388,SIDE_MINUS,side-minco|candidate-final-status|side-minco|candidate-final-status|side-minco|candidate-final-status|side-minco|candidate-final-status|side-minco|candidate-final-status,|MINCO_OK||MINCO_OK||MINCO_OK||MINCO_OK||MINCO_OK,UNRESOLVED_DUE_TO_MISSING_CANDIDATE_PAYLOAD,same_drone_plan_start_to_finalize_plus_25ms_NOT_EXACT_ID
20260927_061256_1157439,u2e2,1,1790460858.9832747,1790460859.123274565,NOMINAL,,,UNRESOLVED_DUE_TO_MISSING_CANDIDATE_PAYLOAD,same_drone_plan_start_to_finalize_plus_25ms_NOT_EXACT_ID
20260927_061256_1157439,u2e2,1,1790460858.9832747,1790460859.123274565,SIDE_PLUS,side-minco|candidate-final-status|topology-post-check|side-minco|candidate-final-status|topology-post-check|side-minco|candidate-final-status|topology-post-check|side-minco|candidate-final-status|topology-post-check|side-minco|candidate-final-status|topology-post-check,|MINCO_OK|||MINCO_OK|||MINCO_OK|||MINCO_OK|||MINCO_OK|,UNRESOLVED_DUE_TO_MISSING_CANDIDATE_PAYLOAD,same_drone_plan_start_to_finalize_plus_25ms_NOT_EXACT_ID
20260927_061256_1157439,u2e2,1,1790460858.9832747,1790460859.123274565,SIDE_MINUS,side-minco|candidate-final-status|side-minco|candidate-final-status|side-minco|candidate-final-status|side-minco|candidate-final-status|side-minco|candidate-final-status,|MINCO_OK||MINCO_OK||MINCO_OK||MINCO_OK||MINCO_OK,UNRESOLVED_DUE_TO_MISSING_CANDIDATE_PAYLOAD,same_drone_plan_start_to_finalize_plus_25ms_NOT_EXACT_ID
20260927_061256_1157439,u2e2,1,1790460858.9892838,1790460859.129283667,NOMINAL,,,UNRESOLVED_DUE_TO_MISSING_CANDIDATE_PAYLOAD,same_drone_plan_start_to_finalize_plus_25ms_NOT_EXACT_ID
20260927_061256_1157439,u2e2,1,1790460858.9892838,1790460859.129283667,SIDE_PLUS,side-minco|candidate-final-status|topology-post-check|side-minco|candidate-final-status|topology-post-check|side-minco|candidate-final-status|topology-post-check|side-minco|candidate-final-status|topology-post-check|side-minco|candidate-final-status,|MINCO_OK|||MINCO_OK|||MINCO_OK|||MINCO_OK|||MINCO_OK,UNRESOLVED_DUE_TO_MISSING_CANDIDATE_PAYLOAD,same_drone_plan_start_to_finalize_plus_25ms_NOT_EXACT_ID
20260927_061256_1157439,u2e2,1,1790460858.9892838,1790460859.129283667,SIDE_MINUS,side-minco|candidate-final-status|side-minco|candidate-final-status|side-minco|candidate-final-status|side-minco|candidate-final-status|side-minco|candidate-final-status,|MINCO_OK||MINCO_OK||MINCO_OK||MINCO_OK||MINCO_OK,UNRESOLVED_DUE_TO_MISSING_CANDIDATE_PAYLOAD,same_drone_plan_start_to_finalize_plus_25ms_NOT_EXACT_ID
20260927_061256_1157439,u2e2,1,1790460858.9950318,1790460859.135031700,NOMINAL,,,UNRESOLVED_DUE_TO_MISSING_CANDIDATE_PAYLOAD,same_drone_plan_start_to_finalize_plus_25ms_NOT_EXACT_ID
20260927_061256_1157439,u2e2,1,1790460858.9950318,1790460859.135031700,SIDE_PLUS,side-minco|candidate-final-status|topology-post-check|side-minco|candidate-final-status|topology-post-check|side-minco|candidate-final-status|topology-post-check|side-minco|candidate-final-status|topology-post-check|side-minco|candidate-final-status,|MINCO_OK|||MINCO_OK|||MINCO_OK|||MINCO_OK|||MINCO_OK,UNRESOLVED_DUE_TO_MISSING_CANDIDATE_PAYLOAD,same_drone_plan_start_to_finalize_plus_25ms_NOT_EXACT_ID
20260927_061256_1157439,u2e2,1,1790460858.9950318,1790460859.135031700,SIDE_MINUS,side-minco|candidate-final-status|side-minco|candidate-final-status|side-minco|candidate-final-status|side-minco|candidate-final-status|side-minco,|MINCO_OK||MINCO_OK||MINCO_OK||MINCO_OK|,UNRESOLVED_DUE_TO_MISSING_CANDIDATE_PAYLOAD,same_drone_plan_start_to_finalize_plus_25ms_NOT_EXACT_ID
20260927_061256_1157439,u2e2,1,1790460859.000903,1790460859.140902758,NOMINAL,,,UNRESOLVED_DUE_TO_MISSING_CANDIDATE_PAYLOAD,same_drone_plan_start_to_finalize_plus_25ms_NOT_EXACT_ID
20260927_061256_1157439,u2e2,1,1790460859.000903,1790460859.140902758,SIDE_PLUS,side-minco|candidate-final-status|topology-post-check|side-minco|candidate-final-status|topology-post-check|side-minco|candidate-final-status|topology-post-check|side-minco|candidate-final-status|topology-post-check|side-minco|candidate-final-status,|MINCO_OK|||MINCO_OK|||MINCO_OK|||MINCO_OK|||MINCO_OK,UNRESOLVED_DUE_TO_MISSING_CANDIDATE_PAYLOAD,same_drone_plan_start_to_finalize_plus_25ms_NOT_EXACT_ID
20260927_061256_1157439,u2e2,1,1790460859.000903,1790460859.140902758,SIDE_MINUS,side-minco|candidate-final-status|side-minco|candidate-final-status|side-minco|candidate-final-status|side-minco|candidate-final-status|side-minco|candidate-final-status,|MINCO_OK||MINCO_OK||MINCO_OK||MINCO_OK||MINCO_OK,UNRESOLVED_DUE_TO_MISSING_CANDIDATE_PAYLOAD,same_drone_plan_start_to_finalize_plus_25ms_NOT_EXACT_ID
20260927_061256_1157439,u2e2,1,1790460859.007369,1790460859.147368908,NOMINAL,,,UNRESOLVED_DUE_TO_MISSING_CANDIDATE_PAYLOAD,same_drone_plan_start_to_finalize_plus_25ms_NOT_EXACT_ID
20260927_061256_1157439,u2e2,1,1790460859.007369,1790460859.147368908,SIDE_PLUS,side-minco|candidate-final-status|topology-post-check|side-minco|candidate-final-status|topology-post-check|side-minco|candidate-final-status|topology-post-check|side-minco|candidate-final-status|topology-post-check|side-minco|candidate-final-status,|MINCO_OK|||MINCO_OK|||MINCO_OK|||MINCO_OK|||MINCO_OK,UNRESOLVED_DUE_TO_MISSING_CANDIDATE_PAYLOAD,same_drone_plan_start_to_finalize_plus_25ms_NOT_EXACT_ID
20260927_061256_1157439,u2e2,1,1790460859.007369,1790460859.147368908,SIDE_MINUS,side-minco|candidate-final-status|side-minco|candidate-final-status|side-minco|candidate-final-status|side-minco|candidate-final-status|side-minco|candidate-final-status,|MINCO_OK||MINCO_OK||MINCO_OK||MINCO_OK||MINCO_OK,UNRESOLVED_DUE_TO_MISSING_CANDIDATE_PAYLOAD,same_drone_plan_start_to_finalize_plus_25ms_NOT_EXACT_ID
20260927_061256_1157439,u2e2,1,1790460859.0130756,1790460859.153075457,NOMINAL,,,UNRESOLVED_DUE_TO_MISSING_CANDIDATE_PAYLOAD,same_drone_plan_start_to_finalize_plus_25ms_NOT_EXACT_ID
20260927_061256_1157439,u2e2,1,1790460859.0130756,1790460859.153075457,SIDE_PLUS,side-minco|candidate-final-status|topology-post-check|side-minco|candidate-final-status|topology-post-check|side-minco|candidate-final-status|topology-post-check|side-minco|candidate-final-status|topology-post-check|side-minco|candidate-final-status,|MINCO_OK|||MINCO_OK|||MINCO_OK|||MINCO_OK|||MINCO_OK,UNRESOLVED_DUE_TO_MISSING_CANDIDATE_PAYLOAD,same_drone_plan_start_to_finalize_plus_25ms_NOT_EXACT_ID
20260927_061256_1157439,u2e2,1,1790460859.0130756,1790460859.153075457,SIDE_MINUS,side-minco|candidate-final-status|side-minco|candidate-final-status|side-minco|candidate-final-status|side-minco|candidate-final-status|side-minco|candidate-final-status,|MINCO_OK||MINCO_OK||MINCO_OK||MINCO_OK||MINCO_OK,UNRESOLVED_DUE_TO_MISSING_CANDIDATE_PAYLOAD,same_drone_plan_start_to_finalize_plus_25ms_NOT_EXACT_ID
20260927_061256_1157439,u2e2,1,1790460859.0201933,1790460859.160193205,NOMINAL,,,UNRESOLVED_DUE_TO_MISSING_CANDIDATE_PAYLOAD,same_drone_plan_start_to_finalize_plus_25ms_NOT_EXACT_ID
20260927_061256_1157439,u2e2,1,1790460859.0201933,1790460859.160193205,SIDE_PLUS,side-minco|candidate-final-status|topology-post-check|side-minco|candidate-final-status|topology-post-check|side-minco|candidate-final-status|topology-post-check|side-minco|candidate-final-status|topology-post-check|side-minco|candidate-final-status,|MINCO_OK|||MINCO_OK|||MINCO_OK|||MINCO_OK|||MINCO_OK,UNRESOLVED_DUE_TO_MISSING_CANDIDATE_PAYLOAD,same_drone_plan_start_to_finalize_plus_25ms_NOT_EXACT_ID
20260927_061256_1157439,u2e2,1,1790460859.0201933,1790460859.160193205,SIDE_MINUS,side-minco|candidate-final-status|side-minco|candidate-final-status|side-minco|candidate-final-status|side-minco|candidate-final-status|side-minco|candidate-final-status,|MINCO_OK||MINCO_OK||MINCO_OK||MINCO_OK||MINCO_OK,UNRESOLVED_DUE_TO_MISSING_CANDIDATE_PAYLOAD,same_drone_plan_start_to_finalize_plus_25ms_NOT_EXACT_ID
20260927_061256_1157439,u2e2,1,1790460859.0261626,1790460859.166162491,NOMINAL,,,UNRESOLVED_DUE_TO_MISSING_CANDIDATE_PAYLOAD,same_drone_plan_start_to_finalize_plus_25ms_NOT_EXACT_ID
20260927_061256_1157439,u2e2,1,1790460859.0261626,1790460859.166162491,SIDE_PLUS,side-minco|candidate-final-status|topology-post-check|side-minco|candidate-final-status|topology-post-check|side-minco|candidate-final-status|topology-post-check|side-minco|candidate-final-status|topology-post-check,|MINCO_OK|||MINCO_OK|||MINCO_OK|||MINCO_OK|,UNRESOLVED_DUE_TO_MISSING_CANDIDATE_PAYLOAD,same_drone_plan_start_to_finalize_plus_25ms_NOT_EXACT_ID
20260927_061256_1157439,u2e2,1,1790460859.0261626,1790460859.166162491,SIDE_MINUS,side-minco|candidate-final-status|side-minco|candidate-final-status|side-minco|candidate-final-status|side-minco|candidate-final-status,|MINCO_OK||MINCO_OK||MINCO_OK||MINCO_OK,UNRESOLVED_DUE_TO_MISSING_CANDIDATE_PAYLOAD,same_drone_plan_start_to_finalize_plus_25ms_NOT_EXACT_ID
20260927_061256_1157439,u2e2,1,1790460859.032132,1790460859.172131777,NOMINAL,,,UNRESOLVED_DUE_TO_MISSING_CANDIDATE_PAYLOAD,same_drone_plan_start_to_finalize_plus_25ms_NOT_EXACT_ID
20260927_061256_1157439,u2e2,1,1790460859.032132,1790460859.172131777,SIDE_PLUS,side-minco|candidate-final-status|topology-post-check|side-minco|candidate-final-status|topology-post-check|side-minco|candidate-final-status|topology-post-check,|MINCO_OK|||MINCO_OK|||MINCO_OK|,UNRESOLVED_DUE_TO_MISSING_CANDIDATE_PAYLOAD,same_drone_plan_start_to_finalize_plus_25ms_NOT_EXACT_ID
20260927_061256_1157439,u2e2,1,1790460859.032132,1790460859.172131777,SIDE_MINUS,side-minco|candidate-final-status|side-minco|candidate-final-status|side-minco|candidate-final-status,|MINCO_OK||MINCO_OK||MINCO_OK,UNRESOLVED_DUE_TO_MISSING_CANDIDATE_PAYLOAD,same_drone_plan_start_to_finalize_plus_25ms_NOT_EXACT_ID
20260927_061256_1157439,u2e2,1,1790460859.038369,1790460859.178368807,NOMINAL,,,UNRESOLVED_DUE_TO_MISSING_CANDIDATE_PAYLOAD,same_drone_plan_start_to_finalize_plus_25ms_NOT_EXACT_ID
20260927_061256_1157439,u2e2,1,1790460859.038369,1790460859.178368807,SIDE_PLUS,side-minco|candidate-final-status|topology-post-check|side-minco|candidate-final-status|topology-post-check,|MINCO_OK|||MINCO_OK|,UNRESOLVED_DUE_TO_MISSING_CANDIDATE_PAYLOAD,same_drone_plan_start_to_finalize_plus_25ms_NOT_EXACT_ID
20260927_061256_1157439,u2e2,1,1790460859.038369,1790460859.178368807,SIDE_MINUS,side-minco|candidate-final-status|side-minco|candidate-final-status,|MINCO_OK||MINCO_OK,UNRESOLVED_DUE_TO_MISSING_CANDIDATE_PAYLOAD,same_drone_plan_start_to_finalize_plus_25ms_NOT_EXACT_ID
20260927_061256_1157439,u2e2,1,1790460859.0442793,1790460859.184279203,NOMINAL,,,UNRESOLVED_DUE_TO_MISSING_CANDIDATE_PAYLOAD,same_drone_plan_start_to_finalize_plus_25ms_NOT_EXACT_ID
20260927_061256_1157439,u2e2,1,1790460859.0442793,1790460859.184279203,SIDE_PLUS,side-minco|candidate-final-status|topology-post-check,|MINCO_OK|,UNRESOLVED_DUE_TO_MISSING_CANDIDATE_PAYLOAD,same_drone_plan_start_to_finalize_plus_25ms_NOT_EXACT_ID
20260927_061256_1157439,u2e2,1,1790460859.0442793,1790460859.184279203,SIDE_MINUS,side-minco|candidate-final-status,|MINCO_OK,UNRESOLVED_DUE_TO_MISSING_CANDIDATE_PAYLOAD,same_drone_plan_start_to_finalize_plus_25ms_NOT_EXACT_ID
20260927_061256_1157439,u2e2,1,1790460859.1878629,1790460859.327862740,NOMINAL,,,UNRESOLVED_DUE_TO_MISSING_CANDIDATE_PAYLOAD,same_drone_plan_start_to_finalize_plus_25ms_NOT_EXACT_ID
20260927_061256_1157439,u2e2,1,1790460859.1878629,1790460859.327862740,SIDE_PLUS,side-minco|candidate-final-status|side-minco|candidate-final-status,|MINCO_OK||MINCO_OK,UNRESOLVED_DUE_TO_MISSING_CANDIDATE_PAYLOAD,same_drone_plan_start_to_finalize_plus_25ms_NOT_EXACT_ID
20260927_061256_1157439,u2e2,1,1790460859.1878629,1790460859.327862740,SIDE_MINUS,side-minco|candidate-final-status|topology-post-check|side-minco|candidate-final-status|topology-post-check,|MINCO_OK|||MINCO_OK|,UNRESOLVED_DUE_TO_MISSING_CANDIDATE_PAYLOAD,same_drone_plan_start_to_finalize_plus_25ms_NOT_EXACT_ID
20260927_061256_1157439,u2e2,1,1790460859.2049208,1790460859.344920635,NOMINAL,,,UNRESOLVED_DUE_TO_MISSING_CANDIDATE_PAYLOAD,same_drone_plan_start_to_finalize_plus_25ms_NOT_EXACT_ID
20260927_061256_1157439,u2e2,1,1790460859.2049208,1790460859.344920635,SIDE_PLUS,side-minco|candidate-final-status,|MINCO_OK,UNRESOLVED_DUE_TO_MISSING_CANDIDATE_PAYLOAD,same_drone_plan_start_to_finalize_plus_25ms_NOT_EXACT_ID
20260927_061256_1157439,u2e2,1,1790460859.2049208,1790460859.344920635,SIDE_MINUS,side-minco|candidate-final-status|topology-post-check,|MINCO_OK|,UNRESOLVED_DUE_TO_MISSING_CANDIDATE_PAYLOAD,same_drone_plan_start_to_finalize_plus_25ms_NOT_EXACT_ID
20260927_061256_1157439,u3e1,2,1790460816.357608,1790460816.497607946,NOMINAL,,,UNRESOLVED_DUE_TO_MISSING_CANDIDATE_PAYLOAD,same_drone_plan_start_to_finalize_plus_25ms_NOT_EXACT_ID
20260927_061256_1157439,u3e1,2,1790460816.357608,1790460816.497607946,SIDE_PLUS,candidate-preinit-failure,NO_STATIC_FEASIBLE_SIDE,UNRESOLVED_DUE_TO_MISSING_CANDIDATE_PAYLOAD,same_drone_plan_start_to_finalize_plus_25ms_NOT_EXACT_ID
20260927_061256_1157439,u3e1,2,1790460816.357608,1790460816.497607946,SIDE_MINUS,side-minco|candidate-final-status|side-minco|candidate-final-status,|MINCO_OK||MINCO_OK,UNRESOLVED_DUE_TO_MISSING_CANDIDATE_PAYLOAD,same_drone_plan_start_to_finalize_plus_25ms_NOT_EXACT_ID
20260927_061256_1157439,u3e1,2,1790460816.4661846,1790460816.611938715,NOMINAL,,,UNRESOLVED_DUE_TO_MISSING_CANDIDATE_PAYLOAD,same_drone_plan_start_to_finalize_plus_25ms_NOT_EXACT_ID
20260927_061256_1157439,u3e1,2,1790460816.4661846,1790460816.611938715,SIDE_PLUS,candidate-preinit-failure,NO_STATIC_FEASIBLE_SIDE,UNRESOLVED_DUE_TO_MISSING_CANDIDATE_PAYLOAD,same_drone_plan_start_to_finalize_plus_25ms_NOT_EXACT_ID
20260927_061256_1157439,u3e1,2,1790460816.4661846,1790460816.611938715,SIDE_MINUS,side-minco|candidate-final-status|side-minco|candidate-final-status,|MINCO_OK||FEASIBLE_INITIALIZER_FALLBACK:,UNRESOLVED_DUE_TO_MISSING_CANDIDATE_PAYLOAD,same_drone_plan_start_to_finalize_plus_25ms_NOT_EXACT_ID
20260927_061256_1157439,u3e1,2,1790460816.5666265,1790460816.716806412,NOMINAL,,,UNRESOLVED_DUE_TO_MISSING_CANDIDATE_PAYLOAD,same_drone_plan_start_to_finalize_plus_25ms_NOT_EXACT_ID
20260927_061256_1157439,u3e1,2,1790460816.5666265,1790460816.716806412,SIDE_PLUS,candidate-preinit-failure,NO_STATIC_FEASIBLE_SIDE,UNRESOLVED_DUE_TO_MISSING_CANDIDATE_PAYLOAD,same_drone_plan_start_to_finalize_plus_25ms_NOT_EXACT_ID
20260927_061256_1157439,u3e1,2,1790460816.5666265,1790460816.716806412,SIDE_MINUS,side-minco|candidate-final-status|side-minco|candidate-final-status,|FEASIBLE_INITIALIZER_FALLBACK:||MINCO_OK,UNRESOLVED_DUE_TO_MISSING_CANDIDATE_PAYLOAD,same_drone_plan_start_to_finalize_plus_25ms_NOT_EXACT_ID
20260927_061256_1157439,u3e1,2,1790460816.6749492,1790460816.829846382,NOMINAL,,,UNRESOLVED_DUE_TO_MISSING_CANDIDATE_PAYLOAD,same_drone_plan_start_to_finalize_plus_25ms_NOT_EXACT_ID
20260927_061256_1157439,u3e1,2,1790460816.6749492,1790460816.829846382,SIDE_PLUS,candidate-preinit-failure|candidate-preinit-failure,NO_STATIC_FEASIBLE_SIDE|NO_STATIC_FEASIBLE_SIDE,UNRESOLVED_DUE_TO_MISSING_CANDIDATE_PAYLOAD,same_drone_plan_start_to_finalize_plus_25ms_NOT_EXACT_ID
20260927_061256_1157439,u3e1,2,1790460816.6749492,1790460816.829846382,SIDE_MINUS,side-minco|candidate-final-status|side-minco|candidate-final-status|topology-post-check,|MINCO_OK||MINCO_OK|,UNRESOLVED_DUE_TO_MISSING_CANDIDATE_PAYLOAD,same_drone_plan_start_to_finalize_plus_25ms_NOT_EXACT_ID
20260927_061256_1157439,u3e1,2,1790460816.781019,1790460816.939881086,NOMINAL,,,UNRESOLVED_DUE_TO_MISSING_CANDIDATE_PAYLOAD,same_drone_plan_start_to_finalize_plus_25ms_NOT_EXACT_ID
20260927_061256_1157439,u3e1,2,1790460816.781019,1790460816.939881086,SIDE_PLUS,candidate-preinit-failure,NO_STATIC_FEASIBLE_SIDE,UNRESOLVED_DUE_TO_MISSING_CANDIDATE_PAYLOAD,same_drone_plan_start_to_finalize_plus_25ms_NOT_EXACT_ID
20260927_061256_1157439,u3e1,2,1790460816.781019,1790460816.939881086,SIDE_MINUS,side-minco|candidate-final-status|topology-post-check,|MINCO_OK|,UNRESOLVED_DUE_TO_MISSING_CANDIDATE_PAYLOAD,same_drone_plan_start_to_finalize_plus_25ms_NOT_EXACT_ID
20260927_061256_1157439,u3e1,2,1790460816.9410207,1790460817.094655514,NOMINAL,,,UNRESOLVED_DUE_TO_MISSING_CANDIDATE_PAYLOAD,same_drone_plan_start_to_finalize_plus_25ms_NOT_EXACT_ID
20260927_061256_1157439,u3e1,2,1790460816.9410207,1790460817.094655514,SIDE_PLUS,candidate-preinit-failure|candidate-preinit-failure,NO_STATIC_FEASIBLE_SIDE|NO_STATIC_FEASIBLE_SIDE,UNRESOLVED_DUE_TO_MISSING_CANDIDATE_PAYLOAD,same_drone_plan_start_to_finalize_plus_25ms_NOT_EXACT_ID
20260927_061256_1157439,u3e1,2,1790460816.9410207,1790460817.094655514,SIDE_MINUS,side-minco|candidate-final-status|topology-post-check|side-minco|candidate-final-status|topology-post-check,|MINCO_OK|||MINCO_OK|,UNRESOLVED_DUE_TO_MISSING_CANDIDATE_PAYLOAD,same_drone_plan_start_to_finalize_plus_25ms_NOT_EXACT_ID
20260927_061256_1157439,u3e1,2,1790460816.9581988,1790460817.107131720,NOMINAL,,,UNRESOLVED_DUE_TO_MISSING_CANDIDATE_PAYLOAD,same_drone_plan_start_to_finalize_plus_25ms_NOT_EXACT_ID
20260927_061256_1157439,u3e1,2,1790460816.9581988,1790460817.107131720,SIDE_PLUS,candidate-preinit-failure,NO_STATIC_FEASIBLE_SIDE,UNRESOLVED_DUE_TO_MISSING_CANDIDATE_PAYLOAD,same_drone_plan_start_to_finalize_plus_25ms_NOT_EXACT_ID
20260927_061256_1157439,u3e1,2,1790460816.9581988,1790460817.107131720,SIDE_MINUS,side-minco|candidate-final-status|topology-post-check,|MINCO_OK|,UNRESOLVED_DUE_TO_MISSING_CANDIDATE_PAYLOAD,same_drone_plan_start_to_finalize_plus_25ms_NOT_EXACT_ID
20260927_061256_1157439,u3e1,2,1790460817.2175772,1790460817.362410307,NOMINAL,,,UNRESOLVED_DUE_TO_MISSING_CANDIDATE_PAYLOAD,same_drone_plan_start_to_finalize_plus_25ms_NOT_EXACT_ID
20260927_061256_1157439,u3e1,2,1790460817.2175772,1790460817.362410307,SIDE_PLUS,candidate-preinit-failure,NO_STATIC_FEASIBLE_SIDE,UNRESOLVED_DUE_TO_MISSING_CANDIDATE_PAYLOAD,same_drone_plan_start_to_finalize_plus_25ms_NOT_EXACT_ID
20260927_061256_1157439,u3e1,2,1790460817.2175772,1790460817.362410307,SIDE_MINUS,side-minco|candidate-final-status|topology-post-check,|MINCO_OK|,UNRESOLVED_DUE_TO_MISSING_CANDIDATE_PAYLOAD,same_drone_plan_start_to_finalize_plus_25ms_NOT_EXACT_ID
20260927_061256_1157439,u3e1,2,1790460817.5161624,1790460817.657138824,NOMINAL,,,UNRESOLVED_DUE_TO_MISSING_CANDIDATE_PAYLOAD,same_drone_plan_start_to_finalize_plus_25ms_NOT_EXACT_ID
20260927_061256_1157439,u3e1,2,1790460817.5161624,1790460817.657138824,SIDE_PLUS,side-minco|candidate-final-status|topology-post-check,|MINCO_OK|,UNRESOLVED_DUE_TO_MISSING_CANDIDATE_PAYLOAD,same_drone_plan_start_to_finalize_plus_25ms_NOT_EXACT_ID
20260927_061256_1157439,u3e1,2,1790460817.5161624,1790460817.657138824,SIDE_MINUS,side-minco|candidate-final-status,|MINCO_OK,UNRESOLVED_DUE_TO_MISSING_CANDIDATE_PAYLOAD,same_drone_plan_start_to_finalize_plus_25ms_NOT_EXACT_ID
20260927_061256_1157439,u3e1,2,1790460817.7754376,1790460817.915437460,NOMINAL,,,UNRESOLVED_DUE_TO_MISSING_CANDIDATE_PAYLOAD,same_drone_plan_start_to_finalize_plus_25ms_NOT_EXACT_ID
20260927_061256_1157439,u3e1,2,1790460817.7754376,1790460817.915437460,SIDE_PLUS,side-minco|candidate-final-status|topology-post-check,|MINCO_OK|,UNRESOLVED_DUE_TO_MISSING_CANDIDATE_PAYLOAD,same_drone_plan_start_to_finalize_plus_25ms_NOT_EXACT_ID
20260927_061256_1157439,u3e1,2,1790460817.7754376,1790460817.915437460,SIDE_MINUS,side-minco|candidate-final-status,|MINCO_OK,UNRESOLVED_DUE_TO_MISSING_CANDIDATE_PAYLOAD,same_drone_plan_start_to_finalize_plus_25ms_NOT_EXACT_ID
20260927_061256_1157439,u3e1,2,1790460818.067666,1790460818.207665920,NOMINAL,,,UNRESOLVED_DUE_TO_MISSING_CANDIDATE_PAYLOAD,same_drone_plan_start_to_finalize_plus_25ms_NOT_EXACT_ID
20260927_061256_1157439,u3e1,2,1790460818.067666,1790460818.207665920,SIDE_PLUS,side-minco|candidate-final-status|topology-post-check,|MINCO_OK|,UNRESOLVED_DUE_TO_MISSING_CANDIDATE_PAYLOAD,same_drone_plan_start_to_finalize_plus_25ms_NOT_EXACT_ID
20260927_061256_1157439,u3e1,2,1790460818.067666,1790460818.207665920,SIDE_MINUS,side-minco|candidate-final-status,|MINCO_OK,UNRESOLVED_DUE_TO_MISSING_CANDIDATE_PAYLOAD,same_drone_plan_start_to_finalize_plus_25ms_NOT_EXACT_ID
20260927_061256_1157439,u3e1,2,1790460818.3263402,1790460818.466340065,NOMINAL,topology-post-check,,UNRESOLVED_DUE_TO_MISSING_CANDIDATE_PAYLOAD,same_drone_plan_start_to_finalize_plus_25ms_NOT_EXACT_ID
20260927_061256_1157439,u3e1,2,1790460818.3263402,1790460818.466340065,SIDE_PLUS,side-minco|candidate-final-status,|MINCO_OK,UNRESOLVED_DUE_TO_MISSING_CANDIDATE_PAYLOAD,same_drone_plan_start_to_finalize_plus_25ms_NOT_EXACT_ID
20260927_061256_1157439,u3e1,2,1790460818.3263402,1790460818.466340065,SIDE_MINUS,side-minco|candidate-final-status,|MINCO_OK,UNRESOLVED_DUE_TO_MISSING_CANDIDATE_PAYLOAD,same_drone_plan_start_to_finalize_plus_25ms_NOT_EXACT_ID
20260927_061256_1157439,u3e1,2,1790460818.5989056,1790460818.738905430,NOMINAL,topology-post-check,,UNRESOLVED_DUE_TO_MISSING_CANDIDATE_PAYLOAD,same_drone_plan_start_to_finalize_plus_25ms_NOT_EXACT_ID
20260927_061256_1157439,u3e1,2,1790460818.5989056,1790460818.738905430,SIDE_PLUS,side-minco|candidate-final-status,|MINCO_OK,UNRESOLVED_DUE_TO_MISSING_CANDIDATE_PAYLOAD,same_drone_plan_start_to_finalize_plus_25ms_NOT_EXACT_ID
20260927_061256_1157439,u3e1,2,1790460818.5989056,1790460818.738905430,SIDE_MINUS,side-minco|candidate-final-status,|MINCO_OK,UNRESOLVED_DUE_TO_MISSING_CANDIDATE_PAYLOAD,same_drone_plan_start_to_finalize_plus_25ms_NOT_EXACT_ID
20260927_061256_1157439,u3e1,2,1790460818.8910823,1790460819.031082153,NOMINAL,topology-post-check,,UNRESOLVED_DUE_TO_MISSING_CANDIDATE_PAYLOAD,same_drone_plan_start_to_finalize_plus_25ms_NOT_EXACT_ID
20260927_061256_1157439,u3e1,2,1790460818.8910823,1790460819.031082153,SIDE_PLUS,side-minco|candidate-final-status,|MINCO_OK,UNRESOLVED_DUE_TO_MISSING_CANDIDATE_PAYLOAD,same_drone_plan_start_to_finalize_plus_25ms_NOT_EXACT_ID
20260927_061256_1157439,u3e1,2,1790460818.8910823,1790460819.031082153,SIDE_MINUS,side-minco|candidate-final-status,|MINCO_OK,UNRESOLVED_DUE_TO_MISSING_CANDIDATE_PAYLOAD,same_drone_plan_start_to_finalize_plus_25ms_NOT_EXACT_ID
20260927_061256_1157439,u3e1,2,1790460819.175686,1790460819.315685749,NOMINAL,topology-post-check,,UNRESOLVED_DUE_TO_MISSING_CANDIDATE_PAYLOAD,same_drone_plan_start_to_finalize_plus_25ms_NOT_EXACT_ID
20260927_061256_1157439,u3e1,2,1790460819.175686,1790460819.315685749,SIDE_PLUS,,,UNRESOLVED_DUE_TO_MISSING_CANDIDATE_PAYLOAD,same_drone_plan_start_to_finalize_plus_25ms_NOT_EXACT_ID
20260927_061256_1157439,u3e1,2,1790460819.175686,1790460819.315685749,SIDE_MINUS,,,UNRESOLVED_DUE_TO_MISSING_CANDIDATE_PAYLOAD,same_drone_plan_start_to_finalize_plus_25ms_NOT_EXACT_ID
20260927_061256_1157439,u3e2,2,1790460852.02328,1790460852.163279772,NOMINAL,,,UNRESOLVED_DUE_TO_MISSING_CANDIDATE_PAYLOAD,same_drone_plan_start_to_finalize_plus_25ms_NOT_EXACT_ID
20260927_061256_1157439,u3e2,2,1790460852.02328,1790460852.163279772,SIDE_PLUS,candidate-preinit-failure,NO_STATIC_FEASIBLE_SIDE,UNRESOLVED_DUE_TO_MISSING_CANDIDATE_PAYLOAD,same_drone_plan_start_to_finalize_plus_25ms_NOT_EXACT_ID
20260927_061256_1157439,u3e2,2,1790460852.02328,1790460852.163279772,SIDE_MINUS,side-minco|candidate-final-status|topology-post-check,|FEASIBLE_INITIALIZER_FALLBACK:|,UNRESOLVED_DUE_TO_MISSING_CANDIDATE_PAYLOAD,same_drone_plan_start_to_finalize_plus_25ms_NOT_EXACT_ID
20260927_061256_1157439,u3e2,2,1790460852.3114378,1790460852.451437712,NOMINAL,,,UNRESOLVED_DUE_TO_MISSING_CANDIDATE_PAYLOAD,same_drone_plan_start_to_finalize_plus_25ms_NOT_EXACT_ID
20260927_061256_1157439,u3e2,2,1790460852.3114378,1790460852.451437712,SIDE_PLUS,candidate-preinit-failure,NO_STATIC_FEASIBLE_SIDE,UNRESOLVED_DUE_TO_MISSING_CANDIDATE_PAYLOAD,same_drone_plan_start_to_finalize_plus_25ms_NOT_EXACT_ID
20260927_061256_1157439,u3e2,2,1790460852.3114378,1790460852.451437712,SIDE_MINUS,side-minco|candidate-final-status|side-minco|candidate-final-status,|FEASIBLE_INITIALIZER_FALLBACK:||MINCO_OK,UNRESOLVED_DUE_TO_MISSING_CANDIDATE_PAYLOAD,same_drone_plan_start_to_finalize_plus_25ms_NOT_EXACT_ID
20260927_061256_1157439,u3e2,2,1790460852.407166,1790460852.551630974,NOMINAL,,,UNRESOLVED_DUE_TO_MISSING_CANDIDATE_PAYLOAD,same_drone_plan_start_to_finalize_plus_25ms_NOT_EXACT_ID
20260927_061256_1157439,u3e2,2,1790460852.407166,1790460852.551630974,SIDE_PLUS,candidate-preinit-failure,NO_STATIC_FEASIBLE_SIDE,UNRESOLVED_DUE_TO_MISSING_CANDIDATE_PAYLOAD,same_drone_plan_start_to_finalize_plus_25ms_NOT_EXACT_ID
20260927_061256_1157439,u3e2,2,1790460852.407166,1790460852.551630974,SIDE_MINUS,side-minco|candidate-final-status,|MINCO_OK,UNRESOLVED_DUE_TO_MISSING_CANDIDATE_PAYLOAD,same_drone_plan_start_to_finalize_plus_25ms_NOT_EXACT_ID
20260927_061256_1157439,u3e2,2,1790460852.5079992,1790460852.657019615,NOMINAL,,,UNRESOLVED_DUE_TO_MISSING_CANDIDATE_PAYLOAD,same_drone_plan_start_to_finalize_plus_25ms_NOT_EXACT_ID
20260927_061256_1157439,u3e2,2,1790460852.5079992,1790460852.657019615,SIDE_PLUS,candidate-preinit-failure,NO_STATIC_FEASIBLE_SIDE,UNRESOLVED_DUE_TO_MISSING_CANDIDATE_PAYLOAD,same_drone_plan_start_to_finalize_plus_25ms_NOT_EXACT_ID
20260927_061256_1157439,u3e2,2,1790460852.5079992,1790460852.657019615,SIDE_MINUS,,,UNRESOLVED_DUE_TO_MISSING_CANDIDATE_PAYLOAD,same_drone_plan_start_to_finalize_plus_25ms_NOT_EXACT_ID
20260927_061256_1157439,u3e2,2,1790460852.708333,1790460852.848332882,NOMINAL,,,UNRESOLVED_DUE_TO_MISSING_CANDIDATE_PAYLOAD,same_drone_plan_start_to_finalize_plus_25ms_NOT_EXACT_ID
20260927_061256_1157439,u3e2,2,1790460852.708333,1790460852.848332882,SIDE_PLUS,candidate-preinit-failure,NO_STATIC_FEASIBLE_SIDE,UNRESOLVED_DUE_TO_MISSING_CANDIDATE_PAYLOAD,same_drone_plan_start_to_finalize_plus_25ms_NOT_EXACT_ID
20260927_061256_1157439,u3e2,2,1790460852.708333,1790460852.848332882,SIDE_MINUS,side-minco|candidate-final-status|topology-post-check,|FEASIBLE_INITIALIZER_FALLBACK:|,UNRESOLVED_DUE_TO_MISSING_CANDIDATE_PAYLOAD,same_drone_plan_start_to_finalize_plus_25ms_NOT_EXACT_ID
20260927_061256_1157439,u3e2,2,1790460852.8792603,1790460853.019260168,NOMINAL,,,UNRESOLVED_DUE_TO_MISSING_CANDIDATE_PAYLOAD,same_drone_plan_start_to_finalize_plus_25ms_NOT_EXACT_ID
20260927_061256_1157439,u3e2,2,1790460852.8792603,1790460853.019260168,SIDE_PLUS,side-minco|candidate-final-status,|FEASIBLE_INITIALIZER_FALLBACK:,UNRESOLVED_DUE_TO_MISSING_CANDIDATE_PAYLOAD,same_drone_plan_start_to_finalize_plus_25ms_NOT_EXACT_ID
20260927_061256_1157439,u3e2,2,1790460852.8792603,1790460853.019260168,SIDE_MINUS,side-minco|candidate-final-status|topology-post-check,|FEASIBLE_INITIALIZER_FALLBACK:|,UNRESOLVED_DUE_TO_MISSING_CANDIDATE_PAYLOAD,same_drone_plan_start_to_finalize_plus_25ms_NOT_EXACT_ID
20260927_061256_1157439,u3e2,2,1790460853.1775324,1790460853.317532301,NOMINAL,topology-post-check,,UNRESOLVED_DUE_TO_MISSING_CANDIDATE_PAYLOAD,same_drone_plan_start_to_finalize_plus_25ms_NOT_EXACT_ID
20260927_061256_1157439,u3e2,2,1790460853.1775324,1790460853.317532301,SIDE_PLUS,side-minco|candidate-final-status|side-minco|candidate-final-status,|MINCO_OK||MINCO_OK,UNRESOLVED_DUE_TO_MISSING_CANDIDATE_PAYLOAD,same_drone_plan_start_to_finalize_plus_25ms_NOT_EXACT_ID
20260927_061256_1157439,u3e2,2,1790460853.1775324,1790460853.317532301,SIDE_MINUS,side-minco|candidate-final-status|side-minco|candidate-final-status,|MINCO_OK||MINCO_OK,UNRESOLVED_DUE_TO_MISSING_CANDIDATE_PAYLOAD,same_drone_plan_start_to_finalize_plus_25ms_NOT_EXACT_ID
20260927_061256_1157439,u3e2,2,1790460853.1988015,1790460853.338801384,NOMINAL,topology-post-check,,UNRESOLVED_DUE_TO_MISSING_CANDIDATE_PAYLOAD,same_drone_plan_start_to_finalize_plus_25ms_NOT_EXACT_ID
20260927_061256_1157439,u3e2,2,1790460853.1988015,1790460853.338801384,SIDE_PLUS,side-minco|candidate-final-status,|MINCO_OK,UNRESOLVED_DUE_TO_MISSING_CANDIDATE_PAYLOAD,same_drone_plan_start_to_finalize_plus_25ms_NOT_EXACT_ID
20260927_061256_1157439,u3e2,2,1790460853.1988015,1790460853.338801384,SIDE_MINUS,side-minco|candidate-final-status,|MINCO_OK,UNRESOLVED_DUE_TO_MISSING_CANDIDATE_PAYLOAD,same_drone_plan_start_to_finalize_plus_25ms_NOT_EXACT_ID
20260927_061256_1157439,u3e2,2,1790460853.460884,1790460853.600883961,NOMINAL,topology-post-check,,UNRESOLVED_DUE_TO_MISSING_CANDIDATE_PAYLOAD,same_drone_plan_start_to_finalize_plus_25ms_NOT_EXACT_ID
20260927_061256_1157439,u3e2,2,1790460853.460884,1790460853.600883961,SIDE_PLUS,side-minco|candidate-final-status,|MINCO_OK,UNRESOLVED_DUE_TO_MISSING_CANDIDATE_PAYLOAD,same_drone_plan_start_to_finalize_plus_25ms_NOT_EXACT_ID
20260927_061256_1157439,u3e2,2,1790460853.460884,1790460853.600883961,SIDE_MINUS,side-minco|candidate-final-status,|FEASIBLE_INITIALIZER_FALLBACK:,UNRESOLVED_DUE_TO_MISSING_CANDIDATE_PAYLOAD,same_drone_plan_start_to_finalize_plus_25ms_NOT_EXACT_ID
20260927_061256_1157439,u3e2,2,1790460853.7416077,1790460853.881607533,NOMINAL,,,UNRESOLVED_DUE_TO_MISSING_CANDIDATE_PAYLOAD,same_drone_plan_start_to_finalize_plus_25ms_NOT_EXACT_ID
20260927_061256_1157439,u3e2,2,1790460853.7416077,1790460853.881607533,SIDE_PLUS,side-minco|candidate-final-status|topology-post-check,|FEASIBLE_INITIALIZER_FALLBACK:|,UNRESOLVED_DUE_TO_MISSING_CANDIDATE_PAYLOAD,same_drone_plan_start_to_finalize_plus_25ms_NOT_EXACT_ID
20260927_061256_1157439,u3e2,2,1790460853.7416077,1790460853.881607533,SIDE_MINUS,side-minco|candidate-final-status,|MINCO_OK,UNRESOLVED_DUE_TO_MISSING_CANDIDATE_PAYLOAD,same_drone_plan_start_to_finalize_plus_25ms_NOT_EXACT_ID
20260927_061256_1157439,u3e2,2,1790460853.9957728,1790460854.135772705,NOMINAL,topology-post-check,,UNRESOLVED_DUE_TO_MISSING_CANDIDATE_PAYLOAD,same_drone_plan_start_to_finalize_plus_25ms_NOT_EXACT_ID
20260927_061256_1157439,u3e2,2,1790460853.9957728,1790460854.135772705,SIDE_PLUS,side-minco|candidate-final-status,|MINCO_OK,UNRESOLVED_DUE_TO_MISSING_CANDIDATE_PAYLOAD,same_drone_plan_start_to_finalize_plus_25ms_NOT_EXACT_ID
20260927_061256_1157439,u3e2,2,1790460853.9957728,1790460854.135772705,SIDE_MINUS,side-minco|candidate-final-status,|FEASIBLE_INITIALIZER_FALLBACK:,UNRESOLVED_DUE_TO_MISSING_CANDIDATE_PAYLOAD,same_drone_plan_start_to_finalize_plus_25ms_NOT_EXACT_ID
20260927_061256_1157439,u3e2,2,1790460854.2831976,1790460854.423197508,NOMINAL,topology-post-check,,UNRESOLVED_DUE_TO_MISSING_CANDIDATE_PAYLOAD,same_drone_plan_start_to_finalize_plus_25ms_NOT_EXACT_ID
20260927_061256_1157439,u3e2,2,1790460854.2831976,1790460854.423197508,SIDE_PLUS,side-minco|candidate-final-status,|MINCO_OK,UNRESOLVED_DUE_TO_MISSING_CANDIDATE_PAYLOAD,same_drone_plan_start_to_finalize_plus_25ms_NOT_EXACT_ID
20260927_061256_1157439,u3e2,2,1790460854.2831976,1790460854.423197508,SIDE_MINUS,side-minco|candidate-final-status,|MINCO_OK,UNRESOLVED_DUE_TO_MISSING_CANDIDATE_PAYLOAD,same_drone_plan_start_to_finalize_plus_25ms_NOT_EXACT_ID
20260927_061256_1157439,u3e2,2,1790460854.5674992,1790460854.707499027,NOMINAL,topology-post-check,,UNRESOLVED_DUE_TO_MISSING_CANDIDATE_PAYLOAD,same_drone_plan_start_to_finalize_plus_25ms_NOT_EXACT_ID
20260927_061256_1157439,u3e2,2,1790460854.5674992,1790460854.707499027,SIDE_PLUS,side-minco|candidate-final-status,|FEASIBLE_INITIALIZER_FALLBACK:,UNRESOLVED_DUE_TO_MISSING_CANDIDATE_PAYLOAD,same_drone_plan_start_to_finalize_plus_25ms_NOT_EXACT_ID
20260927_061256_1157439,u3e2,2,1790460854.5674992,1790460854.707499027,SIDE_MINUS,side-minco|candidate-final-status,|FEASIBLE_INITIALIZER_FALLBACK:,UNRESOLVED_DUE_TO_MISSING_CANDIDATE_PAYLOAD,same_drone_plan_start_to_finalize_plus_25ms_NOT_EXACT_ID
20260927_061256_1157439,u3e2,2,1790460854.8293943,1790460854.969394207,NOMINAL,topology-post-check,,UNRESOLVED_DUE_TO_MISSING_CANDIDATE_PAYLOAD,same_drone_plan_start_to_finalize_plus_25ms_NOT_EXACT_ID
20260927_061256_1157439,u3e2,2,1790460854.8293943,1790460854.969394207,SIDE_PLUS,side-minco|candidate-final-status,|FEASIBLE_INITIALIZER_FALLBACK:,UNRESOLVED_DUE_TO_MISSING_CANDIDATE_PAYLOAD,same_drone_plan_start_to_finalize_plus_25ms_NOT_EXACT_ID
20260927_061256_1157439,u3e2,2,1790460854.8293943,1790460854.969394207,SIDE_MINUS,side-minco|candidate-final-status,|MINCO_OK,UNRESOLVED_DUE_TO_MISSING_CANDIDATE_PAYLOAD,same_drone_plan_start_to_finalize_plus_25ms_NOT_EXACT_ID
20260927_061256_1157439,u3e2,2,1790460855.1101143,1790460855.250114202,NOMINAL,,,UNRESOLVED_DUE_TO_MISSING_CANDIDATE_PAYLOAD,same_drone_plan_start_to_finalize_plus_25ms_NOT_EXACT_ID
20260927_061256_1157439,u3e2,2,1790460855.1101143,1790460855.250114202,SIDE_PLUS,side-minco|candidate-final-status|topology-post-check,|FEASIBLE_INITIALIZER_FALLBACK:|,UNRESOLVED_DUE_TO_MISSING_CANDIDATE_PAYLOAD,same_drone_plan_start_to_finalize_plus_25ms_NOT_EXACT_ID
20260927_061256_1157439,u3e2,2,1790460855.1101143,1790460855.250114202,SIDE_MINUS,side-minco|candidate-final-status,|MINCO_OK,UNRESOLVED_DUE_TO_MISSING_CANDIDATE_PAYLOAD,same_drone_plan_start_to_finalize_plus_25ms_NOT_EXACT_ID
20260927_061256_1157439,u3e3,2,1790460854.8293943,1790460854.969394207,NOMINAL,topology-post-check,,UNRESOLVED_DUE_TO_MISSING_CANDIDATE_PAYLOAD,same_drone_plan_start_to_finalize_plus_25ms_NOT_EXACT_ID
20260927_061256_1157439,u3e3,2,1790460854.8293943,1790460854.969394207,SIDE_PLUS,side-minco|candidate-final-status,|FEASIBLE_INITIALIZER_FALLBACK:,UNRESOLVED_DUE_TO_MISSING_CANDIDATE_PAYLOAD,same_drone_plan_start_to_finalize_plus_25ms_NOT_EXACT_ID
20260927_061256_1157439,u3e3,2,1790460854.8293943,1790460854.969394207,SIDE_MINUS,side-minco|candidate-final-status,|MINCO_OK,UNRESOLVED_DUE_TO_MISSING_CANDIDATE_PAYLOAD,same_drone_plan_start_to_finalize_plus_25ms_NOT_EXACT_ID
20260927_061256_1157439,u3e3,2,1790460855.1101143,1790460855.250114202,NOMINAL,,,UNRESOLVED_DUE_TO_MISSING_CANDIDATE_PAYLOAD,same_drone_plan_start_to_finalize_plus_25ms_NOT_EXACT_ID
20260927_061256_1157439,u3e3,2,1790460855.1101143,1790460855.250114202,SIDE_PLUS,side-minco|candidate-final-status|topology-post-check,|FEASIBLE_INITIALIZER_FALLBACK:|,UNRESOLVED_DUE_TO_MISSING_CANDIDATE_PAYLOAD,same_drone_plan_start_to_finalize_plus_25ms_NOT_EXACT_ID
20260927_061256_1157439,u3e3,2,1790460855.1101143,1790460855.250114202,SIDE_MINUS,side-minco|candidate-final-status,|MINCO_OK,UNRESOLVED_DUE_TO_MISSING_CANDIDATE_PAYLOAD,same_drone_plan_start_to_finalize_plus_25ms_NOT_EXACT_ID
20260927_061256_1157439,u3e3,2,1790460855.384971,1790460855.524970770,NOMINAL,topology-post-check,,UNRESOLVED_DUE_TO_MISSING_CANDIDATE_PAYLOAD,same_drone_plan_start_to_finalize_plus_25ms_NOT_EXACT_ID
20260927_061256_1157439,u3e3,2,1790460855.384971,1790460855.524970770,SIDE_PLUS,side-minco|candidate-final-status,|FEASIBLE_INITIALIZER_FALLBACK:,UNRESOLVED_DUE_TO_MISSING_CANDIDATE_PAYLOAD,same_drone_plan_start_to_finalize_plus_25ms_NOT_EXACT_ID
20260927_061256_1157439,u3e3,2,1790460855.384971,1790460855.524970770,SIDE_MINUS,side-minco|candidate-final-status,|MINCO_OK,UNRESOLVED_DUE_TO_MISSING_CANDIDATE_PAYLOAD,same_drone_plan_start_to_finalize_plus_25ms_NOT_EXACT_ID
20260927_061256_1157439,u3e3,2,1790460855.6663814,1790460855.806381226,NOMINAL,,,UNRESOLVED_DUE_TO_MISSING_CANDIDATE_PAYLOAD,same_drone_plan_start_to_finalize_plus_25ms_NOT_EXACT_ID
20260927_061256_1157439,u3e3,2,1790460855.6663814,1790460855.806381226,SIDE_PLUS,side-minco|candidate-final-status,|MINCO_OK,UNRESOLVED_DUE_TO_MISSING_CANDIDATE_PAYLOAD,same_drone_plan_start_to_finalize_plus_25ms_NOT_EXACT_ID
20260927_061256_1157439,u3e3,2,1790460855.6663814,1790460855.806381226,SIDE_MINUS,side-minco|candidate-final-status|topology-post-check,|MINCO_OK|,UNRESOLVED_DUE_TO_MISSING_CANDIDATE_PAYLOAD,same_drone_plan_start_to_finalize_plus_25ms_NOT_EXACT_ID
20260927_061256_1157439,u3e3,2,1790460855.9320803,1790460856.072080135,NOMINAL,,,UNRESOLVED_DUE_TO_MISSING_CANDIDATE_PAYLOAD,same_drone_plan_start_to_finalize_plus_25ms_NOT_EXACT_ID
20260927_061256_1157439,u3e3,2,1790460855.9320803,1790460856.072080135,SIDE_PLUS,side-minco|candidate-final-status,|MINCO_OK,UNRESOLVED_DUE_TO_MISSING_CANDIDATE_PAYLOAD,same_drone_plan_start_to_finalize_plus_25ms_NOT_EXACT_ID
20260927_061256_1157439,u3e3,2,1790460855.9320803,1790460856.072080135,SIDE_MINUS,side-minco|candidate-final-status|topology-post-check,|MINCO_OK|,UNRESOLVED_DUE_TO_MISSING_CANDIDATE_PAYLOAD,same_drone_plan_start_to_finalize_plus_25ms_NOT_EXACT_ID
20260927_061256_1157439,u3e3,2,1790460856.2151911,1790460856.355190992,NOMINAL,topology-post-check,,UNRESOLVED_DUE_TO_MISSING_CANDIDATE_PAYLOAD,same_drone_plan_start_to_finalize_plus_25ms_NOT_EXACT_ID
20260927_061256_1157439,u3e3,2,1790460856.2151911,1790460856.355190992,SIDE_PLUS,side-minco|candidate-final-status,|MINCO_OK,UNRESOLVED_DUE_TO_MISSING_CANDIDATE_PAYLOAD,same_drone_plan_start_to_finalize_plus_25ms_NOT_EXACT_ID
20260927_061256_1157439,u3e3,2,1790460856.2151911,1790460856.355190992,SIDE_MINUS,side-minco|candidate-final-status,|MINCO_OK,UNRESOLVED_DUE_TO_MISSING_CANDIDATE_PAYLOAD,same_drone_plan_start_to_finalize_plus_25ms_NOT_EXACT_ID
20260927_061256_1157439,u3e3,2,1790460856.4977324,1790460856.637732267,NOMINAL,topology-post-check,,UNRESOLVED_DUE_TO_MISSING_CANDIDATE_PAYLOAD,same_drone_plan_start_to_finalize_plus_25ms_NOT_EXACT_ID
20260927_061256_1157439,u3e3,2,1790460856.4977324,1790460856.637732267,SIDE_PLUS,side-minco|candidate-final-status,|MINCO_OK,UNRESOLVED_DUE_TO_MISSING_CANDIDATE_PAYLOAD,same_drone_plan_start_to_finalize_plus_25ms_NOT_EXACT_ID
20260927_061256_1157439,u3e3,2,1790460856.4977324,1790460856.637732267,SIDE_MINUS,side-minco|candidate-final-status,|MINCO_OK,UNRESOLVED_DUE_TO_MISSING_CANDIDATE_PAYLOAD,same_drone_plan_start_to_finalize_plus_25ms_NOT_EXACT_ID
20260927_061256_1157439,u3e3,2,1790460856.7806673,1790460856.920667171,NOMINAL,topology-post-check,,UNRESOLVED_DUE_TO_MISSING_CANDIDATE_PAYLOAD,same_drone_plan_start_to_finalize_plus_25ms_NOT_EXACT_ID
20260927_061256_1157439,u3e3,2,1790460856.7806673,1790460856.920667171,SIDE_PLUS,side-minco|candidate-final-status,|MINCO_OK,UNRESOLVED_DUE_TO_MISSING_CANDIDATE_PAYLOAD,same_drone_plan_start_to_finalize_plus_25ms_NOT_EXACT_ID
20260927_061256_1157439,u3e3,2,1790460856.7806673,1790460856.920667171,SIDE_MINUS,side-minco|candidate-final-status,|MINCO_OK,UNRESOLVED_DUE_TO_MISSING_CANDIDATE_PAYLOAD,same_drone_plan_start_to_finalize_plus_25ms_NOT_EXACT_ID
20260927_061256_1157439,u3e3,2,1790460857.0416522,1790460857.181652069,NOMINAL,topology-post-check,,UNRESOLVED_DUE_TO_MISSING_CANDIDATE_PAYLOAD,same_drone_plan_start_to_finalize_plus_25ms_NOT_EXACT_ID
20260927_061256_1157439,u3e3,2,1790460857.0416522,1790460857.181652069,SIDE_PLUS,side-minco|candidate-final-status,|MINCO_OK,UNRESOLVED_DUE_TO_MISSING_CANDIDATE_PAYLOAD,same_drone_plan_start_to_finalize_plus_25ms_NOT_EXACT_ID
20260927_061256_1157439,u3e3,2,1790460857.0416522,1790460857.181652069,SIDE_MINUS,side-minco|candidate-final-status,|MINCO_OK,UNRESOLVED_DUE_TO_MISSING_CANDIDATE_PAYLOAD,same_drone_plan_start_to_finalize_plus_25ms_NOT_EXACT_ID
20260927_061256_1157439,u3e3,2,1790460857.3276415,1790460857.467641354,NOMINAL,topology-post-check,,UNRESOLVED_DUE_TO_MISSING_CANDIDATE_PAYLOAD,same_drone_plan_start_to_finalize_plus_25ms_NOT_EXACT_ID
20260927_061256_1157439,u3e3,2,1790460857.3276415,1790460857.467641354,SIDE_PLUS,side-minco|candidate-final-status,|MINCO_OK,UNRESOLVED_DUE_TO_MISSING_CANDIDATE_PAYLOAD,same_drone_plan_start_to_finalize_plus_25ms_NOT_EXACT_ID
20260927_061256_1157439,u3e3,2,1790460857.3276415,1790460857.467641354,SIDE_MINUS,side-minco|candidate-final-status,|MINCO_OK,UNRESOLVED_DUE_TO_MISSING_CANDIDATE_PAYLOAD,same_drone_plan_start_to_finalize_plus_25ms_NOT_EXACT_ID
