run,uav,time_s,x,y,target_x,target_y,static_clearance,dynamic_clearance,visible,blockers
20260927_061256_1157439,1,7.017683,-26.54699766170589,-4.9082240235947046,-27.52390071187176,-3.0748297864384706,0.7274046193353473,4.949447346779363,1,
20260927_061256_1157439,1,7.050852,-26.546538,-4.908379,-27.494468726569295,-3.0836598728368774,0.7192220129297192,4.963421997839142,1,
20260927_061256_1157439,1,7.08417,-26.512946840745883,-4.91978953391467,-27.43424148346509,-3.0852479598696516,0.6838369911481076,4.9525947936396175,1,
20260927_061256_1157439,1,7.117608,-26.478585435642675,-4.931518768576986,-27.433444,-3.085267,0.6681163206053885,4.979624044559532,1,
20260927_061256_1157439,1,7.150473,-26.47816,-4.931664,-27.37342973998357,-3.0817445891211097,0.6458849283144973,4.965856525481999,1,
20260927_061256_1157439,1,7.184481,-26.44014180504567,-4.944678375870069,-27.342487032130165,-3.0799283030632325,0.6172945282215291,4.973361326630741,1,
20260927_061256_1157439,1,7.217679,-26.39730725985058,-4.959345854199301,-27.342073,-3.079904,0.5985952649113427,5.000908770991311,1,
20260927_061256_1157439,1,7.250557,-26.396714,-4.959549,-27.311729913677606,-3.078123235247549,0.5864584912315186,5.008312136125897,1,
20260927_061256_1157439,1,7.283954,-26.365506958678182,-4.970216011874775,-27.2811325529567,-3.0763271086122104,0.5609119979721241,5.01625335025179,1,
20260927_061256_1157439,1,7.318144,-26.325772416759122,-4.983746895240876,-27.28079,-3.076307,0.5441378066752777,5.044835531740326,1,
20260927_061256_1157439,1,7.352694,-26.28561296891013,-4.99733833974322,-27.22061117519719,-3.0727753880476714,0.5026637275226894,5.034915796668615,1,
20260927_061256_1157439,1,7.384013,-26.280873588557085,-4.998936291607672,-27.15886381648217,-3.0691509540481396,0.4739687789632339,5.021922946302677,1,
20260927_061256_1157439,1,7.417909,-26.248570285285552,-5.009779187248065,-27.158115,-3.069107,0.4606259372043962,5.050071680287646,1,
20260927_061256_1157439,1,7.450491,-26.21159700727784,-5.02208764363036,-27.128123047948137,-3.067346348786007,0.4325406462884323,5.058628033586364,1,
20260927_061256_1157439,1,7.484511,-26.210926,-5.022311,-27.097744370689654,-3.06556314914974,0.41844173939821283,5.0682363037934,1,
20260927_061256_1157439,1,7.518038,-26.16966370504755,-5.035895765510867,-27.037010638174173,-3.0619988071315705,0.37391278666165106,5.0589452138089,1,
20260927_061256_1157439,1,7.550635,-26.13145184472641,-5.048287080586193,-27.036179,-3.06195,0.35886649445377783,5.085501964160919,1,
20260927_061256_1157439,1,7.584031,-26.09282202527173,-5.060421473126329,-26.975995185884962,-3.0584168061203103,0.31509874695565177,5.076838315902916,1,
20260927_061256_1157439,1,7.617591,-26.092349,-5.06057,-26.944876534912794,-3.056591027680219,0.29946711800664183,5.08585221454314,1,
20260927_061256_1157439,1,7.651041,-26.049526131086143,-5.073046432851792,-26.944467,-3.056567,0.28320618351369853,5.112697283828024,1,
20260927_061256_1157439,1,7.684124,-26.01360746610787,-5.082289712342079,-26.914234016034985,-3.054792472424684,0.25451799189178215,5.121492389053956,1,
20260927_061256_1157439,1,7.717727,-25.972865122974657,-5.090988275802718,-26.883889608582113,-3.053010687103092,0.2236870602852069,5.13050145686809,1,
20260927_061256_1157439,1,7.750777,-25.972162,-5.091138,-26.823180823641998,-3.049447412474177,0.19182637135321212,5.121689203424706,1,
20260927_061256_1157439,1,7.784678,-25.931868449670745,-5.097615575729069,-26.822356,-3.049399,0.17616700223783377,5.147307272082163,1,
20260927_061256_1157439,1,7.817558,-25.88325677110637,-5.102614850350503,-26.761668082901554,-3.0458370030478514,0.1253193391006685,5.13833702830383,1,
20260927_061256_1157439,1,7.85052,-25.88253,-5.102689,-26.730806324148617,-3.044025090591488,0.1083184980477885,5.145918870577723,1,
20260927_061256_1157439,1,7.884092,-25.84403958095238,-5.104444498581878,-26.730396,-3.044001,0.09335484056766431,5.17019954701166,1,
20260927_061256_1157439,1,7.923678,-25.799813340765215,-5.1041583589497845,-26.700046536104313,-3.042220566697773,0.05968608928922377,5.181960003929582,1,
20260927_061256_1157439,1,7.950628,-25.755522840578095,-5.101390387353247,-26.639830465410906,-3.0386856265418336,0.009196883593705532,5.168611734024053,1,
20260927_061256_1157439,1,7.984413,-25.754867,-5.101349,-26.638934,-3.038633,0.008444555194578388,5.191188969519276,1,
20260927_061256_1157439,1,8.017654,-25.71116599740468,-5.096136448248162,-26.57852271964407,-3.035087441389112,-0.04258042221645879,5.1817404087104375,0,STATIC:36
20260927_061256_1157439,1,8.050427,-25.662767255518478,-5.087730734898815,-26.54740435015155,-3.033260274500199,-0.07929751597328343,5.186951293581739,0,STATIC:36
20260927_061256_1157439,1,8.084084,-25.61717511817533,-5.077633297311763,-26.547025,-3.033238,-0.09770950242416758,5.2078801709258,0,STATIC:36
20260927_061256_1157439,1,8.12203,-25.616665,-5.07752,-26.516773129407145,-3.0314630478994893,-0.11503585727482511,5.215524156947339,0,STATIC:36
20260927_061256_1157439,1,8.150707,-25.57293283976807,-5.066247911325601,-26.486307892368586,-3.0296747177279357,-0.14986347687003665,5.217029572150074,0,STATIC:36
20260927_061256_1157439,1,8.183957,-25.52183813929592,-5.051708432206482,-26.4255848257129,-3.02611083170183,-0.20508436555590343,5.205874934776341,0,STATIC:36
20260927_061256_1157439,1,8.217382,-25.521216,-5.051531,-26.424838,-3.026067,-0.20576150891088518,5.2236857979472004,0,STATIC:36
20260927_061256_1157439,1,8.25062,-25.46697675239799,-5.034908829045789,-26.365831123111672,-3.0226034858760373,-0.261438257648425,5.2125377309401,0,STATIC:36
20260927_061256_1157439,1,8.284529,-25.41916403593769,-5.019643371887406,-26.333736353993746,-3.0207191368940216,-0.2988709294551609,5.214186856716312,0,STATIC:36
20260927_061256_1157439,1,8.31905,-25.418325,-5.019375,-26.333189,-3.020687,-0.29951713361576515,5.230254246961936,0,STATIC:36
20260927_061256_1157439,1,8.350909,-25.37230092502343,-5.0043305501405815,-26.30307269334583,-3.0189192526710404,-0.3349868694029901,5.230428412849931,0,STATIC:36
20260927_061256_1157439,1,8.384172,-25.32613111466014,-4.98911077867996,-26.243064921161825,-3.0153977054240424,-0.3719103573027674,5.216881825590319,0,STATIC:36
20260927_061256_1157439,1,8.417394,-25.283057222515552,-4.974931586071917,-26.21145566524048,-3.0135422016689426,-0.3369126535698357,5.2157997736137585,0,STATIC:36
20260927_061256_1157439,1,8.450487,-25.28222,-4.974656,-26.180654766292612,-3.01173388130645,-0.31808010354197513,5.214334165840588,0,STATIC:36
20260927_061256_1157439,1,8.483766,-25.234614174147058,-4.959139939837934,-26.150249956343632,-3.0099492217803427,-0.2822524741502656,5.212388752497348,0,STATIC:36
20260927_061256_1157439,1,8.521969,-25.186376917440118,-4.943676984250518,-26.149701,-3.009917,-0.2645194348957241,5.224233622349184,0,STATIC:36
20260927_061256_1157439,1,8.550985,-25.185834,-4.943503,-26.119438511067642,-3.008141412299667,-0.24599594867324998,5.219382537495728,0,STATIC:36
20260927_061256_1157439,1,8.584593,-25.135997920266966,-4.927883059591204,-26.089144567308267,-3.0063628061498124,-0.20996298333287794,5.215107694884104,0,STATIC:36
20260927_061256_1157439,1,8.617233,-25.085920368293355,-4.912585041460643,-26.028027883910198,-3.002775536377875,-0.15515752571451652,5.196806226046296,0,STATIC:36
20260927_061256_1157439,1,8.651583,-25.030006907400942,-4.896008685110839,-26.027218,-3.002728,-0.13594043172801107,5.203509491209002,0,STATIC:36
20260927_061256_1157439,1,8.683768,-25.029269,-4.89579,-25.967109076856275,-2.999199707090131,-0.0982966679127799,5.184266826568955,0,STATIC:36
20260927_061256_1157439,1,8.71733,-24.974494034725893,-4.880089377519243,-25.936448829954752,-2.9973999968858336,-0.06131802389957201,5.176720990974951,0,STATIC:36
20260927_061256_1157439,1,8.75044,-24.92848277760526,-4.867288560507809,-25.935563,-2.997348,-0.04630142742906766,5.180249687571682,0,STATIC:36
20260927_061256_1157439,1,8.783881,-24.876799668197478,-4.853344725602756,-25.9056019793341,-2.995589424799082,-0.01161129399922571,5.171131748629754,0,STATIC:36
20260927_061256_1157439,1,8.817113,-24.876211,-4.853186,-25.87524212351996,-2.993807849764979,0.00786824766992096,5.160981475718684,1,
20260927_061256_1157439,1,8.850741,-24.81989614402947,-4.838510532211208,-25.814182569409088,-2.990223389828986,0.06365874850446475,5.138074494260521,1,
20260927_061256_1157439,1,8.884322,-24.76815516085831,-4.825477244635577,-25.813222,-2.990167,0.07887660400237091,5.1375896252418025,1,
20260927_061256_1157439,1,8.923581,-24.7102728681774,-4.811391901734104,-25.752784321755588,-2.9866199972888636,0.13395358655948986,5.113148898301558,1,
20260927_061256_1157439,1,8.95108,-24.70971,-4.811255,-25.722264405710565,-2.9848284252524158,0.15424462844352782,5.099897079734422,1,
20260927_061256_1157439,1,8.983908,-24.653585477759076,-4.798082363308488,-25.721695,-2.984795,0.16908585944263976,5.096566924024998,1,
20260927_061256_1157439,1,9.017318,-24.600595817531307,-4.78603473881932,-25.69138301431127,-2.983016109123435,0.20226354448503248,5.081197510456842,1,
20260927_061256_1157439,1,9.050458,-24.599756,-4.785844,-25.630733171774683,-2.979456498031496,0.243263779742653,5.054079455145746,1,
20260927_061256_1157439,1,9.083693,-24.548102912416887,-4.774459245900653,-25.629975,-2.979412,0.2558472699090859,5.047614793734566,1,
20260927_061256_1157439,1,9.117677,-24.490300419512195,-4.762088840689353,-25.57025029353001,-2.9759063383963777,0.30946181296007746,5.019171001863743,1,
20260927_061256_1157439,1,9.150828,-24.48917,-4.761847,-25.538793621059646,-2.9740596286675554,0.3314674215852039,5.00008072011635,1,
20260927_061256_1157439,1,9.184228,-24.437353210639763,-4.751066484327755,-25.538323,-2.974032,0.34259574985549757,4.990640533738961,1,
20260927_061256_1157439,1,9.217185,-24.384734920289198,-4.740377167317058,-25.508415381885833,-2.972276885742808,0.3737925874029209,4.970294336571012,1,
20260927_061256_1157439,1,9.251268,-24.33154635094951,-4.729806840129545,-25.447476803326957,-2.968699878109819,0.4266208063882094,4.938401457850508,1,
20260927_061256_1157439,1,9.284069,-24.330782,-4.729655,-25.446593,-2.968648,0.42738625934334423,4.926058380511871,1,
20260927_061256_1157439,1,9.417358,-24.15381491638836,-4.695794301109255,-25.324664970956583,-2.96149086581584,0.543426147745098,4.828331272511369,1,
20260927_061256_1157439,1,9.450857,-24.099581938148948,-4.685695983082707,-25.294265499015395,-2.959707290368779,0.5729071624307235,4.8018145916486015,1,
20260927_061256_1157439,1,9.485074,-24.044824229111466,-4.675582734440323,-25.233212269563683,-2.9561235701583937,0.624975707861437,4.764902119066096,1,
20260927_061256_1157439,1,9.51934,-24.038179025563952,-4.674359438439315,-25.23247,-2.95608,0.6262566694657036,4.745260126729691,1,
20260927_061256_1157439,1,9.551291,-23.984179390413097,-4.664450585400912,-25.17243525579651,-2.9525558487594523,0.6774312651421078,4.708688243865137,1,
20260927_061256_1157439,1,9.58453,-23.929364746557297,-4.654439336456712,-25.141448725691536,-2.950736912974494,0.7061262713438711,4.67923560684681,1,
20260927_061256_1157439,1,9.61726,-23.928328,-4.65425,-25.140871,-2.950703,0.706657343378298,4.657977222817883,1,
20260927_061256_1157439,1,9.650317,-23.867520752132616,-4.6432212732167715,-25.11078366864299,-2.9489376920563855,0.7344936793922546,4.627372952679796,1,
20260927_061256_1157439,1,9.683945,-23.818132748073506,-4.634360014522821,-25.079736031416715,-2.947114833283936,0.7045147984707801,4.595430080694226,1,
20260927_061256_1157439,1,9.719983,-23.764984760112004,-4.6249597124005435,-25.019047750020796,-2.943552520418064,0.6557830363443254,4.553125020694341,1,
20260927_061256_1157439,1,9.750749,-23.764206,-4.624822,-25.018153,-2.9435,0.655067535310487,4.530037962156187,1,
20260927_061256_1157439,1,9.784228,-23.711644866985733,-4.615694712208777,-24.958067901571248,-2.9399734805851545,0.6068739353648439,4.4887904203147135,1,
20260927_061256_1157439,1,9.817321,-23.650200328826394,-4.6052445554353705,-24.927209546782045,-2.9381620805840996,0.5582707985360723,4.454937743689647,1,
20260927_061256_1157439,1,9.850893,-23.649062,-4.605051,-24.926646,-2.938129,0.5573766480203893,4.427656709326112,1,
20260927_061256_1157439,1,9.883916,-23.594118509474644,-4.595905423565139,-24.896664448952322,-2.9363693248102036,0.5139865514563061,4.392833280762016,1,
20260927_061256_1157439,1,9.919291,-23.541021238714368,-4.587220724460955,-24.838589993539532,-2.9329604243721232,0.4666931509474688,4.3487725746303685,1,
20260927_061256_1157439,1,9.950694,-23.483272237583893,-4.577900457718121,-24.83492,-2.932745,0.42767462675418694,4.320613311563227,1,
20260927_061256_1157439,1,9.984018,-23.482116,-4.577714,-24.77581076415515,-2.9292758195571404,0.41462071360608005,4.277412931039854,1,
20260927_061256_1157439,1,10.017138,-23.421492939348482,-4.568037246035148,-24.77411,-2.929176,0.3749213185363532,4.247055546452457,1,
20260927_061256_1157439,1,10.051297,-23.354235503366315,-4.557372809203208,-24.743814217902933,-2.9273976643053685,0.3255511724882693,4.208805370376065,1,
20260927_061256_1157439,1,10.084423,-23.353278,-4.557221,-24.713539369384357,-2.9241084937225836,0.3180710326809975,4.169635337886845,1,
20260927_061256_1157439,1,10.119207,-23.299131733515694,-4.5486628913907285,-24.654954371638354,-2.9076177769075726,0.2685326052445101,4.11124212457906,1,
20260927_061256_1157439,1,10.150622,-23.244842712176652,-4.5400845048522065,-24.654343,-2.907445,0.2350110159080125,4.080556607536795,1,
20260927_061256_1157439,1,10.184671,-23.244194,-4.539982,-24.595723722861166,-2.8908787040253494,0.21808559834139468,4.022421720886263,1,
20260927_061256_1157439,1,10.217287,-23.184996295358392,-4.530609894046232,-24.566101812250903,-2.882507509411981,0.17374450986678663,3.9777247401828753,1,
20260927_061256_1157439,1,10.250511,-23.137318066895162,-4.523036000661436,-24.565732,-2.882403,0.14533549685649821,3.944138680778156,1,
20260927_061256_1157439,1,10.283858,-23.078555147032343,-4.513652748244613,-24.536835935185742,-2.8742362486947126,0.10239253906723662,3.8984108302803717,1,
20260927_061256_1157439,1,10.317871,-23.077799,-4.513532,-24.507194680879238,-2.8658592589159606,0.09293472785707364,3.851513704508049,1,
20260927_061256_1157439,1,10.350676,-23.020291890386726,-4.504285991399293,-24.506847,-2.865761,0.059835192731119105,3.817397797509032,1,
20260927_061256_1157439,1,10.384088,-22.968435050740908,-4.495884151324653,-24.448380785361472,-2.8492375954198472,0.012228723558169133,3.759376741808774,1,
20260927_061256_1157439,1,10.416955,-22.967854,-4.49579,-24.389714686776284,-2.8326583424611735,-0.0073483910744998465,3.702305404429996,0,STATIC:26
20260927_061256_1157439,1,10.451129,-22.91763373222742,-4.48756823230005,-24.388981,-2.832451,-0.03542138733255,3.6658672080190327,0,STATIC:26
20260927_061256_1157439,1,10.484232,-22.86661698100283,-4.479073268974336,-24.360021810119648,-2.8242673964745637,-0.07306647518356706,3.619817031034448,0,STATIC:26
20260927_061256_1157439,1,10.520252,-22.810930413015715,-4.4695062801932375,-24.33042534693764,-2.8159027980454217,-0.11323366815041784,3.570446814819703,0,STATIC:26
20260927_061256_1157439,1,10.551681,-22.810312,-4.4694,-24.27243008993225,-2.7995128085079557,-0.1341203258939871,3.5159600435154497,0,STATIC:26
20260927_061256_1157439,1,10.585982,-22.766771442991864,-4.461601072593202,-24.241969237404152,-2.790904864067687,-0.168357127498601,3.4685055302969703,0,STATIC:26
20260927_061256_1157439,1,10.617231,-22.717678396196817,-4.452389731600346,-24.212137942600123,-2.7824737092870637,-0.20525234355977345,3.4247144987837252,0,STATIC:26
20260927_061256_1157439,1,10.650806,-22.663413189074628,-4.441624581014926,-24.182890590000003,-2.7742077793731346,-0.24454572768667016,3.378817586505832,0,STATIC:26
20260927_061256_1157439,1,10.684141,-22.662836,-4.44151,-24.18258,-2.77412,-0.24496152306316782,3.342895242563756,0,STATIC:26
20260927_061256_1157439,1,10.720926,-22.620347080981894,-4.432592755667917,-24.153354221171096,-2.7658613146305657,-0.2780986171058338,3.293857813622429,0,STATIC:26
20260927_061256_1157439,1,10.75106,-22.57295488944459,-4.422033400302711,-24.12419585867991,-2.7576203850684387,-0.3137593642308106,3.2522711499401593,0,STATIC:26
20260927_061256_1157439,1,10.784167,-22.5249647601338,-4.41048588249962,-24.065755376341798,-2.741105056378288,-0.36154959792766744,3.198908221043591,0,STATIC:26
20260927_061256_1157439,1,10.817639,-22.524318,-4.41033,-24.064959,-2.74088,-0.36219905863061747,3.163129934297759,0,STATIC:26
20260927_061256_1157439,1,10.850647,-22.472636693127924,-4.39659636109349,-24.006417281588885,-2.7243357513366555,-0.41260663391569186,3.1111336782863868,0,STATIC:26
20260927_061256_1157439,1,10.884046,-22.425855368553158,-4.382819040339449,-24.005576,-2.724098,-0.4369236693425617,3.075848897287453,0,STATIC:26
20260927_061256_1157439,1,10.917813,-22.425106,-4.382598,-23.97661335575552,-2.7159126259800423,-0.4494209403417587,3.032571299706781,0,STATIC:26
20260927_061256_1157439,1,10.950833,-22.37926712879959,-4.367698170045761,-23.94736730566415,-2.707647648846865,-0.48540654071637185,2.9905359015365303,0,STATIC:26
20260927_061256_1157439,1,10.983841,-22.333753195584542,-4.351518128395357,-23.889528705755655,-2.6913016212157475,-0.5338974879358839,2.941848041065092,0,STATIC:26
20260927_061256_1157439,1,11.017479,-22.287376078394743,-4.333629346419211,-23.888051,-2.690884,-0.5586243071982212,2.9074321326813894,0,STATIC:26
20260927_061256_1157439,1,11.05055,-22.286837,-4.333421,-23.82980347322239,-2.6744223770045386,-0.5846241883305675,2.8604366324472075,0,STATIC:26
20260927_061256_1157439,1,11.084156,-22.236864762912685,-4.312545970140811,-23.79944917602929,-2.665844629811556,-0.6242663652723892,2.82045004814801,0,STATIC:26
20260927_061256_1157439,1,11.12091,-22.196528789106942,-4.294575775334113,-23.799132,-2.665755,-0.6145425209429208,2.784615014077364,0,STATIC:26
20260927_061256_1157439,1,11.15065,-22.15184368521063,-4.273542591574785,-23.770260114212945,-2.6575948471798654,-0.5781153950516672,2.7499499032790213,0,STATIC:26
20260927_061256_1157439,1,11.184014,-22.151182,-4.273231,-23.740920494907133,-2.649303891252247,-0.5643536693357908,2.7125137057589983,0,STATIC:26
20260927_061256_1157439,1,11.217388,-22.102305787518663,-4.248942302179756,-23.682831656613914,-2.6328868061212307,-0.5118822217133443,2.6707232613062786,0,STATIC:26
20260927_061256_1157439,1,11.250829,-22.057478015014112,-4.225616032730767,-23.681831,-2.632604,-0.48812129459012416,2.640139631483648,0,STATIC:26
20260927_061256_1157439,1,11.284487,-22.0179035115961,-4.204257311191721,-23.623532371134633,-2.6161293099429113,-0.4400750666764551,2.6005937846600853,0,STATIC:26
20260927_061256_1157439,1,11.320266,-22.007678691287563,-4.19863595601813,-23.593683938223936,-2.607692905909014,-0.420474939816897,2.5650747644028584,0,STATIC:26
20260927_061256_1157439,1,11.350494,-21.968677039707245,-4.176820585011259,-23.59338,-2.607607,-0.40034797824166585,2.539322043451299,0,STATIC:26
20260927_061256_1157439,1,11.384049,-21.924601573366655,-4.151581449482327,-23.56388484321076,-2.5992718633821252,-0.36369265512946036,2.5075041018786983,0,STATIC:26
20260927_061256_1157439,1,11.417546,-21.924084,-4.151285,-23.505607717636863,-2.582802525848673,-0.3347994010806382,2.4736931707016714,0,STATIC:26
20260927_061256_1157439,1,11.4504,-21.880504897023915,-4.125830073580427,-23.504976,-2.582624,-0.3126914755905553,2.447812394987702,0,STATIC:26
20260927_061256_1157439,1,11.483857,-21.8364585779213,-4.099723772395647,-23.44663272622892,-2.566135403899055,-0.26180389049290276,2.4170621033829685,0,STATIC:26
20260927_061256_1157439,1,11.518053,-21.787620277859023,-4.070443961977186,-23.446005,-2.565958,-0.23788724612355966,2.3917780389834187,0,STATIC:26
20260927_061256_1157439,1,11.550812,-21.78712,-4.070144,-23.41667776764625,-2.5576700626201587,-0.22278132760027752,2.3663741584584477,0,STATIC:26
20260927_061256_1157439,1,11.584368,-21.73886373917443,-4.040982774679326,-23.387575085979584,-2.549445222046963,-0.18511149592564707,2.341658564167635,0,STATIC:26
20260927_061256_1157439,1,11.617159,-21.69491315259503,-4.014337048976609,-23.328859756335284,-2.5328521432139377,-0.13440806855659876,2.3178606797862127,0,STATIC:26
20260927_061256_1157439,1,11.65056,-21.694316,-4.013975,-23.328056,-2.532625,-0.13371563493492167,2.2966293969136835,0,STATIC:26
20260927_061256_1157439,1,11.684127,-21.650991399405115,-3.98772074128495,-23.270174270553245,-2.5162669486020226,-0.08368075463171758,2.275787504265125,0,STATIC:26
20260927_061256_1157439,1,11.72184,-21.607631685223332,-3.9615381815598023,-23.24017710787202,-2.507789276055383,-0.0487225033971808,2.2543985404347584,0,STATIC:26
20260927_061256_1157439,1,11.751631,-21.557932713147274,-3.9317173866560875,-23.239288,-2.507538,-0.027360833724012476,2.2380406916359936,0,STATIC:26
20260927_061256_1157439,1,11.783927,-21.557372,-3.931381,-23.21044687410339,-2.4993869032896363,-0.011486956964019066,2.2219738889615392,0,STATIC:26
20260927_061256_1157439,1,11.817811,-21.514366036312847,-3.905799689944134,-23.15272177094972,-2.483073198324022,0.03769105936485291,2.208105887286374,1,
20260927_061256_1157439,1,11.850615,-21.469612617091055,-3.8794267238018634,-23.151242,-2.482655,0.05595931328148236,2.1929442009551527,1,
20260927_061256_1157439,1,11.883975,-21.469092,-3.87912,-23.09297801187798,-2.4661897354449747,0.08888422672531444,2.1830246868848446,1,
20260927_061256_1157439,1,11.918594,-21.420515805970147,-3.850822871070181,-23.062832320650134,-2.4576705015156324,0.12421862298249549,2.1720323001280386,1,
20260927_061256_1157439,1,11.950346,-21.367116886647754,-3.820131648003242,-23.062505,-2.457578,0.14337735750048558,2.1601304594706745,1,
20260927_061256_1157439,1,11.984024,-21.365929,-3.819449,-23.035347165706092,-2.4499023149933934,0.15943893545452886,2.151587418573901,1,
20260927_061256_1157439,1,12.017018,-21.322460449870633,-3.7948130529754205,-23.004569797606727,-2.4412049749029756,0.1920169724851894,2.145128570888878,1,
20260927_061256_1157439,1,12.050331,-21.27315883774086,-3.7672518705786575,-22.945543054156744,-2.424522676989416,0.24271951151486543,2.1445028199583884,1,
20260927_061256_1157439,1,12.08384,-21.272608,-3.766944,-22.944879,-2.424335,0.2432883128379219,2.136000767337345,1,
20260927_061256_1157439,1,12.119754,-21.21918348646684,-3.7375670987585283,-22.886611117827986,-2.407868140420535,0.294566440858319,2.1383498513758035,1,
20260927_061256_1157439,1,12.150499,-21.175001277211933,-3.7136615773974166,-22.886002,-2.407696,0.30744531954861637,2.1324280273315868,1,
20260927_061256_1157439,1,12.184231,-21.135796106458482,-3.6927579292642534,-22.85669140525195,-2.3994131932812865,0.33591199809549827,2.132633901433322,1,
20260927_061256_1157439,1,12.217026,-21.125606571179922,-3.687372115793331,-22.827481109380727,-2.391157946042506,0.3566519369339018,2.1343225468155067,1,
20260927_061256_1157439,1,12.25093,-21.085838761096376,-3.666553525611553,-22.768404281137634,-2.374461524167403,0.4037460121824346,2.1443766800505637,1,
20260927_061256_1157439,1,12.284004,-21.041851076294773,-3.643889129477251,-22.76767,-2.374254,0.41447108537506044,2.1418797259464437,1,
20260927_061256_1157439,1,24.050378,-10.582267340492738,-4.276620520530638,-12.067181194567278,-2.4248947485786485,0.6229080172076257,3.009623638638982,1,
20260927_061256_1157439,1,24.083934,-10.5817,-4.276728,-12.066797,-2.424869,0.6225485027592182,3.015651317054334,1,
20260927_061256_1157439,1,24.125347,-10.536213371232613,-4.284238154656105,-12.036501950879057,-2.422837516035549,0.5933975291093273,3.0387361041679775,1,
20260927_061256_1157439,1,24.150468,-10.487742679441817,-4.290918773506143,-11.976189216316145,-2.4187955926927205,0.5551636084274266,3.0751238926403,1,
20260927_061256_1157439,1,24.183763,-10.445945134413757,-4.295670828829908,-11.975106,-2.418723,0.5341052632184239,3.0816915683376473,1,
20260927_061256_1157439,1,24.217175,-10.434625357230777,-4.296825877090276,-11.914717772734093,-2.414674941547329,0.5132714849244308,3.120359253428264,1,
20260927_061256_1157439,1,24.25058,-10.391583828984812,-4.300803953958602,-11.88349060222269,-2.412582237995387,0.48368905692076464,3.1435774354850388,1,
20260927_061256_1157439,1,24.283994,-10.350685857168532,-4.304241399796298,-11.883114,-2.412557,0.4634646460818344,3.1499526157811264,1,
20260927_061256_1157439,1,24.318419,-10.350226,-4.30428,-11.85332632052549,-2.410559938964134,0.45518256883445224,3.172813351007207,1,
20260927_061256_1157439,1,24.350732,-10.307034418995796,-4.307835826242889,-11.792639054167699,-2.4064921357902547,0.4171613774046255,3.2128287109663862,1,
20260927_061256_1157439,1,24.384319,-10.265782348733367,-4.311362656565356,-11.76174593445063,-2.4044209967850443,0.38851702953916184,3.236655224069267,1,
20260927_061256_1157439,1,24.417429,-10.262250275033216,-4.311671726657809,-11.730809861577487,-2.402348051334702,0.3775625302752515,3.2605888509672454,1,
20260927_061256_1157439,1,24.450237,-10.23300575377067,-4.314262300502756,-11.730436,-2.402323,0.3638104481609082,3.2670156617873776,1,
20260927_061256_1157439,1,24.484094,-10.198278607776363,-4.317220321715182,-11.700437988717463,-2.40031158062128,0.33854189526116624,3.2907288521303855,1,
20260927_061256_1157439,1,24.518057,-10.197742,-4.317266,-11.669895624460093,-2.3982647548369918,0.3286745047988923,3.31492293066474,1,
20260927_061256_1157439,1,24.550607,-10.16240229284618,-4.31971995416027,-11.609181787350323,-2.3941949145225667,0.29259245159095343,3.356765524575179,1,
20260927_061256_1157439,1,24.584416,-10.137448727294222,-4.320853551618146,-11.608467,-2.394147,0.28079353927437184,3.363626275286392,1,
20260927_061256_1157439,1,24.617082,-10.11044687025588,-4.32131921051665,-11.547840182633452,-2.390083029505387,0.24751030570491,3.4059518484990337,1,
20260927_061256_1157439,1,24.652459,-10.110105,-4.321325,-11.547064,-2.390031,0.24708135142223359,3.4131407496475425,1,
20260927_061256_1157439,1,24.683984,-10.084143918623917,-4.320884780918039,-11.517215961797097,-2.3880312604034697,0.22429013176927487,3.4370803046263383,1,
20260927_061256_1157439,1,24.722109,-10.059452101116284,-4.319573121790058,-11.487795356610102,-2.3860589298693498,0.20188612238010878,3.4621093864513988,1,
20260927_061256_1157439,1,24.75053,-10.058014,-4.319496,-11.426091024780353,-2.38192270477585,0.17846281687235038,3.505188810821214,1,
20260927_061256_1157439,1,24.784336,-10.03279284732576,-4.317194284818365,-11.425081,-2.381855,0.16584217378382898,3.512151018464679,1,
20260927_061256_1157439,1,24.81708,-10.004940135387715,-4.3136013040039085,-11.364454984057659,-2.3777910994716427,0.12900037068005682,3.555801165977507,1,
20260927_061256_1157439,1,24.850471,-9.981787084178622,-4.309838593061641,-11.333433170638019,-2.3757116679971193,0.10537860149639629,3.5813760419733276,1,
20260927_061256_1157439,1,24.88393,-9.958456727435209,-4.305398799821269,-11.333095,-2.375689,0.09355167546296657,3.5877511925240455,1,
20260927_061256_1157439,1,24.918092,-9.958122,-4.305335,-11.303378672187957,-2.373697755770925,0.0816289961701558,3.61267215695616,1,
20260927_061256_1157439,1,24.951155,-9.928852777249343,-4.2989411285594645,-11.272763791965781,-2.371645764895908,0.05460492219002584,3.6380127134722064,1,
20260927_061256_1157439,1,24.984278,-9.898252033187301,-4.2914444081497924,-11.21292208095781,-2.3676341095240954,0.014639424612811383,3.682087845683113,1,
20260927_061256_1157439,1,25.01727,-9.894288548780487,-4.290429502586844,-11.211205,-2.367519,0.011934483491412531,3.689057777617472,1,
20260927_061256_1157439,1,25.051837,-9.869204309281024,-4.283698977416753,-11.151187093386339,-2.363496035660791,-0.02600120889234496,3.73379152879816,0,STATIC:28
20260927_061256_1157439,1,25.084255,-9.836372633136095,-4.274351687877568,-11.150187,-2.363429,-0.042856505787698104,3.740078975552966,0,STATIC:28
20260927_061256_1157439,1,25.118358,-9.835935,-4.274227,-11.119851301781736,-2.361396225999296,-0.05608357779648303,3.7656281644404777,0,STATIC:28
20260927_061256_1157439,1,25.150661,-9.800465772195542,-4.26358907523704,-11.089639395887206,-2.3593706507819237,-0.08684209110773204,3.7908114607744334,0,STATIC:28
20260927_061256_1157439,1,25.184095,-9.768282788760391,-4.253588968015902,-11.028676869353092,-2.3552845901698594,-0.12963507462749285,3.836459159875541,0,STATIC:28
20260927_061256_1157439,1,25.217178,-9.767897,-4.253469,-11.027937,-2.355235,-0.13015461895663527,3.8423980769792285,0,STATIC:28
20260927_061256_1157439,1,25.251742,-9.73541494040538,-4.243116415429924,-10.967757365767739,-2.3512006166195065,-0.1732116235735071,3.8879233165824045,0,STATIC:28
20260927_061256_1157439,1,25.283715,-9.702066561339104,-4.232300835498242,-10.936536809644828,-2.3491085178526605,-0.2035861898769295,3.91387735137132,0,STATIC:28
20260927_061256_1157439,1,25.318542,-9.670820598523372,-4.222049774684708,-10.936156,-2.349083,-0.21866095304113703,3.9195866110936883,0,STATIC:28
20260927_061256_1157439,1,25.350612,-9.670483,-4.221939,-10.907112308957267,-2.3427607854428794,-0.23353995531591293,3.9409635925036923,0,STATIC:28
20260927_061256_1157439,1,25.38386,-9.634782134727834,-4.210144928808248,-10.850292055187177,-2.3200408646995014,-0.28261679519041266,3.971364979563911,0,STATIC:28
20260927_061256_1157439,1,25.417117,-9.597712216053832,-4.1978569668348955,-10.849699,-2.319803,-0.30029429560505044,3.9765271602540473,0,STATIC:28
20260927_061256_1157439,1,25.450372,-9.597293,-4.197718,-10.793376118708823,-2.297212720495773,-0.33286975031433874,4.007017060828453,0,STATIC:28
20260927_061256_1157439,1,25.483617,-9.554511803010728,-4.183526763889306,-10.764977220966918,-2.2858228471500257,-0.36911942788911606,4.024859485170281,0,STATIC:28
20260927_061256_1157439,1,25.519928,-9.50641567338965,-4.167403987535427,-10.764641,-2.285688,-0.3914126089157954,4.029980082053891,0,STATIC:28
20260927_061256_1157439,1,25.551179,-9.470429922818791,-4.154772308724832,-10.736469680089485,-2.274388936689038,-0.42434509030687256,4.047347901186774,0,STATIC:28
20260927_061256_1157439,1,25.584221,-9.469891,-4.154583,-10.679955621918305,-2.2517210156775933,-0.4577643541807506,4.078546986529602,0,STATIC:28
20260927_061256_1157439,1,25.619482,-9.429230065909602,-4.138934281447249,-10.651473997041252,-2.2402977393485117,-0.49343369434813983,4.0967537947844965,0,STATIC:28
20260927_061256_1157439,1,25.650498,-9.387591229240412,-4.120681291462346,-10.622882167797876,-2.228830272561946,-0.5300717685849249,4.114505221340493,0,STATIC:28
20260927_061256_1157439,1,25.683697,-9.344199229295334,-4.0986945870514875,-10.594334356912604,-2.2173795254722384,-0.5681314246856353,4.132515237778187,0,STATIC:28
20260927_061256_1157439,1,25.717163,-9.343674,-4.098428,-10.593989,-2.217241,-0.5685915486427268,4.136505766798922,0,STATIC:28
20260927_061256_1157439,1,25.750404,-9.294978538087571,-4.0699150250510945,-10.565965123800087,-2.206001609555955,-0.6097214160798992,4.15413642888812,0,STATIC:28
20260927_061256_1157439,1,25.784418,-9.254761997244293,-4.043613051830789,-10.509661151094956,-2.1834187336929447,-0.5958370225887684,4.18621150442659,0,STATIC:28
20260927_061256_1157439,1,25.8175,-9.208279882952263,-4.010726966857452,-10.48079961310719,-2.1718421799466605,-0.5541085535842338,4.20438421433815,0,STATIC:28
20260927_061256_1157439,1,25.850969,-9.207194,-4.009958,-10.45248918032591,-2.1604870196979644,-0.5364532019832793,4.222311571305901,0,STATIC:28
20260927_061256_1157439,1,25.884746,-9.163104570627901,-3.9771846499925054,-10.423736154862878,-2.148955220380638,-0.4957343156991521,4.240494027782135,0,STATIC:28
20260927_061256_1157439,1,25.917586,-9.115877380468822,-3.94141341768265,-10.423399,-2.14882,-0.4704739093810435,4.243610262367709,0,STATIC:28
20260927_061256_1157439,1,25.950735,-9.115234,-3.940926,-10.395141855286614,-2.1374865083854577,-0.453047554503175,4.261333193603208,0,STATIC:28
20260927_061256_1157439,1,25.984331,-9.063961856377432,-3.9021538155410096,-10.340390037129286,-2.115525598152224,-0.3928062938135242,4.293291127322721,0,STATIC:28
20260927_061256_1157439,1,26.017394,-9.008780572845632,-3.861032388096716,-10.338222,-2.114656,-0.3628484989535317,4.297000456911999,0,STATIC:28
20260927_061256_1157439,1,26.050328,-9.00791,-3.860384,-10.282303122630045,-2.0922275841638314,-0.32823968829439487,4.329777398631024,0,STATIC:28
20260927_061256_1157439,1,26.084073,-8.959498963406324,-3.8250406529674965,-10.253274336750719,-2.080584595810247,-0.28573720319601104,4.348058965663873,0,STATIC:28
20260927_061256_1157439,1,26.124776,-8.904196766702798,-3.78555782459598,-10.224776041141112,-2.0691545112091054,-0.2405302288130422,4.366461727415357,0,STATIC:28
20260927_061256_1157439,1,26.150514,-8.860201829276768,-3.754886769355584,-10.224503,-2.069045,-0.21887119327659899,4.368142076676438,0,STATIC:28
20260927_061256_1157439,1,26.183975,-8.859281,-3.754245,-10.16826980740274,-2.046490297219473,-0.18348643562323808,4.401595056149747,0,STATIC:28
20260927_061256_1157439,1,26.216982,-8.804160432314406,-3.7168426754002875,-10.167561,-2.046206,-0.15676279590684022,4.403689154632657,0,STATIC:28
20260927_061256_1157439,1,26.251148,-8.748138888508473,-3.6800349202586844,-10.111325877183743,-2.023651055687239,-0.09552890738276358,4.437405565782203,0,STATIC:28
20260927_061256_1157439,1,26.284289,-8.747498,-3.679614,-10.082869906178352,-2.012237532279474,-0.07721778446836706,4.455262393614462,0,STATIC:28
20260927_061256_1157439,1,26.317231,-8.692050949094988,-3.644431590637601,-10.082532,-2.012102,-0.052214484346160425,4.456727935448456,0,STATIC:28
20260927_061256_1157439,1,26.350387,-8.64675749291305,-3.616529853123393,-10.0542802292907,-2.0007708379824107,-0.01458816989599325,4.474320244945243,0,STATIC:28
20260927_061256_1157439,1,26.38387,-8.596172524362984,-3.586131443898076,-9.997592838712558,-1.978034158515868,0.04324544734691234,4.508725443875448,1,
20260927_061256_1157439,1,26.41722,-8.595501,-3.585728,-9.996837,-1.977731,0.044015279762648254,4.51004346055104,1,
20260927_061256_1157439,1,26.4504,-8.545322230899318,-3.5561748659781363,-9.940929217189105,-1.9553070198103522,0.10102479200288868,4.527570862255594,1,
20260927_061256_1157439,1,26.483942,-8.488922212152854,-3.523418543119651,-9.912332891328344,-1.9438376965963673,0.14215162812054288,4.511784740035032,1,
20260927_061256_1157439,1,26.517805,-8.488291,-3.523052,-9.912017,-1.943711,0.1426058577804427,4.517756965591797,1,
20260927_061256_1157439,1,26.550729,-8.426967269601853,-3.487792387274058,-9.883774117427942,-1.9323832019113332,0.18464543914418236,4.502463624559731,1,
20260927_061256_1157439,1,26.583756,-8.381738549277026,-3.4619334559864465,-9.855420485994312,-1.9210107751225114,0.22024475194895504,4.487319589972348,1,
20260927_061256_1157439,1,26.617253,-8.33110749760951,-3.4330754439431046,-9.79840022643877,-1.8981405897926242,0.27711206700864127,4.451047747242697,1,
20260927_061256_1157439,1,26.650985,-8.33054,-3.432752,-9.797758,-1.897883,0.2777516643043944,4.457185726616281,1,
20260927_061256_1157439,1,26.683696,-8.28064544527943,-3.404346552297404,-9.742110518158393,-1.8755640110422667,0.3334133823774105,4.422429624257073,1,
20260927_061256_1157439,1,26.719606,-8.230114514802128,-3.3755517742779952,-9.713255103016124,-1.8639900154844458,0.3702953426718945,4.408453834485655,1,
20260927_061256_1157439,1,26.75072,-8.179915344986997,-3.3468705789912994,-9.712916,-1.863854,0.386186021957907,4.414565812282647,1,
20260927_061256_1157439,1,26.783877,-8.179167,-3.346443,-9.685096353192,-1.8526964926430844,0.40631856199061095,4.401078745846827,1,
20260927_061256_1157439,1,26.817183,-8.129662095902802,-3.318052945973651,-9.65603713277458,-1.8410409046700236,0.4420532841910552,4.368599645386372,1,
20260927_061256_1157439,1,26.850404,-8.079422004801161,-3.2891156912763844,-9.599652247848537,-1.8184255817857902,0.49758308715777627,4.307113323806809,1,
20260927_061256_1157439,1,38.683782,1.3123732953375766,-1.4881528058592455,0.8127055266619995,0.38037276386393387,2.1966630412737667,0.3942707363066498,1,
20260927_061256_1157439,1,38.71884,1.312431,-1.488579,0.813486,0.380336,2.197351699556598,0.392123092287842,1,
20260927_061256_1157439,1,38.750856,1.3160457708339852,-1.512828705460805,0.8739694091691457,0.3774872798623063,2.2508697578117594,0.3873456016936006,1,
20260927_061256_1157439,1,38.783737,1.3212023360077805,-1.5428138818380763,0.9048551276440574,0.37603214344760505,2.2783098236404924,0.38388964979529333,1,
20260927_061256_1157439,1,38.817281,1.3265938367541765,-1.5692208477326957,0.905219,0.376015,2.278633536014727,0.382543654568778,1,
20260927_061256_1157439,1,38.850318,1.3279298354055116,-1.5751934987748433,0.9354726859666628,0.37458992518982365,2.305582698961397,0.37727273158629177,1,
20260927_061256_1157439,1,38.88429,1.334045425511858,-1.6003770236853747,0.9961615080866141,0.37173154329061703,2.3184667962099192,0.36652193720429355,1,
20260927_061256_1157439,1,38.919047,1.334111,-1.600647,0.99681,0.371701,2.318588072260174,0.3651852531004676,1,
20260927_061256_1157439,1,38.95032,1.340570081300553,-1.6248444096997983,1.0573178142523731,0.3688508835640526,2.329833574969247,0.352810255218805,1,
20260927_061256_1157439,1,38.984162,1.3480944358381832,-1.651356849036181,1.087912046801413,0.3674094493813439,2.3372578984766754,0.34355276402500406,1,
20260927_061256_1157439,1,39.018143,1.3555009384244523,-1.676322388708672,1.088622,0.367376,2.340916958824059,0.33919110235164257,1,
20260927_061256_1157439,1,39.050529,1.355592,-1.676629,1.1187606903835472,0.3659573718732629,2.344972565480521,0.332928163167492,1,
20260927_061256_1157439,1,39.083818,1.361459515999761,-1.695596178060889,1.1494992714277172,0.36450948118906634,2.3519486750605965,0.3234358408785471,1,
20260927_061256_1157439,1,39.119153,1.3682566695666911,-1.7162929013615043,1.2102173251793666,0.3616493759109655,2.3625242527143198,0.30677350415123467,1,
20260927_061256_1157439,1,39.15073,1.3760350910766495,-1.7371756479280547,1.211308,0.361598,2.3681900553346718,0.3012874707953292,1,
20260927_061256_1157439,1,39.183884,1.376164,-1.737521,1.2715469457525832,0.35876086180039835,2.3731985491813674,0.28780133600211716,1,
20260927_061256_1157439,1,39.217304,1.384488335892745,-1.7554969831438771,1.272457,0.358718,2.3801422906194283,0.28158833063199645,1,
20260927_061256_1157439,1,39.250712,1.394734282479784,-1.772263478167115,1.302579464690025,0.35729903072776287,2.391055798980066,0.2672176863686047,1,
20260927_061256_1157439,1,39.284096,1.394856,-1.772462,1.3332450403377387,0.35585488540143806,2.3929896692297987,0.2598288664535436,1,
20260927_061256_1157439,1,39.319365,1.4089690633902712,-1.788972421088472,1.3936560706543253,0.35300879586856626,2.4086158687671513,0.23479003982059704,1,
20260927_061256_1157439,1,39.350665,1.4268906540789863,-1.8037217004900559,1.394522,0.352968,2.425753744900026,0.2211281864188585,1,
20260927_061256_1157439,1,39.384095,1.427134,-1.803921,1.4547519387206622,0.350131168309144,2.427583900228449,0.20596322703617914,1,
20260927_061256_1157439,1,39.417119,1.4512231874582622,-1.8175421681235946,1.486320797092208,0.34864381897650715,2.451928780518055,0.17988264544946037,1,
20260927_061256_1157439,1,39.450806,1.4749012797682373,-1.8269997341255757,1.486699,0.348626,2.475274933266456,0.1621064814308612,1,
20260927_061256_1157439,1,39.484092,1.475282,-1.827151,1.5171358774030497,0.34719266807064,2.476213898297187,0.15408990392429994,1,
20260927_061256_1157439,1,39.524351,1.5054884191729792,-1.8356479441450393,1.547100265838818,0.3457815066931578,2.5065734189347344,0.12389433847500615,1,
20260927_061256_1157439,1,39.550377,1.536601225333742,-1.8417377278655822,1.6075117585161873,0.3429361574344024,2.5379820926178347,0.08512207179844096,1,
20260927_061256_1157439,1,39.584306,1.5759726008051391,-1.8468526903176155,1.608789,0.342876,2.5770774324495425,0.05561315661031736,1,
20260927_061256_1157439,1,39.617148,1.576433,-1.846912,1.6690339885917727,0.34003825928630077,2.577954112229163,0.03966215160510435,1,
20260927_061256_1157439,1,39.650491,1.6086545981294453,-1.8495273798780854,1.6998649837745778,0.338585606376621,2.6102423306178206,0.007822632763946527,1,
20260927_061256_1157439,1,39.683894,1.6497694331879076,-1.8514195626598466,1.700366,0.338562,2.651268998877156,-0.022721675448580378,0,DYNAMIC:4
20260927_061256_1157439,1,39.717908,1.694811081019402,-1.8520698289492934,1.7308391099277312,0.33712720718611927,2.696056730156794,-0.06399794999184315,0,DYNAMIC:4
20260927_061256_1157439,1,39.751366,1.695532,-1.85208,1.7618228047142055,0.335667849637138,2.697153138765056,-0.07246649781702973,0,DYNAMIC:4
20260927_061256_1157439,1,39.784197,1.7488352352869476,-1.8513914780940783,1.8219389586542785,0.33283572711219395,2.750412139987495,-0.12746829203011323,0,DYNAMIC:4
20260927_061256_1157439,1,39.817362,1.798295041431889,-1.849702029650164,1.822761,0.332797,2.7992047877389523,-0.16447739488689517,0,DYNAMIC:4
20260927_061256_1157439,1,39.850341,1.798992,-1.849678,1.88302877472329,0.32995835006616947,2.8004929783565466,-0.1803272760727519,0,DYNAMIC:4
20260927_061256_1157439,1,39.884774,1.8584377264773448,-1.846571186291893,1.913999839577945,0.32850024340900497,2.790699208085412,-0.23244171848994782,0,DYNAMIC:4
20260927_061256_1157439,1,39.92152,1.9305937939169755,-1.8416069870119194,1.914621,0.328471,2.7265586596506575,-0.28660860690683054,0,DYNAMIC:4
20260927_061256_1157439,1,39.953321,1.931491,-1.841545,1.9447367843137262,0.3270523706606238,2.725763321527011,-0.2948026024543963,0,DYNAMIC:4
20260927_061256_1157439,1,39.984266,1.9815655066004476,-1.8374493377545893,2.003858886660794,0.32426770860573323,2.6817202626625365,-0.34711904325197573,0,DYNAMIC:4
20260927_061256_1157439,1,40.01731,2.0352751266069875,-1.8325930525696226,2.0365738195223226,0.32272702626932237,2.6348729431321027,-0.32440285154090387,0,DYNAMIC:4
20260927_061256_1157439,1,40.050636,2.0987823155378917,-1.8262876910345656,2.0669156216054714,0.32129728046485234,2.580007719685238,-0.26908109808018876,0,DYNAMIC:4
20260927_061256_1157439,1,40.084541,2.100087,-1.826158,2.0979732890032428,0.31983413456676285,2.5788841126679847,-0.26043562045251967,0,DYNAMIC:4
20260927_061256_1157439,1,40.118891,2.164978771867099,-1.81916921499375,2.098337,0.319817,2.523417038830284,-0.21145887025912508,0,DYNAMIC:4
20260927_061256_1157439,1,40.151221,2.229280682606406,-1.8117852650304478,2.129873088528946,0.31833184733083997,2.4690362511859405,-0.15519866333244897,0,DYNAMIC:4
20260927_061256_1157439,1,40.183961,2.30436815491276,-1.8026604928374659,2.189145884481172,0.31554024536271824,2.406278765615185,-0.08393393394225467,0,DYNAMIC:4
20260927_061256_1157439,1,40.220349,2.305285,-1.802549,2.189873,0.315506,2.405516138752354,-0.08320732627951426,0,DYNAMIC:4
20260927_061256_1157439,1,40.250687,2.3825908326467378,-1.7926531821837,2.2506032144151855,0.3126453436377419,2.341776541895868,-0.009940195382676917,0,DYNAMIC:4
20260927_061256_1157439,1,40.283916,2.4561668397953,-1.7828317486453948,2.281661920650209,0.3111825816977725,2.2819500338440735,0.05297982545335857,1,
20260927_061256_1157439,1,40.318211,2.457011,-1.782719,2.282014,0.311166,2.281267505242691,0.053427254165015994,1,
20260927_061256_1157439,1,40.350692,2.5274176959073387,-1.7729775222454363,2.3119061042524462,0.30975855745713743,2.224830363179036,0.11337252229330254,1,
20260927_061256_1157439,1,40.385221,2.609426332966599,-1.7612593178527982,2.373140830563446,0.30687344959175356,2.1601285289353456,0.18986677897576015,1,
20260927_061256_1157439,1,40.417767,2.6754891119477966,-1.7515529733849593,2.373872,0.306839,2.1088591890754795,0.23815913378138603,1,
20260927_061256_1157439,1,40.450817,2.676836,-1.751355,2.4338773489685073,0.30401341665649406,2.1078209048294223,0.25485823823082615,1,
20260927_061256_1157439,1,40.48395,2.7597683286141206,-1.738859837443777,2.464883246264376,0.30255243336251403,2.0446155828670403,0.32333888403331495,1,
20260927_061256_1157439,1,40.520683,2.846108961462155,-1.7255302187797255,2.465232,0.302536,1.9802313578733592,0.3844862153389636,1,
20260927_061256_1157439,1,40.552508,2.853856061586803,-1.7243216770149254,2.4956613803613514,0.30110304295365276,1.9745268893439647,0.39804067758036926,1,
20260927_061256_1157439,1,40.584372,2.925965665845222,-1.712931771500763,2.555691275977173,0.2982754634245247,1.9220560995919964,0.46578360307872696,1,
20260927_061256_1157439,1,40.617247,3.0120757670964915,-1.699075145205648,2.55689,0.298219,1.8609070989309193,0.5245234824365332,1,
20260927_061256_1157439,1,40.653668,3.0740460820719107,-1.6889393881294665,2.616800990950352,0.29539744166644005,1.8179793027575026,0.584207898438255,1,
20260927_061256_1157439,1,40.684353,3.075497,-1.688702,2.618233,0.29533,1.8169845610083037,0.5844560559318506,1,
20260927_061256_1157439,1,40.71838,3.149795858856957,-1.6763758546835128,2.648066734059824,0.2939240536169717,1.7668074390935666,0.641981300474261,1,
20260927_061256_1157439,1,40.750443,3.225735852381554,-1.663611442252807,2.6789988079216074,0.2924672571192999,1.7170200395183486,0.6998805384380925,1,
20260927_061256_1157439,1,42.984462,5.902686093473846,-0.9933830429222246,4.680805,0.712322,1.1192160466203669,2.5753358192962352,1,
20260927_061256_1157439,1,43.01762,5.936991229469083,-0.9573272541260645,4.70969696480414,0.7192106458540475,1.074275443748126,2.536836149017889,1,
20260927_061256_1157439,1,43.05036,5.94064152288382,-0.9531822796571254,4.769100101637838,0.7333726052349607,1.0694024624338652,2.533597729222052,1,
20260927_061256_1157439,1,43.084187,5.969025615061646,-0.9184748057419962,4.799293378374381,0.7405711676473193,1.0308253599731654,2.501374237714929,1,
20260927_061256_1157439,1,43.119305,6.000894883891923,-0.8748918101915263,4.829028704514359,0.7476595542920644,0.9864563347960086,2.4647333384889993,1,
20260927_061256_1157439,1,43.150288,6.00123,-0.874433,4.859016703841591,0.7548090477871573,0.9859929760493534,2.4652147464867156,1,
20260927_061256_1157439,1,43.184344,6.034574800835291,-0.8233913898604951,4.859545,0.754935,0.938676379143588,2.4264669138662365,1,
20260927_061256_1157439,1,43.217363,6.063044853229382,-0.7757604785529449,4.888747636755821,0.7618968975409828,0.8980210252654638,2.3934785728437937,1,
20260927_061256_1157439,1,43.250734,6.063389,-0.775183,4.948044180246616,0.7760341242050572,0.8975353241784024,2.39386664210601,1,
20260927_061256_1157439,1,43.283634,6.094610137247122,-0.7188302451713338,4.948979,0.776257,0.8531988165796304,2.357719873528711,1,
20260927_061256_1157439,1,43.318776,6.119265795755741,-0.6719105284975606,5.007325260024295,0.7901665928678389,0.818850934303306,2.3296932637190144,1,
20260927_061256_1157439,1,43.351047,6.119715,-0.671055,5.03758268053224,0.7973796821488531,0.8182363849292787,2.3297621547433334,1,
20260927_061256_1157439,1,43.383958,6.147435569225152,-0.616405680843297,5.038079,0.797498,0.7808337031448177,2.298545183691594,1,
20260927_061256_1157439,1,43.417096,6.175436764321973,-0.5600397208121823,5.0676912987672225,0.8045583625815809,0.7448108860856287,2.2677425987526796,1,
20260927_061256_1157439,1,43.451296,6.209386269007904,-0.49114496646180344,5.097140443020195,0.8115786182616336,0.7040399542757748,2.231504956229654,1,
20260927_061256_1157439,1,43.484331,6.20981,-0.490285,5.156196491953048,0.8256581967570179,0.7035531374130265,2.231260869113342,1,
20260927_061256_1157439,1,43.518338,6.2360791759882845,-0.4371629103953187,5.157001,0.82585,0.6745039465690396,2.2040847042930753,1,
20260927_061256_1157439,1,43.553202,6.265705813944128,-0.37790725209794856,5.215865481951942,0.8398842554316573,0.6445055900567361,2.174393570621765,1,
20260927_061256_1157439,1,43.583634,6.298340064045725,-0.31385896649915046,5.246524645580851,0.8471936064636924,0.6149627947525834,2.1429280571309555,1,
20260927_061256_1157439,1,43.617386,6.298918,-0.312725,5.247059,0.847321,0.614473999854599,2.1421538666972264,1,
20260927_061256_1157439,1,43.650352,6.333928805160111,-0.2458702259219997,5.276237301775683,0.854277187646076,0.5869533388062954,2.109639317930987,1,
20260927_061256_1157439,1,43.684422,6.369237030757487,-0.18064303243037722,5.306163360872242,0.8614116322894952,0.5634152489846055,2.0782029353870834,1,
20260927_061256_1157439,1,43.720334,6.4000526242928455,-0.12565173128119733,5.364598856239602,0.8753432312811982,0.5462005594397855,2.0516537803926527,1,
20260927_061256_1157439,1,43.750451,6.407919541123369,-0.11189346339017202,5.365571,0.875575,0.5422890437884652,2.044535412954401,1,
20260927_061256_1157439,1,43.783694,6.442174066368894,-0.05346787166881849,5.424226036661767,0.8895579321022804,0.5274141277461392,2.0162736593478456,1,
20260927_061256_1157439,1,43.817889,6.477286094997654,0.004113084664163769,5.425124,0.889772,0.5156787469191114,1.988286740195794,1,
20260927_061256_1157439,1,43.851039,6.51792847261639,0.06788528953565923,5.454624397922832,0.8968051877905927,0.5061937239916742,1.9572401350341337,1,
20260927_061256_1157439,1,43.884202,6.518351,0.068548,5.4841526158105856,0.9038449820701633,0.5061240807622857,1.9557066894637014,1,
20260927_061256_1157439,1,43.924179,6.5580986536223165,0.12788590738511085,5.543982301424846,0.9181091300421437,0.5007113643882043,1.9259319609913446,1,
20260927_061256_1157439,1,43.951335,6.600542807486626,0.18773686096256012,5.544699,0.91828,0.4984367645499764,1.89570993759256,1,
20260927_061256_1157439,1,43.98413,6.644944004284699,0.24591449678648467,5.602039595096411,0.9319498083789587,0.4989188934959912,1.864611641217606,0,
20260927_061256_1157439,1,44.019337,6.64663,0.248121,5.63344503911233,0.9394375219442588,0.4990401317792073,1.8617259324103543,0,
20260927_061256_1157439,1,44.051205,6.696405592396387,0.30729060205671827,5.63377,0.939515,0.5018541705566953,1.8273633798619906,0,
20260927_061256_1157439,1,44.08424,6.740966478644175,0.35504867396261286,5.66168214409485,0.9506175414196698,0.5054728076997393,1.796400177675823,0,
20260927_061256_1157439,1,44.119516,6.792348475936425,0.40420252720839683,5.689595290054471,0.9629587425731443,0.5101412355295226,1.7605951533542104,1,
20260927_061256_1157439,1,44.150902,6.793512,0.405314,5.74313825669512,0.9866652281768848,0.5103028240380404,1.7578890869498716,1,
20260927_061256_1157439,1,44.184082,6.839612246712678,0.4444932492738183,5.74597,0.987919,0.5147042462266648,1.7252259668730596,1,
20260927_061256_1157439,1,44.217186,6.891732074011362,0.48401386358688636,5.801295784859106,1.0124141898657608,0.5198288754167616,1.6881655125414612,1,
20260927_061256_1157439,1,44.252297,6.948110257582228,0.5217362191371201,5.802052,1.012749,0.5255083711242051,1.647608319250638,1,
20260927_061256_1157439,1,44.284029,6.948833,0.522219,5.830147093833776,1.0251878006308133,0.5256091086167601,1.6449283674297777,1,
20260927_061256_1157439,1,44.318891,7.007385702216501,0.5564541140283134,5.857594586414986,1.037340949292149,0.5316597481793447,1.60225793041447,1,
20260927_061256_1157439,1,44.350613,7.076567802933305,0.5913550805551242,5.913277216716617,1.0619947307995632,0.5391570758111078,1.55183079918216,1,
20260927_061256_1157439,1,44.383773,7.077682,0.591916,5.914179,1.062394,0.5393230980875242,1.5486716373073324,1,
20260927_061256_1157439,1,44.417464,7.129878498136428,0.6146399339762183,5.96975966236763,1.0870020743063373,0.5453031230233519,1.5093887517649438,1,
20260927_061256_1157439,1,44.450816,7.190006611345966,0.6375367170012121,5.970611,1.087379,0.5527226345336861,1.4640895997139034,1,
20260927_061256_1157439,1,44.484156,7.255767505507205,0.65917493680399,5.998053584433759,1.099529106797297,0.5618320106252949,1.4144011073467186,1,
20260927_061256_1157439,1,44.518353,7.256778,0.659506,6.02584646789903,1.1118351118488394,0.5620048438883102,1.4111927635867614,1,
20260927_061256_1157439,1,44.554894,7.3245370146966255,0.6785650413530749,6.081623270724431,1.136530203727524,0.5727814784119615,1.3595459826255243,1,
20260927_061256_1157439,1,44.584589,7.381967939397009,0.6926466247599814,6.082393,1.136871,0.583308320755444,1.3158339761901328,1,
20260927_061256_1157439,1,62.784251,23.798723938271603,0.650640111111111,22.303507938271604,2.1287765308641977,0.6942095083364698,1.668311904428984,1,
20260927_061256_1157439,1,62.818168,23.83925203642638,0.6547522415644174,22.363152845475465,2.1407488508435586,0.6598854291741097,1.6633709346957615,1,
20260927_061256_1157439,1,62.85025,23.839733,0.654801,22.363866,2.140892,0.6594738830582897,1.6679056459573494,1,
20260927_061256_1157439,1,62.883611,23.879400742513365,0.6585771918012723,22.423084448631062,2.152779026304005,0.6253217311052469,1.6638733657796065,1,
20260927_061256_1157439,1,62.917085,23.91941644982854,0.6621565434024155,22.423991,2.152961,0.599620972060163,1.6604574118650566,1,
20260927_061256_1157439,1,62.95046,23.959543894303795,0.6655374527426159,22.453909683333332,2.158966095147679,0.5698944629623611,1.6577067054823125,1,
20260927_061256_1157439,1,62.984179,23.95999,0.665575,22.482823159359775,2.164769917884482,0.564955131401525,1.6629061826596494,1,
20260927_061256_1157439,1,63.017005,24.003536404225486,0.6690318161166682,22.543291598018136,2.176907369355894,0.5277089542280563,1.6603095420070824,1,
20260927_061256_1157439,1,63.050434,24.051704385250076,0.6726468292128791,22.544052,2.17706,0.4985789046492844,1.6579725431226426,1,
20260927_061256_1157439,1,63.084627,24.05232,0.672693,22.603168446474044,2.188926187465236,0.4869715684347398,1.6635039064897488,1,
20260927_061256_1157439,1,63.11809,24.08564397827908,0.6750856327951242,22.632737788394326,2.1948608067069117,0.4612918351797895,1.664318386151127,1,
20260927_061256_1157439,1,63.150384,24.130036508614886,0.6781796807199925,22.634094,2.195133,0.4352019011432176,1.6642075221229222,1,
20260927_061256_1157439,1,63.18404,24.164772261827036,0.6805573765062033,22.663619723867754,2.2010602363032006,0.40910715722493396,1.666259310970015,1,
20260927_061256_1157439,1,63.217841,24.173794844435875,0.6811733678372286,22.72370855223039,2.2131208270850626,0.3905831613755891,1.6712409617636952,1,
20260927_061256_1157439,1,63.250413,24.211417407069877,0.6837721148853911,22.724387,2.213257,0.3692598906193293,1.6738069992094033,1,
20260927_061256_1157439,1,63.283844,24.211879,0.683804,22.78336600182466,2.2250960815410865,0.35488229641547964,1.6796612193776077,1,
20260927_061256_1157439,1,63.319846,24.250215488139162,0.6865621486557719,22.813699389035314,2.2311850110701097,0.3259515593397394,1.6837379911194479,1,
20260927_061256_1157439,1,63.350296,24.29309971634158,0.6898850824127191,22.814063,2.231258,0.30228812922753834,1.6877057500332555,1,
20260927_061256_1157439,1,63.384238,24.336317388807075,0.6935864786450667,22.84403597349043,2.2372740736377033,0.2709874946591393,1.693608940069813,1,
20260927_061256_1157439,1,63.417138,24.341229910857212,0.6940299900409361,22.873734467403928,2.243235473086089,0.2603909576625564,1.6996344685678764,1,
20260927_061256_1157439,1,63.450672,24.375503342387415,0.6973158322611386,22.93375170169168,2.2552822520848217,0.22515508798454087,1.706671867379536,1,
20260927_061256_1157439,1,63.484009,24.41457045148604,0.7014555609726809,22.934428,2.255418,0.20400525337564823,1.714929645778023,1,
20260927_061256_1157439,1,63.51814,24.41498,0.701499,22.993952148832864,2.2673661121511746,0.1862692620884281,1.721226203209987,1,
20260927_061256_1157439,1,63.550405,24.458148141900068,0.7066564876399615,23.023893386743588,2.27337602512329,0.15410875806255409,1.7310103720847245,1,
20260927_061256_1157439,1,63.583836,24.50223845976942,0.7126403591555612,23.024242,2.273446,0.13057524345705263,1.742746100949809,1,
20260927_061256_1157439,1,63.617373,24.53767128521419,0.718027375103833,23.053877200397533,2.27939371923579,0.10254028894949486,1.754662668795073,1,
20260927_061256_1157439,1,63.650789,24.538214,0.71811,23.11378487817122,2.2914188924492014,0.08291156773548915,1.7609290994093307,1,
20260927_061256_1157439,1,63.683701,24.58255703240318,0.7256205368107475,23.114448,2.291552,0.059270327833751094,1.7757720331716655,1,
20260927_061256_1157439,1,63.71912,24.628834087689444,0.7343852018427866,23.16937338214276,2.302576729105043,0.016428560278981555,1.7933359342207222,1,
20260927_061256_1157439,1,63.752856,24.632931,0.735162,23.20411653066693,2.3095508345277302,0.002264284986061474,1.8005661276219163,1,
20260927_061256_1157439,1,63.784004,24.668993306018788,0.7426542151300243,23.204486,2.309625,-0.016780229666295096,1.8162654695921037,0,STATIC:13
20260927_061256_1157439,1,63.817438,24.710827802758914,0.7520054559716305,23.234340537867407,2.315618056470518,-0.049190733516950566,1.8353256983535011,0,STATIC:13
20260927_061256_1157439,1,63.850511,24.75754794490949,0.7632754921277687,23.29409752165241,2.3276123938835327,-0.0951226740818613,1.8575031914023403,0,STATIC:13
20260927_061256_1157439,1,63.883633,24.758101,0.763409,23.294808,2.327755,-0.09566915629346694,1.8636919870117052,0,STATIC:13
20260927_061256_1157439,1,63.917068,24.800190063704594,0.7742894486340436,23.3539781024317,2.339632130951666,-0.1395837390494667,1.8857587861842429,0,STATIC:13
20260927_061256_1157439,1,63.950861,24.84299328365555,0.7860099799893913,23.35465,2.339767,-0.161856653778077,1.9094894399318185,0,STATIC:13
20260927_061256_1157439,1,63.98421,24.843643,0.786188,23.382737121717568,2.3454040378676884,-0.17291826388015474,1.9156750608104456,0,STATIC:13
20260927_061256_1157439,1,64.017302,24.88645553025489,0.7985408431156389,23.414164907516703,2.3517126973214872,-0.20697031497363289,1.9405198710524196,0,STATIC:13
20260927_061256_1157439,1,64.050489,24.930263412234442,0.811758723218322,23.474553910200395,2.3638340540907037,-0.2531042746070033,1.967040302186506,0,STATIC:13
20260927_061256_1157439,1,64.08391,24.974392387403554,0.825604166606855,23.475286,2.363981,-0.27550022171356325,1.9949071864565902,0,STATIC:13
20260927_061256_1157439,1,64.117824,24.974943,0.825777,23.533851646074876,2.3757366217954394,-0.29968647091616984,2.0009693993182536,0,STATIC:13
20260927_061256_1157439,1,64.150606,25.018810396707533,0.8400105754495905,23.534551,2.375877,-0.32163844061447516,2.0295927705487866,0,STATIC:13
20260927_061256_1157439,1,64.184264,25.06574547529467,0.8556758300095213,23.565041923086074,2.3819977002619344,-0.3572332328776035,2.061035935915669,0,STATIC:13
20260927_061256_1157439,1,64.217033,25.11104266049157,0.8711707936537071,23.59462823502079,2.3879364101858656,-0.3914806111969564,2.0923839607485197,0,STATIC:13
20260927_061256_1157439,1,64.250955,25.122479775178324,0.875133717497872,23.653912315877538,2.3998362172777177,-0.42238325502654556,2.1045769397115484,0,STATIC:13
20260927_061256_1157439,1,64.28431,25.166617154621846,0.8906143781512595,23.654803,2.400015,-0.44352950209290504,2.136312182261192,0,STATIC:13
20260927_061256_1157439,1,64.320114,25.213759530635134,0.9074146482426175,23.71422211912104,2.4119421990582457,-0.49146865966383435,2.1710193076778257,0,STATIC:13
20260927_061256_1157439,1,64.350501,25.214215,0.907577,23.744596213250517,2.4180387672286305,-0.5053337741717353,2.175990011541791,0,STATIC:13
20260927_061256_1157439,1,64.38422,25.258956755216527,0.9237315189813301,23.744981,2.418116,-0.4942780945836998,2.2094853527167793,0,STATIC:13
20260927_061256_1157439,1,64.417047,25.304422527166963,0.9402996892550419,23.774539872845224,2.4240489353718715,-0.46071571700407254,2.2439043846097277,0,STATIC:13
20260927_061256_1157439,1,64.451164,25.304931,0.940485,23.80389209507436,2.4299407012808394,-0.44700769929432504,2.249224093871259,0,STATIC:13
20260927_061256_1157439,1,64.484148,25.35216091838889,0.9578161375907688,23.80488,2.430139,-0.42611935813524376,2.285293554067323,0,STATIC:13
20260927_061256_1157439,1,64.518296,25.398161216486105,0.9747770190629632,23.864322963250387,2.4420710862957584,-0.3789411332144131,2.321213620163041,0,STATIC:13
20260927_061256_1157439,1,64.55034,25.449504791804614,0.9937660787057297,23.924432046848654,2.4541357187831854,-0.32911565903451134,2.36100295387744,0,STATIC:13
20260927_061256_1157439,1,64.584061,25.450094,0.993984,23.925121,2.454274,-0.3285441046826063,2.3659269224595256,0,STATIC:13
20260927_061256_1157439,1,64.617596,25.491760103205824,1.0094129595995736,23.95516494267668,2.4603051407460383,-0.29731699133428974,2.399493439601504,0,STATIC:13
20260927_061256_1157439,1,64.650507,25.54445448365935,1.0289127074778335,23.98468331044224,2.4662304121309697,-0.26242610621960016,2.441125719032037,0,STATIC:13
20260927_061256_1157439,1,64.683918,25.592252844516317,1.0465583963891176,24.014741022635416,2.4722633680948545,-0.22961440651210563,2.4796985976796933,0,STATIC:13
20260927_061256_1157439,1,64.717982,25.603231639700944,1.0506036041003477,24.015073,2.47233,-0.22543345811668414,2.4917692124448703,0,STATIC:13
20260927_061256_1157439,1,64.75087,25.64231801654385,1.0649702214611223,24.075016618788435,2.484362438518704,-0.18103100424744484,2.5241430242696588,0,STATIC:13
20260927_061256_1157439,1,64.783707,25.694262201318228,1.083972809980865,24.13434127509644,2.4962696819244905,-0.1322732117288022,2.566157923196542,0,STATIC:13
20260927_061256_1157439,1,64.816939,25.694968,1.084231,24.1651950600777,2.502462733760956,-0.11568889975716055,2.5703412492903768,0,STATIC:13
20260927_061256_1157439,1,64.850486,25.74735120952071,1.1032742656555492,24.16558,2.50254,-0.09821549616838081,2.612927110078049,0,STATIC:13
20260927_061256_1157439,1,64.884177,25.790678232888197,1.1189336099766456,24.195147704652975,2.5084753182825317,-0.06866994344311377,2.648953712996091,0,STATIC:13
20260927_061256_1157439,1,64.91779,25.83856954637556,1.1361429816038129,24.25437051574487,2.5203626863169104,-0.021907148922420502,2.688571420957274,0,STATIC:13
20260927_061256_1157439,1,64.950332,25.839257,1.13639,24.255224,2.520534,-0.021233267967114375,2.6922007147178713,0,STATIC:13
20260927_061256_1157439,1,64.983726,25.886123054178334,1.153128710744289,24.313691719027265,2.5322699794252026,0.024898738371424103,2.7310607303128824,1,
20260927_061256_1157439,1,65.01712,25.940023712195142,1.172261832692023,24.345329066747475,2.538620071867901,0.05763975927015165,2.7755097241121076,1,
20260927_061256_1157439,1,65.050557,25.940861,1.172559,24.345807,2.538716,0.05813599567959184,2.7789735016244466,1,
20260927_061256_1157439,1,65.084193,25.982986354473177,1.1874175999050753,24.375314979354524,2.5446393074276212,0.08603430931391177,2.7483920136659243,1,
20260927_061256_1157439,1,65.123846,26.031032290029064,1.2042597300644502,24.405151175660304,2.550628638291419,0.11523021060698714,2.693023678966088,1,
20260927_061256_1157439,1,65.15033,26.07828998964896,1.2207098908640854,24.405417,2.550682,0.12653545118823284,2.6401593242646975,1,
20260927_061256_1157439,1,65.184047,26.079247,1.221043,24.464624644167596,2.562565561357084,0.1614931090993873,2.6352723462220817,1,
20260927_061256_1157439,1,65.217266,26.126366191332686,1.2373177337035237,24.525426696191452,2.57477084575688,0.20842400972764075,2.5819801551497994,1,
20260927_061256_1157439,1,65.250499,26.17868180996476,1.2552299301630951,24.555533645677766,2.5808133464962073,0.23754982207686592,2.5233964085891483,1,
20260927_061256_1157439,1,65.283778,26.22644517959592,1.2714308714142921,24.55608,2.580923,0.247025265420452,2.469766472160943,1,
20260927_061256_1157439,1,65.318003,26.237302251174192,1.2750929448933759,24.58542033912892,2.5868128123924286,0.2670869410320168,2.4548219571980336,1,
20260927_061256_1157439,1,65.35041,26.277697303330246,1.28864134397163,24.615457468300953,2.5928416158495216,0.29287560665753354,2.409306275707195,1,
20260927_061256_1157439,1,65.38376,26.325592715846994,1.3045498989071036,24.675381409445745,2.6048701838407493,0.33856287902493143,2.3560666428415784,1,
20260927_061256_1157439,1,65.416931,26.326135,1.30473,24.676063,2.605007,0.3390830297357732,2.352360880511373,1,
20260927_061256_1157439,1,65.451042,26.371132282982636,1.3194886756780035,24.733856291669067,2.6166070387019116,0.3831014222248128,2.3024522312734366,1,
20260927_061256_1157439,2,73.122828,30.15946,0.859833,31.433369,0.950839,0.8677986764021751,0.2665915152988363,1,
20260927_061256_1157439,2,73.151191,30.19390062035823,0.8226937474151771,31.460741260958205,0.9384027623416349,0.8452926073277193,0.26713397903045377,1,
20260927_061256_1157439,2,73.18414,30.235790283328257,0.7799994891191683,31.516424203809816,0.9131030417860392,0.8089529108358146,0.2773608569447841,1,
20260927_061256_1157439,2,73.217424,30.236328,0.779452,31.517144,0.912776,0.8084759711159132,0.25217237465229514,1,
20260927_061256_1157439,2,73.250459,30.267214778736943,0.7497490695138536,31.572457777828266,0.8876444234438859,0.7769075064298941,0.25798700514925876,1,
20260927_061256_1157439,2,73.284222,30.30321573952193,0.7169561280471559,31.600341506649684,0.8749757947928087,0.7520020126154482,0.25414505420235545,1,
20260927_061256_1157439,2,73.318552,30.337508155127097,0.6875661997455182,31.600658,0.874832,0.7358858899459516,0.23780094461281698,1,
20260927_061256_1157439,2,73.350454,30.339713,0.685678,31.628663763100146,0.8621071337611382,0.7264284534482356,0.2242959845918891,1,
20260927_061256_1157439,2,73.383962,30.377531853734443,0.6553677414048573,31.683274796235928,0.8372946227030205,0.692769475239983,0.23056673122873012,1,
20260927_061256_1157439,2,73.417191,30.416147330425293,0.6265389405670699,31.712139050708828,0.8241804522597859,0.6663772431222558,0.22676806114023335,1,
20260927_061256_1157439,2,73.450723,30.41661,0.626194,31.739937259374067,0.8115506292697471,0.6589087720708019,0.21048466217660433,1,
20260927_061256_1157439,2,73.483491,30.459427835440724,0.596801325636793,31.76773308008063,0.7989213564229415,0.6314909513293224,0.20713649212684254,1,
20260927_061256_1157439,2,73.518363,30.50326953532118,0.5694392709625852,31.768064,0.798771,0.6102510548071259,0.19077086475151273,1,
20260927_061256_1157439,2,73.550531,30.543418000312133,0.5468047751732298,31.79550501657407,0.7863024837692729,0.5848940147790361,0.18564265600649144,1,
20260927_061256_1157439,2,73.583881,30.543876,0.546547,31.823621473871984,0.7735284429320937,0.5788318210168123,0.1691694571271135,1,
20260927_061256_1157439,2,73.61732,30.58360332591975,0.5264703958917145,31.879109431727397,0.7483180948065071,0.5497488501952389,0.1727424774371623,1,
20260927_061256_1157439,2,73.650304,30.624258286830432,0.5081475793761748,31.879902,0.747958,0.5316396618911837,0.15527256339185508,1,
20260927_061256_1157439,2,73.683943,30.664980376973432,0.49184923296110844,31.934470040046207,0.7231650011551782,0.5053301602131938,0.15698584463592524,1,
20260927_061256_1157439,2,73.722014,30.665594,0.491604,31.96260131558258,0.7103831423554668,0.5007222319265295,0.1353936384988268,1,
20260927_061256_1157439,2,73.750615,30.70542115594939,0.4773454064691206,31.963033,0.710187,0.48460539370155026,0.1202065014995873,1,
20260927_061256_1157439,2,73.784173,30.745439123253806,0.46428882396568616,31.990869684002025,0.6975392633068234,0.4649782122120159,0.11043087774069506,1,
20260927_061256_1157439,2,73.81697,30.787687478969122,0.4515811804035976,32.0459962890834,0.6724930595672246,0.44237947836298935,0.11079665259188394,1,
20260927_061256_1157439,2,73.850547,30.788327,0.451389,32.046835,0.672112,0.44204332152740206,0.08283677957034298,1,
20260927_061256_1157439,2,73.883765,30.83066357731342,0.43953974999251455,32.10157108687843,0.6472422332125833,0.4210114976455475,0.08163805665010933,1,
20260927_061256_1157439,2,73.91809,30.874625793066095,0.4279640888407352,32.10254,0.646802,0.4044149083180868,0.0617862268360332,1,
20260927_061256_1157439,2,73.95043,30.875147,0.427827,32.130163849543266,0.6342522667285995,0.4024198436859321,0.04346889465081834,1,
20260927_061256_1157439,2,73.983669,30.918188381908376,0.41708800826641124,32.15756422363605,0.621802478743501,0.3849037037466736,0.032518679222891325,1,
20260927_061256_1157439,2,74.0175,30.96891419652866,0.40492715862110434,32.21367366564215,0.5963097574880953,0.3640362815267687,0.030913032149617006,1,
20260927_061256_1157439,2,74.050348,31.01953564137451,0.3927889214569236,32.214263,0.596042,0.3444140695088037,0.013763093205217306,1,
20260927_061256_1157439,2,74.084174,31.020311,0.392603,32.26924253991043,0.5710613640732031,0.3438900144223289,0.0009355751729918232,1,
20260927_061256_1157439,2,74.117866,31.061693247352345,0.3817832336467991,32.269886,0.570769,0.3275724239682518,-0.018197136483684193,0,DYNAMIC:10
20260927_061256_1157439,2,74.150318,31.110869035293746,0.366564899112265,32.29781301698415,0.5580811871339647,0.30804161639563954,-0.0255552409991998,0,DYNAMIC:10
20260927_061256_1157439,2,74.184371,31.163161667644644,0.34655804835113224,32.32569581704025,0.5454121124281186,0.2865643229113767,-0.031069464714172393,0,DYNAMIC:10
20260927_061256_1157439,2,74.217363,31.169752538433606,0.34377234656821176,32.38085313170319,0.5203520451519156,0.2838322556953101,-0.04284190737650646,0,DYNAMIC:10
20260927_061256_1157439,2,74.250582,31.218779569130945,0.3210113283645216,32.381661,0.519985,0.2632486703600878,-0.05297422541043269,0,DYNAMIC:10
20260927_061256_1157439,2,74.283691,31.283232767835553,0.2871924686819817,32.43644492249093,0.49509310459492045,0.23742160187530437,-0.04088925407372944,0,DYNAMIC:10
20260927_061256_1157439,2,74.318178,31.283959,0.286811,32.464935798105344,0.4821485692971752,0.23716549933866715,-0.06340937390568731,0,DYNAMIC:10
20260927_061256_1157439,2,74.350593,31.34914750409165,0.2497267839607214,32.465265,0.481999,0.21484091392257576,-0.06064052516852904,0,DYNAMIC:10
20260927_061256_1157439,2,74.384041,31.401952345019986,0.2185512011099887,32.49255248869129,0.46960080002387256,0.2009863892974877,-0.056462686142897886,0,DYNAMIC:10
20260927_061256_1157439,2,74.41707,31.46073181946129,0.18311907910701591,32.52089221572434,0.4567246568793993,0.19091325823229666,-0.04693275428204578,0,DYNAMIC:10
20260927_061256_1157439,2,74.450331,31.461402,0.182715,32.57581608183019,0.4317708818840921,0.1908362410927389,-0.06389699658285423,0,DYNAMIC:10
20260927_061256_1157439,2,74.483745,31.518655234553837,0.14759592077665581,32.576628,0.431402,0.18696087537376627,-0.06018995693847391,0,DYNAMIC:10
20260927_061256_1157439,2,74.520091,31.582289331829173,0.10792107913274074,32.63160639288465,0.4064220575886036,0.1897172359727688,-0.04209157489434377,0,DYNAMIC:10
20260927_061256_1157439,2,74.55081,31.630259861780385,0.07764196348360083,32.632291,0.406111,0.19678877978540077,-0.03815968400623622,0,DYNAMIC:10
20260927_061256_1157439,2,74.583781,31.630754,0.07733,32.660057771489114,0.39349513105326556,0.19688489686511157,-0.062069516196677735,0,DYNAMIC:10
20260927_061256_1157439,2,74.617418,31.690270843913147,0.039506395704794986,32.68780781721642,0.3808867382534414,0.21166729130552997,-0.04666907011755096,0,DYNAMIC:10
20260927_061256_1157439,2,74.650628,31.751371486155875,0.0006552802265752666,32.74304560905063,0.3557903839595122,0.23351221660057586,-0.02334963727984425,0,DYNAMIC:10
20260927_061256_1157439,2,74.683742,31.752185,0.000138,32.743786,0.355454,0.2338462833603464,-0.05267941202090802,0,DYNAMIC:10
20260927_061256_1157439,2,74.720829,31.803821097382308,-0.032526690294084476,32.798884198858126,0.33041996315846284,0.25732624727124376,-0.039295413862174736,0,DYNAMIC:10
20260927_061256_1157439,2,74.750872,31.85320973521885,-0.06352242184851695,32.827324224999174,0.3174979042507225,0.2836653296043773,-0.024723546963145313,0,DYNAMIC:10
20260927_061256_1157439,2,74.78383,31.854017,-0.064029,32.827784,0.317289,0.2841241773992266,-0.054044749273398876,0,DYNAMIC:10
20260927_061256_1157439,2,74.817043,31.902356744752705,-0.09406208033775187,32.854970557297946,0.30493701785283656,0.3132771945908144,-0.04265269849437321,0,DYNAMIC:10
20260927_061256_1157439,2,74.850293,31.95112390714932,-0.1240053062443423,32.8831999281448,0.2921113183710414,0.34565739453361277,-0.030044321195077675,0,DYNAMIC:10
20260927_061256_1157439,2,74.884226,31.997180864935054,-0.15188219073198916,32.938398927922066,0.26703181490555455,0.3786765602941051,-0.016744016371106327,0,DYNAMIC:10
20260927_061256_1157439,2,74.918277,31.997711,-0.152203,32.939039,0.266741,0.3790684859615697,-0.04733988040742325,0,DYNAMIC:10
20260927_061256_1157439,2,74.950701,32.04534275126668,-0.18051806160405137,32.994226575722934,0.24166697380128702,0.41544708241049266,-0.03164246894465593,0,DYNAMIC:10
20260927_061256_1157439,2,74.983685,32.0891872771802,-0.2060128136687026,33.02009888490815,0.22991154137018266,0.45068659986877063,-0.02224970909873704,0,DYNAMIC:10
20260927_061256_1157439,2,75.017622,32.12992772767843,-0.22922297582983392,33.022915,0.228632,0.4847372976423839,-0.01757063857884951,0,DYNAMIC:10
20260927_061256_1157439,2,75.050342,32.130403,-0.229493,33.050174526365495,0.21624667633350458,0.48514085407946245,-0.045165156322028235,0,DYNAMIC:10
20260927_061256_1157439,2,75.08409,32.16956130045524,-0.2511990394537229,33.07833118709275,0.20345385307506617,0.5189489012050129,-0.03996849169548018,0,DYNAMIC:10
20260927_061256_1157439,2,75.11987,32.207071361554604,-0.2713440216133162,33.133603525485825,0.17834065586466324,0.5522035561986768,-0.037107978550576085,0,DYNAMIC:10
20260927_061256_1157439,2,75.150356,32.24877454999346,-0.2927586690628663,33.134153,0.178091,0.5759136311404758,-0.02798559679025993,0,DYNAMIC:10
20260927_061256_1157439,2,75.183886,32.249422,-0.293091,33.18915120943531,0.1531025546819154,0.5906637671718852,-0.05651637877431835,0,DYNAMIC:10
20260927_061256_1157439,2,75.217212,32.28101496212144,-0.30844160467078485,33.217493222028025,0.14022547244236866,0.6199173972411941,-0.05894289633126128,0,DYNAMIC:10
20260927_061256_1157439,2,75.25067,32.31524687822735,-0.3241076661785802,33.217809,0.140082,0.640448730315118,-0.05955657800367166,0,DYNAMIC:10
20260927_061256_1157439,2,75.284142,32.315639,-0.324287,33.246032203384765,0.12981218119842092,0.6524565612056193,-0.08920503449475402,0,DYNAMIC:10
20260927_061256_1157439,2,75.318749,32.34940480560284,-0.3386534515161112,33.27702750362078,0.12825626340844196,0.6749011252140752,-0.0906889524963417,0,DYNAMIC:10
20260927_061256_1157439,2,75.350403,32.38708176744773,-0.3533828453230581,33.33738664968735,0.12541307692793557,0.7040520755584102,-0.0845741193392698,0,DYNAMIC:10
20260927_061256_1157439,2,75.383933,32.42247597396576,-0.365944691957916,33.338195,0.125375,0.7046319290182644,-0.08065187623959467,0,DYNAMIC:10
20260927_061256_1157439,2,75.417436,32.423044,-0.366146,33.39872298346265,0.12252389397525423,0.7340548934553083,-0.1093189558980696,0,DYNAMIC:10
20260927_061256_1157439,2,75.450478,32.46219403086047,-0.37854647119690454,33.429775436130946,0.12106158057001058,0.7504422488352972,-0.09843373986240726,0,DYNAMIC:10
20260927_061256_1157439,2,75.484152,32.48950785169592,-0.3863982113674102,33.43017,0.121043,0.7520639223806634,-0.09784486806049654,0,DYNAMIC:10
20260927_061256_1157439,2,75.519705,32.489894,-0.386509,33.46028148211666,0.11962428974387895,0.7661796247697917,-0.12436030375617411,0,DYNAMIC:10
20260927_061256_1157439,2,75.550296,32.52137801743353,-0.39538347803701934,33.52059290334985,0.11678342290145934,0.7954054845807822,-0.11297522900465647,0,DYNAMIC:10
20260927_061256_1157439,2,75.584071,32.552710874513764,-0.40533590494996574,33.521536,0.116739,0.7991643037123682,-0.10174785228274287,0,DYNAMIC:10
20260927_061256_1157439,2,75.617333,32.58606262293358,-0.41850116877066657,33.58239548963031,0.11387255876164663,0.8298461657680224,-0.08652777291156823,0,DYNAMIC:10
20260927_061256_1157439,2,75.650769,32.586449,-0.418654,33.583108,0.113839,0.8302027654650953,-0.10298847271742166,0,DYNAMIC:10
20260927_061256_1157439,2,75.683622,32.622448963767006,-0.4364145219385403,33.613173306986695,0.11242297706772675,0.848984753812949,-0.08343679131345184,0,DYNAMIC:10
20260927_061256_1157439,2,75.730274,32.658274169243285,-0.45727572270994643,33.643568436341056,0.11099106535052045,0.8688931719413003,-0.0700065974433705,0,DYNAMIC:10
20260927_061256_1157439,2,75.750705,32.658626,-0.457481,33.703485712870815,0.10816921132476537,0.8936053772462854,-0.07711164998912608,0,DYNAMIC:10
20260927_061256_1157439,2,75.78388,32.70373034121374,-0.48730144747745296,33.705656,0.108067,0.9058432491263745,-0.050809882995147035,0,DYNAMIC:10
20260927_061256_1157439,2,75.817317,32.752205702556765,-0.5222920557892594,33.765711046600444,0.10523818804260225,0.9442622581078565,-0.021031361295895043,0,DYNAMIC:10
20260927_061256_1157439,2,75.850438,32.79280326922496,-0.553029642561921,33.766543,0.105199,0.9548920231494854,0.002357264987885091,1,
20260927_061256_1157439,2,75.884257,32.793395,-0.553478,33.79673643508055,0.10377703891904672,0.9691905122196366,-0.011445929584984124,0,DYNAMIC:10
20260927_061256_1157439,2,75.91971,32.839591900645814,-0.5893087909698506,33.82724050951803,0.10234047003581609,0.9956271347083115,0.01568063834842716,1,
20260927_061256_1157439,2,75.950251,32.8869049712506,-0.6263604010162178,33.88790479583673,0.09948260940829443,1.0375473332806608,0.04710611836460245,1,
20260927_061256_1157439,2,75.983839,32.934250800113205,-0.6634154056035072,33.888597,0.09945,1.0495608421778633,0.0781814264027902,1,
20260927_061256_1157439,2,76.017388,32.937198,-0.665722,33.949321400627944,0.09658982492935637,1.08164011756086,0.06509468940646819,1,
20260927_061256_1157439,2,76.050365,32.989626721561606,-0.7062940914578666,33.98024049902931,0.09513369511011341,1.1117856636435173,0.1016533447983455,1,
20260927_061256_1157439,2,76.083523,33.03224478781836,-0.7385448964923352,33.980595,0.095117,1.1220000495862212,0.12892540646930617,1,
20260927_061256_1157439,2,76.11864,33.03266,-0.738859,34.01051863063368,0.09370708372867956,1.1389089357953304,0.11235286876123375,1,
20260927_061256_1157439,2,76.152102,33.07940899976065,-0.7729735067616116,34.071336535423654,0.09084321867520317,1.1838049339192527,0.14359801268944505,1,
20260927_061256_1157439,2,76.183808,33.12385785207532,-0.8037837388611851,34.072403,0.090793,1.1947045079612926,0.17375126338707947,1,
20260927_061256_1157439,2,76.217109,33.17579511489284,-0.8372183304520034,34.132766740140454,0.08794988780839225,1.2413767132418643,0.21109848949700855,1,
20260927_061256_1157439,2,76.250542,33.17639,-0.837601,34.133465,0.087917,1.2419191534132734,0.19541842288570882,1,
20260927_061256_1157439,2,76.283856,33.22520432646865,-0.8660282423185665,34.16366585030966,0.0864939543923995,1.2699606732411357,0.22946055222667794,1,
20260927_061256_1157439,2,76.317624,33.27569093698857,-0.8920178869752754,34.19446669336209,0.08504343889397648,1.2982917988717892,0.2650476426555608,1,
20260927_061256_1157439,2,76.350669,33.28123778654768,-0.8946680344297387,34.2548268699388,0.082199891042841,1.3362144385837291,0.2552771440214342,1,
20260927_061256_1157439,2,76.384177,33.32567864601715,-0.9140020594873594,34.255801,0.082154,1.3458301166493816,0.2849466008921778,1,
20260927_061256_1157439,3,33.950325,-2.533604,2.457566,-3.5399472778931447,0.42077145412497696,0.7122682822777014,2.0345928292508875,1,
20260927_061256_1157439,3,33.983687,-2.498443380998841,2.464919166563176,-3.510510809781479,0.4267977491646718,0.6843699951519971,2.086478539444329,1,
20260927_061256_1157439,3,34.017175,-2.467360195644931,2.470506960053303,-3.450454388927586,0.439091766286078,0.6569029906633629,2.1515989494548284,1,
20260927_061256_1157439,3,34.051237,-2.467019,2.470568,-3.449784,0.439229,0.6565975315187057,2.193251059305557,1,
20260927_061256_1157439,3,34.08393,-2.435683919117195,2.4752898463043347,-3.3905386585559647,0.45135762529803863,0.6281242656105951,2.2581695018485313,1,
20260927_061256_1157439,3,34.118005,-2.4028172205650584,2.479391756289767,-3.359756047020023,0.45765913189539414,0.6004778477479534,2.3130675417663547,1,
20260927_061256_1157439,3,34.152041,-2.368383086277517,2.4829483478504284,-3.359234,0.457766,0.5743720087456888,2.354813324374909,1,
20260927_061256_1157439,3,34.183859,-2.367891,2.482999,-3.3300754490836995,0.4637348456451909,0.5711680073050026,2.4064031970633764,1,
20260927_061256_1157439,3,34.217624,-2.333044260254223,2.4860527370387806,-3.2708477210321907,0.4758592796739831,0.5386018717697928,2.4739958523497902,1,
20260927_061256_1157439,3,34.250764,-2.297394220510807,2.488882842885674,-3.269706,0.476093,0.5116989833893789,2.514675015689914,1,
20260927_061256_1157439,3,34.284014,-2.259711701363187,2.4918050454094067,-3.2107350993951465,0.48816484535523996,0.4767981100655457,2.5818426328984865,1,
20260927_061256_1157439,3,34.32329,-2.259106,2.491852,-3.1801432008897743,0.4944272314182712,0.47253576162600447,2.6431805438624023,1,
20260927_061256_1157439,3,34.352486,-2.218595172883789,2.4951764500922318,-3.179861,0.494485,0.44275287290265536,2.6780629689637374,1,
20260927_061256_1157439,3,34.383947,-2.174453925063454,2.499273988832487,-3.150125146763961,0.5005726782360403,0.4070233994735183,2.72922556318286,1,
20260927_061256_1157439,3,34.417077,-2.173744,2.49934,-3.1200997870538423,0.506719183061101,0.40245201625773896,2.782276329328547,1,
20260927_061256_1157439,3,34.450421,-2.1377195960966815,2.503229082360006,-3.0601227958865027,0.518996857889206,0.36830968933339736,2.849815495574008,1,
20260927_061256_1157439,3,34.483941,-2.0978168623607187,2.508154749687184,-3.059404,0.519144,0.34050074772232675,2.888495117767145,1,
20260927_061256_1157439,3,34.517835,-2.097289,2.50822,-3.000533441903756,0.5311956099441624,0.33095030780609214,2.9556423941435774,1,
20260927_061256_1157439,3,34.550483,-2.066772118332165,2.512281688013939,-2.9702260547488795,0.5373989990829328,0.305101686771599,3.0070000883730206,1,
20260927_061256_1157439,3,34.583868,-2.0277925210810785,2.5173840854054057,-2.969801,0.537486,0.27867091719259807,3.043727908522227,1,
20260927_061256_1157439,3,34.61726,-1.9866682131652078,2.522056679893627,-2.9398953489407478,0.5436079973107837,0.2458565299360158,3.0946001689089746,1,
20260927_061256_1157439,3,34.650504,-1.9820630688419978,2.5225197578339,-2.8806505174136867,0.5557360619487668,0.23209126846663752,3.159679626923518,1,
20260927_061256_1157439,3,34.683845,-1.945128459162007,2.525589029159314,-2.879879,0.555894,0.20705677800421174,3.194500656363637,1,
20260927_061256_1157439,3,34.71982,-1.9064773978593264,2.5276592927161525,-2.8204159387545165,0.568067090019461,0.16956725679203488,3.2613818885875006,1,
20260927_061256_1157439,3,34.750314,-1.901602125135981,2.52784511452118,-2.819542,0.568246,0.16609938033146532,3.2918678298280133,1,
20260927_061256_1157439,3,34.783583,-1.8624164267042895,2.528588910381702,-2.790574260656466,0.5741754181494139,0.13376552867184588,3.338894404094245,1,
20260927_061256_1157439,3,34.817095,-1.8161195891197757,2.5280071237482336,-2.7603443800258605,0.5803638021231171,0.09612928369213226,3.386036517159414,1,
20260927_061256_1157439,3,34.850531,-1.815428,2.527998,-2.73016132301735,0.5865433239178723,0.08936974033636648,3.432275105088465,1,
20260927_061256_1157439,3,34.883874,-1.773058903337616,2.526103787253115,-2.67024047363074,0.5988096418262767,0.047580911359119474,3.4934778587683573,1,
20260927_061256_1157439,3,34.917683,-1.728469082355737,2.522850371963503,-2.669335,0.598995,0.017005261567277788,3.5226662611852335,1,
20260927_061256_1157439,3,34.950527,-1.6781501795748877,2.51777208538969,-2.6097530334717853,0.6028100188126067,-0.03166888478680545,3.5738657427842604,0,STATIC:6
20260927_061256_1157439,3,34.983979,-1.677616,2.517718,-2.579272319712606,0.6007759436740487,-0.040074006117851765,3.609106771921345,0,STATIC:6
20260927_061256_1157439,3,35.017465,-1.6292663314301217,2.5116090791190864,-2.578626,0.600731,-0.07322317707809876,3.634570583124547,0,STATIC:6
20260927_061256_1157439,3,35.050886,-1.5803674623700643,2.5044576970002974,-2.5483957340065353,0.5986279907929909,-0.114654510728172,3.6675793236874306,0,STATIC:6
20260927_061256_1157439,3,35.084116,-1.579516,2.504333,-2.517714223258914,0.5964933232255915,-0.12356639841785282,3.6995981862924587,0,STATIC:6
20260927_061256_1157439,3,35.118794,-1.5295309047317478,2.4962490639247057,-2.4571717008979914,0.5922813655595207,-0.17434876412292366,3.7407449929665315,0,STATIC:6
20260927_061256_1157439,3,35.150708,-1.4775818558445168,2.4873002387496452,-2.456419,0.592229,-0.2096228007368991,3.7606624788256813,0,STATIC:6
20260927_061256_1157439,3,35.183725,-1.4247206767053686,2.4778298621190125,-2.3957900982402016,0.5880115866291726,-0.26234750921853944,3.7990142145491967,0,STATIC:6
20260927_061256_1157439,3,35.217611,-1.42413,2.477724,-2.3648508940627964,0.5858592969782815,-0.27178248851345077,3.8274742267081168,0,STATIC:6
20260927_061256_1157439,3,35.250996,-1.3662064487030232,2.467105634876571,-2.364516,0.585836,-0.3102514201071824,3.844520789668378,0,STATIC:6
20260927_061256_1157439,3,35.284063,-1.2989196063603683,2.4546264558475426,-2.3340566560660254,0.5837173212356614,-0.36325364997779624,3.8700509281121747,0,STATIC:6
20260927_061256_1157439,3,35.317547,-1.298157,2.454485,-2.30409689578371,0.5816324979752265,-0.3727410690995306,3.8944871461994595,0,STATIC:6
20260927_061256_1157439,3,35.350721,-1.2417801460470215,2.4439758051193614,-2.2430319180357667,0.5773852728510486,-0.42777694039123276,3.9283325077059095,0,STATIC:6
20260927_061256_1157439,3,35.383796,-1.1893610123143792,2.434183680912713,-2.242381,0.57734,-0.4612696040368574,3.940292127031385,0,STATIC:6
20260927_061256_1157439,3,35.417506,-1.1378239503162682,2.4245460236094183,-2.1816980368544425,0.5731180346865433,-0.5072741897699168,3.960906057137893,0,STATIC:6
20260927_061256_1157439,3,35.450561,-1.137257,2.42444,-2.1511505990273943,0.5709928950675082,-0.4970650411445845,3.94040574004409,0,STATIC:6
20260927_061256_1157439,3,35.483862,-1.0887684959579256,2.4153764419534185,-2.150764,0.570966,-0.4669907118662039,3.918484567348889,0,STATIC:6
20260927_061256_1157439,3,35.51797,-1.0260087276905945,2.403671071349104,-2.120655446129523,0.5688716463871647,-0.4190200574387882,3.873911723035606,0,STATIC:6
20260927_061256_1157439,3,35.550445,-0.963030928633045,2.39192671687415,-2.0898812185997717,0.5667308411808204,-0.3713035212876434,3.8285443100956504,0,STATIC:6
20260927_061256_1157439,3,35.583681,-0.962212,2.391774,-2.0295695421287436,0.56253499704677,-0.35022615717393973,3.794921031027088,0,STATIC:6
20260927_061256_1157439,3,35.619311,-0.9001828047393543,2.380006181171394,-2.028894,0.562488,-0.31376837043656053,3.7653607211871387,0,STATIC:6
20260927_061256_1157439,3,35.650561,-0.8442533183265303,2.3689206671230236,-1.968387391906509,0.5582788361245535,-0.26030193456507433,3.709062640906313,0,STATIC:6
20260927_061256_1157439,3,35.684261,-0.843181,2.368708,-1.967211,0.558197,-0.2592709045463542,3.7051252859531507,0,STATIC:6
20260927_061256_1157439,3,35.721344,-0.7883553760412731,2.3570894548288273,-1.9376066954372002,0.5561381167840059,-0.21748288496708218,3.6635652314374854,0,STATIC:6
20260927_061256_1157439,3,35.750555,-0.7317597844866199,2.344111110529398,-1.9064400565218895,0.5539699014569629,-0.17430827518050018,3.620676706014825,0,STATIC:6
20260927_061256_1157439,3,35.784184,-0.6780798466520039,2.3307478776067954,-1.8459992067019109,0.5497646508228857,-0.12182380209456371,3.565492351503961,0,STATIC:6
20260927_061256_1157439,3,35.817681,-0.677262,2.330544,-1.8151727378661018,0.5476205664571104,-0.10961315117258906,3.5482977323859632,0,STATIC:6
20260927_061256_1157439,3,35.85072,-0.6240931677087991,2.316207328862708,-1.7850333713336317,0.5455239982177916,-0.06862108424068834,3.5074176125093386,0,STATIC:6
20260927_061256_1157439,3,35.884526,-0.5703084671132581,2.3005878220944362,-1.7541560253727362,0.5433756685834543,-0.027129978392563023,3.4654083919678627,0,STATIC:6
20260927_061256_1157439,3,35.924328,-0.569391,2.300321,-1.753629,0.543339,-0.02642613321967817,3.462182101540386,0,STATIC:6
20260927_061256_1157439,3,35.951798,-0.5160154053936205,2.283628261684961,-1.7235349937486386,0.5412461290979139,0.0144030192934015,3.4207174999808663,1,
20260927_061256_1157439,3,35.984466,-0.46453474535689976,2.266399758768641,-1.6641438378889295,0.5371139152689853,0.06607242454794617,3.367201765517999,1,
20260927_061256_1157439,3,36.017272,-0.4079706088854747,2.2461956511913916,-1.662176,0.536977,0.09677052501257012,3.33438420646819,1,
20260927_061256_1157439,3,36.050635,-0.36182832015642297,2.2287447025191733,-1.6017690378027676,0.532775188619759,0.14612371317875195,3.283466999020378,1,
20260927_061256_1157439,3,36.084113,-0.3502274235656508,2.224226433103284,-1.5705238819347718,0.5306020606320899,0.16542782371076936,3.2629978632017638,1,
20260927_061256_1157439,3,36.119186,-0.30050759880342315,2.2042694095840605,-1.569876,0.530557,0.19126617055891526,3.233446637868206,1,
20260927_061256_1157439,3,36.150573,-0.299697,2.203944,-1.5403565366994507,0.528502922532278,0.20442034526013475,3.2205249447939517,1,
20260927_061256_1157439,3,36.18377,-0.24954186736993708,2.183016611667117,-1.5096864188982042,0.5263698652060228,0.24316326122687548,3.1790676464588064,1,
20260927_061256_1157439,3,36.217435,-0.19591782290121382,2.1601044081874803,-1.509257,0.52634,0.26977429145477494,3.1457830883640847,1,
20260927_061256_1157439,3,36.250422,-0.14013601728334346,2.136125594784564,-1.4485276584408404,0.5221153415591524,0.3235768872664716,3.090033690192456,1,
20260927_061256_1157439,3,36.284127,-0.139481,2.135844,-1.387917673638681,0.5178985226047284,0.35155968115816283,3.0671423063790852,1,
20260927_061256_1157439,3,36.318689,-0.09124130032612934,2.115312654333459,-1.387134,0.517844,0.37426615442425226,3.038112957347133,1,
20260927_061256_1157439,3,36.350536,-0.043247598790320106,2.0952626169354827,-1.357014845136087,0.5157490890877015,0.40967067018475034,2.9985089483293157,1,
20260927_061256_1157439,3,36.384589,0.006903198813051785,2.0748431008902095,-1.3263870504451067,0.5136182581602375,0.4455373531674967,2.957648739377791,1,
20260927_061256_1157439,3,36.417977,0.007498,2.074601,-1.2656966792768098,0.5093959488632975,0.47499939979457967,2.936602051148549,1,
20260927_061256_1157439,3,69.650905,29.958804223574006,4.36968022489641,28.522444002821114,2.164185843427668,1.4718670502498257,0.5291162732632119,1,
20260927_061256_1157439,3,69.683753,29.964330080529102,4.371769199210018,28.522963,2.163979,1.469177324870828,0.5283710210957967,1,
20260927_061256_1157439,3,69.721334,29.986868285414783,4.380789424658987,28.550734099596617,2.152910000743062,1.4509357928834914,0.509056452865314,1,
20260927_061256_1157439,3,69.750601,29.987187,4.380917,28.57905345017842,2.1416234488059303,1.4422111749433988,0.49638408529854355,1,
20260927_061256_1157439,3,69.784767,30.00865011903168,4.389786536442724,28.635656404783376,2.119064765137189,1.4146503580585026,0.46255641703816025,1,
20260927_061256_1157439,3,69.81725,30.032005687602236,4.3989900439492615,28.636667,2.118662,1.4038595366381743,0.4569532652737725,1,
20260927_061256_1157439,3,69.850462,30.054646294350565,4.406787341051293,28.69310920784087,2.0961665305443944,1.3741898287020755,0.4222091385770677,1,
20260927_061256_1157439,3,69.883907,30.05666513616678,4.4074199421462925,28.721609397957046,2.084807911800724,1.3631251021149193,0.4093904132654106,1,
20260927_061256_1157439,3,69.919724,30.07654588023451,4.412841438442212,28.721973,2.084663,1.3533909775094144,0.40598866281239754,1,
20260927_061256_1157439,3,69.95086,30.09580370433272,4.416750439158545,28.749945483064746,2.0735148900897427,1.3335279882392406,0.38718738722278145,1,
20260927_061256_1157439,3,69.984091,30.096044,4.416799,28.805645626819416,2.0513154423252873,1.3124190024886977,0.3603369459411645,1,
20260927_061256_1157439,3,70.017386,30.114759511798734,4.419148438159948,28.807378,2.050625,1.3019846052465385,0.356626577335282,1,
20260927_061256_1157439,3,70.050998,30.13335189666362,4.419928340600018,28.863051117496095,2.028436076668927,1.2700127886157704,0.32243497480570105,1,
20260927_061256_1157439,3,70.084084,30.152084062005123,4.419008789742965,28.864213,2.027973,1.258924528823993,0.3189604329449529,1,
20260927_061256_1157439,3,70.117815,30.152335,4.418996,28.892388622683885,2.016743870297586,1.2474426441585305,0.30817008793985623,1,
20260927_061256_1157439,3,70.150375,30.172668133259368,4.415907360361193,28.920546217917902,2.0055213662475344,1.2238986738184587,0.2885204805194018,1,
20260927_061256_1157439,3,70.184519,30.19355168147085,4.410604545188397,28.977156916795956,1.9829585481746121,1.1874157374291745,0.25203147712798046,1,
20260927_061256_1157439,3,70.217545,30.193828,4.410534,28.977911,1.982658,1.1869273455587748,0.25769380750098614,1,
20260927_061256_1157439,3,70.250802,30.213128416397296,4.403946982025801,29.034262652720276,1.960200194483892,1.1505626148232828,0.22180130060088044,1,
20260927_061256_1157439,3,70.283903,30.236382141652616,4.394484167911346,29.035041,1.95989,1.1352862546595006,0.2169960948401507,1,
20260927_061256_1157439,3,70.318636,30.236775,4.394324,29.062814348621202,1.9488206831948789,1.1229729705809173,0.20767971819608277,1,
20260927_061256_1157439,3,70.350928,30.259636431715727,4.3839391803090155,29.091320740945683,1.9374586414337707,1.0956148205581258,0.18670107245034756,1,
20260927_061256_1157439,3,70.383927,30.285021166691823,4.371661792827602,29.147710799921516,1.914984640293415,1.0540275699860957,0.14790418821739687,1,
20260927_061256_1157439,3,70.41748,30.313145011021508,4.357414939247311,29.176981356451613,1.9033189293010744,1.022538938555918,0.12445436636104935,1,
20260927_061256_1157439,3,70.450321,30.3135,4.357235,29.205353140419305,1.8920110490004889,1.0094854823832775,0.11507214817750629,1,
20260927_061256_1157439,3,70.483939,30.34744361177975,4.3391466798906375,29.205697,1.891874,0.9870397450897518,0.10696770366915938,1,
20260927_061256_1157439,3,70.517772,30.377440426950354,4.322249495212767,29.23364551152482,1.880735064716313,0.9544903842713511,0.08410301346375566,1,
20260927_061256_1157439,3,70.550388,30.41786573931467,4.297992350405303,29.26226457645542,1.8693294664701534,0.9142388359890706,0.05542311146065505,1,
20260927_061256_1157439,3,70.583899,30.418351,4.297701,29.318686144567526,1.8468420358582383,0.8886638702485626,0.02983976928930389,1,
20260927_061256_1157439,3,70.617019,30.461816473398468,4.269797641693817,29.319316,1.846591,0.8585467416438747,0.01744058781915382,1,
20260927_061256_1157439,3,70.650548,30.504475059074633,4.2409085961791,29.37574627450747,1.8241013466567133,0.8036455633584737,-0.028959998133293793,0,DYNAMIC:10
20260927_061256_1157439,3,70.686174,30.504957,4.240582,29.404320101862474,1.8127126410306706,0.7905734836970985,-0.03598065464900092,0,DYNAMIC:10
20260927_061256_1157439,3,70.719305,30.549627517712732,4.209081244930597,29.404683,1.812568,0.7587591032358095,-0.04819615325431757,0,DYNAMIC:10
20260927_061256_1157439,3,70.750759,30.60259587546929,4.170684495291129,29.43277341056315,1.8013730466115192,0.7080933297813513,-0.08236048051456897,0,DYNAMIC:10
20260927_061256_1157439,3,70.784469,30.65238976342617,4.134056198412927,29.461231517936227,1.7900307320414872,0.6591368277572717,-0.11416655259757615,0,DYNAMIC:10
20260927_061256_1157439,3,70.817407,30.663978011557898,4.125500313394449,29.51757961816588,1.767573123627116,0.6267180386058021,-0.14380589938597327,0,DYNAMIC:10
20260927_061256_1157439,3,70.850681,30.71443599816215,4.0882296114910694,29.518428,1.767235,0.5887697014518082,-0.15814872348272763,0,DYNAMIC:10
20260927_061256_1157439,3,70.883979,30.715065,4.087765,29.574545394695786,1.7448699365174618,0.5647827539680971,-0.18153787155951356,0,DYNAMIC:10
20260927_061256_1157439,3,70.918046,30.765868181892817,4.050341816318749,29.575303,1.744568,0.5265148094191002,-0.19485791840035135,0,DYNAMIC:10
20260927_061256_1157439,3,70.950801,30.81764864922645,4.012340064015112,29.603188895054203,1.7334539352539917,0.4758025674862217,-0.22587985100927493,0,DYNAMIC:10
20260927_061256_1157439,3,70.983668,30.869497882285494,3.9742408127187248,29.631403966966328,1.7222087604682057,0.42460749578150875,-0.2567297002844114,0,DYNAMIC:10
20260927_061256_1157439,3,71.017179,30.870834,3.973259,29.66039371287966,1.710654939617171,0.4120285571067086,-0.2578446717441843,0,DYNAMIC:10
20260927_061256_1157439,3,71.050482,30.922866729418494,3.934576403181183,29.717068344157806,1.688067039088336,0.34920790046039374,-0.20958075997020736,0,DYNAMIC:10
20260927_061256_1157439,3,71.084295,30.97610674008824,3.8940916877387215,29.717776,1.687785,0.30707821251254563,-0.19687466434169684,0,DYNAMIC:10
20260927_061256_1157439,3,71.119769,31.029885370738995,3.8519497585079083,29.774045277243637,1.6653588387797105,0.24222662263552108,-0.14932363826002953,0,DYNAMIC:10
20260927_061256_1157439,3,71.150193,31.03044,3.851515,29.774632,1.665125,0.24155515486520196,-0.16220287068154182,0,DYNAMIC:10
20260927_061256_1157439,3,71.183968,31.090098337341544,3.8031481751706386,29.802741393565153,1.6539222882677975,0.18201642017874708,-0.12949128265166515,0,DYNAMIC:10
20260927_061256_1157439,3,71.217107,31.13931917067859,3.76205907015847,29.831195630700368,1.6425810834643788,0.1302252461744371,-0.10172745061335502,0,DYNAMIC:10
20260927_061256_1157439,3,71.250473,31.195029727158282,3.7143891585731326,29.887593256055165,1.620104369304552,0.06214429672710843,-0.05290707084624295,0,DYNAMIC:10
20260927_061256_1157439,3,71.283776,31.195655,3.713854,29.888229,1.619851,0.06137883558930292,-0.06832267971124,0,DYNAMIC:10
20260927_061256_1157439,3,71.317927,31.251509940617993,3.664983028776984,29.944427155089038,1.5974530412194858,-0.007184185978761123,-0.0204133391218025,0,STATIC:14|DYNAMIC:10
20260927_061256_1157439,3,71.350579,31.310758988370665,3.6121724761324994,29.973001867571842,1.5860643465051165,-0.06928355408944024,0.011519392600795722,0,STATIC:14
20260927_061256_1157439,3,71.3841,31.36246076248763,3.5654217276572737,29.973492,1.585869,-0.11561312317324078,0.020295719906871026,0,STATIC:14
20260927_061256_1157439,3,71.417235,31.363042,3.564896,30.001508347849633,1.5747030499849597,-0.12580920916657978,0.02166499086495373,0,STATIC:14
20260927_061256_1157439,3,71.4506,31.41516193268049,3.517248187105091,30.058109589734364,1.5521448691342539,-0.19228155238964545,0.06712720743807495,0,STATIC:14
20260927_061256_1157439,3,71.483806,31.478983225068728,3.45840728884324,30.059,1.55179,-0.25070985074849134,0.08065196126252312,0,STATIC:14
20260927_061256_1157439,3,71.518457,31.479785,3.457668,30.115086644911255,1.5294362338635288,-0.27040681980156595,0.09952106624557201,0,STATIC:14
20260927_061256_1157439,3,71.550798,31.531678799057303,3.409561521210622,30.143963399900766,1.5179281503349054,-0.3276177825447889,0.1255847906341186,0,STATIC:14
20260927_061256_1157439,3,71.5836,31.589846803927557,3.3555139407818415,30.144295,1.517796,-0.38137642983143955,0.13424434238143212,0,STATIC:14
20260927_061256_1157439,3,71.617432,31.64978176746381,3.2998213237083167,30.172319000472385,1.5066265131384748,-0.44619940845406775,0.1610655045312926,0,STATIC:14
20260927_061256_1157439,3,71.650816,31.650501,3.299153,30.229099019169155,1.4839969755593432,-0.4655073278660604,0.18057238975559964,0,STATIC:14
20260927_061256_1157439,3,71.683711,31.71011803471739,3.243873615436002,30.229799,1.483718,-0.49905477942395016,0.18775425933727324,0,STATIC:14
20260927_061256_1157439,3,71.720421,31.76939870956452,3.1891255017500932,30.28566168367929,1.4614542221408187,-0.4259845169244504,0.22971474223743749,0,STATIC:14
20260927_061256_1157439,3,71.750372,31.837256505171258,3.1268405116856943,30.314632120987238,1.4499075885157824,-0.3540727052170867,0.2596811448760734,0,STATIC:14
20260927_061256_1157439,3,71.784069,31.838193,3.125981,30.315025,1.449751,-0.35308424271524613,0.23899515904447105,0,STATIC:14
20260927_061256_1157439,3,71.817428,31.913276975621418,3.057675432011441,30.34315307940203,1.4385399132575392,-0.27544340991254423,0.267279126787174,0,STATIC:14
20260927_061256_1157439,3,71.850626,31.96843713217592,3.0079266227693333,30.399664075494535,1.4160179630391345,-0.20719465633563533,0.3068545115094412,0,STATIC:14
20260927_061256_1157439,3,71.884531,32.029813198128785,2.953031227879125,30.42844126506699,1.4045486353521075,-0.14310876116174243,0.3273427564690202,0,STATIC:14
20260927_061256_1157439,3,71.920663,32.0305,2.952417,30.456867083386292,1.3932198609123303,-0.13298514512301396,0.3239923525815115,0,STATIC:14
20260927_061256_1157439,3,71.950918,32.08926104967105,2.900341767927633,30.485086101973682,1.381665012664474,-0.07201570013525742,0.34427602795970347,0,STATIC:14
20260927_061256_1157439,3,71.984443,32.15761649380969,2.8404078528475463,30.485633,1.381441,-0.013440624890082228,0.3435592456025103,0,STATIC:14
20260927_061256_1157439,3,72.017827,32.159624,2.838648,30.512961695652173,1.3690237911219212,-0.0019012788604722969,0.34190937891675255,0,STATIC:14
20260927_061256_1157439,3,72.050566,32.21955427860287,2.786779971397131,30.540961672075543,1.3563026060994967,0.05817883321512031,0.35837693883662436,1,
20260927_061256_1157439,3,72.083683,32.28016075727891,2.7351290217989432,30.596314133030987,1.331153161541951,0.12785300391240706,0.3948024677873726,1,
20260927_061256_1157439,3,72.117389,32.280953,2.734454,30.597043,1.330822,0.12876264847425134,0.37138057558009285,1,
20260927_061256_1157439,3,72.150573,32.3401336300084,2.685142224281089,30.65216166393934,1.3057786251955321,0.19622008490510157,0.4059513135894032,1,
20260927_061256_1157439,3,72.183856,32.40586832650009,2.632184173425093,30.680607243154277,1.292854776298066,0.25673048541565924,0.4194491903962827,1,
20260927_061256_1157439,3,72.217173,32.471278689048276,2.581966330751618,30.681146,1.29261,0.3031180745068679,0.40875064862442256,1,
20260927_061256_1157439,3,72.25091,32.47858327800341,2.5765152980163624,30.70817719712756,1.2803277156983903,0.31915234346384413,0.40661722298399183,1,
20260927_061256_1157439,3,72.283813,32.528880876027266,2.5401900637669717,30.735806294271622,1.2677751006574551,0.3638621775846368,0.4132231675684692,1,
20260927_061256_1157439,3,72.317977,32.59180945157413,2.4973971164331368,30.736392,1.267509,0.40294108352974356,0.3979393087051426,1,
20260927_061256_1157439,3,72.351001,32.593005,2.496585,30.791106733435644,1.2426490287055398,0.42730561930734506,0.4172091234451766,1,
20260927_061256_1157439,3,72.383846,32.65874816235007,2.454986824792358,30.847133356567227,1.217193658382028,0.49006692849952344,0.44697600571262514,1,
20260927_061256_1157439,3,72.417901,32.70785587735516,2.425551043747052,30.875468975653558,1.2043197547397537,0.529654464665123,0.4498353208847417,1,
20260927_061256_1157439,3,72.450715,32.757016391984635,2.397126470582847,30.875825,1.204158,0.5551233169270359,0.4295876639998784,1,
20260927_061256_1157439,3,72.483634,32.757628,2.396773,30.90319218409358,1.1917239994558848,0.5682516934283369,0.4265072841147675,1,
20260927_061256_1157439,3,72.523201,32.81014129772888,2.3671842288857365,30.931278894783535,1.17896235379702,0.6074169947794209,0.4234246676936276,1,
20260927_061256_1157439,3,72.550813,32.86230894339624,2.3382985301886703,30.98657815896228,1.1538376693396148,0.6589052435778772,0.45222876155491437,1,
20260927_061256_1157439,3,72.584174,32.863074,2.337875,30.987394,1.153467,0.6596623815168,0.42611339959043165,1,
20260927_061256_1157439,3,72.617134,32.918541006571125,2.307562957287588,31.042548755772547,1.1284068971433865,0.64929649731417,0.4502856660230568,1,
20260927_061256_1157439,3,72.650945,32.98141422230404,2.2735033392147073,31.043211,1.128106,0.6074787185675764,0.4265037555209353,1,
20260927_061256_1157439,3,72.683961,33.03191315902661,2.246172229384033,31.070904117079845,1.115523879361218,0.566402210908067,0.42532772252375933,1,
20260927_061256_1157439,3,72.719815,33.032503,2.245853,31.098569358312908,1.1029542264876298,0.5576751611021901,0.41968435440483765,1,
20260927_061256_1157439,3,72.75076,33.08685814344898,2.2162071642931194,31.154178643578444,1.077688747281207,0.5056093111099781,0.4441029553313954,1,
20260927_061256_1157439,3,72.78393,33.13059700668896,2.1920494670523376,31.154867,1.077376,0.47777445302529625,0.41781005651661185,1,
20260927_061256_1157439,3,72.817301,33.131121,2.19176,31.2101849760235,1.0522423355511599,0.45957001418108984,0.4386805944594166,1,
20260927_061256_1157439,3,72.850546,33.17807265405866,2.165444250073476,31.210846,1.051942,0.4301102053078448,0.4114716800587037,1,
20260927_061256_1157439,3,72.883811,33.22719862662416,2.1374804114366346,31.237852854314777,1.0396712528806118,0.3908550791553918,0.407285177856209,1,
20260927_061256_1157439,3,72.918229,33.27520117192552,2.109676850624952,31.26572523774145,1.0270073675378057,0.35217684644294217,0.402992109735835,1,
20260927_061256_1157439,3,72.950889,33.275824,2.109316,31.293600885096573,1.0143420240495526,0.3423281531752396,0.4003739638981628,1,
20260927_061256_1157439,3,72.984356,33.32604194099244,2.07959488464574,31.34734970487443,0.9899216558671222,0.2932160662110395,0.42157625073278476,1,
20260927_061256_1157439,3,73.017147,33.37404562695034,2.050481469818762,31.349704,0.988852,0.2636038434152986,0.3952023205420725,1,
20260927_061256_1157439,3,73.050552,33.41929544763382,2.0222502482544638,31.405189896043442,0.9636421551590406,0.21671366282670262,0.4191494491081581,1,
20260927_061256_1157439,3,73.083752,33.42388836512147,2.0193449071674,31.43297992507083,0.9510157759358618,0.20375613563403389,0.4170497598112276,1,
20260927_061256_1157439,3,73.122828,33.46186193147949,1.994935894685606,31.433369,0.950839,0.18111057814101877,0.3828626436340218,1,
20260927_061256_1157439,3,73.151191,33.50475006414737,1.966664309378188,31.460741260958205,0.9384027623416349,0.14559286669273225,0.38473254413616664,1,
20260927_061256_1157439,3,73.18414,33.505616,1.966093,31.516424203809816,0.9131030417860392,0.12388382899194901,0.4112978370063165,1,
20260927_061256_1157439,3,73.217424,33.54829352126476,1.9371718433771172,31.517144,0.912776,0.09863260734821495,0.382360374019568,1,
20260927_061256_1157439,3,73.250459,33.589634178100866,1.9084272994093558,31.572457777828266,0.8876444234438859,0.05293114586256255,0.4094639280181146,1,
20260927_061256_1157439,3,73.284222,33.633537247178694,1.8770893948935172,31.600341506649684,0.8749757947928087,0.016427631225176667,0.40820923131465203,1,
20260927_061256_1157439,3,73.318552,33.634042,1.876729,31.600658,0.874832,0.0160120469741082,0.37788631401513884,1,
20260927_061256_1157439,3,73.350454,33.6823419946469,1.841265432604069,31.628663763100146,0.8621071337611382,-0.02302409785830549,0.37868176635393347,0,STATIC:37
20260927_061256_1157439,3,73.383962,33.71567372851216,1.8162224561351485,31.683274796235928,0.8372946227030205,-0.06438557796424187,0.4064803197331195,0,STATIC:37
20260927_061256_1157439,3,73.417191,33.716281,1.815766,31.712139050708828,0.8241804522597859,-0.07685513613966642,0.40770519029598284,0,STATIC:37
20260927_061256_1157439,3,73.450723,33.7576466509687,1.7840689588673635,31.739937259374067,0.8115506292697471,-0.11187229418170884,0.40778394576347654,0,STATIC:37
20260927_061256_1157439,3,73.483491,33.80355088986624,1.7482213419461199,31.76773308008063,0.7989213564229415,-0.1492220439200243,0.40879184692936,0,STATIC:37
20260927_061256_1157439,3,73.518363,33.804098,1.747794,31.768064,0.798771,-0.14966376430641742,0.37850394019341405,0,STATIC:37
20260927_061256_1157439,3,73.550531,33.835199598164685,1.7231683591672367,31.79550501657407,0.7863024837692729,-0.1785333426426295,0.38006719916543297,0,STATIC:37
20260927_061256_1157439,3,73.583881,33.87334780878429,1.6926875603957416,31.823621473871984,0.7735284429320937,-0.21134060760081702,0.3816123687489149,0,STATIC:37
20260927_061256_1157439,3,73.61732,33.908662829825296,1.6642791877944023,31.879109431727397,0.7483180948065071,-0.2546310363585763,0.4132747612554166,0,STATIC:37
20260927_061256_1157439,3,73.650304,33.91611468392412,1.6582684099835827,31.879902,0.747958,-0.25885125575328366,0.38587376677860563,0,STATIC:37
20260927_061256_1157439,3,73.683943,33.94760120254139,1.6328396811705805,31.934470040046207,0.7231650011551782,-0.29988094543981797,0.41706373342668246,0,STATIC:37
20260927_061256_1157439,3,73.722014,33.9822762542062,1.6048278370459612,31.96260131558258,0.7103831423554668,-0.33022654083397224,0.415886679192336,0,STATIC:37
20260927_061256_1157439,3,73.750615,33.982817,1.604391,31.963033,0.710187,-0.33069408114822135,0.3925060857785634,0,STATIC:37
20260927_061256_1157439,3,73.784173,34.014675537753554,1.5787169643165628,31.990869684002025,0.6975392633068234,-0.35921774885176744,0.3953590605305328,0,STATIC:37
20260927_061256_1157439,3,73.81697,34.05341580136154,1.5476676000486245,32.0459962890834,0.6724930595672246,-0.31623169538204066,0.42909360166011484,0,STATIC:37
20260927_061256_1157439,3,73.850547,34.054003,1.547197,32.046835,0.672112,-0.31555466885845385,0.4028962366972718,0,STATIC:37
20260927_061256_1157439,3,73.883765,34.09438812109691,1.5151433981678262,32.10157108687843,0.6472422332125833,-0.2705512702777958,0.43638382132761994,0,STATIC:37
20260927_061256_1157439,3,73.91809,34.12888948754063,1.4880815601300073,32.10254,0.646802,-0.25520931833612814,0.4104234248026406,0,STATIC:37
20260927_061256_1157439,3,73.95043,34.16309980346802,1.4616065048459594,32.130163849543266,0.6342522667285995,-0.22725979746632408,0.4155007849301674,0,STATIC:37
20260927_061256_1157439,3,73.983669,34.163483,1.46131,32.15756422363605,0.621802478743501,-0.2133101343093341,0.4199286769134447,0,STATIC:37
20260927_061256_1157439,3,74.0175,34.19732527409148,1.4355159397336206,32.21367366564215,0.5963097574880953,-0.17107261545870872,0.4553199509804072,0,STATIC:37
20260927_061256_1157439,3,74.050348,34.235147180509685,1.4071832739916927,32.214263,0.596042,-0.15651984119808882,0.4315648748096044,0,STATIC:37
20260927_061256_1157439,3,74.084174,34.235727,1.406749,32.26924253991043,0.5710613640732031,-0.12733139074094546,0.4660957622255702,0,STATIC:37
20260927_061256_1157439,3,74.117866,34.277123078317366,1.376382128363341,32.269886,0.570769,-0.11233089242143744,0.4425862139946178,0,STATIC:37
20260927_061256_1157439,3,74.150318,34.30777354441772,1.354331582578144,32.29781301698415,0.5580811871339647,-0.08704037940096508,0.44956800924379775,0,STATIC:37
20260927_061256_1157439,3,74.184371,34.34210417005047,1.3300948011970424,32.32569581704025,0.5454121124281186,-0.06092121164636792,0.45566044286388,0,STATIC:37
20260927_061256_1157439,3,74.217363,34.342536,1.32979,32.38085313170319,0.5203520451519156,-0.030328824267267893,0.49151332969322375,0,STATIC:37
20260927_061256_1157439,3,74.250582,34.37733674692214,1.3057346394085776,32.381661,0.519985,-0.019420786827942224,0.47016301367433694,0,STATIC:37
20260927_061256_1157439,3,74.283691,34.41495104679565,1.2803256348246665,32.43644492249093,0.49509310459492045,0.022208499119829264,0.5057316984269075,1,
20260927_061256_1157439,3,74.318178,34.415374,1.28004,32.464935798105344,0.4821485692971752,0.03878721709360218,0.5130864383752515,1,
20260927_061256_1157439,3,74.350593,34.457956494271684,1.2520859705400993,32.465265,0.481999,0.050107362076385734,0.4930226157779141,1,
20260927_061256_1157439,3,74.384041,34.49189217544906,1.230460427791374,32.49255248869129,0.46960080002387256,0.07428562169358284,0.5004811181682299,1,
20260927_061256_1157439,3,74.41707,34.492334,1.230179,32.52089221572434,0.4567246568793993,0.09108053792976768,0.509503618766394,1,
20260927_061256_1157439,3,74.450331,34.526491084107406,1.209061024330309,32.57581608183019,0.4317708818840921,0.13181566581963694,0.5454179689492243,1,
20260927_061256_1157439,3,74.483745,34.56119467178043,1.1882741888296298,32.576628,0.431402,0.13954898900726304,0.52690994598237,1,
20260927_061256_1157439,3,74.520091,34.59969538465771,1.166017668198332,32.63160639288465,0.4064220575886036,0.18075369385996592,0.5611940538818093,1,
20260927_061256_1157439,3,74.55081,34.600169,1.165744,32.632291,0.406111,0.18126761958252485,0.544924803692649,1,
20260927_061256_1157439,3,74.583781,34.63441517899516,1.146667501573845,32.660057771489114,0.39349513105326556,0.2046620075729801,0.5544932201959974,1,
20260927_061256_1157439,3,74.617418,34.66898236461794,1.128078594743712,32.68780781721642,0.3808867382534414,0.22779935202382245,0.5639001885090177,1,
20260927_061256_1157439,3,74.650628,34.669456,1.127824,32.74304560905063,0.3557903839595122,0.2635995709238252,0.600224682897483,1,
20260927_061256_1157439,3,74.683742,34.70364151649481,1.1101103245744013,32.743786,0.355454,0.2689672135303131,0.584256041457682,1,
20260927_061256_1157439,3,74.720829,34.73819587385543,1.0928591565226766,32.798884198858126,0.33041996315846284,0.30997037431154156,0.6185129878754899,1,
20260927_061256_1157439,3,74.750872,34.7763000394164,1.0745851069826178,32.827324224999174,0.3174979042507225,0.3335681117497739,0.6309149197484997,1,
