run,uav,time_s,x,y,target_x,target_y,static_clearance,dynamic_clearance,visible,blockers
20260927_103759_1243248,1,7.00188,-26.557019286232222,-4.911687628285669,-27.52186830439131,-3.0754394257227693,0.7335660888122927,4.9358860472175,1,
20260927_103759_1243248,1,7.035331,-26.55559,-4.912119,-27.4905008174774,-3.08484965475678,0.7242689704792235,4.94913346710728,1,
20260927_103759_1243248,1,7.072399,-26.523008063274467,-4.922063541192914,-27.461847706448406,-3.086879374620326,0.6997517388181668,4.962091275171608,1,
20260927_103759_1243248,1,7.10163,-26.482511259093876,-4.934553893243568,-27.461409,-3.086909,0.6809847927942926,4.9857754862461805,1,
20260927_103759_1243248,1,7.134973,-26.44771775389044,-4.945379638031843,-27.43102302896465,-3.085124896734731,0.6545180639439873,4.992299893187459,1,
20260927_103759_1243248,1,7.171327,-26.447241,-4.945528,-27.370696388127104,-3.0815838874291814,0.6320546561012464,4.98139140559962,1,
20260927_103759_1243248,1,7.201714,-26.41129156359859,-4.956791136563005,-27.339684793226265,-3.0797641390363752,0.6042596226380276,4.985922350611189,1,
20260927_103759_1243248,1,7.234992,-26.36996157358263,-4.969805995174909,-27.308825916164054,-3.0779529975874547,0.574196975043148,4.993286259033695,1,
20260927_103759_1243248,1,7.273073,-26.36939,-4.969986,-27.27778112797752,-3.0761307838590226,0.561454541875206,5.004871389327273,1,
20260927_103759_1243248,1,7.303675,-26.336837008943615,-4.980268462605315,-27.27741,-3.076109,0.5474406622584495,5.030438999715017,1,
20260927_103759_1243248,1,7.336553,-26.297139746802912,-4.992824181606805,-27.247641128678943,-3.0743613629688555,0.5185659574994109,5.038763191565242,1,
20260927_103759_1243248,1,7.369306,-26.256318145264704,-5.005732779538377,-27.18709856133602,-3.070808195640227,0.47609804353684854,5.027455526755222,1,
20260927_103759_1243248,1,7.403341,-26.2514705058063,-5.007264305642496,-27.15628109690818,-3.068999283148565,0.46063313330714256,5.036627976955433,1,
20260927_103759_1243248,1,7.436665,-26.213277301003345,-5.019317093735877,-27.125335878333182,-3.067182465786857,0.4314629471473593,5.0452574806433175,1,
20260927_103759_1243248,1,7.492235,-26.169805314761486,-5.032983876191668,-27.094784976229228,-3.065389173782396,0.4004122959851829,5.072858224435429,1,
20260927_103759_1243248,1,7.506468,-26.169121,-5.033199,-27.065431564003436,-3.0636668928980524,0.3865459755251225,5.066665331865769,1,
20260927_103759_1243248,1,7.535273,-26.134493451650037,-5.043984275134306,-27.064104,-3.063589,0.37250562458865555,5.089790175527512,1,
20260927_103759_1243248,1,7.569858,-26.090872176801966,-5.057181307814531,-27.003779112523475,-3.060047433049256,0.3271602130068598,5.081806337921765,1,
20260927_103759_1243248,1,7.602767,-26.090235,-5.057374,-26.97267001972723,-3.0582222896980027,0.3117514296057211,5.090218169151574,1,
20260927_103759_1243248,1,7.635575,-26.04196001400731,-5.0707946136419,-26.94173785176614,-3.0564063510353225,0.2781841471376447,5.098611045607272,1,
20260927_103759_1243248,1,7.672983,-26.003739392072845,-5.080019272737011,-26.91144964520621,-3.0546283510444563,0.24853622389007068,5.1109886099050135,1,
20260927_103759_1243248,1,7.719172,-25.96529453595684,-5.087675698762037,-26.88091681963549,-3.0528359308373454,0.21841949463354393,5.12992630075039,1,
20260927_103759_1243248,1,7.735475,-25.964674,-5.087799,-26.880424,-3.052807,0.217933724440303,5.142387237242858,1,
20260927_103759_1243248,1,7.769416,-25.917326580542408,-5.094720556971241,-26.850212445394977,-3.0510343582089554,0.18427505231549257,5.151381739696689,1,
20260927_103759_1243248,1,7.802273,-25.873942900407368,-5.098651047668268,-26.789938761476257,-3.047496259196206,0.1360308657107746,5.142508576426587,1,
20260927_103759_1243248,1,7.836195,-25.873139,-5.098723,-26.758760581434522,-3.0456667883677633,0.1191052142991579,5.150661731728243,1,
20260927_103759_1243248,1,7.872974,-25.829146652931684,-5.100274374771383,-26.728069807799894,-3.0438653037654655,0.0855972287825086,5.160878340078998,1,
20260927_103759_1243248,1,7.902396,-25.776526322368422,-5.099078821820175,-26.697683016447368,-3.0420809862938594,0.04860782209108723,5.165606243990264,1,
20260927_103759_1243248,1,7.934998,-25.770698753148473,-5.09877955046027,-26.669303011972666,-3.0404159945784155,0.03081480707157476,5.173409367582427,1,
20260927_103759_1243248,1,7.968447,-25.731572788495285,-5.095432931686707,-26.666269,-3.040238,0.013757563627735739,5.194855663287939,1,
20260927_103759_1243248,1,8.003242,-25.687495481973077,-5.089459566216106,-26.60991009396755,-3.0369295911368748,-0.03481391874877392,5.1885418329728665,0,STATIC:36
20260927_103759_1243248,1,8.035007,-25.683769,-5.08895,-26.575092741484184,-3.0348859410651525,-0.05575104189386197,5.191271151334981,0,STATIC:36
20260927_103759_1243248,1,8.071791,-25.6295343885647,-5.0786019319470705,-26.54455907753212,-3.033093602175283,-0.09445816744230572,5.198990488674652,0,STATIC:36
20260927_103759_1243248,1,8.108446,-25.5904563724211,-5.06956574753323,-26.513847411807877,-3.031290552882655,-0.12739814264250393,5.2059228117095735,0,STATIC:36
20260927_103759_1243248,1,8.134967,-25.589798,-5.069413,-26.483560551883574,-3.029513767149246,-0.1449243393382592,5.206511789826289,0,STATIC:36
20260927_103759_1243248,1,8.168022,-25.537680134101464,-5.05574352919708,-26.483002,-3.029481,-0.16596181792726256,5.225253936001779,0,STATIC:36
20260927_103759_1243248,1,8.201274,-25.489030429412825,-5.041828669661639,-26.422466253981614,-3.0259274649317867,-0.21987743741918764,5.21386862340971,0,STATIC:36
20260927_103759_1243248,1,8.235291,-25.488138,-5.041573,-26.39145926046155,-3.024107199787523,-0.23817242311365755,5.21693555574154,0,STATIC:36
20260927_103759_1243248,1,8.271654,-25.44062966546644,-5.027210726183277,-26.361209690368863,-3.0223323314276294,-0.2743366137153059,5.22090024115509,0,STATIC:36
20260927_103759_1243248,1,8.308067,-25.38706150822659,-5.010440416551086,-26.330410062413318,-3.020524557504555,-0.3130673599631528,5.2238506138195016,0,STATIC:36
20260927_103759_1243248,1,8.335373,-25.34393056224066,-4.996684296272969,-26.300336526415233,-3.0187583859291642,-0.34720935591864877,5.22228537515125,0,STATIC:36
20260927_103759_1243248,1,8.368657,-25.343071,-4.99641,-26.299734,-3.018723,-0.3478902001125106,5.236491961721329,0,STATIC:36
20260927_103759_1243248,1,8.401907,-25.28847735867928,-4.978872845634753,-26.23943223709104,-3.0151842404651443,-0.3559412710060396,5.22240094973663,0,STATIC:36
20260927_103759_1243248,1,8.43506,-25.23242420614921,-4.960928249464959,-26.208424701160514,-3.0133638110022605,-0.316784200953394,5.221122108674691,0,STATIC:36
20260927_103759_1243248,1,8.476019,-25.231555,-4.96065,-26.17767986525517,-3.0115590137070125,-0.2980770428065597,5.221917433744476,0,STATIC:36
20260927_103759_1243248,1,8.504252,-25.187171040350695,-4.946594981479526,-26.14714496267737,-3.009766856378296,-0.2636717366910112,5.217658365493184,0,STATIC:36
20260927_103759_1243248,1,8.535863,-25.130046999777804,-4.9287966999746065,-26.116519287042916,-3.007969716512189,-0.22495959673351384,5.213841665439711,0,STATIC:36
20260927_103759_1243248,1,8.568887,-25.072812321803376,-4.911368029583836,-26.116064,-3.007943,-0.20488794571869196,5.222724075846293,0,STATIC:36
20260927_103759_1243248,1,8.601178,-25.06607926171948,-4.909342788146672,-26.056100506256616,-3.0044231034675963,-0.16616056973431348,5.205003797420056,0,STATIC:36
20260927_103759_1243248,1,8.635389,-25.02047618034891,-4.895830314895852,-26.02490854761071,-3.0025928473073105,-0.1317642933720658,5.199351046801896,0,STATIC:36
20260927_103759_1243248,1,8.692981,-24.968124775850416,-4.880703139445821,-25.963696138769993,-2.998999981752647,-0.07676497291821048,5.184325170771368,0,STATIC:36
20260927_103759_1243248,1,8.706417,-24.914320705463354,-4.86562263038678,-25.963032,-2.998961,-0.05945015447311695,5.186039808983775,0,STATIC:36
20260927_103759_1243248,1,8.746099,-24.909222,-4.864194,-25.933300927020646,-2.997215042812524,-0.039248246188924515,5.178881689363741,0,STATIC:36
20260927_103759_1243248,1,8.76939,-24.85928346607158,-4.850644242617819,-25.932585,-2.997173,-0.023656568291062427,5.180826894077189,0,STATIC:36
20260927_103759_1243248,1,8.80255,-24.798503859084605,-4.834673972260749,-25.87239232926491,-2.9936408108183077,0.03214076861844213,5.159142682426694,1,
20260927_103759_1243248,1,8.835529,-24.79749,-4.834408,-25.841386265432103,-2.9918209985475674,0.05226861817040991,5.148330122219763,1,
20260927_103759_1243248,1,8.873056,-24.74502348885571,-4.821118962994561,-25.811084732750345,-2.990041756318652,0.08642968277404879,5.1369200719102865,1,
20260927_103759_1243248,1,8.905585,-24.691674827892992,-4.808054627653699,-25.780055780924037,-2.98822089575408,0.12084010823510528,5.124293309879361,1,
20260927_103759_1243248,1,8.937235,-24.690565,-4.807783,-25.749799979969477,-2.986444767932087,0.14093778157003434,5.111195089724633,1,
20260927_103759_1243248,1,8.968738,-24.637609895959436,-4.795269360259864,-25.749344,-2.986418,0.15474339089188993,5.1084526417750435,1,
20260927_103759_1243248,1,9.003186,-24.58511645264726,-4.7832953035634,-25.72028446104991,-2.984712708548786,0.18667334612893305,5.0937540580008385,1,
20260927_103759_1243248,1,9.03569,-24.526614210435763,-4.7704265838833795,-25.659736491068916,-2.981158925141552,0.2405286954600948,5.066933215831416,1,
20260927_103759_1243248,1,9.072662,-24.524567,-4.769977,-25.627610018120418,-2.9792724230294043,0.2626815110250079,5.048936310474746,1,
20260927_103759_1243248,1,9.106035,-24.441137125071062,-4.752482483797612,-25.59708633882888,-2.97748071290506,0.3012547228891196,5.031214355838214,1,
20260927_103759_1243248,1,9.135789,-24.439542,-4.752148,-25.56670226696528,-2.975697987067659,0.3224367943991949,5.013573306060696,1,
20260927_103759_1243248,1,9.169692,-24.39040155846995,-4.742252755191257,-25.53550475519126,-2.9738669234972677,0.3537258359710743,4.993833673337326,1,
20260927_103759_1243248,1,9.20278,-24.337179195714324,-4.731822300929966,-25.535029,-2.973839,0.3639240636971003,4.98392698129341,1,
20260927_103759_1243248,1,9.235397,-24.28297275417225,-4.72146422524059,-25.47550160202217,-2.970344774150323,0.4149900159438854,4.953193038383595,1,
20260927_103759_1243248,1,9.274076,-24.281516,-4.721186,-25.443474225019504,-2.9684645410923274,0.43796142863458526,4.928800280140351,1,
20260927_103759_1243248,1,9.471847,-24.014025927597864,-4.673098106722277,-25.262371576818232,-2.957834474512049,0.6060935314780415,4.780893883691446,1,
20260927_103759_1243248,1,9.503763,-24.011728,-4.672701,-25.229928258173402,-2.955930331179477,0.6307351822878836,4.753445742335992,1,
20260927_103759_1243248,1,9.535132,-23.954286036355544,-4.663001425684049,-25.199764610512602,-2.954159931706232,0.6590162648049526,4.726324827043295,1,
20260927_103759_1243248,1,9.568136,-23.89103618042158,-4.652593494462308,-25.169498903894247,-2.9523840950339406,0.6871831628996302,4.697518768666544,1,
20260927_103759_1243248,1,9.60188,-23.888321,-4.652147,-25.138475488406108,-2.950562510618849,0.7113036401145268,4.667308298499917,1,
20260927_103759_1243248,1,9.63567,-23.836740002666037,-4.643886859411103,-25.138024,-2.950536,0.7149926823778651,4.644956582959289,1,
20260927_103759_1243248,1,9.670955,-23.78475470093564,-4.63575818168415,-25.10773021831585,-2.948757672072583,0.6883842856105203,4.612305502263674,1,
20260927_103759_1243248,1,9.704585,-23.738967528204522,-4.628761524349012,-25.04740290705261,-2.9452173902959844,0.6461381904819538,4.571894798457155,1,
20260927_103759_1243248,1,9.734814,-23.732615903765137,-4.627800825476862,-25.01615884259413,-2.94338282501244,0.6362720600887032,4.541423265252816,1,
20260927_103759_1243248,1,9.768189,-23.680946647604515,-4.6201053289343745,-24.98568371424724,-2.9415942177933387,0.5950513219012549,4.50826657777861,1,
20260927_103759_1243248,1,9.803104,-23.625723711401154,-4.6120685504084085,-24.954967894070947,-2.9397913970697434,0.5518088847592714,4.473229509214024,1,
20260927_103759_1243248,1,9.834965,-23.624792,-4.611933,-24.924449940976164,-2.938000002648505,0.5454198967834246,4.44006822421414,1,
20260927_103759_1243248,1,9.886509,-23.56271266687273,-4.603102741519202,-24.893575649795224,-2.936188217680241,0.49800894993499006,4.389896492745307,1,
20260927_103759_1243248,1,9.903174,-23.519511718316714,-4.597056225735831,-24.89318,-2.936165,0.46951803442135726,4.375715532490821,1,
20260927_103759_1243248,1,9.940555,-23.47501815400833,-4.590895634638697,-24.83384323912929,-2.9326820462235808,0.428852807943994,4.329230431699879,1,
20260927_103759_1243248,1,9.970133,-23.473836,-4.590732,-24.802123235907853,-2.9308201283358013,0.4214516430591449,4.295798813770682,1,
20260927_103759_1243248,1,10.002781,-23.4208674574835,-4.583466009781768,-24.772060781738716,-2.929055581138134,0.38132407853721323,4.259653877451246,1,
20260927_103759_1243248,1,10.035264,-23.418469,-4.583137,-24.741077692776827,-2.9272375650848104,0.3729448993154763,4.223057965454334,1,
20260927_103759_1243248,1,10.074784,-23.364204957817194,-4.575759219037768,-24.740642,-2.927212,0.3390357133386687,4.186133788479506,1,
20260927_103759_1243248,1,10.103396,-23.310718123012112,-4.568643464770933,-24.710632346041777,-2.9232805355099174,0.29914661704836415,4.150336668119308,1,
20260927_103759_1243248,1,10.134801,-23.262682925187818,-4.562602562757363,-24.68153449297457,-2.9151291304183826,0.2624685084320291,4.1075958172029985,1,
20260927_103759_1243248,1,10.170577,-23.261381,-4.562439,-24.622908696985064,-2.898560850887574,0.24511512201647828,4.047695115399474,1,
20260927_103759_1243248,1,10.202119,-23.216778282851347,-4.557420064814815,-24.593111578132927,-2.890139966958397,0.21034106553825432,4.004025751518691,1,
20260927_103759_1243248,1,10.235382,-23.16546021246647,-4.552719102269645,-24.563344669710947,-2.8817282876691683,0.17237923448223763,3.9584256769465354,1,
20260927_103759_1243248,1,10.272597,-23.130548810189165,-4.550518633680373,-24.54030008364581,-2.8752155971678155,0.1462758578488053,3.9113103891980954,1,
20260927_103759_1243248,1,10.307243,-23.120318,-4.54988,-24.50444214374514,-2.8650818225166645,0.12942070592612104,3.861363664176695,1,
20260927_103759_1243248,1,10.337227,-23.080241825476463,-4.548654792477608,-24.503452,-2.864802,0.1082140715363364,3.829996243926428,1,
20260927_103759_1243248,1,10.36874,-23.03472946817705,-4.548809286930825,-24.446081929713067,-2.848588526580026,0.06661234814360546,3.7745448613815364,1,
20260927_103759_1243248,1,10.402858,-23.03404,-4.548812,-24.416138818179153,-2.840126275590089,0.05605276807560895,3.7272068545610493,1,
20260927_103759_1243248,1,10.43486,-22.986738409942923,-4.550485147802763,-24.386600047406667,-2.8317780832423662,0.02311923215739116,3.6822062770579747,1,
20260927_103759_1243248,1,10.477669,-22.947287563798497,-4.55253846262664,-24.35703105443765,-2.823421688454176,-0.005758493417857322,3.625695953578708,0,STATIC:26
20260927_103759_1243248,1,10.501665,-22.946781,-4.552565,-24.35665,-2.823314,-0.00612959442532672,3.599972522643858,0,STATIC:26
20260927_103759_1243248,1,10.535803,-22.912992607581998,-4.55448149426093,-24.32788001600514,-2.8151838643359914,-0.03206318114299882,3.552875196136034,0,STATIC:26
20260927_103759_1243248,1,10.568722,-22.87162161357299,-4.55673796396096,-24.269531730752913,-2.7986938222599425,-0.07279355551178861,3.4966512656360482,0,STATIC:26
20260927_103759_1243248,1,10.602752,-22.870722,-4.556787,-24.23940691691119,-2.790180154614915,-0.08496633577416672,3.4495963339603524,0,STATIC:26
20260927_103759_1243248,1,10.635575,-22.833957243934304,-4.558518580347145,-24.20945122247107,-2.781714839678985,-0.11332895928397262,3.404080447440574,0,STATIC:26
20260927_103759_1243248,1,10.673421,-22.79357749294477,-4.55987276309693,-24.18043626567683,-2.773515009213921,-0.14309221214727835,3.353699243521815,0,STATIC:26
20260927_103759_1243248,1,10.702343,-22.792971,-4.559893,-24.180001,-2.773392,-0.1435386581808034,3.3225094521586716,0,STATIC:26
20260927_103759_1243248,1,10.735862,-22.747473655514696,-4.560266983047807,-24.151078662720124,-2.765218360002392,-0.1758306782667578,3.2771317027399753,0,STATIC:26
20260927_103759_1243248,1,10.76976,-22.714634419621433,-4.5595434700079975,-24.09243175419888,-2.7486443420421223,-0.2155469822862286,3.2223844182070485,0,STATIC:26
20260927_103759_1243248,1,10.802464,-22.67714854434894,-4.557482958881979,-24.06235030602292,-2.740142039746403,-0.2457234270644093,3.1784346012582416,0,STATIC:26
20260927_103759_1243248,1,10.836234,-22.676481,-4.557446,-24.033117727471552,-2.731880896261268,-0.25893764598588,3.1340255663144214,0,STATIC:26
20260927_103759_1243248,1,10.877851,-22.638983656125912,-4.553970371886506,-24.003208922821457,-2.723428820229586,-0.2896562624546983,3.0816584809059258,0,STATIC:26
20260927_103759_1243248,1,10.905285,-22.59725462516046,-4.548442266238768,-23.974123932220795,-2.7152086195121954,-0.3223981214224039,3.044899966506062,0,STATIC:26
20260927_103759_1243248,1,10.935102,-22.596621,-4.548358,-23.973683,-2.715084,-0.3228941816148651,3.0138711976192063,0,STATIC:26
20260927_103759_1243248,1,10.968645,-22.55422653276987,-4.540869806791222,-23.941850567912216,-2.7060883475682087,-0.35768469052514207,2.970802971295787,0,STATIC:26
20260927_103759_1243248,1,11.001705,-22.526124515892842,-4.534805087466298,-23.896259734533853,-2.693203553887254,-0.3925085118917894,2.925400876391273,0,STATIC:26
20260927_103759_1243248,1,11.035815,-22.480525117078653,-4.523410686292134,-23.85628479932584,-2.681906714456929,-0.43364581468920116,2.881314988218268,0,STATIC:26
20260927_103759_1243248,1,11.077166,-22.479689,-4.523197,-23.826664362523246,-2.6735351761054895,-0.4482709600321097,2.833396489690581,0,STATIC:26
20260927_103759_1243248,1,11.104313,-22.441335678371395,-4.511819400366222,-23.798126281775097,-2.665470016479966,-0.48102648300551704,2.8004765213312686,0,STATIC:26
20260927_103759_1243248,1,11.136122,-22.394853633519986,-4.496176764240201,-23.76787641822746,-2.6569212465726975,-0.519006641487067,2.7633297827823275,0,STATIC:26
20260927_103759_1243248,1,11.168246,-22.35829007174888,-4.482505623318386,-23.76732,-2.656764,-0.5377354462460023,2.732662535375482,0,STATIC:26
20260927_103759_1243248,1,11.201842,-22.357133,-4.482072,-23.738308075754837,-2.6485650419453988,-0.5525828640807606,2.695393843292339,0,STATIC:26
20260927_103759_1243248,1,11.236809,-22.311105742292014,-4.46331157024746,-23.679695613682036,-2.6320008017741285,-0.6051557872249175,2.652444549548629,0,STATIC:26
20260927_103759_1243248,1,11.276983,-22.268465850155568,-4.444630729558183,-23.62069367342875,-2.615326857996266,-0.6032541892944667,2.6067824032418203,0,STATIC:26
20260927_103759_1243248,1,11.315808,-22.230419828154268,-4.42701199784455,-23.61999,-2.615128,-0.5834717262118612,2.5727501139112414,0,STATIC:26
20260927_103759_1243248,1,11.336255,-22.229807,-4.426728,-23.59131332325945,-2.607023280001953,-0.5684961907363295,2.5510778578266207,0,STATIC:26
20260927_103759_1243248,1,11.368278,-22.184274652645865,-4.404554739755767,-23.562602599276346,-2.598909899502488,-0.5304500163975233,2.5203508808056805,0,STATIC:26
20260927_103759_1243248,1,11.403144,-22.134428442300916,-4.379193406448204,-23.561007,-2.598459,-0.5041662076083379,2.491595086517142,0,STATIC:26
20260927_103759_1243248,1,11.435704,-22.128209633212077,-4.375968234524143,-23.50302375136026,-2.582072387059665,-0.47089055680273806,2.459074105724345,0,STATIC:26
20260927_103759_1243248,1,11.473769,-22.093223995153302,-4.357476666631545,-23.4727406055737,-2.5735139771889157,-0.43721634165039125,2.426833500575884,0,STATIC:26
20260927_103759_1243248,1,11.503545,-22.0516060946638,-4.3349691846357175,-23.444026974888484,-2.5653990434495286,-0.401009511633245,2.402236315125518,0,STATIC:26
20260927_103759_1243248,1,11.535902,-22.006095868543127,-4.3098671974047145,-23.41414662380893,-2.556954375564193,-0.3623017627892285,2.376753136460877,0,STATIC:26
20260927_103759_1243248,1,11.568988,-22.005349,-4.309455,-23.384732240896444,-2.5486418041979193,-0.3461779711141716,2.3519948819817227,0,STATIC:26
20260927_103759_1243248,1,11.602329,-21.956129374299678,-4.281848763261414,-23.38428,-2.548514,-0.3215358372643166,2.329489470261076,0,STATIC:26
20260927_103759_1243248,1,11.636477,-21.909171330453436,-4.255198373387405,-23.35520625701607,-2.540297720943901,-0.2828962852213667,2.3062009084790835,0,STATIC:26
20260927_103759_1243248,1,11.673892,-21.908341,-4.254727,-23.296580696889315,-2.523729824692549,-0.2505719287453419,2.2819171390600435,0,STATIC:26
20260927_103759_1243248,1,11.7099,-21.86285071859786,-4.228693054249549,-23.237596526777022,-2.5070594434552795,-0.19608538653555851,2.261210185253974,0,STATIC:26
20260927_103759_1243248,1,11.735898,-21.811811906570686,-4.19933633986828,-23.236859,-2.506851,-0.17151757944108081,2.246654395705411,0,STATIC:26
20260927_103759_1243248,1,11.76857,-21.81069,-4.198691,-23.207916563638594,-2.498671894068576,-0.15483137058264146,2.2299927155548867,0,STATIC:26
20260927_103759_1243248,1,11.801973,-21.754288849398854,-4.166197403022216,-23.178245410367882,-2.490286443828141,-0.11204685080486103,2.214340286640268,0,STATIC:26
20260927_103759_1243248,1,11.835563,-21.713484434290788,-4.142730050044418,-23.177844,-2.490173,-0.09338366979192096,2.198255537881619,0,STATIC:26
20260927_103759_1243248,1,11.877275,-21.66614062949649,-4.115601355405373,-23.119863183741945,-2.4737870743403554,-0.03944472902807321,2.183530610092557,0,STATIC:26
20260927_103759_1243248,1,11.904284,-21.665407,-4.115181,-23.090067929561716,-2.46536750872093,-0.02196115684583637,2.1749398366988597,0,STATIC:26
20260927_103759_1243248,1,11.935609,-21.620703352101,-4.089702950519672,-23.060091914907865,-2.4568958914748458,0.014706237782385292,2.16582896172228,1,
20260927_103759_1243248,1,11.968188,-21.576140631799934,-4.064459233841062,-23.030806780716542,-2.448619377670171,0.05055055443128882,2.157518315252549,1,
20260927_103759_1243248,1,12.00218,-21.53016050641188,-4.038607603196077,-23.002461264451398,-2.440608499084017,0.08602313848520755,2.1500035797810897,1,
20260927_103759_1243248,1,12.03635,-21.522177164415577,-4.03413405174978,-23.000754,-2.440126,0.09022763184279133,2.1399688731576845,1,
20260927_103759_1243248,1,12.079736,-21.476998467606734,-4.0089857154996205,-22.943083393105663,-2.4238278275038465,0.1425009865920041,2.137303802530223,1,
20260927_103759_1243248,1,12.115621,-21.431294780871532,-3.983789635370684,-22.88405669159592,-2.407146090265987,0.19581041425525164,2.139715978461912,1,
20260927_103759_1243248,1,12.134632,-21.430733,-3.98348,-22.883331,-2.406941,0.1964662644850928,2.1359626297315453,1,
20260927_103759_1243248,1,12.170114,-21.37771774405681,-3.954598744674282,-22.8542665551096,-2.398727837912936,0.23379651384145067,2.1353901663295796,1,
20260927_103759_1243248,1,12.201349,-21.333792950672645,-3.9309467118108197,-22.853662,-2.398557,0.24953660903690006,2.1307615753241276,1,
20260927_103759_1243248,1,12.235264,-21.333108,-3.930578,-22.824678966851803,-2.3903655235240526,0.26788567490560616,2.132806847169288,1,
20260927_103759_1243248,1,12.273004,-21.279237928030806,-3.9019327716903467,-22.766207714964814,-2.3738409852609217,0.32293605798841635,2.1430293239949734,1,
20260927_103759_1243248,1,12.302851,-21.22488614408588,-3.873406690358714,-22.73661563295106,-2.3654787064275236,0.3592432658482774,2.148627812852138,1,
20260927_103759_1243248,1,12.334957,-21.17495153502586,-3.847506617771509,-22.706754974141987,-2.357039090738129,0.3936729634864738,2.1553595804835197,1,
20260927_103759_1243248,1,12.367775,-21.174231,-3.847133,-22.677348601697243,-2.3487287548459963,0.41313949746160766,2.16318747161822,1,
20260927_103759_1243248,1,12.402158,-21.125582582925773,-3.82217556362321,-22.647738526609754,-2.3403606068007528,0.4466450505112048,2.1723509876224023,1,
20260927_103759_1243248,1,24.001466,-10.645731111524595,-4.170432905105245,-12.12621977218281,-2.428851795790208,0.6200597886896887,2.9710015875171827,1,
20260927_103759_1243248,1,24.036569,-10.598617095696293,-4.171873299218567,-12.125119,-2.428778,0.5923940501812525,2.977550028036717,1,
20260927_103759_1243248,1,24.072654,-10.598036,-4.171891,-12.095114339244663,-2.4267670866995075,0.5869271452790575,2.9990967799301496,1,
20260927_103759_1243248,1,24.107254,-10.572972684822183,-4.172767847814057,-12.034437937698423,-2.422699996184429,0.5615103194242596,3.0366087929687637,1,
20260927_103759_1243248,1,24.135446,-10.52756579393335,-4.1748954077542,-12.003145089967244,-2.4206019540729136,0.5300120875482913,3.0580944714076512,1,
20260927_103759_1243248,1,24.168549,-10.526723,-4.174935,-11.9723827713422,-2.4185396883313177,0.5233559734513035,3.0803998877483236,1,
20260927_103759_1243248,1,24.202096,-10.485258157874332,-4.177827001968211,-11.941769916082663,-2.416488344228074,0.494553146751261,3.102929501142813,1,
20260927_103759_1243248,1,24.23459,-10.438660159249721,-4.182389304585019,-11.91165223151894,-2.4144691632953292,0.4638777015548066,3.1252102917844544,1,
20260927_103759_1243248,1,24.2782,-10.403306448422411,-4.186684236960721,-11.854624333161626,-2.4106472781712815,0.4331916113278829,3.1646229547806524,1,
20260927_103759_1243248,1,24.304081,-10.400425,-4.187036,-11.849905,-2.410331,0.4306466477013931,3.1720380815710234,1,
20260927_103759_1243248,1,24.334909,-10.365203194811931,-4.1917357226977945,-11.819765281193254,-2.4083107795071337,0.40623254349106414,3.194604805012668,1,
20260927_103759_1243248,1,24.369391,-10.364684,-4.191805,-11.78927606400507,-2.4062663707224337,0.39836181654999653,3.2182270486945965,1,
20260927_103759_1243248,1,24.401417,-10.325551467060045,-4.197053430369417,-11.758790903298706,-2.404223037632215,0.37175127054652407,3.241558269329915,1,
20260927_103759_1243248,1,24.435348,-10.282609310069729,-4.20242005176693,-11.727981143304572,-2.4021581476184846,0.34315633291582076,3.265599376938215,1,
20260927_103759_1243248,1,24.473409,-10.248051016772095,-4.2062314444473605,-11.727591,-2.402132,0.3267024565790781,3.2730632521070486,1,
20260927_103759_1243248,1,24.503575,-10.247628,-4.206278,-11.667760015873014,-2.3981216825396823,0.3098259988103845,3.3134076539071478,1,
20260927_103759_1243248,1,24.535129,-10.215681995571021,-4.209268514077824,-11.636517273805758,-2.3960269501739955,0.28563031857108595,3.3377006279822687,1,
20260927_103759_1243248,1,24.568323,-10.184107872799734,-4.211650038857522,-11.606087096645632,-2.3939873580205915,0.26158104147275635,3.361965609445841,1,
20260927_103759_1243248,1,24.602293,-10.183669,-4.211683,-11.57548203480463,-2.3919363446011603,0.25200729460457255,3.3866089039728298,1,
20260927_103759_1243248,1,24.634779,-10.155327277978998,-4.213246869487141,-11.545239582103179,-2.389909314016131,0.22904459105928948,3.4108725107684963,1,
20260927_103759_1243248,1,24.670656,-10.118889720584535,-4.21440557861354,-11.544474,-2.389858,0.21137662310075417,3.4181598935778412,1,
20260927_103759_1243248,1,24.70276,-10.118142,-4.214429,-11.5143242602637,-2.3878369745672683,0.2013596996941252,3.442391283757977,1,
20260927_103759_1243248,1,24.737072,-10.085841394591434,-4.214569788422746,-11.453388606724165,-2.3837525171173803,0.1656205981830709,3.485901144063985,1,
20260927_103759_1243248,1,24.768719,-10.05738529873242,-4.214010749574321,-11.422801679006115,-2.38170205574825,0.14141999565412539,3.510624715282691,1,
20260927_103759_1243248,1,24.801724,-10.022590239737275,-4.2124655837438425,-11.391968452380953,-2.3796358505747124,0.1137965220928044,3.5358437062820407,1,
20260927_103759_1243248,1,24.835405,-10.022086,-4.212443,-11.361565346710895,-2.3775978085478187,0.10272346584980792,3.561001351324416,1,
20260927_103759_1243248,1,24.87137,-9.988143245401853,-4.210050302697581,-11.330949521123621,-2.3755452541522684,0.07514753780265256,3.5867835003732695,1,
20260927_103759_1243248,1,24.904471,-9.954080086247012,-4.206862271161342,-11.300417176241272,-2.373498964491856,0.04732774330537588,3.61204984811142,1,
20260927_103759_1243248,1,24.935061,-9.9250439325762,-4.203573001566477,-11.299985,-2.37347,0.03301132216535958,3.617903750543147,1,
20260927_103759_1243248,1,24.970382,-9.924551,-4.203517,-11.239848391293272,-2.3694391558776076,0.010067268011908895,3.6623897542313735,1,
20260927_103759_1243248,1,25.002674,-9.886382110601998,-4.198431581014681,-11.20970944310132,-2.367418902420644,-0.020091166771100163,3.687423004661845,0,STATIC:28
20260927_103759_1243248,1,25.034783,-9.844603320598912,-4.19202910831218,-11.178352192879862,-2.3653167668926516,-0.05258410018293007,3.7132526168097675,0,STATIC:28
20260927_103759_1243248,1,25.071771,-9.844051,-4.191944,-11.14750008675454,-2.3632486129537598,-0.06515922993182015,3.7396508641100104,0,STATIC:28
20260927_103759_1243248,1,25.101485,-9.811437285993332,-4.18634581490587,-11.117186133903612,-2.361217032937056,-0.0930775632861555,3.7644684874448124,0,STATIC:28
20260927_103759_1243248,1,25.134883,-9.771050728010545,-4.178767995028601,-11.116738,-2.361187,-0.11259622262281126,3.770474101225682,0,STATIC:28
20260927_103759_1243248,1,25.167586,-9.728399849593618,-4.1700388535508806,-11.08668223792274,-2.3591721489452375,-0.14520540095014017,3.795594892081855,0,STATIC:28
20260927_103759_1243248,1,25.202311,-9.723378826792768,-4.168971300193189,-11.02580832452928,-2.3550923558720913,-0.1728903306325844,3.841361420834568,0,STATIC:28
20260927_103759_1243248,1,25.235131,-9.688922655310193,-4.161356938083328,-10.994796572103946,-2.3530132800280605,-0.20228252170273403,3.8672562789426044,0,STATIC:28
20260927_103759_1243248,1,25.272704,-9.649997221041444,-4.152263518172156,-10.964333591073325,-2.3509717993623807,-0.23355470116379645,3.8935545899237978,0,STATIC:28
20260927_103759_1243248,1,25.304391,-9.649409,-4.152126,-10.933653276368451,-2.348914974915703,-0.24720724574035108,3.9190551296463054,0,STATIC:28
20260927_103759_1243248,1,25.336349,-9.608554539913191,-4.141892914512173,-10.904022838082657,-2.3415304444234764,-0.2807931249414268,3.940150040041795,0,STATIC:28
20260927_103759_1243248,1,25.368847,-9.56716145470196,-4.130298807894494,-10.903606,-2.341425,-0.30026505048670743,3.945327326737905,0,STATIC:28
20260927_103759_1243248,1,25.401543,-9.51981868355398,-4.114393291313786,-10.875903089613844,-2.3303136961506716,-0.3379245200263618,3.9624935786060433,0,STATIC:28
20260927_103759_1243248,1,25.435177,-9.519105,-4.114153,-10.81894271829686,-2.307467115676642,-0.36967977625204773,3.9931025051294915,0,STATIC:28
20260927_103759_1243248,1,25.481746,-9.465400156737802,-4.091260632468033,-10.762440485010478,-2.2848052287987004,-0.42779465012173046,4.025786337873698,0,STATIC:28
20260927_103759_1243248,1,25.510357,-9.42662115567969,-4.071285079800154,-10.761667,-2.284495,-0.44810636534153014,4.0300692720285705,0,STATIC:28
20260927_103759_1243248,1,25.534981,-9.425464,-4.070687,-10.73362652436816,-2.2732484745616213,-0.464490954264616,4.046543894175888,0,STATIC:28
20260927_103759_1243248,1,25.567792,-9.378671565149281,-4.0427862531557865,-10.70573092386949,-2.262059996565541,-0.5050810400388231,4.0640845022568355,0,STATIC:28
20260927_103759_1243248,1,25.601882,-9.322980338963498,-4.005291789120275,-10.704968,-2.261754,-0.5361084947330447,4.068808386488562,0,STATIC:28
20260927_103759_1243248,1,25.635216,-9.321966,-4.004607,-10.67701956038053,-2.2505439924974486,-0.5524086066232763,4.086329899360979,0,STATIC:28
20260927_103759_1243248,1,25.671255,-9.265801386459296,-3.963226706218472,-10.620376877916218,-2.2278247251442447,-0.6160849874596765,4.118198161146234,0,STATIC:28
20260927_103759_1243248,1,25.703259,-9.208381618770533,-3.9187504913812004,-10.59169491934929,-2.216321351321759,-0.5950096160362074,4.136070720678604,0,STATIC:28
20260927_103759_1243248,1,25.735722,-9.16408486903065,-3.8836031970776914,-10.564037234467808,-2.2052276190009508,-0.5540584812376032,4.153497925040386,0,STATIC:28
20260927_103759_1243248,1,25.768373,-9.16189,-3.881861,-10.534354418036665,-2.193322607932851,-0.5358541213355699,4.171973389833546,0,STATIC:28
20260927_103759_1243248,1,25.80251,-9.112967869167669,-3.8425947342192677,-10.506557366271718,-2.182174008614353,-0.49224564860413217,4.189655396367341,0,STATIC:28
20260927_103759_1243248,1,25.834664,-9.063170793824048,-3.802359907360759,-10.506126,-2.182001,-0.4639738647868903,4.1930947374594805,0,STATIC:28
20260927_103759_1243248,1,25.874151,-9.014249379389852,-3.7626876629250474,-10.449998187427148,-2.1594884834794494,-0.4044890660208068,4.225792157760568,0,STATIC:28
20260927_103759_1243248,1,25.902825,-9.013616,-3.762174,-10.421205124624834,-2.1479399832135124,-0.38747462407178407,4.243454943954728,0,STATIC:28
20260927_103759_1243248,1,25.935207,-8.967732447646968,-3.7250369198580477,-10.39176246844623,-2.1361308969294868,-0.34518273647507797,4.261812998456302,0,STATIC:28
20260927_103759_1243248,1,25.968071,-8.920748708528931,-3.687446713771873,-10.364027059684204,-2.1250068399073347,-0.3036824550152358,4.279307773081038,0,STATIC:28
20260927_103759_1243248,1,26.001842,-8.875944195135878,-3.65243179701416,-10.33693126193195,-2.1141388161109846,-0.26425546722498583,4.296516277371946,0,STATIC:28
20260927_103759_1243248,1,26.03538,-8.873666,-3.650652,-10.335553,-2.113586,-0.26225862629724433,4.299768734722971,0,STATIC:28
20260927_103759_1243248,1,26.074745,-8.82295144726329,-3.6124423784320214,-10.279546305122269,-2.0911225245935015,-0.2033612744004134,4.332971070689339,0,STATIC:28
20260927_103759_1243248,1,26.101845,-8.781789975704601,-3.5826676655679397,-10.25055878860042,-2.0794959926669376,-0.16589389431519397,4.35071504586318,0,STATIC:28
20260927_103759_1243248,1,26.135283,-8.735394529297515,-3.550518196910389,-10.221877985478233,-2.0679926036095257,-0.12677545578549593,4.368710811276086,0,STATIC:28
20260927_103759_1243248,1,26.169822,-8.734782,-3.550094,-10.193471135254796,-2.056598669415748,-0.10923331603932566,4.386602705541778,0,STATIC:28
20260927_103759_1243248,1,26.201353,-8.688978610940516,-3.5198029962961788,-10.165140017980942,-2.0452359056950202,-0.07122367331881789,4.404276122893949,0,STATIC:28
20260927_103759_1243248,1,26.234634,-8.636861187064886,-3.4868440569603085,-10.164674,-2.045049,-0.048501424773570265,4.4061775414563655,0,STATIC:28
20260927_103759_1243248,1,26.272067,-8.59479680542478,-3.461218333377915,-10.108578215038518,-2.022549297988444,0.003717463121898093,4.439896291894581,1,
20260927_103759_1243248,1,26.304654,-8.594384,-3.460967,-10.080019122501296,-2.0110943717459637,0.0218396822721197,4.457716627828548,1,
20260927_103759_1243248,1,26.33519,-8.544689145481435,-3.4316077265527447,-10.05183432734144,-1.9997901705882355,0.059443186866346046,4.475244406374552,1,
20260927_103759_1243248,1,26.368202,-8.490775358801766,-3.400625380025467,-10.023217690406886,-1.9883124643441872,0.09820089993074173,4.49311062597542,1,
20260927_103759_1243248,1,26.401591,-8.485925899542696,-3.3978725039901967,-9.994707640613324,-1.9768776990465375,0.11842838309938093,4.51091736773565,1,
20260927_103759_1243248,1,26.435052,-8.438647613387696,-3.371377083905395,-9.994297,-1.976713,0.13572879944918653,4.5119628519806305,1,
20260927_103759_1243248,1,26.474225,-8.390893313246899,-3.345082703143633,-9.938630223301956,-1.9543852630604117,0.18878249213746728,4.530089415877003,1,
20260927_103759_1243248,1,26.50431,-8.39014,-3.344668,-9.909497582881253,-1.9427012362869194,0.20841234594293018,4.513351897653304,1,
20260927_103759_1243248,1,26.535382,-8.345791296766931,-3.3205920028309484,-9.880190684960592,-1.9309457055493007,0.24281289449172622,4.496871143669061,1,
20260927_103759_1243248,1,26.570379,-8.292266427777303,-3.291854392913139,-9.852609064654066,-1.9198828485703698,0.2784751855362188,4.482648343729534,1,
20260927_103759_1243248,1,26.601312,-8.291515,-3.291451,-9.852223,-1.919728,0.27897042893407725,4.488285033970763,1,
20260927_103759_1243248,1,26.635053,-8.24042814922498,-3.2642541601315918,-9.824340284668505,-1.9085454627308025,0.3134172191920312,4.446756308065854,1,
20260927_103759_1243248,1,26.678241,-8.190688072946129,-3.23791751204833,-9.768996929565356,-1.8863479350182144,0.36613662701037225,4.390769728699412,1,
20260927_103759_1243248,1,26.702463,-8.189076,-3.237064,-9.739087223613899,-1.874351071089641,0.38766442171559384,4.388605371623006,1,
20260927_103759_1243248,1,26.735724,-8.136108257380991,-3.209116769736455,-9.71129414908728,-1.8632033224159177,0.42181643355161375,4.327658759734981,1,
20260927_103759_1243248,1,56.702827,18.044509599169878,0.9190476039134268,16.755915981915212,2.110300190038541,0.40959842984162154,0.414938490148448,1,
20260927_103759_1243248,1,56.735348,18.054577533310727,0.8613419063415184,16.81681679535716,2.1017172632179295,0.4289860144201079,0.395662611700247,1,
20260927_103759_1243248,1,56.768545,18.054752,0.860344,16.846514142678163,2.0975310718909403,0.44285903874777627,0.39697017567980214,1,
20260927_103759_1243248,1,56.80174,18.065485794141008,0.8045118890212593,16.87738554435484,2.0931795871823065,0.4508930288506248,0.379641883966605,1,
20260927_103759_1243248,1,56.835836,18.07893603351104,0.7416339813697337,16.908054732292463,2.088857925156717,0.4591504192018266,0.36190222074853656,1,
20260927_103759_1243248,1,56.873533,18.094269215139867,0.6789216861991195,16.938388494551244,2.084582602837067,0.4685462309153355,0.34590461488307295,1,
20260927_103759_1243248,1,56.902069,18.094469,0.678106,16.938783,2.084527,0.4686746911453806,0.3455647829167661,1,
20260927_103759_1243248,1,56.935539,18.10718881041964,0.6330636292262463,16.96775430201811,2.0804434936369725,0.48021265408462194,0.3339884031842771,1,
20260927_103759_1243248,1,56.969187,18.125362967720243,0.5776652814085724,17.02879066913248,2.0718405964418904,0.5100917771485453,0.3198303860952005,1,
20260927_103759_1243248,1,57.001994,18.125609,0.576919,17.057207341625443,2.067835586572438,0.5263181436721552,0.3182951882047687,1,
20260927_103759_1243248,1,57.034882,18.148307839123994,0.5199372901366587,17.090173327515238,2.063188993742795,0.5426347930318037,0.3021785994075303,1,
20260927_103759_1243248,1,57.07246,18.17784789040695,0.45971796198931253,17.11992270346349,2.058996790489354,0.5585845566971789,0.28320530898549673,1,
20260927_103759_1243248,1,57.104974,18.202173724730518,0.41839412984293606,17.150464708900518,2.054691587742532,0.576814440981143,0.26784034668917717,1,
20260927_103759_1243248,1,57.135514,18.202543,0.417769,17.15093,2.054626,0.5770961744886424,0.26404482918970745,1,
20260927_103759_1243248,1,57.168998,18.233831149929532,0.3720793998920514,17.210442077723467,2.0462387750157425,0.6147939799695407,0.2446472212192367,1,
20260927_103759_1243248,1,57.201989,18.268384185975695,0.3272155715394544,17.240855995044626,2.0419515334487603,0.6354346823911551,0.22468958018940294,1,
20260927_103759_1243248,1,57.236404,18.272983504672343,0.3214511896439559,17.271724524248874,2.037601197687486,0.6556885313438584,0.2168753825967072,1,
20260927_103759_1243248,1,57.273216,18.304879142457565,0.2826411908486143,17.302278118832312,2.0332947246707405,0.6772285201852261,0.19809834417593503,1,
20260927_103759_1243248,1,57.30299,18.336617658204894,0.24434073466304293,17.302638,2.033244,0.6788498974705771,0.18270772616086878,1,
20260927_103759_1243248,1,57.334752,18.34051682211418,0.23961027616060168,17.3323487390527,2.029056732057716,0.6989402766088509,0.17453013609502582,1,
20260927_103759_1243248,1,57.368321,18.370006312666078,0.20337996279893258,17.391750244464138,2.020684180690876,0.7407404549025812,0.158223810394936,1,
20260927_103759_1243248,1,57.40217,18.403766883352574,0.16081620931403023,17.4231417943275,2.016260503419487,0.7639863959614169,0.14060114366540327,1,
20260927_103759_1243248,1,57.435202,18.404555,0.159822,17.45313423612622,2.0120325262967,0.7850683872007161,0.13217986456639902,1,
20260927_103759_1243248,1,57.474439,18.43928657570218,0.11514692294622372,17.485030370620187,2.007536969132148,0.8092175643566005,0.11229900532044142,1,
20260927_103759_1243248,1,57.502269,18.464194150889472,0.0834074618846916,17.51389409359148,2.003469471315282,0.8310419951057809,0.09718215166669088,1,
20260927_103759_1243248,1,57.534906,18.46474,0.082712,17.514529,2.00338,0.8315244303986483,0.09005476986609996,1,
20260927_103759_1243248,1,57.568817,18.492524057631616,0.048771146822003154,17.54457064804601,1.9991451670845009,0.8546385113710356,0.07166077886452428,1,
20260927_103759_1243248,1,57.602663,18.52424462994684,0.013092599822800574,17.60495791376255,1.9906348821618431,0.9007571171260765,0.04773512103061779,1,
20260927_103759_1243248,1,57.635238,18.55375161408416,-0.01652388669965865,17.63539964122583,1.9863440489041897,0.9252025536127298,0.025423104197007232,1,
20260927_103759_1243248,1,57.672983,18.571372119904524,-0.032345690390203075,17.659339847218764,1.9829695723951848,0.9443095894046195,0.00695999213336819,1,
20260927_103759_1243248,1,57.701343,18.576382,-0.036833,17.695637268069643,1.977854459178051,0.972108487389641,-0.0048084303547152735,0,DYNAMIC:5
20260927_103759_1243248,1,57.734319,18.61073682206427,-0.06372292749528871,17.696705,1.977704,0.9752247637728563,-0.029679751937963336,0,DYNAMIC:5
20260927_103759_1243248,1,57.769068,18.611354,-0.064206,17.7263767726791,1.9735219409355218,0.9979580232027726,-0.04012375099592107,0,DYNAMIC:5
20260927_103759_1243248,1,57.802125,18.648042863703925,-0.08811924222660045,17.786112557682383,1.9651018006067054,1.0466852805979479,-0.07440614588308934,0,DYNAMIC:5
20260927_103759_1243248,1,57.835692,18.677711342487463,-0.10435544379896355,17.817614345128074,1.9606624432708382,1.073407756047804,-0.1028965972734016,0,DYNAMIC:5
20260927_103759_1243248,1,57.876249,18.718193746075254,-0.12265275105905792,17.848064144031895,1.9563707802143036,1.1002134991996364,-0.14062045916014299,0,DYNAMIC:5
20260927_103759_1243248,1,57.909626,18.718935,-0.122986,17.878082148677223,1.952139450893935,1.1240602459223408,-0.1511390371884232,0,DYNAMIC:5
20260927_103759_1243248,1,57.936159,18.76233659433647,-0.1383337736816695,17.90818297510127,1.9478975572113415,1.1510345655518595,-0.18953473376167107,0,DYNAMIC:5
20260927_103759_1243248,1,57.971688,18.795260031279618,-0.14769060301087178,17.909152,1.947761,1.1538522502252908,-0.21965541535096395,0,DYNAMIC:5
20260927_103759_1243248,1,58.003572,18.796343,-0.147995,17.93856724347283,1.943615375390381,1.1776274116487426,-0.23020470245506153,0,DYNAMIC:5
20260927_103759_1243248,1,58.034993,18.840226180955423,-0.1576705317462856,17.99726719453587,1.9353413243649142,1.2279069706513261,-0.2752238204832306,0,DYNAMIC:5
20260927_103759_1243248,1,58.094694,18.89327956014791,-0.16620428488108233,18.059532922127907,1.9265659047987227,1.2819405648556956,-0.33379685644432555,0,DYNAMIC:5
20260927_103759_1243248,1,58.122823,18.93241212335627,-0.1706636347948262,18.090419166120256,1.9222128023921896,1.3093720837339498,-0.3473065697743862,0,DYNAMIC:5
20260927_103759_1243248,1,58.135355,18.933292,-0.170763,18.091106,1.922116,1.3099810479605185,-0.34418216233297994,0,DYNAMIC:5
20260927_103759_1243248,1,58.168258,18.977253331686754,-0.17423532361445818,18.12084873156627,1.9179236856024091,1.3364813807907838,-0.3004033678285962,0,DYNAMIC:5
20260927_103759_1243248,1,58.210495,19.021701480087145,-0.176487852406563,18.14989130070121,1.9138303076678689,1.3621582959436813,-0.25419496130623614,0,DYNAMIC:5
20260927_103759_1243248,1,58.234942,19.024509,-0.176628,18.151724,1.913572,1.3637693078439648,-0.2470749471777432,0,DYNAMIC:5
20260927_103759_1243248,1,58.292772,19.070087993943748,-0.17823220319236302,18.21075475282283,1.905252710172449,1.4149542765302532,-0.1932243990400137,0,DYNAMIC:5
20260927_103759_1243248,1,58.30792,19.121590571745568,-0.1806422625739647,18.240904802514798,1.9010031997041417,1.4412211339791088,-0.14657220848243818,0,DYNAMIC:5
20260927_103759_1243248,1,58.335995,19.124564,-0.180782,18.275519822238213,1.8961239301907162,1.471371731158148,-0.13476237328445634,0,DYNAMIC:5
20260927_103759_1243248,1,58.370062,19.167435009748072,-0.18434260717012133,18.30292134438311,1.8922626981325976,1.4953503056566568,-0.09213470131320077,0,DYNAMIC:5
20260927_103759_1243248,1,58.402358,19.207101776856458,-0.18905614974510185,18.303345,1.892203,1.4957217858501701,-0.05617683203528405,0,DYNAMIC:5
20260927_103759_1243248,1,58.435661,19.20808,-0.189173,18.333072591591954,1.8880127426702202,1.5218431645627304,-0.04559716103537258,0,DYNAMIC:5
20260927_103759_1243248,1,58.482308,19.253714695649386,-0.19567729857546254,18.3932796649769,1.8795272343429152,1.5750686883794247,0.004247327810154813,1,
20260927_103759_1243248,1,58.502275,19.28739122544476,-0.20060031235361547,18.42341597348881,1.8752797841730202,1.6018640318970887,0.036633848076741374,1,
20260927_103759_1243248,1,58.535787,19.3236568350302,-0.20571788674144387,18.452911804342826,1.8711219363819385,1.6281839909591318,0.07329399454975168,1,
20260927_103759_1243248,1,58.569906,19.325765,-0.206015,18.48493539471512,1.8666092206318614,1.6568616807847427,0.08471429929141878,1,
20260927_103759_1243248,1,58.604814,19.362604770307154,-0.21099238683446775,18.515062652903485,1.8623621817659402,1.6839336570382366,0.12210419343215796,1,
20260927_103759_1243248,1,58.635616,19.40712239469842,-0.2168541972356513,18.515447,1.862308,1.6842795940064252,0.1608011556387257,1,
20260927_103759_1243248,1,58.673593,19.444647658435777,-0.221672475281192,18.575117867277,1.853897972482345,1.7381549463571766,0.20272241026081012,1,
20260927_103759_1243248,1,58.710388,19.445353,-0.221763,18.60589159343709,1.8495611304418809,1.7660650627226302,0.21306386403477534,1,
20260927_103759_1243248,1,58.735663,19.4835730563204,-0.22641783416770958,18.63599717334168,1.8453178951814768,1.7934475380794404,0.24973691978506535,1,
20260927_103759_1243248,1,58.775369,19.52770491323653,-0.23128965526832837,18.66663832597545,1.8409991574756939,1.8213940186795667,0.2932490938466648,1,
20260927_103759_1243248,1,58.801592,19.562719376201517,-0.2346694247179062,18.69693428213214,1.8367295907070396,1.8490993799787183,0.3277144889805676,1,
20260927_103759_1243248,1,58.834765,19.56819279138562,-0.23516335543389488,18.69757,1.83664,1.8496815027668438,0.33710294447853845,1,
20260927_103759_1243248,1,58.879915,19.610449031274882,-0.23859887746615918,18.75723879102893,1.8282294815535705,1.9044545645544109,0.3836479656651908,1,
20260927_103759_1243248,1,58.901716,19.650393691799067,-0.241345732482322,18.787606103223442,1.8239501327945629,1.9324297732761444,0.42130661832382815,1,
20260927_103759_1243248,1,58.935524,19.651272,-0.241406,18.818535589268816,1.8195906660553711,1.960988306222193,0.43075196014457023,1,
20260927_103759_1243248,1,62.768531,23.80202719858958,0.5989202830660281,22.306066968726753,2.129290006486744,0.7228835062991522,1.6165089215495305,1,
20260927_103759_1243248,1,62.801422,23.80286,0.599046,22.336142382628896,2.135327584211975,0.717998610580386,1.6209285852721578,1,
20260927_103759_1243248,1,62.835055,23.84190887447251,0.6045691495393757,22.366374980564633,2.141395908469539,0.6870247851022359,1.6175498984357994,1,
20260927_103759_1243248,1,62.875421,23.884852388692146,0.6102903529309793,22.39660748646574,2.1474634596201,0.6537812154751873,1.6150460104001543,1,
20260927_103759_1243248,1,62.90565,23.915398168837,0.6141257040862146,22.418978319263584,2.1519540547822182,0.6302307541878244,1.613951098592675,1,
20260927_103759_1243248,1,62.934941,23.925812,0.615432,22.42661,2.153486,0.6222200090778535,1.6166099074439901,1,
20260927_103759_1243248,1,62.969133,23.96525498068425,0.620117747548948,22.485936814217567,2.1653947859463263,0.5866122684232181,1.615341851383845,1,
20260927_103759_1243248,1,63.001822,24.00749034478382,0.6248756179033756,22.514145808190204,2.171056984347237,0.5549466124915751,1.6141185029917289,1,
20260927_103759_1243248,1,63.035492,24.047159950991418,0.629168733489732,22.54603921004595,2.177458586046212,0.5243941842514949,1.6142082303208287,1,
20260927_103759_1243248,1,63.069909,24.047933,0.629252,22.576880661676125,2.1836492441078437,0.5176325699483592,1.6197343096235972,1,
20260927_103759_1243248,1,63.103151,24.087844734982543,0.633419363548814,22.577278,2.183729,0.4935331719757335,1.620595890767867,1,
20260927_103759_1243248,1,63.134889,24.127819210110985,0.6375136149275319,22.60653272594083,2.18960140318169,0.4636706617696063,1.6220284045401958,1,
20260927_103759_1243248,1,63.168229,24.128448,0.637578,22.666219066851106,2.201581875650316,0.44998069134533664,1.6276397086048149,1,
20260927_103759_1243248,1,63.201513,24.17202735364572,0.6420184286614833,22.69652736079008,2.207665386215591,0.41748642360708654,1.630065600085959,1,
20260927_103759_1243248,1,63.234872,24.215877405992263,0.646529526917194,22.726537661878055,2.2136892545061935,0.3850647082634686,1.6335860685255643,1,
20260927_103759_1243248,1,63.273993,24.26367280016315,0.6515696266602082,22.756320555331783,2.2196670240905494,0.3506176883937089,1.6392346320343127,1,
20260927_103759_1243248,1,63.306982,24.264321,0.651638,22.786404480848734,2.2257056059095324,0.34251225274339214,1.6450818707244277,1,
20260927_103759_1243248,1,63.335581,24.297636155664716,0.6552953850168861,22.786805,2.225786,0.32380832346802824,1.6501932868608435,1,
20260927_103759_1243248,1,63.368918,24.333110448931482,0.6593934812626299,22.81664574321842,2.231776221511237,0.296260789932704,1.6570198728171104,1,
20260927_103759_1243248,1,63.401831,24.333616,0.659452,22.876847086488787,2.243860188840941,0.2793590894267046,1.6629930362467709,1,
20260927_103759_1243248,1,63.434948,24.3651387350582,0.6633583776611784,22.90693502825523,2.249899473312828,0.2533806712868698,1.6705687800657951,1,
20260927_103759_1243248,1,63.472772,24.40630697216257,0.6689431701932642,22.936783212643377,2.255890351044885,0.22205722291863406,1.6807474969621692,1,
20260927_103759_1243248,1,63.50569,24.43537785756151,0.6732681232981255,22.966629568960254,2.2618810453934914,0.19719274192712244,1.6899859746588997,1,
20260927_103759_1243248,1,63.534989,24.436007,0.673362,22.996845208387853,2.267946490048895,0.18751389272229702,1.6954515279956637,1,
20260927_103759_1243248,1,63.569145,24.476814640692385,0.6800705831272635,22.997321,2.268042,0.16514103507568123,1.7075930082426412,1,
20260927_103759_1243248,1,63.60226,24.521789287332684,0.6883090017806713,23.056183555231495,2.279857192865039,0.12193053836490421,1.7219304691002242,1,
20260927_103759_1243248,1,63.634983,24.562475803334962,0.6965393256498272,23.08683745929377,2.286010592447277,0.08977743755969815,1.737024098951142,1,
20260927_103759_1243248,1,63.674178,24.563022,0.69665,23.117017822879635,2.292067631284916,0.07937152925213566,1.7443901887356634,1,
20260927_103759_1243248,1,63.702802,24.60302600393522,0.7054450889778848,23.146464264774504,2.2979783143653134,0.04767952211075334,1.7600320388714137,1,
20260927_103759_1243248,1,63.735205,24.644946947989812,0.7153357853103841,23.147205,2.298127,0.02479155551884661,1.778313250539085,1,
20260927_103759_1243248,1,63.768579,24.686967934590633,0.7259119485107027,23.17730572593923,2.304169583445592,-0.008238279900955034,1.7982301528852205,0,STATIC:13
20260927_103759_1243248,1,63.80133,24.687635,0.72608,23.23656196202687,2.3160635871607367,-0.029647357675099614,1.8044490028036766,0,STATIC:13
20260927_103759_1243248,1,63.834933,24.73436973227807,0.7385839589816973,23.267224364872117,2.322218211083289,-0.06575550623107111,1.827550145530996,0,STATIC:13
20260927_103759_1243248,1,63.87713,24.787143633711434,0.7535399179710639,23.297069144166333,2.328208410452533,-0.1047460135713794,1.856290924930409,0,STATIC:13
20260927_103759_1243248,1,63.901796,24.787687,0.753694,23.32684470094898,2.3341857522913454,-0.11622094335309728,1.8609556607345719,0,STATIC:13
20260927_103759_1243248,1,63.935315,24.826986403897234,0.7653671978156448,23.35712319883024,2.3402633671928634,-0.14838116998960876,1.8839305311402341,0,STATIC:13
20260927_103759_1243248,1,63.968029,24.8768449020099,0.780749030331726,23.3575,2.340339,-0.17447135741204833,1.9127039567148374,0,STATIC:13
20260927_103759_1243248,1,64.001378,24.877522,0.780958,23.38584644014185,2.346028803695018,-0.18573823054076688,1.9189005662571461,0,STATIC:13
20260927_103759_1243248,1,64.034931,24.916569064189197,0.7934121574699721,23.446464480449208,2.3581958601413935,-0.22972849543913693,1.9437981971182063,0,STATIC:13
20260927_103759_1243248,1,64.076767,24.964685826296137,0.8091828938675862,23.47720898305328,2.364367573028867,-0.2665257685372683,1.9756504943539683,0,STATIC:13
20260927_103759_1243248,1,64.104982,25.00988690276205,0.8243857659348482,23.507370209985844,2.370421697662891,-0.30146045371322044,2.0047110540065205,0,STATIC:13
20260927_103759_1243248,1,64.134742,25.021602474000872,0.8283785633087962,23.5372083305099,2.3764109517327148,-0.3196096703986675,2.016187185706114,0,STATIC:13
20260927_103759_1243248,1,64.168158,25.060959717862158,0.8419590696979659,23.5672777275416,2.382446626385445,-0.35154797796215537,2.043913308470076,0,STATIC:13
20260927_103759_1243248,1,64.202504,25.10199369560159,0.8563539920875052,23.567718,2.382535,-0.37164721435807097,2.0734129067913294,0,STATIC:13
20260927_103759_1243248,1,64.235046,25.102615,0.856572,23.597498696965957,2.3885124663295505,-0.38454797861241924,2.0790748248644633,0,STATIC:13
20260927_103759_1243248,1,64.271985,25.153687807298997,0.8747989471918644,23.65713437831404,2.400482369629912,-0.4346370925443645,2.115677080593324,0,STATIC:13
20260927_103759_1243248,1,64.303638,25.20954169069372,0.8950762843551141,23.688398076932774,2.4067580390019536,-0.47441483595479783,2.155426721216484,0,STATIC:13
20260927_103759_1243248,1,64.335572,25.246289190826612,0.9085877472794762,23.717186953665312,2.4125365620342376,-0.5040209779042022,2.183888696718573,0,STATIC:13
20260927_103759_1243248,1,64.368411,25.247043,0.908865,23.747574476190465,2.4186365396825376,-0.5019290817062738,2.18938579394439,0,STATIC:13
20260927_103759_1243248,1,64.401529,25.293631478479476,0.9261741161593208,23.777833986551563,2.42470973018325,-0.4672712755595246,2.22484585904479,0,STATIC:13
20260927_103759_1243248,1,64.436209,25.351133384950938,0.9477571477357551,23.778214,2.424786,-0.44195373830102525,2.268561287488037,0,STATIC:13
20260927_103759_1243248,1,64.471508,25.3521,0.94812,23.80757742552045,2.4306801506041187,-0.42802480789508757,2.274299090448422,0,STATIC:13
20260927_103759_1243248,1,64.502469,25.393421756000272,0.9637449694356907,23.86646445820734,2.4425007587671357,-0.38280103015795125,2.307029652941636,0,STATIC:13
20260927_103759_1243248,1,64.534903,25.442371709813663,0.9823331791304352,23.8982953357764,2.4488893773913043,-0.3473073067841698,2.345703383279936,0,STATIC:13
20260927_103759_1243248,1,64.569293,25.443019,0.982579,23.927597225916703,2.4547716858020046,-0.33284621261167013,2.350806064070883,0,STATIC:13
20260927_103759_1243248,1,64.601351,25.487090139950343,0.9993562407072548,23.956889961419414,2.4606508593141894,-0.30078084265818295,2.3863214704248525,0,STATIC:13
20260927_103759_1243248,1,64.635234,25.536007553384007,1.0179911614187493,23.987639210278683,2.4668229711666068,-0.26645184983882536,2.4259155701105772,0,STATIC:13
20260927_103759_1243248,1,64.689713,25.58422603722116,1.0363487741414736,24.017819675300853,2.472880758732022,-0.23310603535319901,2.4678952569129766,0,STATIC:13
20260927_103759_1243248,1,64.714576,25.635864469767434,1.055972676744183,24.018065,2.47293,-0.2140795967492678,2.5090775627278834,0,STATIC:13
20260927_103759_1243248,1,64.734803,25.63696,1.056389,24.075687674666685,2.4844969544242463,-0.18440759862221434,2.512275850690348,0,STATIC:13
20260927_103759_1243248,1,64.769653,25.684243071393375,1.0743055427983428,24.10782812667034,2.490947875677556,-0.151162391779551,2.551668040612677,0,STATIC:13
20260927_103759_1243248,1,64.801546,25.730124453528113,1.091625494435915,24.1376154043447,2.4969266938027035,-0.12003533248349689,2.589898058417229,0,STATIC:13
20260927_103759_1243248,1,64.835113,25.736216132289677,1.0939190702079356,24.167958555509088,2.5030175914196957,-0.10193820150230108,2.5981471954798243,0,STATIC:13
20260927_103759_1243248,1,64.871878,25.78375565799721,1.1117668768484945,24.168394,2.503105,-0.08632439665902646,2.638262889051644,0,STATIC:13
20260927_103759_1243248,1,64.902111,25.831679816311002,1.12964625866005,24.197683292638544,2.508984546997519,-0.05576959184249912,2.6781764735677074,0,STATIC:13
20260927_103759_1243248,1,64.935583,25.83236,1.1299,24.25722228228478,2.5209354772028276,-0.023149980807140688,2.681949247918162,0,STATIC:13
20260927_103759_1243248,1,64.96862,25.88473853809094,1.1492881550737741,24.287919227943394,2.5270968386028305,0.00928872616290223,2.7256374802161147,1,
20260927_103759_1243248,1,65.004318,25.929178909348877,1.1656006405427708,24.315680598803013,2.5326694278196262,0.03730412151383235,2.7635092009255526,1,
20260927_103759_1243248,1,65.034678,25.933744,1.167276,24.34805712187396,2.5391680448970564,0.05690001122837675,2.76969218105058,1,
20260927_103759_1243248,1,65.077189,25.9802320365516,1.1841939672327875,24.37773992828134,2.5451257427081417,0.0862454233262029,2.7526824084315056,1,
20260927_103759_1243248,1,65.104994,26.027550392199714,1.2012731722286023,24.378643,2.545307,0.09870109792072725,2.69933402081765,1,
20260927_103759_1243248,1,65.135198,26.08089585598324,1.220351781618224,24.43661599554857,2.556944383608274,0.14507051211264244,2.639461215077678,1,
20260927_103759_1243248,1,65.168805,26.082387,1.220885,24.468089381959274,2.5632615619454384,0.16402695750024865,2.6339957366356526,1,
20260927_103759_1243248,1,65.201573,26.139489460477314,1.2410913197216593,24.498090659464076,2.5692834141488117,0.19452617061212996,2.5701124767005172,1,
20260927_103759_1243248,1,65.235665,26.18145279697889,1.2558035864341548,24.527769720459585,2.5752409105330694,0.22107966239400512,2.5221894376695184,1,
20260927_103759_1243248,1,65.276486,26.228202826353304,1.2720677444232948,24.558052380411972,2.5813190359008162,0.24856578674844654,2.4686908608602662,1,
20260927_103759_1243248,1,65.305025,26.229158,1.2724,24.55867,2.581443,0.24912227691837652,2.4646814967154205,1,
20260927_103759_1243248,1,65.338229,26.271546793904204,1.2870447191581973,24.588303178882434,2.5873913766328,0.27499950013143815,2.416870022001354,1,
20260927_103759_1243248,1,65.368641,26.32036077737697,1.303804405003805,24.647959991031534,2.599366092629976,0.32043674952098833,2.3628091323982225,1,
20260927_103759_1243248,1,65.402178,26.321149,1.304075,24.678717904390307,2.6055398393399667,0.3401506046546635,2.358770947061685,1,
20260927_103759_1243248,1,65.435248,26.360463051779554,1.3174799393075882,24.708659780027897,2.611549669253624,0.3653771500756914,2.3147196693253935,1,
20260927_103759_1243248,2,72.402264,29.68486562758559,1.3559675541088432,30.850072493889265,1.2158584945402908,1.0123134000653546,0.3352280343118113,1,
20260927_103759_1243248,2,72.435045,29.710678740677245,1.324192035576503,30.878170711958855,1.2030916078011111,1.0179661039156016,0.35385168176407517,1,
20260927_103759_1243248,2,72.469042,29.71103,1.323759,30.905883486891717,1.1905004871547549,1.0241285158332072,0.35248246109636255,1,
20260927_103759_1243248,2,72.503694,29.73755000632544,1.288682339716807,30.906426,1.190254,1.0242549325297932,0.37763683870133774,1,
20260927_103759_1243248,2,72.535925,29.756524699915992,1.2618557740580574,30.933997099965776,1.1777270705329643,1.0309695422127854,0.3948966461867839,1,
20260927_103759_1243248,2,72.56904,29.777749072973695,1.2297735180954585,30.988275975349932,1.1530662776314584,1.0458263948932889,0.39773666457521595,1,
20260927_103759_1243248,2,72.601796,29.778433,1.228739,30.990033,1.152268,1.0463431064238373,0.3782378241680925,1,
20260927_103759_1243248,2,72.635074,29.800727618313964,1.1923678777967945,31.045031453794643,1.1272793705739228,1.0636292856702807,0.3822640446681066,1,
20260927_103759_1243248,2,72.68255,29.818015979061116,1.1625691042529447,31.073438392372868,1.1143729367628803,1.0567659675877288,0.3677680888838978,1,
20260927_103759_1243248,2,72.70583,29.818216,1.162224,31.10076104322496,1.101958042025442,1.043088219711694,0.36141744832487,1,
20260927_103759_1243248,2,72.73567,29.836259744676575,1.130900364503823,31.101494,1.101625,1.0427276299019737,0.3495199040349072,1,
20260927_103759_1243248,2,72.767966,29.8559308482529,1.0992424470892104,31.15656589305827,1.076603781013725,1.0166076435338218,0.3538085427043346,1,
20260927_103759_1243248,2,72.802585,29.876164841213196,1.0721976048171369,31.184851605709177,1.0637524406779704,1.0038812908964805,0.3466949904465282,1,
20260927_103759_1243248,2,72.835047,29.881201009841547,1.0664418339316653,31.212878666439718,1.0510176283114603,0.9915293818371064,0.33555007888389754,1,
20260927_103759_1243248,2,72.872199,29.901055515541668,1.0480328804072627,31.241183317944294,1.0381584135646185,0.9787161847460021,0.32437216075659003,1,
20260927_103759_1243248,2,72.906986,29.928573716191845,1.0319861782677138,31.268540115561922,1.0257290368790244,0.9662197838842023,0.31376779945793387,1,
20260927_103759_1243248,2,72.934547,29.929036,1.031718,31.268998,1.025521,0.966009304729685,0.2950035763432838,1,
20260927_103759_1243248,2,72.968789,29.961240214074895,1.024099369697319,31.323166490653403,1.000909135019383,0.9434767638249416,0.2909247267563805,1,
20260927_103759_1243248,2,73.001862,29.992459337534246,1.024956430338861,31.350609635010816,0.9884402303388603,0.933043606679152,0.27620585727965863,1,
20260927_103759_1243248,2,73.035161,29.994839,1.02504,31.379949002589342,0.9751105368582587,0.9221089582602827,0.2620577191065875,1,
20260927_103759_1243248,2,73.075248,30.028835767363457,1.0330936089008782,31.408248034389754,0.9622527410654055,0.9131262697005834,0.23985322288416566,1,
20260927_103759_1243248,2,73.106132,30.06406259598809,1.046931413884971,31.434939333333332,0.9501248152327223,0.9060138585344587,0.22100850497113778,1,
20260927_103759_1243248,2,73.135373,30.065757,1.0476,31.436222,0.949542,0.9056867321438004,0.20142617524605494,1,
20260927_103759_1243248,2,73.168212,30.109101715443682,1.0703790061250587,31.463936539645292,0.936950668881035,0.9000617437284143,0.1777888446690712,1,
20260927_103759_1243248,2,73.202461,30.15878459731272,1.1018219684070338,31.518527457591293,0.912147111690265,0.8886174133948018,0.15417203019194387,1,
20260927_103759_1243248,2,73.236869,30.194909684935514,1.1272000101190305,31.54734775916123,0.8990531990173426,0.8846906737167314,0.12619195034931896,1,
20260927_103759_1243248,2,73.272635,30.195449,1.12758,31.575435463190868,0.8862917100022399,0.8778746072628597,0.1085715676470503,1,
20260927_103759_1243248,2,73.306089,30.241198717127197,1.1619879472367742,31.60282166519771,0.8738479754645089,0.8768436993890304,0.07572288984917215,1,
20260927_103759_1243248,2,73.335725,30.29286042233632,1.2028405291534277,31.63104681575569,0.8610244148368378,0.8680308356434222,0.040739900329527526,1,
20260927_103759_1243248,2,73.367848,30.29944563261738,1.208143794205793,31.63162,0.860764,0.8675095377133445,0.019617727782787323,1,
20260927_103759_1243248,2,73.401873,30.344599665586998,1.2450973178646103,31.65881393951886,0.8484080528841904,0.8428964860513689,-0.016475009243967123,0,DYNAMIC:10
20260927_103759_1243248,2,73.435265,30.402652006794618,1.2933599536297575,31.71454257292288,0.8230879895398714,0.7932328073791638,-0.05808192271136482,0,DYNAMIC:10
20260927_103759_1243248,2,73.473402,30.403714,1.294243,31.74277342960916,0.810261823003027,0.7685072389770257,-0.07661815985324656,0,DYNAMIC:10
20260927_103759_1243248,2,73.503062,30.46561873794999,1.3459545529597077,31.770503554903797,0.7976622747536375,0.7445291043814456,-0.12171533501897154,0,DYNAMIC:10
20260927_103759_1243248,2,73.534944,30.510890367727278,1.3835751059253802,31.798814134558977,0.7847994021002205,0.7203858318764244,-0.16005437073279052,0,DYNAMIC:10
20260927_103759_1243248,2,73.569189,30.511551,1.384124,31.799231,0.78461,0.7200329853489679,-0.17552480518344105,0,DYNAMIC:10
20260927_103759_1243248,2,73.601917,30.559137852657297,1.4232296466707395,31.826321358338422,0.7723018482590103,0.6972755559404448,-0.21458136573293424,0,DYNAMIC:10
20260927_103759_1243248,2,73.635043,30.619042010327956,1.4715073904692855,31.882096195144044,0.7469610304402985,0.6515661703170285,-0.2582477582521214,0,DYNAMIC:10
20260927_103759_1243248,2,73.677843,30.670247915252645,1.511660887562923,31.937492030952814,0.7217912206787298,0.6078706987211885,-0.2115202102275302,0,DYNAMIC:10
20260927_103759_1243248,2,73.704118,30.6709,1.512172,31.938199,0.72147,0.6073250295921776,-0.2021254413069508,0,DYNAMIC:10
20260927_103759_1243248,2,73.736299,30.70977243775317,1.541737939438579,31.963070821091698,0.7101694445231266,0.5883326495277749,-0.16907295893662966,0,DYNAMIC:10
20260927_103759_1243248,2,73.76822,30.759194501246874,1.5781010304793515,31.99348407481296,0.6963517603214209,0.5656748082201889,-0.13080337435137407,0,DYNAMIC:10
20260927_103759_1243248,2,73.802332,30.807160409831287,1.611536365265969,31.994014,0.696111,0.5652857859680787,-0.09789158412875727,0,DYNAMIC:10
20260927_103759_1243248,2,73.836109,30.808043,1.612151,32.021325005511116,0.6837023531259262,0.5455170538869496,-0.08477903565861754,0,DYNAMIC:10
20260927_103759_1243248,2,73.871165,30.858760926603402,1.6447704338058746,32.07684518423459,0.6584764811935533,0.5071413496302186,-0.044215580756420084,0,DYNAMIC:10
20260927_103759_1243248,2,73.904113,30.914563434719046,1.676136181330894,32.1049145061672,0.6457236044160206,0.48874726244834127,-0.0077017118378317345,0,DYNAMIC:10
20260927_103759_1243248,2,73.935173,30.915278,1.676537,32.132768885161006,0.6330677047962137,0.47122274703501926,0.004181099121550638,1,
20260927_103759_1243248,2,73.967637,30.957252318838794,1.6955478874849759,32.16076283457117,0.6203485490770136,0.45438879201052135,0.03258111122912068,1,
20260927_103759_1243248,2,74.001696,30.99506624518664,1.7079350863878755,32.18758946000561,0.6081602767330899,0.43903435128853047,0.05773533036435942,1,
20260927_103759_1243248,2,74.034724,30.997286,1.708658,32.189166,0.607444,0.4381566579897079,0.06463436916902489,1,
20260927_103759_1243248,2,74.071905,31.032142213516792,1.7144767174423312,32.216451878106035,0.5950468746256576,0.4234168815825526,0.0872030347662326,1,
20260927_103759_1243248,2,74.102279,31.0685414440906,1.7132461160538417,32.27177841746551,0.569908848588321,0.3962989339782012,0.11355145651359073,1,
20260927_103759_1243248,2,74.135599,31.09695244402523,1.7062255051462385,32.29999384138721,0.5570891749117157,0.3840013302762491,0.13068761562353343,1,
20260927_103759_1243248,2,74.168049,31.103942287876922,1.7036968052307697,32.32793644264615,0.5443945980307715,0.3729107900801876,0.14343582944927807,1,
20260927_103759_1243248,2,74.201962,31.129566594368672,1.6919064729432474,32.35551308842939,0.5318647633084035,0.3629269546872507,0.15857487810764193,1,
20260927_103759_1243248,2,74.235777,31.161199220755332,1.6737284644435895,32.383864535141065,0.5189832924318405,0.35283877165593663,0.1736964667633965,1,
20260927_103759_1243248,2,74.291094,31.19417194311198,1.6523712625224343,32.44107539217926,0.4929897277968129,0.33323570493584226,0.19846387661953724,1,
20260927_103759_1243248,2,74.312862,31.194442,1.652196,32.441548,0.492775,0.3330774207431712,0.2023506338060322,1,
20260927_103759_1243248,2,74.336595,31.228449438397583,1.6284721171579728,32.46746189930293,0.4810009895859571,0.32429470357650064,0.21432409384970735,1,
20260927_103759_1243248,2,74.369252,31.2641490199599,1.6019653062162567,32.49619337217337,0.46794747533549225,0.31481751521791806,0.22813289770752598,1,
20260927_103759_1243248,2,74.40171,31.272389130260766,1.5956146285828658,32.52331241393429,0.45562538170007516,0.3064017307340576,0.24022117274707155,1,
20260927_103759_1243248,3,34.476253,-2.190603,2.659159,-3.0567543366000174,0.5196862519944848,0.4545286086993792,2.881028570740601,1,
20260927_103759_1243248,3,34.517459,-2.1491591843759035,2.6884359864642775,-3.027356331818619,0.5257045802958527,0.4277379109784388,2.941986372206385,1,
20260927_103759_1243248,3,34.535542,-2.148508,2.688896,-2.997074539111466,0.5319028548008043,0.42058239004200765,2.9770950988674487,1,
20260927_103759_1243248,3,34.572595,-2.127938356164384,2.706569518410008,-2.996341,0.532053,0.4112180594279671,3.0183018221866478,1,
20260927_103759_1243248,3,34.603135,-2.127229,2.707179,-2.9374255798714977,0.5441137964950067,0.3967397326260016,3.0807348915856974,1,
20260927_103759_1243248,3,34.63584,-2.1094474569822186,2.725378101990582,-2.9069634107278484,0.5503497041786971,0.3817019242317983,3.130902530502797,1,
20260927_103759_1243248,3,34.676793,-2.0938909358757267,2.744842714250657,-2.876947031534515,0.5564940567130483,0.3681889798066882,3.188770370635929,1,
20260927_103759_1243248,3,34.704731,-2.093722,2.745055,-2.8473679965044942,0.562550046939649,0.3600106710390695,3.2323442659975257,1,
20260927_103759_1243248,3,34.735833,-2.0834758212276387,2.7610109920348926,-2.817767588785641,0.5686086738099746,0.34851815872024694,3.278602578109229,1,
20260927_103759_1243248,3,34.768041,-2.073390928395062,2.7804585154795816,-2.81674,0.568819,0.3459590360408511,3.310481282203823,1,
20260927_103759_1243248,3,34.802115,-2.065773604178895,2.798608258011502,-2.7573849530461376,0.5809705201314698,0.3268132079322448,3.3736968711648236,1,
20260927_103759_1243248,3,34.835845,-2.06567,2.798856,-2.727595862648916,0.5870685935529077,0.3173230319149404,3.4204184137418885,1,
20260927_103759_1243248,3,34.882018,-2.0582716038368036,2.818691935352475,-2.69666841869785,0.5933994339399518,0.30619949016394254,3.477742125702397,1,
20260927_103759_1243248,3,34.903051,-2.0514667221480996,2.83623398198799,-2.6675345446964673,0.5993634709806531,0.2951451960438063,3.5113268672149323,1,
20260927_103759_1243248,3,34.935077,-2.0497178144912156,2.840402011295909,-2.637156207882172,0.6046990905544983,0.28401771149804744,3.5535077514759905,1,
20260927_103759_1243248,3,34.970998,-2.041720197690235,2.857165859915052,-2.636734,0.604773,0.2817557012377163,3.5825284865789797,1,
20260927_103759_1243248,3,35.001839,-2.031722736976642,2.8736781726458047,-2.609639855354784,0.6028878648743942,0.2678147852743583,3.613963238356881,1,
20260927_103759_1243248,3,35.036468,-2.030503,2.875686,-2.546094756664433,0.5984671160489099,0.2418153296763491,3.657989007955078,1,
20260927_103759_1243248,3,35.081674,-2.0202422223837213,2.8890071652131777,-2.4839642877907004,0.5941457398255816,0.21177139387266242,3.7082268730948194,1,
20260927_103759_1243248,3,35.119296,-2.0073492255513394,2.9026926609431802,-2.453959020912398,0.5920581971019878,0.19326499644487638,3.7420656116913804,1,
20260927_103759_1243248,3,35.136608,-1.9937332254117885,2.9147220815634776,-2.45341,0.59202,0.18676663522436532,3.7530312673329593,1,
20260927_103759_1243248,3,35.169183,-1.991909,2.916328,-2.4238860726597515,0.5899659189600994,0.1730914486558901,3.781749786823898,1,
20260927_103759_1243248,3,35.202489,-1.9729197719670999,2.9305453109539554,-2.422723,0.589885,0.1636157949694993,3.8008334775968695,1,
20260927_103759_1243248,3,35.235482,-1.9555175472770636,2.9420241630095947,-2.3925993212517613,0.5877897473870792,0.14197172640860523,3.827739478020291,1,
20260927_103759_1243248,3,35.272282,-1.934388015971657,2.954390503515943,-2.332017410029989,0.5835753417825026,0.10444998793615613,3.865327750295762,1,
20260927_103759_1243248,3,35.308857,-1.934127,2.954543,-2.3013205155363745,0.5814399821433415,0.09026971207119706,3.891786463998642,1,
20260927_103759_1243248,3,35.335104,-1.911980901622285,2.9658840129474795,-2.2707178426264845,0.5793103410658546,0.06527702253214175,3.9128375522223076,1,
20260927_103759_1243248,3,35.368639,-1.8837008148909924,2.9781387433155078,-2.240529737762239,0.5772110473056357,0.03724508813661766,3.935709326097067,1,
20260927_103759_1243248,3,35.401709,-1.8586747758699858,2.9869482637957945,-2.2094278978055293,0.5750469920117529,0.01017889833884357,3.9575947235541102,1,
20260927_103759_1243248,3,35.435108,-1.858272,2.987089,-2.208925,0.575012,0.009741670425859397,3.967629327576936,1,
20260927_103759_1243248,3,35.477622,-1.8291066733716026,2.9948502614450403,-2.148145765216567,0.570783621234404,-0.03379362426849884,3.999921451447099,0,STATIC:6
20260927_103759_1243248,3,35.507147,-1.8011355640485947,2.9999119544947233,-2.1194376641474495,0.5687872426416656,-0.06166103448147846,3.9777685093242434,0,STATIC:6
20260927_103759_1243248,3,35.535473,-1.798963,3.000303,-2.0872971813248906,0.5665506792523927,-0.0782982887239728,3.9448606195977414,0,STATIC:6
20260927_103759_1243248,3,35.568221,-1.7664219699954093,3.003508964214712,-2.056600800886983,0.5644157790793697,-0.1096507984861158,3.913147989173524,0,STATIC:6
20260927_103759_1243248,3,35.603636,-1.7285033845353523,3.0042619782651485,-2.056187,0.564387,-0.12915040024117153,3.91076270341462,0,STATIC:6
20260927_103759_1243248,3,35.635301,-1.689398045356648,3.002120650956544,-2.026104083998482,0.562294669073863,-0.16384496615183236,3.8798282570540055,0,STATIC:6
20260927_103759_1243248,3,35.689202,-1.6455447612255856,2.996584162824341,-1.9643341888829098,0.557997199992581,-0.21660382320281707,3.8170537766163113,0,STATIC:6
20260927_103759_1243248,3,35.708786,-1.645127,2.996531,-1.9347267029697919,0.5559375952320309,-0.231288670988073,3.7873375266757465,0,STATIC:6
20260927_103759_1243248,3,35.735743,-1.6012281910905297,2.9879270235968685,-1.9040737962289127,0.5538048578674607,-0.269098628800114,3.756283282051781,0,STATIC:6
20260927_103759_1243248,3,35.769079,-1.599876,2.987662,-1.8731208292653427,0.5516520507237602,-0.284951399093787,3.724696489987818,0,STATIC:6
20260927_103759_1243248,3,35.801684,-1.5412327381177688,2.9719809352544337,-1.8431707776794162,0.5495687207179706,-0.3303383343141781,3.6941891489332743,0,STATIC:6
20260927_103759_1243248,3,35.835581,-1.495917130222276,2.957150392412429,-1.842571,0.549527,-0.35475576899616595,3.6921751594880323,0,STATIC:6
20260927_103759_1243248,3,35.876421,-1.4417621290739886,2.9368336162611324,-1.812211485246553,0.5474146385530178,-0.398665107112629,3.6610964690397543,0,STATIC:6
20260927_103759_1243248,3,35.904446,-1.441123,2.936593,-1.7523449995387708,0.5432496347832252,-0.4278688142925297,3.6019852974613675,0,STATIC:6
20260927_103759_1243248,3,35.93517,-1.3880892223347256,2.91442820776718,-1.720491815064018,0.5410346750718578,-0.47200022396199653,3.5700140723345237,0,STATIC:6
20260927_103759_1243248,3,35.968717,-1.3318075604408603,2.889082866151944,-1.6904285126421903,0.5389423838627926,-0.5026595833773118,3.539758304499366,0,STATIC:6
20260927_103759_1243248,3,36.002156,-1.277044566112917,2.863011863284318,-1.6618063266359848,0.5369514630429901,-0.45854269608081083,3.5109888051455824,0,STATIC:6
20260927_103759_1243248,3,36.035383,-1.27194,2.860578,-1.6290349516682447,0.5346722833240742,-0.44019372584879146,3.478295606950435,0,STATIC:6
20260927_103759_1243248,3,36.073777,-1.206552848296891,2.8280256725652184,-1.628542,0.534638,-0.4030280545274274,3.476810541549048,0,STATIC:6
20260927_103759_1243248,3,36.106562,-1.1468307039319439,2.7973362801959962,-1.5691333408585355,0.5305046408645465,-0.34112530112340156,3.4185344984273813,0,STATIC:6
20260927_103759_1243248,3,36.135629,-1.0942170677753313,2.7697444552871007,-1.5376614192030087,0.5283156903043612,-0.2961514676243268,3.3874714747757952,0,STATIC:6
20260927_103759_1243248,3,36.168265,-1.093191,2.769206,-1.507013637774707,0.5261833791609039,-0.2813958425659769,3.3572175118330074,0,STATIC:6
20260927_103759_1243248,3,36.2024,-1.032192400675365,2.736773908418726,-1.4762109963320933,0.5240408465591524,-0.2317373596367709,3.326885986619466,0,STATIC:6
20260927_103759_1243248,3,36.234774,-0.9731004199882037,2.7052153335711355,-1.4455003951735428,0.5219042058376497,-0.18301800310466854,3.2967704718680793,0,STATIC:6
20260927_103759_1243248,3,36.270861,-0.9721,2.704681,-1.44498,0.521868,-0.1821914727882442,3.295857904467093,0,STATIC:6
20260927_103759_1243248,3,36.306696,-0.9032437011330694,2.6681177940500316,-1.4151811953308893,0.5197949133778533,-0.12795924506860162,3.266787685232769,0,STATIC:6
20260927_103759_1243248,3,36.335103,-0.8284354568150663,2.6290158083555815,-1.354664020708565,0.5155854376939174,-0.056180322370998445,3.208252262771559,0,STATIC:6
20260927_103759_1243248,3,36.368399,-0.761905650108121,2.594980947200865,-1.323699640677559,0.5134308267059107,-0.0027126351119627218,3.1783018574516415,0,STATIC:6
20260927_103759_1243248,3,36.402212,-0.760971,2.594503,-1.2928710839945354,0.511286476036853,0.011772577007618482,3.14859467361513,1,
20260927_103759_1243248,3,36.435256,-0.6873583888803272,2.5577562906206657,-1.2618891515478183,0.5091316560911749,0.06936516799781368,3.118854286573619,1,
20260927_103759_1243248,3,36.472872,-0.626362977546021,2.5280171634830246,-1.261434,0.5091,0.10546361212779444,3.118607555650187,1,
20260927_103759_1243248,3,36.515315,-0.5619810574198656,2.4973338995152234,-1.1715920224502205,0.50284962498235,0.18401635002156436,3.032661009388362,1,
20260927_103759_1243248,3,36.535478,-0.561211,2.496967,-1.170505,0.502774,0.1849616858546569,3.031845609037359,1,
20260927_103759_1243248,3,36.568749,-0.48967667056342423,2.4637415108552374,-1.1412375985760774,0.500738357211919,0.2398304528771995,3.0042301055817955,1,
20260927_103759_1243248,3,36.601996,-0.486642,2.462332,-1.1096502125197258,0.49854042293529716,0.2560894568967639,2.9745156436628166,1,
20260927_103759_1243248,3,36.63605,-0.4093828169610354,2.427468912567512,-1.079047622390895,0.4964122126696835,0.3144482666963069,2.9458912708280023,1,
20260927_103759_1243248,3,36.685377,-0.32087302164862663,2.388773314737719,-1.048470648626145,0.494284607826811,0.3782255599452299,2.917808337384323,1,
20260927_103759_1243248,3,36.702197,-0.319847,2.388325,-1.048117,0.49426,0.37895835894682317,2.9179136668538286,1,
20260927_103759_1243248,3,36.736603,-0.2678741705782465,2.366240554107854,-0.9905122880648136,0.4902533879005541,0.43478061972633913,2.86391765645228,1,
20260927_103759_1243248,3,36.76961,-0.19560488277436486,2.3362300736701975,-0.9569185252646945,0.4879163177581945,0.4896851436185002,2.832939309007277,1,
20260927_103759_1243248,3,36.80232,-0.11620423307625213,2.3041772677194223,-0.9263665230138283,0.48579049663361457,0.5457530905145082,2.8037697081524877,1,
20260927_103759_1243248,3,36.835053,-0.114838,2.303626,-0.8958079423975095,0.48366517808846426,0.5616742278449144,2.777077809224358,1,
20260927_103759_1243248,3,36.872409,-0.04071199130574865,2.27452909966189,-0.8654043627435198,0.481550129930768,0.6140270697818974,2.7483736993004424,1,
20260927_103759_1243248,3,69.234957,29.658938308980392,4.395368521197386,28.15540260267436,2.3104704605986948,1.761779165065765,0.85582219330916,1,
20260927_103759_1243248,3,69.27254,29.659359,4.395414,28.183463084238056,2.2992866456137553,1.7560667631339444,0.8405144917592285,1,
20260927_103759_1243248,3,69.301402,29.697246892034407,4.399858052178739,28.212194098182064,2.2878360369136854,1.7273134491458613,0.8093092777616898,1,
20260927_103759_1243248,3,69.335643,29.730933708713657,4.404299795967483,28.212829,2.287583,1.7072612227357966,0.792439961868988,1,
20260927_103759_1243248,3,69.369744,29.762121791216806,4.408736377735629,28.26868940341406,2.265319319229649,1.676922190250709,0.7525616063488957,1,
20260927_103759_1243248,3,69.404634,29.770238139184396,4.409874039893617,28.29763741312056,2.253782386524824,1.665443695689026,0.734448783623232,1,
20260927_103759_1243248,3,69.436757,29.796977297525302,4.413215229471316,28.325903435883006,2.2425166721034895,1.6430064487592138,0.709005305960044,1,
20260927_103759_1243248,3,69.479599,29.827814455093733,4.415532714666417,28.35444649618962,2.2311410885969454,1.6173655122388506,0.6812838505011717,1,
20260927_103759_1243248,3,69.516608,29.855634476631224,4.41544385927465,28.386015511117705,2.218559473716877,1.591708640857698,0.6532429196726223,1,
20260927_103759_1243248,3,69.535721,29.85607,4.415442,28.386511,2.218362,1.5913053933897852,0.6527983689296658,1,
20260927_103759_1243248,3,69.570564,29.890889464763703,4.411723998889321,28.43670776486922,2.198355479146997,1.5545642456743127,0.611939786277136,1,
20260927_103759_1243248,3,69.604318,29.91689047156083,4.406399159032126,28.483879638473255,2.179554748120573,1.523057273297704,0.5760949046594769,1,
20260927_103759_1243248,3,69.636408,29.924307,4.404809,28.497606,2.174084,1.5138950814477965,0.5663752916924706,1,
20260927_103759_1243248,3,69.67802,29.95450085719728,4.395593947145372,28.52492718803867,2.16319624132184,1.4839228011077128,0.538290459027346,1,
20260927_103759_1243248,3,69.703674,29.9922545613296,4.380695426732205,28.55324200187267,2.1519111940543034,1.4469028134423532,0.5044340839190306,1,
20260927_103759_1243248,3,69.73759,29.993558,4.380179,28.554216,2.151523,1.445625454844748,0.5051618978410864,1,
20260927_103759_1243248,3,69.768488,30.038084878299134,4.358306698533717,28.60984981436952,2.129349370381224,1.3936357161846489,0.45337567131691575,1,
20260927_103759_1243248,3,69.801382,30.090487582081856,4.327882406426694,28.638863481394793,2.1177864869277037,1.3416153564702444,0.4097698706288978,1,
20260927_103759_1243248,3,69.835291,30.127702855243417,4.3038042586851,28.667190818473305,2.1064962888954253,1.3013369594394253,0.37534273243009486,1,
20260927_103759_1243248,3,69.873065,30.128414,4.303343,28.695794029781723,2.0950971840547536,1.2922136285608778,0.36396053170211384,1,
20260927_103759_1243248,3,69.907547,30.17079491368586,4.273852524483904,28.724548909656313,2.08363684862908,1.2466405388571644,0.3263933012006056,1,
20260927_103759_1243248,3,69.934848,30.217720031515686,4.23923219286866,28.724955,2.083475,1.2041966003105558,0.29927908493670186,1,
20260927_103759_1243248,3,69.968442,30.26777560632507,4.200512708064611,28.780765482160817,2.061231351073901,1.1422371140475978,0.242584617918154,1,
20260927_103759_1243248,3,70.001267,30.268788,4.199729,28.808677135528963,2.050106616988509,1.1334194675228892,0.23219349231581093,1,
20260927_103759_1243248,3,70.037959,30.32638154652111,4.153399186984785,28.838431527501893,2.0382480350842656,1.0710567386940497,0.18450364024579047,1,
20260927_103759_1243248,3,70.07335,30.37700792077525,4.111538312478747,28.866913646038764,2.026896309418565,1.0147281032601436,0.14188649939924142,1,
20260927_103759_1243248,3,70.114018,30.440190858575505,4.058191019617889,28.894816394187835,2.0157765449820655,0.9453784531390675,0.09210713732539279,1,
20260927_103759_1243248,3,70.137602,30.441259,4.057289,28.895287,2.015589,0.944200062127588,0.09540565452320539,1,
20260927_103759_1243248,3,70.167918,30.509834200119084,3.9984359456777177,28.951735821848004,1.9930904973368229,0.8614697977752624,0.026228346580630238,1,
20260927_103759_1243248,3,70.202059,30.510997,3.997438,28.980129959745767,1.981774241554444,0.8533540802234224,0.01794721474619783,1,
20260927_103759_1243248,3,70.235641,30.563602241807697,3.951896800774223,29.00857536883327,1.9704375588764869,0.7932952302810933,-0.02502331015627822,0,DYNAMIC:10
20260927_103759_1243248,3,70.275172,30.620960296948535,3.9022008841657803,29.037348177774405,1.9589697534537722,0.7279043471953729,-0.06962969685101432,0,DYNAMIC:10
20260927_103759_1243248,3,70.30226,30.671676525596776,3.8586615691516637,29.037749,1.95881,0.6753345427348151,-0.0978567951883998,0,DYNAMIC:10
20260927_103759_1243248,3,70.33494,30.687102228319453,3.845559962763351,29.06572597568594,1.9476595644292012,0.6533655578960643,-0.1142367507320617,0,DYNAMIC:10
20260927_103759_1243248,3,70.368433,30.759950422059394,3.7852210582264822,29.122062113389987,1.925207566139156,0.5665729309570008,-0.18206645768616161,0,DYNAMIC:10
20260927_103759_1243248,3,70.402291,30.841682870407617,3.721171702298736,29.150776735192153,1.9137631684876004,0.47804425189010163,-0.23979393564779988,0,DYNAMIC:10
20260927_103759_1243248,3,70.436055,30.843962,3.719387,29.179186215576564,1.9024405800969433,0.4700386589900661,-0.24624510467706934,0,DYNAMIC:10
20260927_103759_1243248,3,70.473938,30.913092249769818,3.668388213543438,29.20772877803794,1.891064502459812,0.39605465246265015,-0.22771968236366635,0,DYNAMIC:10
20260927_103759_1243248,3,70.512828,30.992927696270986,3.6122889769169135,29.2364136149626,1.879632632637219,0.31308597150009154,-0.17752091799659242,0,DYNAMIC:10
20260927_103759_1243248,3,70.535345,30.993919,3.611593,29.236769,1.879491,0.3120576465427376,-0.18366375551190445,0,DYNAMIC:10
20260927_103759_1243248,3,70.569625,31.063932263534223,3.5640339754851875,29.264731328907047,1.868345693564862,0.23996124288878062,-0.1402663087494606,0,DYNAMIC:10
20260927_103759_1243248,3,70.602246,31.13828063742316,3.5141550782058335,29.320757597224755,1.8460163281601865,0.15920271930563024,-0.08090712747341865,0,DYNAMIC:10
20260927_103759_1243248,3,70.635552,31.139949,3.513036,29.350079349146736,1.8343303699375078,0.15192105844562775,-0.07599803330827891,0,DYNAMIC:10
20260927_103759_1243248,3,70.673984,31.216615095471926,3.461389211674835,29.378490536824884,1.8230071611202003,0.07475002077689487,-0.03303161052398122,0,DYNAMIC:10
20260927_103759_1243248,3,70.706957,31.29599073334758,3.40704425755957,29.407003361120438,1.8116441250724669,-0.0047731567774147304,0.012133224667219403,0,STATIC:14
20260927_103759_1243248,3,70.735195,31.380486748006117,3.347842358477176,29.43523269114885,1.800392942079328,-0.08886807221544411,0.06036864630101281,0,STATIC:14
20260927_103759_1243248,3,70.768757,31.391847023532566,3.339780648920307,29.435777,1.800176,-0.09950795816241924,0.053808029204170285,0,STATIC:14
20260927_103759_1243248,3,70.802037,31.454639599327496,3.294589155813752,29.46408132913026,1.7888951964333983,-0.16333665937262337,0.08765137171114785,0,STATIC:14
20260927_103759_1243248,3,70.835799,31.52679196306303,3.241383510644619,29.52067630006829,1.7663393640547538,-0.24158655443285698,0.14026602923296294,0,STATIC:14
20260927_103759_1243248,3,70.87573,31.597051112387614,3.187959018881115,29.549396650249754,1.75489217082917,-0.31249009565242075,0.17355046200523716,0,STATIC:14
20260927_103759_1243248,3,70.907117,31.598041,3.187206,29.57799555658781,1.7434943101235523,-0.319484880465208,0.17654598337526306,0,STATIC:14
20260927_103759_1243248,3,70.935512,31.66580630325238,3.1337970430625295,29.60632463735344,1.7322040350013947,-0.3883026397985002,0.2121140915819466,0,STATIC:14
20260927_103759_1243248,3,70.968588,31.72361359282162,3.0866662133200036,29.63464306899478,1.7209177400266784,-0.44810745740730906,0.2402804386199644,0,STATIC:14
20260927_103759_1243248,3,71.00256,31.724779,3.085715,29.635217,1.720689,-0.4493067680548522,0.22609113287520483,0,STATIC:14
20260927_103759_1243248,3,71.036038,31.787420293489475,3.032829962185782,29.663055937049187,1.7095933228415279,-0.5062828434321475,0.2550125527775505,0,STATIC:14
20260927_103759_1243248,3,71.072926,31.84912367802034,2.97903610915254,29.719635842711867,1.6870438452067789,-0.43596517586111694,0.297171604157623,0,STATIC:14
20260927_103759_1243248,3,71.101709,31.910094656571783,2.9244097771047786,29.747524133252575,1.6759285202907315,-0.372976944061251,0.32581517903084123,0,STATIC:14
20260927_103759_1243248,3,71.135516,31.913234,2.921596,29.776984322878278,1.6641876242272944,-0.36301288186597563,0.3277214074806828,0,STATIC:14
20260927_103759_1243248,3,71.168022,31.9755068488823,2.864688663402937,29.805422018474033,1.652853389617591,-0.29904127076437365,0.3540992181861988,0,STATIC:14
20260927_103759_1243248,3,71.201802,32.02984353945861,2.8145559328983243,29.833347801957505,1.6417240037033751,-0.24313495926814443,0.37512361384633475,0,STATIC:14
20260927_103759_1243248,3,71.236025,32.031003,2.813486,29.833945,1.641486,-0.24195175735874425,0.3587435564982926,0,STATIC:14
20260927_103759_1243248,3,71.274123,32.08377831911079,2.7647135304448636,29.890077547770375,1.6191140038501055,-0.18101051720041023,0.3917381291344969,0,STATIC:14
20260927_103759_1243248,3,71.310375,32.13041198098828,2.721816312300256,29.946651673440954,1.5965660999754168,-0.125850893970669,0.4227593487483095,0,STATIC:14
20260927_103759_1243248,3,71.335596,32.17925074857696,2.677330427394939,29.948057,1.596006,-0.08461045866195448,0.42700765813726976,0,STATIC:14
20260927_103759_1243248,3,71.368389,32.180133,2.676527,29.976157425299217,1.5848070962391438,-0.0761907581271715,0.4262714267611217,0,STATIC:14
20260927_103759_1243248,3,71.402455,32.22804310949011,2.63359028817105,30.00409564094701,1.573671516781792,-0.029689698993208377,0.4397019064639583,0,STATIC:14
20260927_103759_1243248,3,71.436267,32.27848597696638,2.5893367942187715,30.005241,1.573215,0.009765764822862857,0.43709657458100454,1,
20260927_103759_1243248,3,71.474872,32.27916,2.588746,30.031620285945312,1.5627023632755064,0.017815284790160493,0.4312830632380696,1,
20260927_103759_1243248,3,71.501703,32.33227445595163,2.543556072101317,30.08923784520138,1.5397381413608242,0.07393267010644101,0.46510984586242815,1,
20260927_103759_1243248,3,71.534907,32.37026947305841,2.5121905421432817,30.118458488561114,1.5280928040337127,0.10955473603982614,0.47339765314513366,1,
20260927_103759_1243248,3,71.569031,32.370806,2.511748,30.146246683579843,1.5170178637297755,0.11840852271410164,0.4705578371149955,1,
20260927_103759_1243248,3,71.602927,32.415902174925364,2.475680909611947,30.1751989521194,1.5054787962985097,0.1578832590277689,0.4789140136509325,1,
20260927_103759_1243248,3,71.63513,32.45883993413211,2.4424411442140572,30.203303652067294,1.494277881208096,0.19441904506900598,0.4862919637552801,1,
20260927_103759_1243248,3,71.672363,32.493798895448506,2.4161061412829317,30.203755,1.494098,0.21607993702702455,0.4714002055479037,1,
20260927_103759_1243248,3,71.705748,32.494596,2.415506,30.260140881134586,1.4716252516703154,0.23494845671136777,0.4857609480904777,1,
20260927_103759_1243248,3,71.735048,32.53089265368937,2.3887896755333515,30.288715740827566,1.4602369540358706,0.2660346122472227,0.4922634803227522,1,
20260927_103759_1243248,3,71.769546,32.572070002808665,2.3591263993224407,30.317365993890437,1.4488185146513763,0.29925049817343785,0.49582025887368825,1,
20260927_103759_1243248,3,71.802406,32.572751,2.358636,30.345657517500378,1.4375416716740161,0.30939199670823603,0.49302155273094767,1,
20260927_103759_1243248,3,71.835137,32.61642879810319,2.327872958656883,30.374069794082445,1.426218315644086,0.3432181848456429,0.49703991389729213,1,
20260927_103759_1243248,3,71.874314,32.64852176866219,2.3056907566130906,30.374457,1.426064,0.3601752318100483,0.476860812532461,1,
20260927_103759_1243248,3,71.909521,32.684381852026405,2.2813078057405782,30.402242852788433,1.4149902803398082,0.388244623622891,0.4764590175819417,1,
20260927_103759_1243248,3,72.235707,32.893637,2.145705,30.71124752895572,1.278933054916009,0.6099386206131711,0.4871546999363237,1,
20260927_103759_1243248,3,72.275533,32.92578141595904,2.12592889048452,30.711613,1.278767,0.598832141126816,0.460734262279293,1,
20260927_103759_1243248,3,72.304943,32.96245947161944,2.103794231452696,30.738860629942238,1.2663876988347107,0.5675780401581837,0.4613813380040644,1,
20260927_103759_1243248,3,72.336026,32.963098,2.103409,30.793955113013258,1.2413546070601105,0.558170909985561,0.47928421025294404,1,
20260927_103759_1243248,3,72.368393,32.98892523078342,2.088135157977303,30.82223960671772,1.2285038815170273,0.5347346104945575,0.477688875919357,1,
20260927_103759_1243248,3,72.402264,33.01762614144941,2.0714868271535543,30.850072493889265,1.2158584945402908,0.5095998938045824,0.4745085857136378,1,
20260927_103759_1243248,3,72.435045,33.048014082297485,2.0542577273896225,30.878170711958855,1.2030916078011111,0.4836018402610807,0.47213952734668757,1,
20260927_103759_1243248,3,72.469042,33.04843,2.054022,30.905883486891717,1.1905004871547549,0.47805531890936775,0.46753057380641155,1,
20260927_103759_1243248,3,72.503694,33.07687986362581,2.0382695521123493,30.906426,1.190254,0.4589527843315518,0.4421421091374252,1,
20260927_103759_1243248,3,72.535925,33.106334968109266,2.0223053642699362,30.933997099965776,1.1777270705329643,0.43435378466846414,0.43908354085732665,1,
20260927_103759_1243248,3,72.56904,33.10669,2.022113,30.988275975349932,1.1530662776314584,0.42294201674351534,0.45555752083379836,1,
20260927_103759_1243248,3,72.601796,33.13887999470965,2.005038229974483,30.990033,1.152268,0.40213964265579455,0.43162771417229334,1,
20260927_103759_1243248,3,72.635074,33.16405338381837,1.9919245457248387,31.045031453794643,1.1272793705739228,0.37446015751154377,0.44892461653654175,1,
20260927_103759_1243248,3,72.68255,33.19576837938067,1.9756921428931802,31.073438392372868,1.1143729367628803,0.34871612842928873,0.43385479199118177,1,
20260927_103759_1243248,3,72.70583,33.196138,1.975503,31.10076104322496,1.101958042025442,0.3420349854684059,0.4373999028599161,1,
20260927_103759_1243248,3,72.73567,33.223695754720765,1.9616438934310996,31.101494,1.101625,0.3255456160810029,0.4137539294005491,1,
20260927_103759_1243248,3,72.767966,33.254431489716545,1.9464101597436156,31.15656589305827,1.076603781013725,0.2941463909717767,0.4334096748152672,1,
20260927_103759_1243248,3,72.802585,33.254896,1.94618,31.184851605709177,1.0637524406779704,0.2865998593276961,0.42903328379778843,1,
20260927_103759_1243248,3,72.835047,33.28499473130726,1.931448443364691,31.212878666439718,1.0510176283114603,0.2621235527662637,0.4263771416730365,1,
20260927_103759_1243248,3,72.872199,33.319174662554545,1.9148838661854235,31.241183317944294,1.0381584135646185,0.23546109976154767,0.42014511562655993,1,
20260927_103759_1243248,3,72.906986,33.319583,1.914686,31.268540115561922,1.0257290368790244,0.22760351114129346,0.41518844623582496,1,
20260927_103759_1243248,3,72.934547,33.3547379584164,1.89778536769025,31.268998,1.025521,0.208386626988244,0.3919472528474137,1,
20260927_103759_1243248,3,72.968789,33.39239072174316,1.8796165686671649,31.323166490653403,1.000909135019383,0.17258814098133263,0.412335470118958,1,
20260927_103759_1243248,3,73.001862,33.42533780121125,1.8631745084066322,31.350609635010816,0.9884402303388603,0.14676296070449352,0.4094116377813024,1,
20260927_103759_1243248,3,73.035161,33.427843,1.861923,31.379949002589342,0.9751105368582587,0.13641373595519507,0.40828199932758724,1,
20260927_103759_1243248,3,73.075248,33.46205427983817,1.8435787235333747,31.408248034389754,0.9622527410654055,0.10888306823818401,0.4003804998689169,1,
20260927_103759_1243248,3,73.106132,33.50102270976336,1.8203562891396337,31.434939333333332,0.9501248152327223,0.07822224059321332,0.399199171100998,1,
20260927_103759_1243248,3,73.135373,33.502899,1.819237,31.436222,0.949542,0.07675374672954761,0.3745348817358841,1,
20260927_103759_1243248,3,73.168212,33.53400745867869,1.7985312335750874,31.463936539645292,0.936950668881035,0.04921584128716534,0.37276194116534445,1,
20260927_103759_1243248,3,73.202461,33.57269927278256,1.7700768439463674,31.518527457591293,0.912147111690265,0.006915539746297009,0.39711313118224645,1,
20260927_103759_1243248,3,73.236869,33.606893772029366,1.7426032122949138,31.54734775916123,0.8990531990173426,-0.024960595669009253,0.3957914961262806,0,STATIC:37
20260927_103759_1243248,3,73.272635,33.61346734504363,1.737101755202507,31.575435463190868,0.8862917100022399,-0.03907038032314207,0.39274599373730423,0,STATIC:37
20260927_103759_1243248,3,73.306089,33.64310048791091,1.7114109244283031,31.60282166519771,0.8738479754645089,-0.06833650352759855,0.39127534765643557,0,STATIC:37
20260927_103759_1243248,3,73.335725,33.68151307317073,1.6764363639619013,31.63104681575569,0.8610244148368378,-0.10416198048778368,0.39432597685857773,0,STATIC:37
20260927_103759_1243248,3,73.367848,33.682296,1.675723,31.63162,0.860764,-0.10488695124048507,0.3662569492850115,0,STATIC:37
20260927_103759_1243248,3,73.401873,33.728130445039895,1.632097229851888,31.65881393951886,0.8484080528841904,-0.1456109991709602,0.3646106704664249,0,STATIC:37
20260927_103759_1243248,3,73.435265,33.76851281162833,1.5924491575575124,31.71454257292288,0.8230879895398714,-0.19316956900702276,0.3942595845060256,0,STATIC:37
20260927_103759_1243248,3,73.473402,33.769248,1.591727,31.74277342960916,0.810261823003027,-0.20427963885055894,0.390809861649866,0,STATIC:37
20260927_103759_1243248,3,73.503062,33.80920465891265,1.551585401856944,31.770503554903797,0.7976622747536375,-0.24120617796162802,0.3945764404165578,0,STATIC:37
20260927_103759_1243248,3,73.534944,33.85330277231874,1.5064330272460762,31.798814134558977,0.7847994021002205,-0.28077432553974163,0.39727138347670155,0,STATIC:37
20260927_103759_1243248,3,73.569189,33.89554523603846,1.462467211140012,31.799231,0.78461,-0.3080856270827255,0.3678447723535829,0,STATIC:37
20260927_103759_1243248,3,73.601917,33.896092,1.461898,31.826321358338422,0.7723018482590103,-0.31876632311728087,0.36893129770171107,0,STATIC:37
20260927_103759_1243248,3,73.635043,33.94232961007428,1.4131435943105661,31.882096195144044,0.7469610304402985,-0.3505929858777746,0.40133179590506474,0,STATIC:37
20260927_103759_1243248,3,73.677843,33.979030298247245,1.3741203088756375,31.937492030952814,0.7217912206787298,-0.3062502135365941,0.4255410966999276,0,STATIC:37
20260927_103759_1243248,3,73.704118,33.979497,1.373624,31.938199,0.72147,-0.30568684691894393,0.4041284571306054,0,STATIC:37
20260927_103759_1243248,3,73.736299,34.01564063340227,1.3349797111293598,31.963070821091698,0.7101694445231266,-0.27436949637235947,0.4044637457242113,0,STATIC:37
20260927_103759_1243248,3,73.76822,34.06463183762815,1.2823957157107315,31.99348407481296,0.6963517603214209,-0.2341634859749041,0.41137124409101233,0,STATIC:37
20260927_103759_1243248,3,73.802332,34.11118974921778,1.2322493015761462,31.994014,0.696111,-0.20842200985134351,0.38394238830262795,0,STATIC:37
20260927_103759_1243248,3,73.836109,34.112046,1.231327,32.021325005511116,0.6837023531259262,-0.1969486946748768,0.3865235585850152,0,STATIC:37
20260927_103759_1243248,3,73.871165,34.15316568897908,1.1869566921230157,32.07684518423459,0.6584764811935533,-0.15262914298046826,0.41931361560242053,0,STATIC:37
20260927_103759_1243248,3,73.904113,34.19488639996954,1.1419259372316168,32.1049145061672,0.6457236044160206,-0.12018322271652042,0.4239695878679522,0,STATIC:37
20260927_103759_1243248,3,73.935173,34.19542,1.14135,32.132768885161006,0.6330677047962137,-0.10816221175337391,0.4301387945744511,0,STATIC:37
20260927_103759_1243248,3,73.967637,34.236336623624766,1.0972454908934033,32.16076283457117,0.6203485490770136,-0.07704340664599006,0.4356260970064412,0,STATIC:37
20260927_103759_1243248,3,74.001696,34.27587464238002,1.05474154757227,32.18758946000561,0.6081602767330899,-0.04796370136768656,0.43890952477624007,0,STATIC:37
20260927_103759_1243248,3,74.034724,34.31842135759982,1.0091852574454079,32.189166,0.607444,-0.029264685566974077,0.4159715430237694,0,STATIC:37
20260927_103759_1243248,3,74.071905,34.35430147551599,0.9709791660056658,32.216451878106035,0.5950468746256576,-0.0033343387077504477,0.41820862086710486,0,STATIC:37
20260927_103759_1243248,3,74.102279,34.354868,0.970376,32.27177841746551,0.569908848588321,0.02068751888146088,0.4557369093221047,1,
20260927_103759_1243248,3,74.135599,34.39971948791162,0.9230672472306964,32.29999384138721,0.5570891749117157,0.04945174556073413,0.4622174448263224,1,
20260927_103759_1243248,3,74.168049,34.43915843083076,0.8821449198769306,32.32793644264615,0.5443945980307715,0.07501436506045807,0.4692794847629734,1,
20260927_103759_1243248,3,74.201962,34.439811,0.881468,32.35551308842939,0.5318647633084035,0.0874673013992955,0.4752033624524537,1,
20260927_103759_1243248,3,74.235777,34.48098755412822,0.8397838327647124,32.383864535141065,0.5189832924318405,0.1126144999026872,0.4822893433322842,1,
20260927_103759_1243248,3,74.291094,34.52728740920215,0.7944435142220045,32.44107539217926,0.4929897277968129,0.1509451446927152,0.505738468259343,1,
20260927_103759_1243248,3,74.312862,34.576695203953065,0.7480557078559454,32.441548,0.492775,0.16278902218916874,0.4922294467026556,1,
20260927_103759_1243248,3,74.336595,34.578064,0.746771,32.46746189930293,0.4810009895859571,0.17478155805728973,0.504013143071888,1,
20260927_103759_1243248,3,74.369252,34.62021202776493,0.708848627734072,32.49619337217337,0.46794747533549225,0.19642835207676196,0.5132373904030717,1,
20260927_103759_1243248,3,74.40171,34.620784,0.708334,32.52331241393429,0.45562538170007516,0.20902938756795925,0.5211498905800017,1,
20260927_103759_1243248,3,74.435214,34.66675251177329,0.6686663852886018,32.55119562033757,0.442956450510523,0.22983146933827264,0.5294396031603216,1,
20260927_103759_1243248,3,74.483654,34.71648601806495,0.6277305828941052,32.606625988301204,0.4177719836712721,0.26288769189111566,0.557003587325739,1,
20260927_103759_1243248,3,74.504334,34.760242766422664,0.5935499482758515,32.607185,0.417518,0.26834015632764935,0.5457429146154457,1,
20260927_103759_1243248,3,74.535502,34.761466,0.592595,32.63469074859455,0.4050212844614374,0.28136038469186025,0.5556576698878274,1,
20260927_103759_1243248,3,74.568612,34.803840393025894,0.5612855135474638,32.66239040439021,0.39243550577187736,0.2985107216388892,0.5648787003942003,1,
