run,episode,drone,batch,activation,kind,observed_tags,statuses,candidate_payload,association
20260927_055748_1104145,u1e1,0,1790459883.1637125,1790459883.303712368,NOMINAL,,,UNRESOLVED_DUE_TO_MISSING_CANDIDATE_PAYLOAD,same_drone_plan_start_to_finalize_plus_25ms_NOT_EXACT_ID
20260927_055748_1104145,u1e1,0,1790459883.1637125,1790459883.303712368,SIDE_PLUS,side-minco|candidate-final-status,|MINCO_OK,UNRESOLVED_DUE_TO_MISSING_CANDIDATE_PAYLOAD,same_drone_plan_start_to_finalize_plus_25ms_NOT_EXACT_ID
20260927_055748_1104145,u1e1,0,1790459883.1637125,1790459883.303712368,SIDE_MINUS,side-minco|candidate-final-status|topology-post-check,|MINCO_OK|,UNRESOLVED_DUE_TO_MISSING_CANDIDATE_PAYLOAD,same_drone_plan_start_to_finalize_plus_25ms_NOT_EXACT_ID
20260927_055748_1104145,u1e1,0,1790459883.4512832,1790459883.591283083,NOMINAL,,,UNRESOLVED_DUE_TO_MISSING_CANDIDATE_PAYLOAD,same_drone_plan_start_to_finalize_plus_25ms_NOT_EXACT_ID
20260927_055748_1104145,u1e1,0,1790459883.4512832,1790459883.591283083,SIDE_PLUS,side-minco|candidate-final-status|topology-post-check,|MINCO_OK|,UNRESOLVED_DUE_TO_MISSING_CANDIDATE_PAYLOAD,same_drone_plan_start_to_finalize_plus_25ms_NOT_EXACT_ID
20260927_055748_1104145,u1e1,0,1790459883.4512832,1790459883.591283083,SIDE_MINUS,side-minco|candidate-final-status,|MINCO_OK,UNRESOLVED_DUE_TO_MISSING_CANDIDATE_PAYLOAD,same_drone_plan_start_to_finalize_plus_25ms_NOT_EXACT_ID
20260927_055748_1104145,u1e1,0,1790459883.7316318,1790459883.871631622,NOMINAL,,,UNRESOLVED_DUE_TO_MISSING_CANDIDATE_PAYLOAD,same_drone_plan_start_to_finalize_plus_25ms_NOT_EXACT_ID
20260927_055748_1104145,u1e1,0,1790459883.7316318,1790459883.871631622,SIDE_PLUS,side-minco|candidate-final-status|topology-post-check,|MINCO_OK|,UNRESOLVED_DUE_TO_MISSING_CANDIDATE_PAYLOAD,same_drone_plan_start_to_finalize_plus_25ms_NOT_EXACT_ID
20260927_055748_1104145,u1e1,0,1790459883.7316318,1790459883.871631622,SIDE_MINUS,side-minco|candidate-final-status,|MINCO_OK,UNRESOLVED_DUE_TO_MISSING_CANDIDATE_PAYLOAD,same_drone_plan_start_to_finalize_plus_25ms_NOT_EXACT_ID
20260927_055748_1104145,u1e1,0,1790459884.0179374,1790459884.157937288,NOMINAL,,,UNRESOLVED_DUE_TO_MISSING_CANDIDATE_PAYLOAD,same_drone_plan_start_to_finalize_plus_25ms_NOT_EXACT_ID
20260927_055748_1104145,u1e1,0,1790459884.0179374,1790459884.157937288,SIDE_PLUS,side-minco|candidate-final-status|topology-post-check,|MINCO_OK|,UNRESOLVED_DUE_TO_MISSING_CANDIDATE_PAYLOAD,same_drone_plan_start_to_finalize_plus_25ms_NOT_EXACT_ID
20260927_055748_1104145,u1e1,0,1790459884.0179374,1790459884.157937288,SIDE_MINUS,side-minco|candidate-final-status,|MINCO_OK,UNRESOLVED_DUE_TO_MISSING_CANDIDATE_PAYLOAD,same_drone_plan_start_to_finalize_plus_25ms_NOT_EXACT_ID
20260927_055748_1104145,u1e1,0,1790459884.3001177,1790459884.440117598,NOMINAL,topology-post-check,,UNRESOLVED_DUE_TO_MISSING_CANDIDATE_PAYLOAD,same_drone_plan_start_to_finalize_plus_25ms_NOT_EXACT_ID
20260927_055748_1104145,u1e1,0,1790459884.3001177,1790459884.440117598,SIDE_PLUS,side-minco|candidate-final-status,|MINCO_OK,UNRESOLVED_DUE_TO_MISSING_CANDIDATE_PAYLOAD,same_drone_plan_start_to_finalize_plus_25ms_NOT_EXACT_ID
20260927_055748_1104145,u1e1,0,1790459884.3001177,1790459884.440117598,SIDE_MINUS,side-minco|candidate-final-status,|MINCO_OK,UNRESOLVED_DUE_TO_MISSING_CANDIDATE_PAYLOAD,same_drone_plan_start_to_finalize_plus_25ms_NOT_EXACT_ID
20260927_055748_1104145,u1e1,0,1790459884.5827432,1790459884.722743034,NOMINAL,,,UNRESOLVED_DUE_TO_MISSING_CANDIDATE_PAYLOAD,same_drone_plan_start_to_finalize_plus_25ms_NOT_EXACT_ID
20260927_055748_1104145,u1e1,0,1790459884.5827432,1790459884.722743034,SIDE_PLUS,side-minco|candidate-final-status,|MINCO_OK,UNRESOLVED_DUE_TO_MISSING_CANDIDATE_PAYLOAD,same_drone_plan_start_to_finalize_plus_25ms_NOT_EXACT_ID
20260927_055748_1104145,u1e1,0,1790459884.5827432,1790459884.722743034,SIDE_MINUS,side-minco|candidate-final-status|topology-post-check,|MINCO_OK|,UNRESOLVED_DUE_TO_MISSING_CANDIDATE_PAYLOAD,same_drone_plan_start_to_finalize_plus_25ms_NOT_EXACT_ID
20260927_055748_1104145,u1e1,0,1790459884.8276865,1790459884.967686415,NOMINAL,,,UNRESOLVED_DUE_TO_MISSING_CANDIDATE_PAYLOAD,same_drone_plan_start_to_finalize_plus_25ms_NOT_EXACT_ID
20260927_055748_1104145,u1e1,0,1790459884.8276865,1790459884.967686415,SIDE_PLUS,side-minco|candidate-final-status,|MINCO_OK,UNRESOLVED_DUE_TO_MISSING_CANDIDATE_PAYLOAD,same_drone_plan_start_to_finalize_plus_25ms_NOT_EXACT_ID
20260927_055748_1104145,u1e1,0,1790459884.8276865,1790459884.967686415,SIDE_MINUS,side-minco|candidate-final-status|topology-post-check,|MINCO_OK|,UNRESOLVED_DUE_TO_MISSING_CANDIDATE_PAYLOAD,same_drone_plan_start_to_finalize_plus_25ms_NOT_EXACT_ID
20260927_055748_1104145,u1e1,0,1790459885.113911,1790459885.253910780,NOMINAL,topology-post-check,,UNRESOLVED_DUE_TO_MISSING_CANDIDATE_PAYLOAD,same_drone_plan_start_to_finalize_plus_25ms_NOT_EXACT_ID
20260927_055748_1104145,u1e1,0,1790459885.113911,1790459885.253910780,SIDE_PLUS,side-minco|candidate-final-status,|MINCO_OK,UNRESOLVED_DUE_TO_MISSING_CANDIDATE_PAYLOAD,same_drone_plan_start_to_finalize_plus_25ms_NOT_EXACT_ID
20260927_055748_1104145,u1e1,0,1790459885.113911,1790459885.253910780,SIDE_MINUS,side-minco|candidate-final-status,|MINCO_OK,UNRESOLVED_DUE_TO_MISSING_CANDIDATE_PAYLOAD,same_drone_plan_start_to_finalize_plus_25ms_NOT_EXACT_ID
20260927_055748_1104145,u1e1,0,1790459885.373202,1790459885.513201952,NOMINAL,topology-post-check,,UNRESOLVED_DUE_TO_MISSING_CANDIDATE_PAYLOAD,same_drone_plan_start_to_finalize_plus_25ms_NOT_EXACT_ID
20260927_055748_1104145,u1e1,0,1790459885.373202,1790459885.513201952,SIDE_PLUS,side-minco|candidate-final-status,|FEASIBLE_INITIALIZER_FALLBACK:,UNRESOLVED_DUE_TO_MISSING_CANDIDATE_PAYLOAD,same_drone_plan_start_to_finalize_plus_25ms_NOT_EXACT_ID
20260927_055748_1104145,u1e1,0,1790459885.373202,1790459885.513201952,SIDE_MINUS,side-minco|candidate-final-status,|MINCO_OK,UNRESOLVED_DUE_TO_MISSING_CANDIDATE_PAYLOAD,same_drone_plan_start_to_finalize_plus_25ms_NOT_EXACT_ID
20260927_055748_1104145,u1e1,0,1790459885.6526327,1790459885.792632580,NOMINAL,topology-post-check,,UNRESOLVED_DUE_TO_MISSING_CANDIDATE_PAYLOAD,same_drone_plan_start_to_finalize_plus_25ms_NOT_EXACT_ID
20260927_055748_1104145,u1e1,0,1790459885.6526327,1790459885.792632580,SIDE_PLUS,side-minco|candidate-final-status,|MINCO_OK,UNRESOLVED_DUE_TO_MISSING_CANDIDATE_PAYLOAD,same_drone_plan_start_to_finalize_plus_25ms_NOT_EXACT_ID
20260927_055748_1104145,u1e1,0,1790459885.6526327,1790459885.792632580,SIDE_MINUS,side-minco|candidate-final-status,|MINCO_OK,UNRESOLVED_DUE_TO_MISSING_CANDIDATE_PAYLOAD,same_drone_plan_start_to_finalize_plus_25ms_NOT_EXACT_ID
20260927_055748_1104145,u1e2,0,1790459885.6526327,1790459885.792632580,NOMINAL,topology-post-check,,UNRESOLVED_DUE_TO_MISSING_CANDIDATE_PAYLOAD,same_drone_plan_start_to_finalize_plus_25ms_NOT_EXACT_ID
20260927_055748_1104145,u1e2,0,1790459885.6526327,1790459885.792632580,SIDE_PLUS,side-minco|candidate-final-status,|MINCO_OK,UNRESOLVED_DUE_TO_MISSING_CANDIDATE_PAYLOAD,same_drone_plan_start_to_finalize_plus_25ms_NOT_EXACT_ID
20260927_055748_1104145,u1e2,0,1790459885.6526327,1790459885.792632580,SIDE_MINUS,side-minco|candidate-final-status,|MINCO_OK,UNRESOLVED_DUE_TO_MISSING_CANDIDATE_PAYLOAD,same_drone_plan_start_to_finalize_plus_25ms_NOT_EXACT_ID
20260927_055748_1104145,u1e2,0,1790459885.9927843,1790459886.136914730,NOMINAL,,,UNRESOLVED_DUE_TO_MISSING_CANDIDATE_PAYLOAD,same_drone_plan_start_to_finalize_plus_25ms_NOT_EXACT_ID
20260927_055748_1104145,u1e2,0,1790459885.9927843,1790459886.136914730,SIDE_PLUS,side-minco|candidate-final-status|side-minco|candidate-final-status,|MINCO_OK||MINCO_OK,UNRESOLVED_DUE_TO_MISSING_CANDIDATE_PAYLOAD,same_drone_plan_start_to_finalize_plus_25ms_NOT_EXACT_ID
20260927_055748_1104145,u1e2,0,1790459885.9927843,1790459886.136914730,SIDE_MINUS,candidate-preinit-failure,NO_STATIC_FEASIBLE_SIDE,UNRESOLVED_DUE_TO_MISSING_CANDIDATE_PAYLOAD,same_drone_plan_start_to_finalize_plus_25ms_NOT_EXACT_ID
20260927_055748_1104145,u1e2,0,1790459886.0870545,1790459886.235151052,NOMINAL,,,UNRESOLVED_DUE_TO_MISSING_CANDIDATE_PAYLOAD,same_drone_plan_start_to_finalize_plus_25ms_NOT_EXACT_ID
20260927_055748_1104145,u1e2,0,1790459886.0870545,1790459886.235151052,SIDE_PLUS,side-minco|candidate-final-status|side-minco|candidate-final-status,|MINCO_OK||MINCO_OK,UNRESOLVED_DUE_TO_MISSING_CANDIDATE_PAYLOAD,same_drone_plan_start_to_finalize_plus_25ms_NOT_EXACT_ID
20260927_055748_1104145,u1e2,0,1790459886.0870545,1790459886.235151052,SIDE_MINUS,candidate-preinit-failure,NO_STATIC_FEASIBLE_SIDE,UNRESOLVED_DUE_TO_MISSING_CANDIDATE_PAYLOAD,same_drone_plan_start_to_finalize_plus_25ms_NOT_EXACT_ID
20260927_055748_1104145,u1e2,0,1790459886.1927428,1790459886.345487833,NOMINAL,topology-post-check,,UNRESOLVED_DUE_TO_MISSING_CANDIDATE_PAYLOAD,same_drone_plan_start_to_finalize_plus_25ms_NOT_EXACT_ID
20260927_055748_1104145,u1e2,0,1790459886.1927428,1790459886.345487833,SIDE_PLUS,side-minco|candidate-final-status|side-minco|candidate-final-status,|MINCO_OK||MINCO_OK,UNRESOLVED_DUE_TO_MISSING_CANDIDATE_PAYLOAD,same_drone_plan_start_to_finalize_plus_25ms_NOT_EXACT_ID
20260927_055748_1104145,u1e2,0,1790459886.1927428,1790459886.345487833,SIDE_MINUS,candidate-preinit-failure|candidate-preinit-failure,NO_STATIC_FEASIBLE_SIDE|NO_STATIC_FEASIBLE_SIDE,UNRESOLVED_DUE_TO_MISSING_CANDIDATE_PAYLOAD,same_drone_plan_start_to_finalize_plus_25ms_NOT_EXACT_ID
20260927_055748_1104145,u1e2,0,1790459886.2964196,1790459886.452955246,NOMINAL,topology-post-check,,UNRESOLVED_DUE_TO_MISSING_CANDIDATE_PAYLOAD,same_drone_plan_start_to_finalize_plus_25ms_NOT_EXACT_ID
20260927_055748_1104145,u1e2,0,1790459886.2964196,1790459886.452955246,SIDE_PLUS,side-minco|candidate-final-status,|MINCO_OK,UNRESOLVED_DUE_TO_MISSING_CANDIDATE_PAYLOAD,same_drone_plan_start_to_finalize_plus_25ms_NOT_EXACT_ID
20260927_055748_1104145,u1e2,0,1790459886.2964196,1790459886.452955246,SIDE_MINUS,candidate-preinit-failure,NO_STATIC_FEASIBLE_SIDE,UNRESOLVED_DUE_TO_MISSING_CANDIDATE_PAYLOAD,same_drone_plan_start_to_finalize_plus_25ms_NOT_EXACT_ID
20260927_055748_1104145,u1e2,0,1790459886.4570355,1790459886.609189749,NOMINAL,topology-post-check,,UNRESOLVED_DUE_TO_MISSING_CANDIDATE_PAYLOAD,same_drone_plan_start_to_finalize_plus_25ms_NOT_EXACT_ID
20260927_055748_1104145,u1e2,0,1790459886.4570355,1790459886.609189749,SIDE_PLUS,side-minco|candidate-final-status,|MINCO_OK,UNRESOLVED_DUE_TO_MISSING_CANDIDATE_PAYLOAD,same_drone_plan_start_to_finalize_plus_25ms_NOT_EXACT_ID
20260927_055748_1104145,u1e2,0,1790459886.4570355,1790459886.609189749,SIDE_MINUS,candidate-preinit-failure,NO_STATIC_FEASIBLE_SIDE,UNRESOLVED_DUE_TO_MISSING_CANDIDATE_PAYLOAD,same_drone_plan_start_to_finalize_plus_25ms_NOT_EXACT_ID
20260927_055748_1104145,u1e2,0,1790459886.7043278,1790459886.851974249,NOMINAL,,,UNRESOLVED_DUE_TO_MISSING_CANDIDATE_PAYLOAD,same_drone_plan_start_to_finalize_plus_25ms_NOT_EXACT_ID
20260927_055748_1104145,u1e2,0,1790459886.7043278,1790459886.851974249,SIDE_PLUS,side-minco|candidate-final-status,|MINCO_OK,UNRESOLVED_DUE_TO_MISSING_CANDIDATE_PAYLOAD,same_drone_plan_start_to_finalize_plus_25ms_NOT_EXACT_ID
20260927_055748_1104145,u1e2,0,1790459886.7043278,1790459886.851974249,SIDE_MINUS,side-minco|candidate-final-status|topology-post-check,|MINCO_OK|,UNRESOLVED_DUE_TO_MISSING_CANDIDATE_PAYLOAD,same_drone_plan_start_to_finalize_plus_25ms_NOT_EXACT_ID
20260927_055748_1104145,u1e2,0,1790459886.9752913,1790459887.118999004,NOMINAL,,,UNRESOLVED_DUE_TO_MISSING_CANDIDATE_PAYLOAD,same_drone_plan_start_to_finalize_plus_25ms_NOT_EXACT_ID
20260927_055748_1104145,u1e2,0,1790459886.9752913,1790459887.118999004,SIDE_PLUS,side-minco|candidate-final-status|topology-post-check,|MINCO_OK|,UNRESOLVED_DUE_TO_MISSING_CANDIDATE_PAYLOAD,same_drone_plan_start_to_finalize_plus_25ms_NOT_EXACT_ID
20260927_055748_1104145,u1e2,0,1790459886.9752913,1790459887.118999004,SIDE_MINUS,side-minco|candidate-final-status,|MINCO_OK,UNRESOLVED_DUE_TO_MISSING_CANDIDATE_PAYLOAD,same_drone_plan_start_to_finalize_plus_25ms_NOT_EXACT_ID
20260927_055748_1104145,u1e2,0,1790459887.2347875,1790459887.374902487,NOMINAL,topology-post-check,,UNRESOLVED_DUE_TO_MISSING_CANDIDATE_PAYLOAD,same_drone_plan_start_to_finalize_plus_25ms_NOT_EXACT_ID
20260927_055748_1104145,u1e2,0,1790459887.2347875,1790459887.374902487,SIDE_PLUS,side-minco|candidate-final-status,|MINCO_OK,UNRESOLVED_DUE_TO_MISSING_CANDIDATE_PAYLOAD,same_drone_plan_start_to_finalize_plus_25ms_NOT_EXACT_ID
20260927_055748_1104145,u1e2,0,1790459887.2347875,1790459887.374902487,SIDE_MINUS,side-minco|candidate-final-status,|MINCO_OK,UNRESOLVED_DUE_TO_MISSING_CANDIDATE_PAYLOAD,same_drone_plan_start_to_finalize_plus_25ms_NOT_EXACT_ID
20260927_055748_1104145,u1e2,0,1790459887.527824,1790459887.667823792,NOMINAL,topology-post-check,,UNRESOLVED_DUE_TO_MISSING_CANDIDATE_PAYLOAD,same_drone_plan_start_to_finalize_plus_25ms_NOT_EXACT_ID
20260927_055748_1104145,u1e2,0,1790459887.527824,1790459887.667823792,SIDE_PLUS,side-minco|candidate-final-status,|MINCO_OK,UNRESOLVED_DUE_TO_MISSING_CANDIDATE_PAYLOAD,same_drone_plan_start_to_finalize_plus_25ms_NOT_EXACT_ID
20260927_055748_1104145,u1e2,0,1790459887.527824,1790459887.667823792,SIDE_MINUS,side-minco|candidate-final-status,|MINCO_OK,UNRESOLVED_DUE_TO_MISSING_CANDIDATE_PAYLOAD,same_drone_plan_start_to_finalize_plus_25ms_NOT_EXACT_ID
20260927_055748_1104145,u1e2,0,1790459887.7951035,1790459887.935103416,NOMINAL,topology-post-check,,UNRESOLVED_DUE_TO_MISSING_CANDIDATE_PAYLOAD,same_drone_plan_start_to_finalize_plus_25ms_NOT_EXACT_ID
20260927_055748_1104145,u1e2,0,1790459887.7951035,1790459887.935103416,SIDE_PLUS,side-minco|candidate-final-status,|MINCO_OK,UNRESOLVED_DUE_TO_MISSING_CANDIDATE_PAYLOAD,same_drone_plan_start_to_finalize_plus_25ms_NOT_EXACT_ID
20260927_055748_1104145,u1e2,0,1790459887.7951035,1790459887.935103416,SIDE_MINUS,side-minco|candidate-final-status,|MINCO_OK,UNRESOLVED_DUE_TO_MISSING_CANDIDATE_PAYLOAD,same_drone_plan_start_to_finalize_plus_25ms_NOT_EXACT_ID
20260927_055748_1104145,u1e2,0,1790459888.0842502,1790459888.224250078,NOMINAL,topology-post-check,,UNRESOLVED_DUE_TO_MISSING_CANDIDATE_PAYLOAD,same_drone_plan_start_to_finalize_plus_25ms_NOT_EXACT_ID
20260927_055748_1104145,u1e2,0,1790459888.0842502,1790459888.224250078,SIDE_PLUS,side-minco|candidate-final-status,|MINCO_OK,UNRESOLVED_DUE_TO_MISSING_CANDIDATE_PAYLOAD,same_drone_plan_start_to_finalize_plus_25ms_NOT_EXACT_ID
20260927_055748_1104145,u1e2,0,1790459888.0842502,1790459888.224250078,SIDE_MINUS,side-minco|candidate-final-status,|MINCO_OK,UNRESOLVED_DUE_TO_MISSING_CANDIDATE_PAYLOAD,same_drone_plan_start_to_finalize_plus_25ms_NOT_EXACT_ID
20260927_055748_1104145,u1e2,0,1790459888.3625998,1790459888.502599716,NOMINAL,topology-post-check,,UNRESOLVED_DUE_TO_MISSING_CANDIDATE_PAYLOAD,same_drone_plan_start_to_finalize_plus_25ms_NOT_EXACT_ID
20260927_055748_1104145,u1e2,0,1790459888.3625998,1790459888.502599716,SIDE_PLUS,side-minco|candidate-final-status,|MINCO_OK,UNRESOLVED_DUE_TO_MISSING_CANDIDATE_PAYLOAD,same_drone_plan_start_to_finalize_plus_25ms_NOT_EXACT_ID
20260927_055748_1104145,u1e2,0,1790459888.3625998,1790459888.502599716,SIDE_MINUS,side-minco|candidate-final-status,|MINCO_OK,UNRESOLVED_DUE_TO_MISSING_CANDIDATE_PAYLOAD,same_drone_plan_start_to_finalize_plus_25ms_NOT_EXACT_ID
20260927_055748_1104145,u1e2,0,1790459888.6495466,1790459888.789546490,NOMINAL,topology-post-check,,UNRESOLVED_DUE_TO_MISSING_CANDIDATE_PAYLOAD,same_drone_plan_start_to_finalize_plus_25ms_NOT_EXACT_ID
20260927_055748_1104145,u1e2,0,1790459888.6495466,1790459888.789546490,SIDE_PLUS,side-minco|candidate-final-status,|MINCO_OK,UNRESOLVED_DUE_TO_MISSING_CANDIDATE_PAYLOAD,same_drone_plan_start_to_finalize_plus_25ms_NOT_EXACT_ID
20260927_055748_1104145,u1e2,0,1790459888.6495466,1790459888.789546490,SIDE_MINUS,side-minco|candidate-final-status,|MINCO_OK,UNRESOLVED_DUE_TO_MISSING_CANDIDATE_PAYLOAD,same_drone_plan_start_to_finalize_plus_25ms_NOT_EXACT_ID
20260927_055748_1104145,u1e2,0,1790459888.9067051,1790459889.046705008,NOMINAL,topology-post-check,,UNRESOLVED_DUE_TO_MISSING_CANDIDATE_PAYLOAD,same_drone_plan_start_to_finalize_plus_25ms_NOT_EXACT_ID
20260927_055748_1104145,u1e2,0,1790459888.9067051,1790459889.046705008,SIDE_PLUS,,,UNRESOLVED_DUE_TO_MISSING_CANDIDATE_PAYLOAD,same_drone_plan_start_to_finalize_plus_25ms_NOT_EXACT_ID
20260927_055748_1104145,u1e2,0,1790459888.9067051,1790459889.046705008,SIDE_MINUS,,,UNRESOLVED_DUE_TO_MISSING_CANDIDATE_PAYLOAD,same_drone_plan_start_to_finalize_plus_25ms_NOT_EXACT_ID
20260927_055748_1104145,u1e3,0,1790459899.911602,1790459900.051601887,NOMINAL,,,UNRESOLVED_DUE_TO_MISSING_CANDIDATE_PAYLOAD,same_drone_plan_start_to_finalize_plus_25ms_NOT_EXACT_ID
20260927_055748_1104145,u1e3,0,1790459899.911602,1790459900.051601887,SIDE_PLUS,side-minco|candidate-final-status,|MINCO_OK,UNRESOLVED_DUE_TO_MISSING_CANDIDATE_PAYLOAD,same_drone_plan_start_to_finalize_plus_25ms_NOT_EXACT_ID
20260927_055748_1104145,u1e3,0,1790459899.911602,1790459900.051601887,SIDE_MINUS,candidate-preinit-failure,NO_STATIC_FEASIBLE_SIDE,UNRESOLVED_DUE_TO_MISSING_CANDIDATE_PAYLOAD,same_drone_plan_start_to_finalize_plus_25ms_NOT_EXACT_ID
20260927_055748_1104145,u1e3,0,1790459900.0281835,1790459900.174697638,NOMINAL,,,UNRESOLVED_DUE_TO_MISSING_CANDIDATE_PAYLOAD,same_drone_plan_start_to_finalize_plus_25ms_NOT_EXACT_ID
20260927_055748_1104145,u1e3,0,1790459900.0281835,1790459900.174697638,SIDE_PLUS,side-minco|candidate-final-status|side-minco|candidate-final-status,|MINCO_OK||MINCO_OK,UNRESOLVED_DUE_TO_MISSING_CANDIDATE_PAYLOAD,same_drone_plan_start_to_finalize_plus_25ms_NOT_EXACT_ID
20260927_055748_1104145,u1e3,0,1790459900.0281835,1790459900.174697638,SIDE_MINUS,candidate-preinit-failure,NO_STATIC_FEASIBLE_SIDE,UNRESOLVED_DUE_TO_MISSING_CANDIDATE_PAYLOAD,same_drone_plan_start_to_finalize_plus_25ms_NOT_EXACT_ID
20260927_055748_1104145,u1e3,0,1790459900.153746,1790459900.307093859,NOMINAL,,,UNRESOLVED_DUE_TO_MISSING_CANDIDATE_PAYLOAD,same_drone_plan_start_to_finalize_plus_25ms_NOT_EXACT_ID
20260927_055748_1104145,u1e3,0,1790459900.153746,1790459900.307093859,SIDE_PLUS,side-minco|candidate-final-status|side-minco|candidate-final-status,|MINCO_OK||MINCO_OK,UNRESOLVED_DUE_TO_MISSING_CANDIDATE_PAYLOAD,same_drone_plan_start_to_finalize_plus_25ms_NOT_EXACT_ID
20260927_055748_1104145,u1e3,0,1790459900.153746,1790459900.307093859,SIDE_MINUS,candidate-preinit-failure,NO_STATIC_FEASIBLE_SIDE,UNRESOLVED_DUE_TO_MISSING_CANDIDATE_PAYLOAD,same_drone_plan_start_to_finalize_plus_25ms_NOT_EXACT_ID
20260927_055748_1104145,u1e3,0,1790459900.25564,1790459900.412794352,NOMINAL,,,UNRESOLVED_DUE_TO_MISSING_CANDIDATE_PAYLOAD,same_drone_plan_start_to_finalize_plus_25ms_NOT_EXACT_ID
20260927_055748_1104145,u1e3,0,1790459900.25564,1790459900.412794352,SIDE_PLUS,side-minco|candidate-final-status|side-minco|candidate-final-status,|MINCO_OK||MINCO_OK,UNRESOLVED_DUE_TO_MISSING_CANDIDATE_PAYLOAD,same_drone_plan_start_to_finalize_plus_25ms_NOT_EXACT_ID
20260927_055748_1104145,u1e3,0,1790459900.25564,1790459900.412794352,SIDE_MINUS,candidate-preinit-failure,NO_STATIC_FEASIBLE_SIDE,UNRESOLVED_DUE_TO_MISSING_CANDIDATE_PAYLOAD,same_drone_plan_start_to_finalize_plus_25ms_NOT_EXACT_ID
20260927_055748_1104145,u1e3,0,1790459900.3580027,1790459900.518568039,NOMINAL,,,UNRESOLVED_DUE_TO_MISSING_CANDIDATE_PAYLOAD,same_drone_plan_start_to_finalize_plus_25ms_NOT_EXACT_ID
20260927_055748_1104145,u1e3,0,1790459900.3580027,1790459900.518568039,SIDE_PLUS,side-minco|candidate-final-status|side-minco|candidate-final-status,|MINCO_OK||MINCO_OK,UNRESOLVED_DUE_TO_MISSING_CANDIDATE_PAYLOAD,same_drone_plan_start_to_finalize_plus_25ms_NOT_EXACT_ID
20260927_055748_1104145,u1e3,0,1790459900.3580027,1790459900.518568039,SIDE_MINUS,candidate-preinit-failure,NO_STATIC_FEASIBLE_SIDE,UNRESOLVED_DUE_TO_MISSING_CANDIDATE_PAYLOAD,same_drone_plan_start_to_finalize_plus_25ms_NOT_EXACT_ID
20260927_055748_1104145,u1e3,0,1790459900.457951,1790459900.621408463,NOMINAL,topology-post-check,,UNRESOLVED_DUE_TO_MISSING_CANDIDATE_PAYLOAD,same_drone_plan_start_to_finalize_plus_25ms_NOT_EXACT_ID
20260927_055748_1104145,u1e3,0,1790459900.457951,1790459900.621408463,SIDE_PLUS,side-minco|candidate-final-status|side-minco|candidate-final-status,|MINCO_OK||MINCO_OK,UNRESOLVED_DUE_TO_MISSING_CANDIDATE_PAYLOAD,same_drone_plan_start_to_finalize_plus_25ms_NOT_EXACT_ID
20260927_055748_1104145,u1e3,0,1790459900.457951,1790459900.621408463,SIDE_MINUS,candidate-preinit-failure|candidate-preinit-failure,NO_STATIC_FEASIBLE_SIDE|NO_STATIC_FEASIBLE_SIDE,UNRESOLVED_DUE_TO_MISSING_CANDIDATE_PAYLOAD,same_drone_plan_start_to_finalize_plus_25ms_NOT_EXACT_ID
20260927_055748_1104145,u1e3,0,1790459900.5579908,1790459900.724023819,NOMINAL,topology-post-check,,UNRESOLVED_DUE_TO_MISSING_CANDIDATE_PAYLOAD,same_drone_plan_start_to_finalize_plus_25ms_NOT_EXACT_ID
20260927_055748_1104145,u1e3,0,1790459900.5579908,1790459900.724023819,SIDE_PLUS,side-minco|candidate-final-status,|MINCO_OK,UNRESOLVED_DUE_TO_MISSING_CANDIDATE_PAYLOAD,same_drone_plan_start_to_finalize_plus_25ms_NOT_EXACT_ID
20260927_055748_1104145,u1e3,0,1790459900.5579908,1790459900.724023819,SIDE_MINUS,candidate-preinit-failure,NO_STATIC_FEASIBLE_SIDE,UNRESOLVED_DUE_TO_MISSING_CANDIDATE_PAYLOAD,same_drone_plan_start_to_finalize_plus_25ms_NOT_EXACT_ID
20260927_055748_1104145,u1e3,0,1790459900.82142,1790459900.981578588,NOMINAL,,,UNRESOLVED_DUE_TO_MISSING_CANDIDATE_PAYLOAD,same_drone_plan_start_to_finalize_plus_25ms_NOT_EXACT_ID
20260927_055748_1104145,u1e3,0,1790459900.82142,1790459900.981578588,SIDE_PLUS,side-minco|candidate-final-status,|MINCO_OK,UNRESOLVED_DUE_TO_MISSING_CANDIDATE_PAYLOAD,same_drone_plan_start_to_finalize_plus_25ms_NOT_EXACT_ID
20260927_055748_1104145,u1e3,0,1790459900.82142,1790459900.981578588,SIDE_MINUS,side-minco|candidate-final-status|topology-post-check,|MINCO_OK|,UNRESOLVED_DUE_TO_MISSING_CANDIDATE_PAYLOAD,same_drone_plan_start_to_finalize_plus_25ms_NOT_EXACT_ID
20260927_055748_1104145,u1e3,0,1790459901.0667682,1790459901.221827984,NOMINAL,,,UNRESOLVED_DUE_TO_MISSING_CANDIDATE_PAYLOAD,same_drone_plan_start_to_finalize_plus_25ms_NOT_EXACT_ID
20260927_055748_1104145,u1e3,0,1790459901.0667682,1790459901.221827984,SIDE_PLUS,side-minco|candidate-final-status|topology-post-check,|MINCO_OK|,UNRESOLVED_DUE_TO_MISSING_CANDIDATE_PAYLOAD,same_drone_plan_start_to_finalize_plus_25ms_NOT_EXACT_ID
20260927_055748_1104145,u1e3,0,1790459901.0667682,1790459901.221827984,SIDE_MINUS,side-minco|candidate-final-status,|MINCO_OK,UNRESOLVED_DUE_TO_MISSING_CANDIDATE_PAYLOAD,same_drone_plan_start_to_finalize_plus_25ms_NOT_EXACT_ID
20260927_055748_1104145,u1e3,0,1790459901.3484948,1790459901.498851061,NOMINAL,,,UNRESOLVED_DUE_TO_MISSING_CANDIDATE_PAYLOAD,same_drone_plan_start_to_finalize_plus_25ms_NOT_EXACT_ID
20260927_055748_1104145,u1e3,0,1790459901.3484948,1790459901.498851061,SIDE_PLUS,side-minco|candidate-final-status,|FEASIBLE_INITIALIZER_FALLBACK:,UNRESOLVED_DUE_TO_MISSING_CANDIDATE_PAYLOAD,same_drone_plan_start_to_finalize_plus_25ms_NOT_EXACT_ID
20260927_055748_1104145,u1e3,0,1790459901.3484948,1790459901.498851061,SIDE_MINUS,side-minco|candidate-final-status|topology-post-check,|MINCO_OK|,UNRESOLVED_DUE_TO_MISSING_CANDIDATE_PAYLOAD,same_drone_plan_start_to_finalize_plus_25ms_NOT_EXACT_ID
20260927_055748_1104145,u1e3,0,1790459901.6100996,1790459901.756519318,NOMINAL,,,UNRESOLVED_DUE_TO_MISSING_CANDIDATE_PAYLOAD,same_drone_plan_start_to_finalize_plus_25ms_NOT_EXACT_ID
20260927_055748_1104145,u1e3,0,1790459901.6100996,1790459901.756519318,SIDE_PLUS,side-minco|candidate-final-status,|MINCO_OK,UNRESOLVED_DUE_TO_MISSING_CANDIDATE_PAYLOAD,same_drone_plan_start_to_finalize_plus_25ms_NOT_EXACT_ID
20260927_055748_1104145,u1e3,0,1790459901.6100996,1790459901.756519318,SIDE_MINUS,side-minco|candidate-final-status|topology-post-check,|MINCO_OK|,UNRESOLVED_DUE_TO_MISSING_CANDIDATE_PAYLOAD,same_drone_plan_start_to_finalize_plus_25ms_NOT_EXACT_ID
20260927_055748_1104145,u1e3,0,1790459901.8917665,1790459902.034471750,NOMINAL,topology-post-check,,UNRESOLVED_DUE_TO_MISSING_CANDIDATE_PAYLOAD,same_drone_plan_start_to_finalize_plus_25ms_NOT_EXACT_ID
20260927_055748_1104145,u1e3,0,1790459901.8917665,1790459902.034471750,SIDE_PLUS,side-minco|candidate-final-status,|FEASIBLE_INITIALIZER_FALLBACK:,UNRESOLVED_DUE_TO_MISSING_CANDIDATE_PAYLOAD,same_drone_plan_start_to_finalize_plus_25ms_NOT_EXACT_ID
20260927_055748_1104145,u1e3,0,1790459901.8917665,1790459902.034471750,SIDE_MINUS,side-minco|candidate-final-status,|MINCO_OK,UNRESOLVED_DUE_TO_MISSING_CANDIDATE_PAYLOAD,same_drone_plan_start_to_finalize_plus_25ms_NOT_EXACT_ID
20260927_055748_1104145,u1e3,0,1790459902.1522882,1790459902.292288065,NOMINAL,,,UNRESOLVED_DUE_TO_MISSING_CANDIDATE_PAYLOAD,same_drone_plan_start_to_finalize_plus_25ms_NOT_EXACT_ID
20260927_055748_1104145,u1e3,0,1790459902.1522882,1790459902.292288065,SIDE_PLUS,side-minco|candidate-final-status,|FEASIBLE_INITIALIZER_FALLBACK:,UNRESOLVED_DUE_TO_MISSING_CANDIDATE_PAYLOAD,same_drone_plan_start_to_finalize_plus_25ms_NOT_EXACT_ID
20260927_055748_1104145,u1e3,0,1790459902.1522882,1790459902.292288065,SIDE_MINUS,side-minco|candidate-final-status|topology-post-check,|FEASIBLE_INITIALIZER_FALLBACK:|,UNRESOLVED_DUE_TO_MISSING_CANDIDATE_PAYLOAD,same_drone_plan_start_to_finalize_plus_25ms_NOT_EXACT_ID
20260927_055748_1104145,u1e3,0,1790459902.4115262,1790459902.551526070,NOMINAL,,,UNRESOLVED_DUE_TO_MISSING_CANDIDATE_PAYLOAD,same_drone_plan_start_to_finalize_plus_25ms_NOT_EXACT_ID
20260927_055748_1104145,u1e3,0,1790459902.4115262,1790459902.551526070,SIDE_PLUS,side-minco|candidate-final-status,|FEASIBLE_INITIALIZER_FALLBACK:,UNRESOLVED_DUE_TO_MISSING_CANDIDATE_PAYLOAD,same_drone_plan_start_to_finalize_plus_25ms_NOT_EXACT_ID
20260927_055748_1104145,u1e3,0,1790459902.4115262,1790459902.551526070,SIDE_MINUS,side-minco|candidate-final-status|topology-post-check,|FEASIBLE_INITIALIZER_FALLBACK:|,UNRESOLVED_DUE_TO_MISSING_CANDIDATE_PAYLOAD,same_drone_plan_start_to_finalize_plus_25ms_NOT_EXACT_ID
20260927_055748_1104145,u1e3,0,1790459902.695004,1790459902.835003853,NOMINAL,,,UNRESOLVED_DUE_TO_MISSING_CANDIDATE_PAYLOAD,same_drone_plan_start_to_finalize_plus_25ms_NOT_EXACT_ID
20260927_055748_1104145,u1e3,0,1790459902.695004,1790459902.835003853,SIDE_PLUS,side-minco|candidate-final-status,|MINCO_OK,UNRESOLVED_DUE_TO_MISSING_CANDIDATE_PAYLOAD,same_drone_plan_start_to_finalize_plus_25ms_NOT_EXACT_ID
20260927_055748_1104145,u1e3,0,1790459902.695004,1790459902.835003853,SIDE_MINUS,side-minco|candidate-final-status|topology-post-check,|FEASIBLE_INITIALIZER_FALLBACK:|,UNRESOLVED_DUE_TO_MISSING_CANDIDATE_PAYLOAD,same_drone_plan_start_to_finalize_plus_25ms_NOT_EXACT_ID
20260927_055748_1104145,u1e3,0,1790459902.9773707,1790459903.117370605,NOMINAL,topology-post-check,,UNRESOLVED_DUE_TO_MISSING_CANDIDATE_PAYLOAD,same_drone_plan_start_to_finalize_plus_25ms_NOT_EXACT_ID
20260927_055748_1104145,u1e3,0,1790459902.9773707,1790459903.117370605,SIDE_PLUS,side-minco|candidate-final-status,|MINCO_OK,UNRESOLVED_DUE_TO_MISSING_CANDIDATE_PAYLOAD,same_drone_plan_start_to_finalize_plus_25ms_NOT_EXACT_ID
20260927_055748_1104145,u1e3,0,1790459902.9773707,1790459903.117370605,SIDE_MINUS,side-minco|candidate-final-status,|MINCO_OK,UNRESOLVED_DUE_TO_MISSING_CANDIDATE_PAYLOAD,same_drone_plan_start_to_finalize_plus_25ms_NOT_EXACT_ID
20260927_055748_1104145,u1e3,0,1790459903.2293491,1790459903.369349003,NOMINAL,topology-post-check,,UNRESOLVED_DUE_TO_MISSING_CANDIDATE_PAYLOAD,same_drone_plan_start_to_finalize_plus_25ms_NOT_EXACT_ID
20260927_055748_1104145,u1e3,0,1790459903.2293491,1790459903.369349003,SIDE_PLUS,,,UNRESOLVED_DUE_TO_MISSING_CANDIDATE_PAYLOAD,same_drone_plan_start_to_finalize_plus_25ms_NOT_EXACT_ID
20260927_055748_1104145,u1e3,0,1790459903.2293491,1790459903.369349003,SIDE_MINUS,,,UNRESOLVED_DUE_TO_MISSING_CANDIDATE_PAYLOAD,same_drone_plan_start_to_finalize_plus_25ms_NOT_EXACT_ID
20260927_055748_1104145,u1e4,0,1790459939.012071,1790459939.162692070,NOMINAL,topology-post-check,,UNRESOLVED_DUE_TO_MISSING_CANDIDATE_PAYLOAD,same_drone_plan_start_to_finalize_plus_25ms_NOT_EXACT_ID
20260927_055748_1104145,u1e4,0,1790459939.012071,1790459939.162692070,SIDE_PLUS,side-minco|candidate-final-status|side-minco|candidate-final-status,|MINCO_OK||MINCO_OK,UNRESOLVED_DUE_TO_MISSING_CANDIDATE_PAYLOAD,same_drone_plan_start_to_finalize_plus_25ms_NOT_EXACT_ID
20260927_055748_1104145,u1e4,0,1790459939.012071,1790459939.162692070,SIDE_MINUS,candidate-preinit-failure|candidate-preinit-failure,NO_STATIC_FEASIBLE_SIDE|NO_STATIC_FEASIBLE_SIDE,UNRESOLVED_DUE_TO_MISSING_CANDIDATE_PAYLOAD,same_drone_plan_start_to_finalize_plus_25ms_NOT_EXACT_ID
20260927_055748_1104145,u1e4,0,1790459939.118365,1790459939.273471594,NOMINAL,topology-post-check,,UNRESOLVED_DUE_TO_MISSING_CANDIDATE_PAYLOAD,same_drone_plan_start_to_finalize_plus_25ms_NOT_EXACT_ID
20260927_055748_1104145,u1e4,0,1790459939.118365,1790459939.273471594,SIDE_PLUS,side-minco|candidate-final-status,|MINCO_OK,UNRESOLVED_DUE_TO_MISSING_CANDIDATE_PAYLOAD,same_drone_plan_start_to_finalize_plus_25ms_NOT_EXACT_ID
20260927_055748_1104145,u1e4,0,1790459939.118365,1790459939.273471594,SIDE_MINUS,candidate-preinit-failure,NO_STATIC_FEASIBLE_SIDE,UNRESOLVED_DUE_TO_MISSING_CANDIDATE_PAYLOAD,same_drone_plan_start_to_finalize_plus_25ms_NOT_EXACT_ID
20260927_055748_1104145,u1e4,0,1790459939.3854628,1790459939.535692692,NOMINAL,,,UNRESOLVED_DUE_TO_MISSING_CANDIDATE_PAYLOAD,same_drone_plan_start_to_finalize_plus_25ms_NOT_EXACT_ID
20260927_055748_1104145,u1e4,0,1790459939.3854628,1790459939.535692692,SIDE_PLUS,side-minco|candidate-final-status|topology-post-check,|FEASIBLE_INITIALIZER_FALLBACK:|,UNRESOLVED_DUE_TO_MISSING_CANDIDATE_PAYLOAD,same_drone_plan_start_to_finalize_plus_25ms_NOT_EXACT_ID
20260927_055748_1104145,u1e4,0,1790459939.3854628,1790459939.535692692,SIDE_MINUS,candidate-preinit-failure,NO_STATIC_FEASIBLE_SIDE,UNRESOLVED_DUE_TO_MISSING_CANDIDATE_PAYLOAD,same_drone_plan_start_to_finalize_plus_25ms_NOT_EXACT_ID
20260927_055748_1104145,u1e4,0,1790459939.6761627,1790459939.822166204,NOMINAL,,,UNRESOLVED_DUE_TO_MISSING_CANDIDATE_PAYLOAD,same_drone_plan_start_to_finalize_plus_25ms_NOT_EXACT_ID
20260927_055748_1104145,u1e4,0,1790459939.6761627,1790459939.822166204,SIDE_PLUS,side-minco|candidate-final-status|topology-post-check,|MINCO_OK|,UNRESOLVED_DUE_TO_MISSING_CANDIDATE_PAYLOAD,same_drone_plan_start_to_finalize_plus_25ms_NOT_EXACT_ID
20260927_055748_1104145,u1e4,0,1790459939.6761627,1790459939.822166204,SIDE_MINUS,side-minco|candidate-final-status,|MINCO_OK,UNRESOLVED_DUE_TO_MISSING_CANDIDATE_PAYLOAD,same_drone_plan_start_to_finalize_plus_25ms_NOT_EXACT_ID
20260927_055748_1104145,u1e4,0,1790459939.9680772,1790459940.110205889,NOMINAL,,,UNRESOLVED_DUE_TO_MISSING_CANDIDATE_PAYLOAD,same_drone_plan_start_to_finalize_plus_25ms_NOT_EXACT_ID
20260927_055748_1104145,u1e4,0,1790459939.9680772,1790459940.110205889,SIDE_PLUS,side-minco|candidate-final-status|topology-post-check,|MINCO_OK|,UNRESOLVED_DUE_TO_MISSING_CANDIDATE_PAYLOAD,same_drone_plan_start_to_finalize_plus_25ms_NOT_EXACT_ID
20260927_055748_1104145,u1e4,0,1790459939.9680772,1790459940.110205889,SIDE_MINUS,side-minco|candidate-final-status,|MINCO_OK,UNRESOLVED_DUE_TO_MISSING_CANDIDATE_PAYLOAD,same_drone_plan_start_to_finalize_plus_25ms_NOT_EXACT_ID
20260927_055748_1104145,u1e4,0,1790459940.25582,1790459940.395819902,NOMINAL,,,UNRESOLVED_DUE_TO_MISSING_CANDIDATE_PAYLOAD,same_drone_plan_start_to_finalize_plus_25ms_NOT_EXACT_ID
20260927_055748_1104145,u1e4,0,1790459940.25582,1790459940.395819902,SIDE_PLUS,side-minco|candidate-final-status|topology-post-check,|MINCO_OK|,UNRESOLVED_DUE_TO_MISSING_CANDIDATE_PAYLOAD,same_drone_plan_start_to_finalize_plus_25ms_NOT_EXACT_ID
20260927_055748_1104145,u1e4,0,1790459940.25582,1790459940.395819902,SIDE_MINUS,side-minco|candidate-final-status,|MINCO_OK,UNRESOLVED_DUE_TO_MISSING_CANDIDATE_PAYLOAD,same_drone_plan_start_to_finalize_plus_25ms_NOT_EXACT_ID
20260927_055748_1104145,u1e4,0,1790459940.8051713,1790459940.945171118,NOMINAL,topology-post-check,,UNRESOLVED_DUE_TO_MISSING_CANDIDATE_PAYLOAD,same_drone_plan_start_to_finalize_plus_25ms_NOT_EXACT_ID
20260927_055748_1104145,u1e4,0,1790459940.8051713,1790459940.945171118,SIDE_PLUS,side-minco|candidate-final-status,|MINCO_OK,UNRESOLVED_DUE_TO_MISSING_CANDIDATE_PAYLOAD,same_drone_plan_start_to_finalize_plus_25ms_NOT_EXACT_ID
20260927_055748_1104145,u1e4,0,1790459940.8051713,1790459940.945171118,SIDE_MINUS,side-minco|candidate-final-status,|MINCO_OK,UNRESOLVED_DUE_TO_MISSING_CANDIDATE_PAYLOAD,same_drone_plan_start_to_finalize_plus_25ms_NOT_EXACT_ID
20260927_055748_1104145,u1e4,0,1790459941.0930386,1790459941.233038425,NOMINAL,topology-post-check,,UNRESOLVED_DUE_TO_MISSING_CANDIDATE_PAYLOAD,same_drone_plan_start_to_finalize_plus_25ms_NOT_EXACT_ID
20260927_055748_1104145,u1e4,0,1790459941.0930386,1790459941.233038425,SIDE_PLUS,side-minco|candidate-final-status,|MINCO_OK,UNRESOLVED_DUE_TO_MISSING_CANDIDATE_PAYLOAD,same_drone_plan_start_to_finalize_plus_25ms_NOT_EXACT_ID
20260927_055748_1104145,u1e4,0,1790459941.0930386,1790459941.233038425,SIDE_MINUS,side-minco|candidate-final-status,|MINCO_OK,UNRESOLVED_DUE_TO_MISSING_CANDIDATE_PAYLOAD,same_drone_plan_start_to_finalize_plus_25ms_NOT_EXACT_ID
20260927_055748_1104145,u1e4,0,1790459941.3561463,1790459941.496146202,NOMINAL,topology-post-check,,UNRESOLVED_DUE_TO_MISSING_CANDIDATE_PAYLOAD,same_drone_plan_start_to_finalize_plus_25ms_NOT_EXACT_ID
20260927_055748_1104145,u1e4,0,1790459941.3561463,1790459941.496146202,SIDE_PLUS,side-minco|candidate-final-status,|MINCO_OK,UNRESOLVED_DUE_TO_MISSING_CANDIDATE_PAYLOAD,same_drone_plan_start_to_finalize_plus_25ms_NOT_EXACT_ID
20260927_055748_1104145,u1e4,0,1790459941.3561463,1790459941.496146202,SIDE_MINUS,side-minco|candidate-final-status,|MINCO_OK,UNRESOLVED_DUE_TO_MISSING_CANDIDATE_PAYLOAD,same_drone_plan_start_to_finalize_plus_25ms_NOT_EXACT_ID
20260927_055748_1104145,u1e4,0,1790459941.6544275,1790459941.794427395,NOMINAL,topology-post-check,,UNRESOLVED_DUE_TO_MISSING_CANDIDATE_PAYLOAD,same_drone_plan_start_to_finalize_plus_25ms_NOT_EXACT_ID
20260927_055748_1104145,u1e4,0,1790459941.6544275,1790459941.794427395,SIDE_PLUS,side-minco|candidate-final-status,|MINCO_OK,UNRESOLVED_DUE_TO_MISSING_CANDIDATE_PAYLOAD,same_drone_plan_start_to_finalize_plus_25ms_NOT_EXACT_ID
20260927_055748_1104145,u1e4,0,1790459941.6544275,1790459941.794427395,SIDE_MINUS,side-minco|candidate-final-status,|MINCO_OK,UNRESOLVED_DUE_TO_MISSING_CANDIDATE_PAYLOAD,same_drone_plan_start_to_finalize_plus_25ms_NOT_EXACT_ID
20260927_055748_1104145,u1e4,0,1790459941.9330041,1790459942.073004007,NOMINAL,,,UNRESOLVED_DUE_TO_MISSING_CANDIDATE_PAYLOAD,same_drone_plan_start_to_finalize_plus_25ms_NOT_EXACT_ID
20260927_055748_1104145,u1e4,0,1790459941.9330041,1790459942.073004007,SIDE_PLUS,side-minco|candidate-final-status,|MINCO_OK,UNRESOLVED_DUE_TO_MISSING_CANDIDATE_PAYLOAD,same_drone_plan_start_to_finalize_plus_25ms_NOT_EXACT_ID
20260927_055748_1104145,u1e4,0,1790459941.9330041,1790459942.073004007,SIDE_MINUS,side-minco|candidate-final-status|topology-post-check,|MINCO_OK|,UNRESOLVED_DUE_TO_MISSING_CANDIDATE_PAYLOAD,same_drone_plan_start_to_finalize_plus_25ms_NOT_EXACT_ID
20260927_055748_1104145,u2e1,1,1790459948.5992644,1790459948.739264250,NOMINAL,,,UNRESOLVED_DUE_TO_MISSING_CANDIDATE_PAYLOAD,same_drone_plan_start_to_finalize_plus_25ms_NOT_EXACT_ID
20260927_055748_1104145,u2e1,1,1790459948.5992644,1790459948.739264250,SIDE_PLUS,side-minco|candidate-final-status,|,UNRESOLVED_DUE_TO_MISSING_CANDIDATE_PAYLOAD,same_drone_plan_start_to_finalize_plus_25ms_NOT_EXACT_ID
20260927_055748_1104145,u2e1,1,1790459948.5992644,1790459948.739264250,SIDE_MINUS,side-minco|candidate-final-status|topology-post-check,SCP_FINAL_OK|MINCO_OK|,UNRESOLVED_DUE_TO_MISSING_CANDIDATE_PAYLOAD,same_drone_plan_start_to_finalize_plus_25ms_NOT_EXACT_ID
20260927_055748_1104145,u2e1,1,1790459948.8818913,1790459949.021891117,NOMINAL,,,UNRESOLVED_DUE_TO_MISSING_CANDIDATE_PAYLOAD,same_drone_plan_start_to_finalize_plus_25ms_NOT_EXACT_ID
20260927_055748_1104145,u2e1,1,1790459948.8818913,1790459949.021891117,SIDE_PLUS,side-minco|candidate-final-status,|,UNRESOLVED_DUE_TO_MISSING_CANDIDATE_PAYLOAD,same_drone_plan_start_to_finalize_plus_25ms_NOT_EXACT_ID
20260927_055748_1104145,u2e1,1,1790459948.8818913,1790459949.021891117,SIDE_MINUS,side-minco|candidate-final-status|side-minco|candidate-final-status,|||,UNRESOLVED_DUE_TO_MISSING_CANDIDATE_PAYLOAD,same_drone_plan_start_to_finalize_plus_25ms_NOT_EXACT_ID
20260927_055748_1104145,u2e1,1,1790459948.9218397,1790459949.061839581,NOMINAL,,,UNRESOLVED_DUE_TO_MISSING_CANDIDATE_PAYLOAD,same_drone_plan_start_to_finalize_plus_25ms_NOT_EXACT_ID
20260927_055748_1104145,u2e1,1,1790459948.9218397,1790459949.061839581,SIDE_PLUS,side-minco|candidate-final-status,|,UNRESOLVED_DUE_TO_MISSING_CANDIDATE_PAYLOAD,same_drone_plan_start_to_finalize_plus_25ms_NOT_EXACT_ID
20260927_055748_1104145,u2e1,1,1790459948.9218397,1790459949.061839581,SIDE_MINUS,side-minco|candidate-final-status|candidate-final-status,||MINCO_OK,UNRESOLVED_DUE_TO_MISSING_CANDIDATE_PAYLOAD,same_drone_plan_start_to_finalize_plus_25ms_NOT_EXACT_ID
20260927_055748_1104145,u2e1,1,1790459948.9522038,1790459949.092203617,NOMINAL,,,UNRESOLVED_DUE_TO_MISSING_CANDIDATE_PAYLOAD,same_drone_plan_start_to_finalize_plus_25ms_NOT_EXACT_ID
20260927_055748_1104145,u2e1,1,1790459948.9522038,1790459949.092203617,SIDE_PLUS,candidate-final-status,,UNRESOLVED_DUE_TO_MISSING_CANDIDATE_PAYLOAD,same_drone_plan_start_to_finalize_plus_25ms_NOT_EXACT_ID
20260927_055748_1104145,u2e1,1,1790459948.9522038,1790459949.092203617,SIDE_MINUS,candidate-final-status|topology-post-check,MINCO_OK|,UNRESOLVED_DUE_TO_MISSING_CANDIDATE_PAYLOAD,same_drone_plan_start_to_finalize_plus_25ms_NOT_EXACT_ID
20260927_055748_1104145,u2e1,1,1790459949.1693888,1790459949.309388638,NOMINAL,,,UNRESOLVED_DUE_TO_MISSING_CANDIDATE_PAYLOAD,same_drone_plan_start_to_finalize_plus_25ms_NOT_EXACT_ID
20260927_055748_1104145,u2e1,1,1790459949.1693888,1790459949.309388638,SIDE_PLUS,side-minco|candidate-final-status|side-minco|candidate-final-status,|||,UNRESOLVED_DUE_TO_MISSING_CANDIDATE_PAYLOAD,same_drone_plan_start_to_finalize_plus_25ms_NOT_EXACT_ID
20260927_055748_1104145,u2e1,1,1790459949.1693888,1790459949.309388638,SIDE_MINUS,side-minco|candidate-final-status|side-minco|candidate-final-status|topology-post-check,|||MINCO_OK|,UNRESOLVED_DUE_TO_MISSING_CANDIDATE_PAYLOAD,same_drone_plan_start_to_finalize_plus_25ms_NOT_EXACT_ID
20260927_055748_1104145,u2e1,1,1790459949.195675,1790459949.335674763,NOMINAL,,,UNRESOLVED_DUE_TO_MISSING_CANDIDATE_PAYLOAD,same_drone_plan_start_to_finalize_plus_25ms_NOT_EXACT_ID
20260927_055748_1104145,u2e1,1,1790459949.195675,1790459949.335674763,SIDE_PLUS,side-minco|candidate-final-status,|,UNRESOLVED_DUE_TO_MISSING_CANDIDATE_PAYLOAD,same_drone_plan_start_to_finalize_plus_25ms_NOT_EXACT_ID
20260927_055748_1104145,u2e1,1,1790459949.195675,1790459949.335674763,SIDE_MINUS,side-minco|candidate-final-status|topology-post-check,|MINCO_OK|,UNRESOLVED_DUE_TO_MISSING_CANDIDATE_PAYLOAD,same_drone_plan_start_to_finalize_plus_25ms_NOT_EXACT_ID
20260927_055748_1104145,u2e1,1,1790459949.4464285,1790459949.586428404,NOMINAL,,,UNRESOLVED_DUE_TO_MISSING_CANDIDATE_PAYLOAD,same_drone_plan_start_to_finalize_plus_25ms_NOT_EXACT_ID
20260927_055748_1104145,u2e1,1,1790459949.4464285,1790459949.586428404,SIDE_PLUS,side-minco|candidate-final-status,|,UNRESOLVED_DUE_TO_MISSING_CANDIDATE_PAYLOAD,same_drone_plan_start_to_finalize_plus_25ms_NOT_EXACT_ID
20260927_055748_1104145,u2e1,1,1790459949.4464285,1790459949.586428404,SIDE_MINUS,side-minco|candidate-final-status|side-minco|candidate-final-status,|||,UNRESOLVED_DUE_TO_MISSING_CANDIDATE_PAYLOAD,same_drone_plan_start_to_finalize_plus_25ms_NOT_EXACT_ID
20260927_055748_1104145,u2e1,1,1790459949.4754822,1790459949.615482092,NOMINAL,,,UNRESOLVED_DUE_TO_MISSING_CANDIDATE_PAYLOAD,same_drone_plan_start_to_finalize_plus_25ms_NOT_EXACT_ID
20260927_055748_1104145,u2e1,1,1790459949.4754822,1790459949.615482092,SIDE_PLUS,side-minco|candidate-final-status,|,UNRESOLVED_DUE_TO_MISSING_CANDIDATE_PAYLOAD,same_drone_plan_start_to_finalize_plus_25ms_NOT_EXACT_ID
20260927_055748_1104145,u2e1,1,1790459949.4754822,1790459949.615482092,SIDE_MINUS,side-minco|candidate-final-status|candidate-final-status,||,UNRESOLVED_DUE_TO_MISSING_CANDIDATE_PAYLOAD,same_drone_plan_start_to_finalize_plus_25ms_NOT_EXACT_ID
20260927_055748_1104145,u2e1,1,1790459949.5017548,1790459949.641754627,NOMINAL,,,UNRESOLVED_DUE_TO_MISSING_CANDIDATE_PAYLOAD,same_drone_plan_start_to_finalize_plus_25ms_NOT_EXACT_ID
20260927_055748_1104145,u2e1,1,1790459949.5017548,1790459949.641754627,SIDE_PLUS,candidate-final-status,,UNRESOLVED_DUE_TO_MISSING_CANDIDATE_PAYLOAD,same_drone_plan_start_to_finalize_plus_25ms_NOT_EXACT_ID
20260927_055748_1104145,u2e1,1,1790459949.5017548,1790459949.641754627,SIDE_MINUS,candidate-final-status|side-minco|candidate-final-status,||,UNRESOLVED_DUE_TO_MISSING_CANDIDATE_PAYLOAD,same_drone_plan_start_to_finalize_plus_25ms_NOT_EXACT_ID
20260927_055748_1104145,u2e1,1,1790459949.5307686,1790459949.670768499,NOMINAL,,,UNRESOLVED_DUE_TO_MISSING_CANDIDATE_PAYLOAD,same_drone_plan_start_to_finalize_plus_25ms_NOT_EXACT_ID
20260927_055748_1104145,u2e1,1,1790459949.5307686,1790459949.670768499,SIDE_PLUS,side-minco|candidate-final-status|side-minco|candidate-final-status,|||,UNRESOLVED_DUE_TO_MISSING_CANDIDATE_PAYLOAD,same_drone_plan_start_to_finalize_plus_25ms_NOT_EXACT_ID
20260927_055748_1104145,u2e1,1,1790459949.5307686,1790459949.670768499,SIDE_MINUS,side-minco|candidate-final-status|side-minco|candidate-final-status,|||,UNRESOLVED_DUE_TO_MISSING_CANDIDATE_PAYLOAD,same_drone_plan_start_to_finalize_plus_25ms_NOT_EXACT_ID
20260927_055748_1104145,u2e1,1,1790459949.5564861,1790459949.696485996,NOMINAL,,,UNRESOLVED_DUE_TO_MISSING_CANDIDATE_PAYLOAD,same_drone_plan_start_to_finalize_plus_25ms_NOT_EXACT_ID
20260927_055748_1104145,u2e1,1,1790459949.5564861,1790459949.696485996,SIDE_PLUS,side-minco|candidate-final-status|side-minco|candidate-final-status,|||,UNRESOLVED_DUE_TO_MISSING_CANDIDATE_PAYLOAD,same_drone_plan_start_to_finalize_plus_25ms_NOT_EXACT_ID
20260927_055748_1104145,u2e1,1,1790459949.5564861,1790459949.696485996,SIDE_MINUS,side-minco|candidate-final-status|side-minco|candidate-final-status,|||MINCO_OK,UNRESOLVED_DUE_TO_MISSING_CANDIDATE_PAYLOAD,same_drone_plan_start_to_finalize_plus_25ms_NOT_EXACT_ID
20260927_055748_1104145,u2e1,1,1790459949.581858,1790459949.721857786,NOMINAL,,,UNRESOLVED_DUE_TO_MISSING_CANDIDATE_PAYLOAD,same_drone_plan_start_to_finalize_plus_25ms_NOT_EXACT_ID
20260927_055748_1104145,u2e1,1,1790459949.581858,1790459949.721857786,SIDE_PLUS,side-minco|candidate-final-status|side-minco|candidate-final-status,|||,UNRESOLVED_DUE_TO_MISSING_CANDIDATE_PAYLOAD,same_drone_plan_start_to_finalize_plus_25ms_NOT_EXACT_ID
20260927_055748_1104145,u2e1,1,1790459949.581858,1790459949.721857786,SIDE_MINUS,side-minco|candidate-final-status|side-minco|candidate-final-status,|MINCO_OK||MINCO_OK,UNRESOLVED_DUE_TO_MISSING_CANDIDATE_PAYLOAD,same_drone_plan_start_to_finalize_plus_25ms_NOT_EXACT_ID
20260927_055748_1104145,u2e1,1,1790459949.60583,1790459949.745829821,NOMINAL,,,UNRESOLVED_DUE_TO_MISSING_CANDIDATE_PAYLOAD,same_drone_plan_start_to_finalize_plus_25ms_NOT_EXACT_ID
20260927_055748_1104145,u2e1,1,1790459949.60583,1790459949.745829821,SIDE_PLUS,side-minco|candidate-final-status,|,UNRESOLVED_DUE_TO_MISSING_CANDIDATE_PAYLOAD,same_drone_plan_start_to_finalize_plus_25ms_NOT_EXACT_ID
20260927_055748_1104145,u2e1,1,1790459949.60583,1790459949.745829821,SIDE_MINUS,side-minco|candidate-final-status|side-minco|candidate-final-status,|MINCO_OK||MINCO_OK,UNRESOLVED_DUE_TO_MISSING_CANDIDATE_PAYLOAD,same_drone_plan_start_to_finalize_plus_25ms_NOT_EXACT_ID
20260927_055748_1104145,u2e1,1,1790459949.6297948,1790459949.769794703,NOMINAL,,,UNRESOLVED_DUE_TO_MISSING_CANDIDATE_PAYLOAD,same_drone_plan_start_to_finalize_plus_25ms_NOT_EXACT_ID
20260927_055748_1104145,u2e1,1,1790459949.6297948,1790459949.769794703,SIDE_PLUS,side-minco|candidate-final-status|side-minco|candidate-final-status,|||MINCO_OK,UNRESOLVED_DUE_TO_MISSING_CANDIDATE_PAYLOAD,same_drone_plan_start_to_finalize_plus_25ms_NOT_EXACT_ID
20260927_055748_1104145,u2e1,1,1790459949.6297948,1790459949.769794703,SIDE_MINUS,side-minco|candidate-final-status|side-minco|candidate-final-status,|MINCO_OK||,UNRESOLVED_DUE_TO_MISSING_CANDIDATE_PAYLOAD,same_drone_plan_start_to_finalize_plus_25ms_NOT_EXACT_ID
20260927_055748_1104145,u2e1,1,1790459949.6681018,,NOMINAL,,,UNRESOLVED_DUE_TO_MISSING_CANDIDATE_PAYLOAD,same_drone_plan_start_to_finalize_plus_25ms_NOT_EXACT_ID
20260927_055748_1104145,u2e1,1,1790459949.6681018,,SIDE_PLUS,topology-post-check,,UNRESOLVED_DUE_TO_MISSING_CANDIDATE_PAYLOAD,same_drone_plan_start_to_finalize_plus_25ms_NOT_EXACT_ID
20260927_055748_1104145,u2e1,1,1790459949.6681018,,SIDE_MINUS,,,UNRESOLVED_DUE_TO_MISSING_CANDIDATE_PAYLOAD,same_drone_plan_start_to_finalize_plus_25ms_NOT_EXACT_ID
20260927_055748_1104145,u2e1,1,1790459949.7995143,1790459949.939514160,NOMINAL,,,UNRESOLVED_DUE_TO_MISSING_CANDIDATE_PAYLOAD,same_drone_plan_start_to_finalize_plus_25ms_NOT_EXACT_ID
20260927_055748_1104145,u2e1,1,1790459949.7995143,1790459949.939514160,SIDE_PLUS,candidate-preinit-failure|candidate-preinit-failure,NO_STATIC_FEASIBLE_SIDE|NO_STATIC_FEASIBLE_SIDE,UNRESOLVED_DUE_TO_MISSING_CANDIDATE_PAYLOAD,same_drone_plan_start_to_finalize_plus_25ms_NOT_EXACT_ID
20260927_055748_1104145,u2e1,1,1790459949.7995143,1790459949.939514160,SIDE_MINUS,side-minco|candidate-final-status|side-minco|candidate-final-status,|||,UNRESOLVED_DUE_TO_MISSING_CANDIDATE_PAYLOAD,same_drone_plan_start_to_finalize_plus_25ms_NOT_EXACT_ID
20260927_055748_1104145,u2e1,1,1790459949.923473,1790459950.063472748,NOMINAL,,,UNRESOLVED_DUE_TO_MISSING_CANDIDATE_PAYLOAD,same_drone_plan_start_to_finalize_plus_25ms_NOT_EXACT_ID
20260927_055748_1104145,u2e1,1,1790459949.923473,1790459950.063472748,SIDE_PLUS,candidate-preinit-failure,NO_STATIC_FEASIBLE_SIDE,UNRESOLVED_DUE_TO_MISSING_CANDIDATE_PAYLOAD,same_drone_plan_start_to_finalize_plus_25ms_NOT_EXACT_ID
20260927_055748_1104145,u2e1,1,1790459949.923473,1790459950.063472748,SIDE_MINUS,side-minco|candidate-final-status,|,UNRESOLVED_DUE_TO_MISSING_CANDIDATE_PAYLOAD,same_drone_plan_start_to_finalize_plus_25ms_NOT_EXACT_ID
20260927_055748_1104145,u2e1,1,1790459950.1845968,1790459950.324596643,NOMINAL,,,UNRESOLVED_DUE_TO_MISSING_CANDIDATE_PAYLOAD,same_drone_plan_start_to_finalize_plus_25ms_NOT_EXACT_ID
20260927_055748_1104145,u2e1,1,1790459950.1845968,1790459950.324596643,SIDE_PLUS,candidate-preinit-failure,NO_STATIC_FEASIBLE_SIDE,UNRESOLVED_DUE_TO_MISSING_CANDIDATE_PAYLOAD,same_drone_plan_start_to_finalize_plus_25ms_NOT_EXACT_ID
20260927_055748_1104145,u2e1,1,1790459950.1845968,1790459950.324596643,SIDE_MINUS,candidate-preinit-failure,NO_STATIC_FEASIBLE_SIDE,UNRESOLVED_DUE_TO_MISSING_CANDIDATE_PAYLOAD,same_drone_plan_start_to_finalize_plus_25ms_NOT_EXACT_ID
20260927_055748_1104145,u2e1,1,1790459950.570392,1790459950.670391798,NOMINAL,,,UNRESOLVED_DUE_TO_MISSING_CANDIDATE_PAYLOAD,same_drone_plan_start_to_finalize_plus_25ms_NOT_EXACT_ID
20260927_055748_1104145,u2e1,1,1790459950.570392,1790459950.670391798,SIDE_PLUS,candidate-preinit-failure|candidate-preinit-failure|candidate-preinit-failure,NO_STATIC_FEASIBLE_SIDE|NO_STATIC_FEASIBLE_SIDE|NO_STATIC_FEASIBLE_SIDE,UNRESOLVED_DUE_TO_MISSING_CANDIDATE_PAYLOAD,same_drone_plan_start_to_finalize_plus_25ms_NOT_EXACT_ID
20260927_055748_1104145,u2e1,1,1790459950.570392,1790459950.670391798,SIDE_MINUS,candidate-preinit-failure|candidate-preinit-failure|candidate-preinit-failure,NO_STATIC_FEASIBLE_SIDE|NO_STATIC_FEASIBLE_SIDE|NO_STATIC_FEASIBLE_SIDE,UNRESOLVED_DUE_TO_MISSING_CANDIDATE_PAYLOAD,same_drone_plan_start_to_finalize_plus_25ms_NOT_EXACT_ID
20260927_055748_1104145,u2e1,1,1790459950.5805347,1790459950.680534601,NOMINAL,,,UNRESOLVED_DUE_TO_MISSING_CANDIDATE_PAYLOAD,same_drone_plan_start_to_finalize_plus_25ms_NOT_EXACT_ID
20260927_055748_1104145,u2e1,1,1790459950.5805347,1790459950.680534601,SIDE_PLUS,candidate-preinit-failure|candidate-preinit-failure,NO_STATIC_FEASIBLE_SIDE|NO_STATIC_FEASIBLE_SIDE,UNRESOLVED_DUE_TO_MISSING_CANDIDATE_PAYLOAD,same_drone_plan_start_to_finalize_plus_25ms_NOT_EXACT_ID
20260927_055748_1104145,u2e1,1,1790459950.5805347,1790459950.680534601,SIDE_MINUS,candidate-preinit-failure|candidate-preinit-failure,NO_STATIC_FEASIBLE_SIDE|NO_STATIC_FEASIBLE_SIDE,UNRESOLVED_DUE_TO_MISSING_CANDIDATE_PAYLOAD,same_drone_plan_start_to_finalize_plus_25ms_NOT_EXACT_ID
20260927_055748_1104145,u2e1,1,1790459950.5861783,1790459950.686178207,NOMINAL,,,UNRESOLVED_DUE_TO_MISSING_CANDIDATE_PAYLOAD,same_drone_plan_start_to_finalize_plus_25ms_NOT_EXACT_ID
20260927_055748_1104145,u2e1,1,1790459950.5861783,1790459950.686178207,SIDE_PLUS,candidate-preinit-failure,NO_STATIC_FEASIBLE_SIDE,UNRESOLVED_DUE_TO_MISSING_CANDIDATE_PAYLOAD,same_drone_plan_start_to_finalize_plus_25ms_NOT_EXACT_ID
20260927_055748_1104145,u2e1,1,1790459950.5861783,1790459950.686178207,SIDE_MINUS,candidate-preinit-failure,NO_STATIC_FEASIBLE_SIDE,UNRESOLVED_DUE_TO_MISSING_CANDIDATE_PAYLOAD,same_drone_plan_start_to_finalize_plus_25ms_NOT_EXACT_ID
20260927_055748_1104145,u2e1,1,1790459950.6052792,1790459950.705279112,NOMINAL,,,UNRESOLVED_DUE_TO_MISSING_CANDIDATE_PAYLOAD,same_drone_plan_start_to_finalize_plus_25ms_NOT_EXACT_ID
20260927_055748_1104145,u2e1,1,1790459950.6052792,1790459950.705279112,SIDE_PLUS,candidate-preinit-failure|candidate-preinit-failure|candidate-preinit-failure|candidate-preinit-failure|candidate-preinit-failure|candidate-preinit-failure,NO_STATIC_FEASIBLE_SIDE|NO_STATIC_FEASIBLE_SIDE|NO_STATIC_FEASIBLE_SIDE|NO_STATIC_FEASIBLE_SIDE|NO_STATIC_FEASIBLE_SIDE|NO_STATIC_FEASIBLE_SIDE,UNRESOLVED_DUE_TO_MISSING_CANDIDATE_PAYLOAD,same_drone_plan_start_to_finalize_plus_25ms_NOT_EXACT_ID
20260927_055748_1104145,u2e1,1,1790459950.6052792,1790459950.705279112,SIDE_MINUS,candidate-preinit-failure|candidate-preinit-failure|candidate-preinit-failure|candidate-preinit-failure|candidate-preinit-failure|candidate-preinit-failure,NO_STATIC_FEASIBLE_SIDE|NO_STATIC_FEASIBLE_SIDE|NO_STATIC_FEASIBLE_SIDE|NO_STATIC_FEASIBLE_SIDE|NO_STATIC_FEASIBLE_SIDE|NO_STATIC_FEASIBLE_SIDE,UNRESOLVED_DUE_TO_MISSING_CANDIDATE_PAYLOAD,same_drone_plan_start_to_finalize_plus_25ms_NOT_EXACT_ID
20260927_055748_1104145,u2e1,1,1790459950.6223445,1790459950.722344398,NOMINAL,,,UNRESOLVED_DUE_TO_MISSING_CANDIDATE_PAYLOAD,same_drone_plan_start_to_finalize_plus_25ms_NOT_EXACT_ID
20260927_055748_1104145,u2e1,1,1790459950.6223445,1790459950.722344398,SIDE_PLUS,candidate-preinit-failure|candidate-preinit-failure|candidate-preinit-failure|candidate-preinit-failure|candidate-preinit-failure|candidate-preinit-failure|candidate-preinit-failure|candidate-preinit-failure,NO_STATIC_FEASIBLE_SIDE|NO_STATIC_FEASIBLE_SIDE|NO_STATIC_FEASIBLE_SIDE|NO_STATIC_FEASIBLE_SIDE|NO_STATIC_FEASIBLE_SIDE|NO_STATIC_FEASIBLE_SIDE|NO_STATIC_FEASIBLE_SIDE|NO_STATIC_FEASIBLE_SIDE,UNRESOLVED_DUE_TO_MISSING_CANDIDATE_PAYLOAD,same_drone_plan_start_to_finalize_plus_25ms_NOT_EXACT_ID
20260927_055748_1104145,u2e1,1,1790459950.6223445,1790459950.722344398,SIDE_MINUS,candidate-preinit-failure|candidate-preinit-failure|candidate-preinit-failure|candidate-preinit-failure|candidate-preinit-failure|candidate-preinit-failure|candidate-preinit-failure|candidate-preinit-failure,NO_STATIC_FEASIBLE_SIDE|NO_STATIC_FEASIBLE_SIDE|NO_STATIC_FEASIBLE_SIDE|NO_STATIC_FEASIBLE_SIDE|NO_STATIC_FEASIBLE_SIDE|NO_STATIC_FEASIBLE_SIDE|NO_STATIC_FEASIBLE_SIDE|NO_STATIC_FEASIBLE_SIDE,UNRESOLVED_DUE_TO_MISSING_CANDIDATE_PAYLOAD,same_drone_plan_start_to_finalize_plus_25ms_NOT_EXACT_ID
20260927_055748_1104145,u2e1,1,1790459950.6353033,1790459950.735303164,NOMINAL,,,UNRESOLVED_DUE_TO_MISSING_CANDIDATE_PAYLOAD,same_drone_plan_start_to_finalize_plus_25ms_NOT_EXACT_ID
20260927_055748_1104145,u2e1,1,1790459950.6353033,1790459950.735303164,SIDE_PLUS,candidate-preinit-failure|candidate-preinit-failure|candidate-preinit-failure|candidate-preinit-failure|candidate-preinit-failure|candidate-preinit-failure|candidate-preinit-failure,NO_STATIC_FEASIBLE_SIDE|NO_STATIC_FEASIBLE_SIDE|NO_STATIC_FEASIBLE_SIDE|NO_STATIC_FEASIBLE_SIDE|NO_STATIC_FEASIBLE_SIDE|NO_STATIC_FEASIBLE_SIDE|NO_STATIC_FEASIBLE_SIDE,UNRESOLVED_DUE_TO_MISSING_CANDIDATE_PAYLOAD,same_drone_plan_start_to_finalize_plus_25ms_NOT_EXACT_ID
20260927_055748_1104145,u2e1,1,1790459950.6353033,1790459950.735303164,SIDE_MINUS,candidate-preinit-failure|candidate-preinit-failure|candidate-preinit-failure|candidate-preinit-failure|candidate-preinit-failure|candidate-preinit-failure|candidate-preinit-failure,NO_STATIC_FEASIBLE_SIDE|NO_STATIC_FEASIBLE_SIDE|NO_STATIC_FEASIBLE_SIDE|NO_STATIC_FEASIBLE_SIDE|NO_STATIC_FEASIBLE_SIDE|NO_STATIC_FEASIBLE_SIDE|NO_STATIC_FEASIBLE_SIDE,UNRESOLVED_DUE_TO_MISSING_CANDIDATE_PAYLOAD,same_drone_plan_start_to_finalize_plus_25ms_NOT_EXACT_ID
20260927_055748_1104145,u2e1,1,1790459950.6382143,1790459950.738214254,NOMINAL,,,UNRESOLVED_DUE_TO_MISSING_CANDIDATE_PAYLOAD,same_drone_plan_start_to_finalize_plus_25ms_NOT_EXACT_ID
20260927_055748_1104145,u2e1,1,1790459950.6382143,1790459950.738214254,SIDE_PLUS,candidate-preinit-failure|candidate-preinit-failure|candidate-preinit-failure|candidate-preinit-failure|candidate-preinit-failure|candidate-preinit-failure|side-budget-skip,NO_STATIC_FEASIBLE_SIDE|NO_STATIC_FEASIBLE_SIDE|NO_STATIC_FEASIBLE_SIDE|NO_STATIC_FEASIBLE_SIDE|NO_STATIC_FEASIBLE_SIDE|NO_STATIC_FEASIBLE_SIDE|PIPELINE_BUDGET_EXHAUSTED,UNRESOLVED_DUE_TO_MISSING_CANDIDATE_PAYLOAD,same_drone_plan_start_to_finalize_plus_25ms_NOT_EXACT_ID
20260927_055748_1104145,u2e1,1,1790459950.6382143,1790459950.738214254,SIDE_MINUS,candidate-preinit-failure|candidate-preinit-failure|candidate-preinit-failure|candidate-preinit-failure|candidate-preinit-failure|candidate-preinit-failure|side-budget-skip,NO_STATIC_FEASIBLE_SIDE|NO_STATIC_FEASIBLE_SIDE|NO_STATIC_FEASIBLE_SIDE|NO_STATIC_FEASIBLE_SIDE|NO_STATIC_FEASIBLE_SIDE|NO_STATIC_FEASIBLE_SIDE|PIPELINE_BUDGET_EXHAUSTED,UNRESOLVED_DUE_TO_MISSING_CANDIDATE_PAYLOAD,same_drone_plan_start_to_finalize_plus_25ms_NOT_EXACT_ID
20260927_055748_1104145,u2e1,1,1790459950.6413484,1790459950.741348267,NOMINAL,,,UNRESOLVED_DUE_TO_MISSING_CANDIDATE_PAYLOAD,same_drone_plan_start_to_finalize_plus_25ms_NOT_EXACT_ID
20260927_055748_1104145,u2e1,1,1790459950.6413484,1790459950.741348267,SIDE_PLUS,candidate-preinit-failure|candidate-preinit-failure|candidate-preinit-failure|candidate-preinit-failure|candidate-preinit-failure|side-budget-skip|side-budget-skip|side-budget-skip,NO_STATIC_FEASIBLE_SIDE|NO_STATIC_FEASIBLE_SIDE|NO_STATIC_FEASIBLE_SIDE|NO_STATIC_FEASIBLE_SIDE|NO_STATIC_FEASIBLE_SIDE|PIPELINE_BUDGET_EXHAUSTED|PIPELINE_BUDGET_EXHAUSTED|PIPELINE_BUDGET_EXHAUSTED,UNRESOLVED_DUE_TO_MISSING_CANDIDATE_PAYLOAD,same_drone_plan_start_to_finalize_plus_25ms_NOT_EXACT_ID
20260927_055748_1104145,u2e1,1,1790459950.6413484,1790459950.741348267,SIDE_MINUS,candidate-preinit-failure|candidate-preinit-failure|candidate-preinit-failure|candidate-preinit-failure|candidate-preinit-failure|side-budget-skip|side-budget-skip|side-budget-skip,NO_STATIC_FEASIBLE_SIDE|NO_STATIC_FEASIBLE_SIDE|NO_STATIC_FEASIBLE_SIDE|NO_STATIC_FEASIBLE_SIDE|NO_STATIC_FEASIBLE_SIDE|PIPELINE_BUDGET_EXHAUSTED|PIPELINE_BUDGET_EXHAUSTED|PIPELINE_BUDGET_EXHAUSTED,UNRESOLVED_DUE_TO_MISSING_CANDIDATE_PAYLOAD,same_drone_plan_start_to_finalize_plus_25ms_NOT_EXACT_ID
20260927_055748_1104145,u2e1,1,1790459950.6438313,1790459950.743831158,NOMINAL,,,UNRESOLVED_DUE_TO_MISSING_CANDIDATE_PAYLOAD,same_drone_plan_start_to_finalize_plus_25ms_NOT_EXACT_ID
20260927_055748_1104145,u2e1,1,1790459950.6438313,1790459950.743831158,SIDE_PLUS,candidate-preinit-failure|candidate-preinit-failure|candidate-preinit-failure|candidate-preinit-failure|side-budget-skip|side-budget-skip|side-budget-skip,NO_STATIC_FEASIBLE_SIDE|NO_STATIC_FEASIBLE_SIDE|NO_STATIC_FEASIBLE_SIDE|NO_STATIC_FEASIBLE_SIDE|PIPELINE_BUDGET_EXHAUSTED|PIPELINE_BUDGET_EXHAUSTED|PIPELINE_BUDGET_EXHAUSTED,UNRESOLVED_DUE_TO_MISSING_CANDIDATE_PAYLOAD,same_drone_plan_start_to_finalize_plus_25ms_NOT_EXACT_ID
20260927_055748_1104145,u2e1,1,1790459950.6438313,1790459950.743831158,SIDE_MINUS,candidate-preinit-failure|candidate-preinit-failure|candidate-preinit-failure|candidate-preinit-failure|side-budget-skip|side-budget-skip|side-budget-skip,NO_STATIC_FEASIBLE_SIDE|NO_STATIC_FEASIBLE_SIDE|NO_STATIC_FEASIBLE_SIDE|NO_STATIC_FEASIBLE_SIDE|PIPELINE_BUDGET_EXHAUSTED|PIPELINE_BUDGET_EXHAUSTED|PIPELINE_BUDGET_EXHAUSTED,UNRESOLVED_DUE_TO_MISSING_CANDIDATE_PAYLOAD,same_drone_plan_start_to_finalize_plus_25ms_NOT_EXACT_ID
20260927_055748_1104145,u2e1,1,1790459950.6486726,1790459950.748672485,NOMINAL,,,UNRESOLVED_DUE_TO_MISSING_CANDIDATE_PAYLOAD,same_drone_plan_start_to_finalize_plus_25ms_NOT_EXACT_ID
20260927_055748_1104145,u2e1,1,1790459950.6486726,1790459950.748672485,SIDE_PLUS,candidate-preinit-failure|candidate-preinit-failure|candidate-preinit-failure|side-budget-skip|side-budget-skip|side-budget-skip|side-budget-skip|side-budget-skip,NO_STATIC_FEASIBLE_SIDE|NO_STATIC_FEASIBLE_SIDE|NO_STATIC_FEASIBLE_SIDE|PIPELINE_BUDGET_EXHAUSTED|PIPELINE_BUDGET_EXHAUSTED|PIPELINE_BUDGET_EXHAUSTED|PIPELINE_BUDGET_EXHAUSTED|PIPELINE_BUDGET_EXHAUSTED,UNRESOLVED_DUE_TO_MISSING_CANDIDATE_PAYLOAD,same_drone_plan_start_to_finalize_plus_25ms_NOT_EXACT_ID
20260927_055748_1104145,u2e1,1,1790459950.6486726,1790459950.748672485,SIDE_MINUS,candidate-preinit-failure|candidate-preinit-failure|candidate-preinit-failure|side-budget-skip|side-budget-skip|side-budget-skip|side-budget-skip|side-budget-skip,NO_STATIC_FEASIBLE_SIDE|NO_STATIC_FEASIBLE_SIDE|NO_STATIC_FEASIBLE_SIDE|PIPELINE_BUDGET_EXHAUSTED|PIPELINE_BUDGET_EXHAUSTED|PIPELINE_BUDGET_EXHAUSTED|PIPELINE_BUDGET_EXHAUSTED|PIPELINE_BUDGET_EXHAUSTED,UNRESOLVED_DUE_TO_MISSING_CANDIDATE_PAYLOAD,same_drone_plan_start_to_finalize_plus_25ms_NOT_EXACT_ID
20260927_055748_1104145,u2e1,1,1790459950.6518137,1790459950.751813650,NOMINAL,,,UNRESOLVED_DUE_TO_MISSING_CANDIDATE_PAYLOAD,same_drone_plan_start_to_finalize_plus_25ms_NOT_EXACT_ID
20260927_055748_1104145,u2e1,1,1790459950.6518137,1790459950.751813650,SIDE_PLUS,candidate-preinit-failure|candidate-preinit-failure|side-budget-skip|side-budget-skip|side-budget-skip|side-budget-skip|side-budget-skip|side-budget-skip,NO_STATIC_FEASIBLE_SIDE|NO_STATIC_FEASIBLE_SIDE|PIPELINE_BUDGET_EXHAUSTED|PIPELINE_BUDGET_EXHAUSTED|PIPELINE_BUDGET_EXHAUSTED|PIPELINE_BUDGET_EXHAUSTED|PIPELINE_BUDGET_EXHAUSTED|PIPELINE_BUDGET_EXHAUSTED,UNRESOLVED_DUE_TO_MISSING_CANDIDATE_PAYLOAD,same_drone_plan_start_to_finalize_plus_25ms_NOT_EXACT_ID
20260927_055748_1104145,u2e1,1,1790459950.6518137,1790459950.751813650,SIDE_MINUS,candidate-preinit-failure|candidate-preinit-failure|side-budget-skip|side-budget-skip|side-budget-skip|side-budget-skip|side-budget-skip|side-budget-skip,NO_STATIC_FEASIBLE_SIDE|NO_STATIC_FEASIBLE_SIDE|PIPELINE_BUDGET_EXHAUSTED|PIPELINE_BUDGET_EXHAUSTED|PIPELINE_BUDGET_EXHAUSTED|PIPELINE_BUDGET_EXHAUSTED|PIPELINE_BUDGET_EXHAUSTED|PIPELINE_BUDGET_EXHAUSTED,UNRESOLVED_DUE_TO_MISSING_CANDIDATE_PAYLOAD,same_drone_plan_start_to_finalize_plus_25ms_NOT_EXACT_ID
20260927_055748_1104145,u2e1,1,1790459950.654481,1790459950.754480839,NOMINAL,,,UNRESOLVED_DUE_TO_MISSING_CANDIDATE_PAYLOAD,same_drone_plan_start_to_finalize_plus_25ms_NOT_EXACT_ID
20260927_055748_1104145,u2e1,1,1790459950.654481,1790459950.754480839,SIDE_PLUS,candidate-preinit-failure|side-budget-skip|side-budget-skip|side-budget-skip|side-budget-skip|side-budget-skip|side-budget-skip,NO_STATIC_FEASIBLE_SIDE|PIPELINE_BUDGET_EXHAUSTED|PIPELINE_BUDGET_EXHAUSTED|PIPELINE_BUDGET_EXHAUSTED|PIPELINE_BUDGET_EXHAUSTED|PIPELINE_BUDGET_EXHAUSTED|PIPELINE_BUDGET_EXHAUSTED,UNRESOLVED_DUE_TO_MISSING_CANDIDATE_PAYLOAD,same_drone_plan_start_to_finalize_plus_25ms_NOT_EXACT_ID
20260927_055748_1104145,u2e1,1,1790459950.654481,1790459950.754480839,SIDE_MINUS,candidate-preinit-failure|side-budget-skip|side-budget-skip|side-budget-skip|side-budget-skip|side-budget-skip|side-budget-skip,NO_STATIC_FEASIBLE_SIDE|PIPELINE_BUDGET_EXHAUSTED|PIPELINE_BUDGET_EXHAUSTED|PIPELINE_BUDGET_EXHAUSTED|PIPELINE_BUDGET_EXHAUSTED|PIPELINE_BUDGET_EXHAUSTED|PIPELINE_BUDGET_EXHAUSTED,UNRESOLVED_DUE_TO_MISSING_CANDIDATE_PAYLOAD,same_drone_plan_start_to_finalize_plus_25ms_NOT_EXACT_ID
20260927_055748_1104145,u2e1,1,1790459950.6625016,1790459950.762501478,NOMINAL,,,UNRESOLVED_DUE_TO_MISSING_CANDIDATE_PAYLOAD,same_drone_plan_start_to_finalize_plus_25ms_NOT_EXACT_ID
20260927_055748_1104145,u2e1,1,1790459950.6625016,1790459950.762501478,SIDE_PLUS,side-budget-skip|side-budget-skip|side-budget-skip|side-budget-skip|side-budget-skip|side-budget-skip,PIPELINE_BUDGET_EXHAUSTED|PIPELINE_BUDGET_EXHAUSTED|PIPELINE_BUDGET_EXHAUSTED|PIPELINE_BUDGET_EXHAUSTED|PIPELINE_BUDGET_EXHAUSTED|PIPELINE_BUDGET_EXHAUSTED,UNRESOLVED_DUE_TO_MISSING_CANDIDATE_PAYLOAD,same_drone_plan_start_to_finalize_plus_25ms_NOT_EXACT_ID
20260927_055748_1104145,u2e1,1,1790459950.6625016,1790459950.762501478,SIDE_MINUS,side-budget-skip|side-budget-skip|side-budget-skip|side-budget-skip|side-budget-skip|side-budget-skip,PIPELINE_BUDGET_EXHAUSTED|PIPELINE_BUDGET_EXHAUSTED|PIPELINE_BUDGET_EXHAUSTED|PIPELINE_BUDGET_EXHAUSTED|PIPELINE_BUDGET_EXHAUSTED|PIPELINE_BUDGET_EXHAUSTED,UNRESOLVED_DUE_TO_MISSING_CANDIDATE_PAYLOAD,same_drone_plan_start_to_finalize_plus_25ms_NOT_EXACT_ID
20260927_055748_1104145,u2e1,1,1790459950.6658504,1790459950.765850306,NOMINAL,,,UNRESOLVED_DUE_TO_MISSING_CANDIDATE_PAYLOAD,same_drone_plan_start_to_finalize_plus_25ms_NOT_EXACT_ID
20260927_055748_1104145,u2e1,1,1790459950.6658504,1790459950.765850306,SIDE_PLUS,side-budget-skip|side-budget-skip|side-budget-skip|side-budget-skip|side-budget-skip,PIPELINE_BUDGET_EXHAUSTED|PIPELINE_BUDGET_EXHAUSTED|PIPELINE_BUDGET_EXHAUSTED|PIPELINE_BUDGET_EXHAUSTED|PIPELINE_BUDGET_EXHAUSTED,UNRESOLVED_DUE_TO_MISSING_CANDIDATE_PAYLOAD,same_drone_plan_start_to_finalize_plus_25ms_NOT_EXACT_ID
20260927_055748_1104145,u2e1,1,1790459950.6658504,1790459950.765850306,SIDE_MINUS,side-budget-skip|side-budget-skip|side-budget-skip|side-budget-skip|side-budget-skip,PIPELINE_BUDGET_EXHAUSTED|PIPELINE_BUDGET_EXHAUSTED|PIPELINE_BUDGET_EXHAUSTED|PIPELINE_BUDGET_EXHAUSTED|PIPELINE_BUDGET_EXHAUSTED,UNRESOLVED_DUE_TO_MISSING_CANDIDATE_PAYLOAD,same_drone_plan_start_to_finalize_plus_25ms_NOT_EXACT_ID
20260927_055748_1104145,u2e1,1,1790459950.6673567,1790459950.767356634,NOMINAL,,,UNRESOLVED_DUE_TO_MISSING_CANDIDATE_PAYLOAD,same_drone_plan_start_to_finalize_plus_25ms_NOT_EXACT_ID
20260927_055748_1104145,u2e1,1,1790459950.6673567,1790459950.767356634,SIDE_PLUS,side-budget-skip|side-budget-skip|side-budget-skip|side-budget-skip,PIPELINE_BUDGET_EXHAUSTED|PIPELINE_BUDGET_EXHAUSTED|PIPELINE_BUDGET_EXHAUSTED|PIPELINE_BUDGET_EXHAUSTED,UNRESOLVED_DUE_TO_MISSING_CANDIDATE_PAYLOAD,same_drone_plan_start_to_finalize_plus_25ms_NOT_EXACT_ID
20260927_055748_1104145,u2e1,1,1790459950.6673567,1790459950.767356634,SIDE_MINUS,side-budget-skip|side-budget-skip|side-budget-skip|side-budget-skip,PIPELINE_BUDGET_EXHAUSTED|PIPELINE_BUDGET_EXHAUSTED|PIPELINE_BUDGET_EXHAUSTED|PIPELINE_BUDGET_EXHAUSTED,UNRESOLVED_DUE_TO_MISSING_CANDIDATE_PAYLOAD,same_drone_plan_start_to_finalize_plus_25ms_NOT_EXACT_ID
20260927_055748_1104145,u2e1,1,1790459950.6707637,1790459950.770763636,NOMINAL,,,UNRESOLVED_DUE_TO_MISSING_CANDIDATE_PAYLOAD,same_drone_plan_start_to_finalize_plus_25ms_NOT_EXACT_ID
20260927_055748_1104145,u2e1,1,1790459950.6707637,1790459950.770763636,SIDE_PLUS,side-budget-skip|side-budget-skip|side-budget-skip,PIPELINE_BUDGET_EXHAUSTED|PIPELINE_BUDGET_EXHAUSTED|PIPELINE_BUDGET_EXHAUSTED,UNRESOLVED_DUE_TO_MISSING_CANDIDATE_PAYLOAD,same_drone_plan_start_to_finalize_plus_25ms_NOT_EXACT_ID
20260927_055748_1104145,u2e1,1,1790459950.6707637,1790459950.770763636,SIDE_MINUS,side-budget-skip|side-budget-skip|side-budget-skip,PIPELINE_BUDGET_EXHAUSTED|PIPELINE_BUDGET_EXHAUSTED|PIPELINE_BUDGET_EXHAUSTED,UNRESOLVED_DUE_TO_MISSING_CANDIDATE_PAYLOAD,same_drone_plan_start_to_finalize_plus_25ms_NOT_EXACT_ID
20260927_055748_1104145,u2e1,1,1790459950.6734385,1790459950.773438454,NOMINAL,,,UNRESOLVED_DUE_TO_MISSING_CANDIDATE_PAYLOAD,same_drone_plan_start_to_finalize_plus_25ms_NOT_EXACT_ID
20260927_055748_1104145,u2e1,1,1790459950.6734385,1790459950.773438454,SIDE_PLUS,side-budget-skip|side-budget-skip,PIPELINE_BUDGET_EXHAUSTED|PIPELINE_BUDGET_EXHAUSTED,UNRESOLVED_DUE_TO_MISSING_CANDIDATE_PAYLOAD,same_drone_plan_start_to_finalize_plus_25ms_NOT_EXACT_ID
20260927_055748_1104145,u2e1,1,1790459950.6734385,1790459950.773438454,SIDE_MINUS,side-budget-skip|side-budget-skip,PIPELINE_BUDGET_EXHAUSTED|PIPELINE_BUDGET_EXHAUSTED,UNRESOLVED_DUE_TO_MISSING_CANDIDATE_PAYLOAD,same_drone_plan_start_to_finalize_plus_25ms_NOT_EXACT_ID
20260927_055748_1104145,u2e1,1,1790459950.6757805,1790459950.775780439,NOMINAL,,,UNRESOLVED_DUE_TO_MISSING_CANDIDATE_PAYLOAD,same_drone_plan_start_to_finalize_plus_25ms_NOT_EXACT_ID
20260927_055748_1104145,u2e1,1,1790459950.6757805,1790459950.775780439,SIDE_PLUS,side-budget-skip,PIPELINE_BUDGET_EXHAUSTED,UNRESOLVED_DUE_TO_MISSING_CANDIDATE_PAYLOAD,same_drone_plan_start_to_finalize_plus_25ms_NOT_EXACT_ID
20260927_055748_1104145,u2e1,1,1790459950.6757805,1790459950.775780439,SIDE_MINUS,side-budget-skip,PIPELINE_BUDGET_EXHAUSTED,UNRESOLVED_DUE_TO_MISSING_CANDIDATE_PAYLOAD,same_drone_plan_start_to_finalize_plus_25ms_NOT_EXACT_ID
20260927_055748_1104145,u2e1,1,1790459950.6884644,1790459950.788464308,NOMINAL,,,UNRESOLVED_DUE_TO_MISSING_CANDIDATE_PAYLOAD,same_drone_plan_start_to_finalize_plus_25ms_NOT_EXACT_ID
20260927_055748_1104145,u2e1,1,1790459950.6884644,1790459950.788464308,SIDE_PLUS,candidate-preinit-failure|candidate-preinit-failure,NO_STATIC_FEASIBLE_SIDE|NO_STATIC_FEASIBLE_SIDE,UNRESOLVED_DUE_TO_MISSING_CANDIDATE_PAYLOAD,same_drone_plan_start_to_finalize_plus_25ms_NOT_EXACT_ID
20260927_055748_1104145,u2e1,1,1790459950.6884644,1790459950.788464308,SIDE_MINUS,candidate-preinit-failure|candidate-preinit-failure,NO_STATIC_FEASIBLE_SIDE|NO_STATIC_FEASIBLE_SIDE,UNRESOLVED_DUE_TO_MISSING_CANDIDATE_PAYLOAD,same_drone_plan_start_to_finalize_plus_25ms_NOT_EXACT_ID
20260927_055748_1104145,u2e1,1,1790459950.7175617,1790459950.817561626,NOMINAL,,,UNRESOLVED_DUE_TO_MISSING_CANDIDATE_PAYLOAD,same_drone_plan_start_to_finalize_plus_25ms_NOT_EXACT_ID
20260927_055748_1104145,u2e1,1,1790459950.7175617,1790459950.817561626,SIDE_PLUS,candidate-preinit-failure|candidate-preinit-failure,NO_STATIC_FEASIBLE_SIDE|NO_STATIC_FEASIBLE_SIDE,UNRESOLVED_DUE_TO_MISSING_CANDIDATE_PAYLOAD,same_drone_plan_start_to_finalize_plus_25ms_NOT_EXACT_ID
20260927_055748_1104145,u2e1,1,1790459950.7175617,1790459950.817561626,SIDE_MINUS,candidate-preinit-failure|candidate-preinit-failure,NO_STATIC_FEASIBLE_SIDE|NO_STATIC_FEASIBLE_SIDE,UNRESOLVED_DUE_TO_MISSING_CANDIDATE_PAYLOAD,same_drone_plan_start_to_finalize_plus_25ms_NOT_EXACT_ID
20260927_055748_1104145,u2e1,1,1790459950.7307332,1790459950.830733061,NOMINAL,,,UNRESOLVED_DUE_TO_MISSING_CANDIDATE_PAYLOAD,same_drone_plan_start_to_finalize_plus_25ms_NOT_EXACT_ID
20260927_055748_1104145,u2e1,1,1790459950.7307332,1790459950.830733061,SIDE_PLUS,candidate-preinit-failure|candidate-preinit-failure|candidate-preinit-failure|candidate-preinit-failure,NO_STATIC_FEASIBLE_SIDE|NO_STATIC_FEASIBLE_SIDE|NO_STATIC_FEASIBLE_SIDE|NO_STATIC_FEASIBLE_SIDE,UNRESOLVED_DUE_TO_MISSING_CANDIDATE_PAYLOAD,same_drone_plan_start_to_finalize_plus_25ms_NOT_EXACT_ID
20260927_055748_1104145,u2e1,1,1790459950.7307332,1790459950.830733061,SIDE_MINUS,candidate-preinit-failure|candidate-preinit-failure|candidate-preinit-failure|candidate-preinit-failure,NO_STATIC_FEASIBLE_SIDE|NO_STATIC_FEASIBLE_SIDE|NO_STATIC_FEASIBLE_SIDE|NO_STATIC_FEASIBLE_SIDE,UNRESOLVED_DUE_TO_MISSING_CANDIDATE_PAYLOAD,same_drone_plan_start_to_finalize_plus_25ms_NOT_EXACT_ID
20260927_055748_1104145,u2e1,1,1790459950.7508132,1790459950.850813150,NOMINAL,topology-post-check,,UNRESOLVED_DUE_TO_MISSING_CANDIDATE_PAYLOAD,same_drone_plan_start_to_finalize_plus_25ms_NOT_EXACT_ID
20260927_055748_1104145,u2e1,1,1790459950.7508132,1790459950.850813150,SIDE_PLUS,candidate-preinit-failure|candidate-preinit-failure|candidate-preinit-failure|candidate-preinit-failure,NO_STATIC_FEASIBLE_SIDE|NO_STATIC_FEASIBLE_SIDE|NO_STATIC_FEASIBLE_SIDE|NO_STATIC_FEASIBLE_SIDE,UNRESOLVED_DUE_TO_MISSING_CANDIDATE_PAYLOAD,same_drone_plan_start_to_finalize_plus_25ms_NOT_EXACT_ID
20260927_055748_1104145,u2e1,1,1790459950.7508132,1790459950.850813150,SIDE_MINUS,candidate-preinit-failure|candidate-preinit-failure|candidate-preinit-failure|candidate-preinit-failure,NO_STATIC_FEASIBLE_SIDE|NO_STATIC_FEASIBLE_SIDE|NO_STATIC_FEASIBLE_SIDE|NO_STATIC_FEASIBLE_SIDE,UNRESOLVED_DUE_TO_MISSING_CANDIDATE_PAYLOAD,same_drone_plan_start_to_finalize_plus_25ms_NOT_EXACT_ID
20260927_055748_1104145,u2e1,1,1790459950.7605183,1790459950.860518217,NOMINAL,topology-post-check,,UNRESOLVED_DUE_TO_MISSING_CANDIDATE_PAYLOAD,same_drone_plan_start_to_finalize_plus_25ms_NOT_EXACT_ID
20260927_055748_1104145,u2e1,1,1790459950.7605183,1790459950.860518217,SIDE_PLUS,candidate-preinit-failure|candidate-preinit-failure|candidate-preinit-failure,NO_STATIC_FEASIBLE_SIDE|NO_STATIC_FEASIBLE_SIDE|NO_STATIC_FEASIBLE_SIDE,UNRESOLVED_DUE_TO_MISSING_CANDIDATE_PAYLOAD,same_drone_plan_start_to_finalize_plus_25ms_NOT_EXACT_ID
20260927_055748_1104145,u2e1,1,1790459950.7605183,1790459950.860518217,SIDE_MINUS,candidate-preinit-failure|candidate-preinit-failure|candidate-preinit-failure,NO_STATIC_FEASIBLE_SIDE|NO_STATIC_FEASIBLE_SIDE|NO_STATIC_FEASIBLE_SIDE,UNRESOLVED_DUE_TO_MISSING_CANDIDATE_PAYLOAD,same_drone_plan_start_to_finalize_plus_25ms_NOT_EXACT_ID
20260927_055748_1104145,u2e1,1,1790459950.7669156,1790459950.866915464,NOMINAL,topology-post-check,,UNRESOLVED_DUE_TO_MISSING_CANDIDATE_PAYLOAD,same_drone_plan_start_to_finalize_plus_25ms_NOT_EXACT_ID
20260927_055748_1104145,u2e1,1,1790459950.7669156,1790459950.866915464,SIDE_PLUS,candidate-preinit-failure|candidate-preinit-failure,NO_STATIC_FEASIBLE_SIDE|NO_STATIC_FEASIBLE_SIDE,UNRESOLVED_DUE_TO_MISSING_CANDIDATE_PAYLOAD,same_drone_plan_start_to_finalize_plus_25ms_NOT_EXACT_ID
20260927_055748_1104145,u2e1,1,1790459950.7669156,1790459950.866915464,SIDE_MINUS,candidate-preinit-failure|candidate-preinit-failure,NO_STATIC_FEASIBLE_SIDE|NO_STATIC_FEASIBLE_SIDE,UNRESOLVED_DUE_TO_MISSING_CANDIDATE_PAYLOAD,same_drone_plan_start_to_finalize_plus_25ms_NOT_EXACT_ID
20260927_055748_1104145,u2e1,1,1790459950.7769969,1790459950.876996756,NOMINAL,topology-post-check,,UNRESOLVED_DUE_TO_MISSING_CANDIDATE_PAYLOAD,same_drone_plan_start_to_finalize_plus_25ms_NOT_EXACT_ID
20260927_055748_1104145,u2e1,1,1790459950.7769969,1790459950.876996756,SIDE_PLUS,candidate-preinit-failure,NO_STATIC_FEASIBLE_SIDE,UNRESOLVED_DUE_TO_MISSING_CANDIDATE_PAYLOAD,same_drone_plan_start_to_finalize_plus_25ms_NOT_EXACT_ID
20260927_055748_1104145,u2e1,1,1790459950.7769969,1790459950.876996756,SIDE_MINUS,candidate-preinit-failure,NO_STATIC_FEASIBLE_SIDE,UNRESOLVED_DUE_TO_MISSING_CANDIDATE_PAYLOAD,same_drone_plan_start_to_finalize_plus_25ms_NOT_EXACT_ID
20260927_055748_1104145,u2e1,1,1790459950.8778887,1790459951.017888546,NOMINAL,topology-post-check,,UNRESOLVED_DUE_TO_MISSING_CANDIDATE_PAYLOAD,same_drone_plan_start_to_finalize_plus_25ms_NOT_EXACT_ID
20260927_055748_1104145,u2e1,1,1790459950.8778887,1790459951.017888546,SIDE_PLUS,side-minco|candidate-final-status|side-minco|candidate-final-status,|||,UNRESOLVED_DUE_TO_MISSING_CANDIDATE_PAYLOAD,same_drone_plan_start_to_finalize_plus_25ms_NOT_EXACT_ID
20260927_055748_1104145,u2e1,1,1790459950.8778887,1790459951.017888546,SIDE_MINUS,side-minco|candidate-final-status|candidate-preinit-failure,||NO_STATIC_FEASIBLE_SIDE,UNRESOLVED_DUE_TO_MISSING_CANDIDATE_PAYLOAD,same_drone_plan_start_to_finalize_plus_25ms_NOT_EXACT_ID
20260927_055748_1104145,u2e1,1,1790459950.90517,1790459951.045169830,NOMINAL,topology-post-check,,UNRESOLVED_DUE_TO_MISSING_CANDIDATE_PAYLOAD,same_drone_plan_start_to_finalize_plus_25ms_NOT_EXACT_ID
20260927_055748_1104145,u2e1,1,1790459950.90517,1790459951.045169830,SIDE_PLUS,side-minco|candidate-final-status,|,UNRESOLVED_DUE_TO_MISSING_CANDIDATE_PAYLOAD,same_drone_plan_start_to_finalize_plus_25ms_NOT_EXACT_ID
20260927_055748_1104145,u2e1,1,1790459950.90517,1790459951.045169830,SIDE_MINUS,candidate-preinit-failure,NO_STATIC_FEASIBLE_SIDE,UNRESOLVED_DUE_TO_MISSING_CANDIDATE_PAYLOAD,same_drone_plan_start_to_finalize_plus_25ms_NOT_EXACT_ID
20260927_055748_1104145,u3e1,2,1790459910.8779373,1790459911.028506756,NOMINAL,,,UNRESOLVED_DUE_TO_MISSING_CANDIDATE_PAYLOAD,same_drone_plan_start_to_finalize_plus_25ms_NOT_EXACT_ID
20260927_055748_1104145,u3e1,2,1790459910.8779373,1790459911.028506756,SIDE_PLUS,candidate-preinit-failure,NO_STATIC_FEASIBLE_SIDE,UNRESOLVED_DUE_TO_MISSING_CANDIDATE_PAYLOAD,same_drone_plan_start_to_finalize_plus_25ms_NOT_EXACT_ID
20260927_055748_1104145,u3e1,2,1790459910.8779373,1790459911.028506756,SIDE_MINUS,side-minco|candidate-final-status|topology-post-check,|MINCO_OK|,UNRESOLVED_DUE_TO_MISSING_CANDIDATE_PAYLOAD,same_drone_plan_start_to_finalize_plus_25ms_NOT_EXACT_ID
20260927_055748_1104145,u3e1,2,1790459911.162614,1790459911.308778286,NOMINAL,,,UNRESOLVED_DUE_TO_MISSING_CANDIDATE_PAYLOAD,same_drone_plan_start_to_finalize_plus_25ms_NOT_EXACT_ID
20260927_055748_1104145,u3e1,2,1790459911.162614,1790459911.308778286,SIDE_PLUS,side-minco|candidate-final-status,|MINCO_OK,UNRESOLVED_DUE_TO_MISSING_CANDIDATE_PAYLOAD,same_drone_plan_start_to_finalize_plus_25ms_NOT_EXACT_ID
20260927_055748_1104145,u3e1,2,1790459911.162614,1790459911.308778286,SIDE_MINUS,side-minco|candidate-final-status|topology-post-check,|MINCO_OK|,UNRESOLVED_DUE_TO_MISSING_CANDIDATE_PAYLOAD,same_drone_plan_start_to_finalize_plus_25ms_NOT_EXACT_ID
20260927_055748_1104145,u3e1,2,1790459911.4395137,1790459911.581864119,NOMINAL,,,UNRESOLVED_DUE_TO_MISSING_CANDIDATE_PAYLOAD,same_drone_plan_start_to_finalize_plus_25ms_NOT_EXACT_ID
20260927_055748_1104145,u3e1,2,1790459911.4395137,1790459911.581864119,SIDE_PLUS,side-minco|candidate-final-status|topology-post-check,|MINCO_OK|,UNRESOLVED_DUE_TO_MISSING_CANDIDATE_PAYLOAD,same_drone_plan_start_to_finalize_plus_25ms_NOT_EXACT_ID
20260927_055748_1104145,u3e1,2,1790459911.4395137,1790459911.581864119,SIDE_MINUS,side-minco|candidate-final-status,|MINCO_OK,UNRESOLVED_DUE_TO_MISSING_CANDIDATE_PAYLOAD,same_drone_plan_start_to_finalize_plus_25ms_NOT_EXACT_ID
20260927_055748_1104145,u3e1,2,1790459911.6988885,1790459911.838888407,NOMINAL,,,UNRESOLVED_DUE_TO_MISSING_CANDIDATE_PAYLOAD,same_drone_plan_start_to_finalize_plus_25ms_NOT_EXACT_ID
20260927_055748_1104145,u3e1,2,1790459911.6988885,1790459911.838888407,SIDE_PLUS,side-minco|candidate-final-status|topology-post-check,|MINCO_OK|,UNRESOLVED_DUE_TO_MISSING_CANDIDATE_PAYLOAD,same_drone_plan_start_to_finalize_plus_25ms_NOT_EXACT_ID
20260927_055748_1104145,u3e1,2,1790459911.6988885,1790459911.838888407,SIDE_MINUS,side-minco|candidate-final-status,|MINCO_OK,UNRESOLVED_DUE_TO_MISSING_CANDIDATE_PAYLOAD,same_drone_plan_start_to_finalize_plus_25ms_NOT_EXACT_ID
20260927_055748_1104145,u3e1,2,1790459911.9501398,1790459912.090139627,NOMINAL,,,UNRESOLVED_DUE_TO_MISSING_CANDIDATE_PAYLOAD,same_drone_plan_start_to_finalize_plus_25ms_NOT_EXACT_ID
20260927_055748_1104145,u3e1,2,1790459911.9501398,1790459912.090139627,SIDE_PLUS,side-minco|candidate-final-status|topology-post-check,|MINCO_OK|,UNRESOLVED_DUE_TO_MISSING_CANDIDATE_PAYLOAD,same_drone_plan_start_to_finalize_plus_25ms_NOT_EXACT_ID
20260927_055748_1104145,u3e1,2,1790459911.9501398,1790459912.090139627,SIDE_MINUS,side-minco|candidate-final-status,|MINCO_OK,UNRESOLVED_DUE_TO_MISSING_CANDIDATE_PAYLOAD,same_drone_plan_start_to_finalize_plus_25ms_NOT_EXACT_ID
20260927_055748_1104145,u3e1,2,1790459912.2379184,1790459912.377918243,NOMINAL,,,UNRESOLVED_DUE_TO_MISSING_CANDIDATE_PAYLOAD,same_drone_plan_start_to_finalize_plus_25ms_NOT_EXACT_ID
20260927_055748_1104145,u3e1,2,1790459912.2379184,1790459912.377918243,SIDE_PLUS,side-minco|candidate-final-status,|MINCO_OK,UNRESOLVED_DUE_TO_MISSING_CANDIDATE_PAYLOAD,same_drone_plan_start_to_finalize_plus_25ms_NOT_EXACT_ID
20260927_055748_1104145,u3e1,2,1790459912.2379184,1790459912.377918243,SIDE_MINUS,side-minco|candidate-final-status|topology-post-check,|MINCO_OK|,UNRESOLVED_DUE_TO_MISSING_CANDIDATE_PAYLOAD,same_drone_plan_start_to_finalize_plus_25ms_NOT_EXACT_ID
20260927_055748_1104145,u3e1,2,1790459912.5007892,1790459912.640789032,NOMINAL,topology-post-check,,UNRESOLVED_DUE_TO_MISSING_CANDIDATE_PAYLOAD,same_drone_plan_start_to_finalize_plus_25ms_NOT_EXACT_ID
20260927_055748_1104145,u3e1,2,1790459912.5007892,1790459912.640789032,SIDE_PLUS,side-minco|candidate-final-status,|MINCO_OK,UNRESOLVED_DUE_TO_MISSING_CANDIDATE_PAYLOAD,same_drone_plan_start_to_finalize_plus_25ms_NOT_EXACT_ID
20260927_055748_1104145,u3e1,2,1790459912.5007892,1790459912.640789032,SIDE_MINUS,side-minco|candidate-final-status,|MINCO_OK,UNRESOLVED_DUE_TO_MISSING_CANDIDATE_PAYLOAD,same_drone_plan_start_to_finalize_plus_25ms_NOT_EXACT_ID
20260927_055748_1104145,u3e1,2,1790459912.7939732,1790459912.933973074,NOMINAL,topology-post-check,,UNRESOLVED_DUE_TO_MISSING_CANDIDATE_PAYLOAD,same_drone_plan_start_to_finalize_plus_25ms_NOT_EXACT_ID
20260927_055748_1104145,u3e1,2,1790459912.7939732,1790459912.933973074,SIDE_PLUS,side-minco|candidate-final-status,|MINCO_OK,UNRESOLVED_DUE_TO_MISSING_CANDIDATE_PAYLOAD,same_drone_plan_start_to_finalize_plus_25ms_NOT_EXACT_ID
20260927_055748_1104145,u3e1,2,1790459912.7939732,1790459912.933973074,SIDE_MINUS,side-minco|candidate-final-status,|MINCO_OK,UNRESOLVED_DUE_TO_MISSING_CANDIDATE_PAYLOAD,same_drone_plan_start_to_finalize_plus_25ms_NOT_EXACT_ID
20260927_055748_1104145,u3e1,2,1790459913.0569425,1790459913.196942329,NOMINAL,topology-post-check,,UNRESOLVED_DUE_TO_MISSING_CANDIDATE_PAYLOAD,same_drone_plan_start_to_finalize_plus_25ms_NOT_EXACT_ID
20260927_055748_1104145,u3e1,2,1790459913.0569425,1790459913.196942329,SIDE_PLUS,side-minco|candidate-final-status,|MINCO_OK,UNRESOLVED_DUE_TO_MISSING_CANDIDATE_PAYLOAD,same_drone_plan_start_to_finalize_plus_25ms_NOT_EXACT_ID
20260927_055748_1104145,u3e1,2,1790459913.0569425,1790459913.196942329,SIDE_MINUS,side-minco|candidate-final-status,|MINCO_OK,UNRESOLVED_DUE_TO_MISSING_CANDIDATE_PAYLOAD,same_drone_plan_start_to_finalize_plus_25ms_NOT_EXACT_ID
20260927_055748_1104145,u3e1,2,1790459913.3527267,1790459913.492726564,NOMINAL,,,UNRESOLVED_DUE_TO_MISSING_CANDIDATE_PAYLOAD,same_drone_plan_start_to_finalize_plus_25ms_NOT_EXACT_ID
20260927_055748_1104145,u3e1,2,1790459913.3527267,1790459913.492726564,SIDE_PLUS,side-minco|candidate-final-status|topology-post-check,|MINCO_OK|,UNRESOLVED_DUE_TO_MISSING_CANDIDATE_PAYLOAD,same_drone_plan_start_to_finalize_plus_25ms_NOT_EXACT_ID
20260927_055748_1104145,u3e1,2,1790459913.3527267,1790459913.492726564,SIDE_MINUS,side-minco|candidate-final-status,|MINCO_OK,UNRESOLVED_DUE_TO_MISSING_CANDIDATE_PAYLOAD,same_drone_plan_start_to_finalize_plus_25ms_NOT_EXACT_ID
20260927_055748_1104145,u3e2,2,1790459945.9476912,1790459946.087691069,NOMINAL,,,UNRESOLVED_DUE_TO_MISSING_CANDIDATE_PAYLOAD,same_drone_plan_start_to_finalize_plus_25ms_NOT_EXACT_ID
20260927_055748_1104145,u3e2,2,1790459945.9476912,1790459946.087691069,SIDE_PLUS,candidate-preinit-failure|side-minco|candidate-final-status|topology-post-check,NO_STATIC_FEASIBLE_SIDE||FEASIBLE_INITIALIZER_FALLBACK:|,UNRESOLVED_DUE_TO_MISSING_CANDIDATE_PAYLOAD,same_drone_plan_start_to_finalize_plus_25ms_NOT_EXACT_ID
20260927_055748_1104145,u3e2,2,1790459945.9476912,1790459946.087691069,SIDE_MINUS,side-minco|candidate-final-status|side-minco|candidate-final-status,|MINCO_OK||MINCO_OK,UNRESOLVED_DUE_TO_MISSING_CANDIDATE_PAYLOAD,same_drone_plan_start_to_finalize_plus_25ms_NOT_EXACT_ID
20260927_055748_1104145,u3e2,2,1790459946.046335,1790459946.191127539,NOMINAL,,,UNRESOLVED_DUE_TO_MISSING_CANDIDATE_PAYLOAD,same_drone_plan_start_to_finalize_plus_25ms_NOT_EXACT_ID
20260927_055748_1104145,u3e2,2,1790459946.046335,1790459946.191127539,SIDE_PLUS,side-minco|candidate-final-status|topology-post-check,|FEASIBLE_INITIALIZER_FALLBACK:|,UNRESOLVED_DUE_TO_MISSING_CANDIDATE_PAYLOAD,same_drone_plan_start_to_finalize_plus_25ms_NOT_EXACT_ID
20260927_055748_1104145,u3e2,2,1790459946.046335,1790459946.191127539,SIDE_MINUS,side-minco|candidate-final-status,|MINCO_OK,UNRESOLVED_DUE_TO_MISSING_CANDIDATE_PAYLOAD,same_drone_plan_start_to_finalize_plus_25ms_NOT_EXACT_ID
20260927_055748_1104145,u3e2,2,1790459946.2037413,1790459946.345230818,NOMINAL,,,UNRESOLVED_DUE_TO_MISSING_CANDIDATE_PAYLOAD,same_drone_plan_start_to_finalize_plus_25ms_NOT_EXACT_ID
20260927_055748_1104145,u3e2,2,1790459946.2037413,1790459946.345230818,SIDE_PLUS,candidate-preinit-failure,NO_STATIC_FEASIBLE_SIDE,UNRESOLVED_DUE_TO_MISSING_CANDIDATE_PAYLOAD,same_drone_plan_start_to_finalize_plus_25ms_NOT_EXACT_ID
20260927_055748_1104145,u3e2,2,1790459946.2037413,1790459946.345230818,SIDE_MINUS,side-minco|candidate-final-status|topology-post-check,|FEASIBLE_INITIALIZER_FALLBACK:|,UNRESOLVED_DUE_TO_MISSING_CANDIDATE_PAYLOAD,same_drone_plan_start_to_finalize_plus_25ms_NOT_EXACT_ID
20260927_055748_1104145,u3e2,2,1790459946.4569826,1790459946.596982479,NOMINAL,,,UNRESOLVED_DUE_TO_MISSING_CANDIDATE_PAYLOAD,same_drone_plan_start_to_finalize_plus_25ms_NOT_EXACT_ID
20260927_055748_1104145,u3e2,2,1790459946.4569826,1790459946.596982479,SIDE_PLUS,candidate-preinit-failure,NO_STATIC_FEASIBLE_SIDE,UNRESOLVED_DUE_TO_MISSING_CANDIDATE_PAYLOAD,same_drone_plan_start_to_finalize_plus_25ms_NOT_EXACT_ID
20260927_055748_1104145,u3e2,2,1790459946.4569826,1790459946.596982479,SIDE_MINUS,side-minco|candidate-final-status|side-minco|candidate-final-status,|FEASIBLE_INITIALIZER_FALLBACK:||FEASIBLE_INITIALIZER_FALLBACK:,UNRESOLVED_DUE_TO_MISSING_CANDIDATE_PAYLOAD,same_drone_plan_start_to_finalize_plus_25ms_NOT_EXACT_ID
20260927_055748_1104145,u3e2,2,1790459946.5476205,1790459946.691623211,NOMINAL,,,UNRESOLVED_DUE_TO_MISSING_CANDIDATE_PAYLOAD,same_drone_plan_start_to_finalize_plus_25ms_NOT_EXACT_ID
20260927_055748_1104145,u3e2,2,1790459946.5476205,1790459946.691623211,SIDE_PLUS,candidate-preinit-failure|side-minco|candidate-final-status,NO_STATIC_FEASIBLE_SIDE||,UNRESOLVED_DUE_TO_MISSING_CANDIDATE_PAYLOAD,same_drone_plan_start_to_finalize_plus_25ms_NOT_EXACT_ID
20260927_055748_1104145,u3e2,2,1790459946.5476205,1790459946.691623211,SIDE_MINUS,side-minco|candidate-final-status|side-minco|candidate-final-status|topology-post-check,|FEASIBLE_INITIALIZER_FALLBACK:||FEASIBLE_INITIALIZER_FALLBACK:|,UNRESOLVED_DUE_TO_MISSING_CANDIDATE_PAYLOAD,same_drone_plan_start_to_finalize_plus_25ms_NOT_EXACT_ID
20260927_055748_1104145,u3e2,2,1790459946.6366253,1790459946.784081697,NOMINAL,,,UNRESOLVED_DUE_TO_MISSING_CANDIDATE_PAYLOAD,same_drone_plan_start_to_finalize_plus_25ms_NOT_EXACT_ID
20260927_055748_1104145,u3e2,2,1790459946.6366253,1790459946.784081697,SIDE_PLUS,side-minco|candidate-final-status,|,UNRESOLVED_DUE_TO_MISSING_CANDIDATE_PAYLOAD,same_drone_plan_start_to_finalize_plus_25ms_NOT_EXACT_ID
20260927_055748_1104145,u3e2,2,1790459946.6366253,1790459946.784081697,SIDE_MINUS,side-minco|candidate-final-status|topology-post-check,|FEASIBLE_INITIALIZER_FALLBACK:|,UNRESOLVED_DUE_TO_MISSING_CANDIDATE_PAYLOAD,same_drone_plan_start_to_finalize_plus_25ms_NOT_EXACT_ID
20260927_055748_1104145,u3e2,2,1790459946.7853415,1790459946.929385662,NOMINAL,,,UNRESOLVED_DUE_TO_MISSING_CANDIDATE_PAYLOAD,same_drone_plan_start_to_finalize_plus_25ms_NOT_EXACT_ID
20260927_055748_1104145,u3e2,2,1790459946.7853415,1790459946.929385662,SIDE_PLUS,side-minco|candidate-final-status,|MINCO_OK,UNRESOLVED_DUE_TO_MISSING_CANDIDATE_PAYLOAD,same_drone_plan_start_to_finalize_plus_25ms_NOT_EXACT_ID
20260927_055748_1104145,u3e2,2,1790459946.7853415,1790459946.929385662,SIDE_MINUS,side-minco|candidate-final-status|topology-post-check,|FEASIBLE_INITIALIZER_FALLBACK:|,UNRESOLVED_DUE_TO_MISSING_CANDIDATE_PAYLOAD,same_drone_plan_start_to_finalize_plus_25ms_NOT_EXACT_ID
20260927_055748_1104145,u3e2,2,1790459947.0418608,1790459947.182648420,NOMINAL,,,UNRESOLVED_DUE_TO_MISSING_CANDIDATE_PAYLOAD,same_drone_plan_start_to_finalize_plus_25ms_NOT_EXACT_ID
20260927_055748_1104145,u3e2,2,1790459947.0418608,1790459947.182648420,SIDE_PLUS,side-minco|candidate-final-status|side-minco|candidate-final-status|topology-post-check,|MINCO_OK||FEASIBLE_INITIALIZER_FALLBACK:|,UNRESOLVED_DUE_TO_MISSING_CANDIDATE_PAYLOAD,same_drone_plan_start_to_finalize_plus_25ms_NOT_EXACT_ID
20260927_055748_1104145,u3e2,2,1790459947.0418608,1790459947.182648420,SIDE_MINUS,side-minco|candidate-final-status|side-minco|candidate-final-status,|MINCO_OK||MINCO_OK,UNRESOLVED_DUE_TO_MISSING_CANDIDATE_PAYLOAD,same_drone_plan_start_to_finalize_plus_25ms_NOT_EXACT_ID
20260927_055748_1104145,u3e2,2,1790459947.0635931,1790459947.203593016,NOMINAL,,,UNRESOLVED_DUE_TO_MISSING_CANDIDATE_PAYLOAD,same_drone_plan_start_to_finalize_plus_25ms_NOT_EXACT_ID
20260927_055748_1104145,u3e2,2,1790459947.0635931,1790459947.203593016,SIDE_PLUS,side-minco|candidate-final-status|topology-post-check,|FEASIBLE_INITIALIZER_FALLBACK:|,UNRESOLVED_DUE_TO_MISSING_CANDIDATE_PAYLOAD,same_drone_plan_start_to_finalize_plus_25ms_NOT_EXACT_ID
20260927_055748_1104145,u3e2,2,1790459947.0635931,1790459947.203593016,SIDE_MINUS,side-minco|candidate-final-status,|MINCO_OK,UNRESOLVED_DUE_TO_MISSING_CANDIDATE_PAYLOAD,same_drone_plan_start_to_finalize_plus_25ms_NOT_EXACT_ID
20260927_055748_1104145,u3e2,2,1790459947.3085546,1790459947.448554516,NOMINAL,topology-post-check,,UNRESOLVED_DUE_TO_MISSING_CANDIDATE_PAYLOAD,same_drone_plan_start_to_finalize_plus_25ms_NOT_EXACT_ID
20260927_055748_1104145,u3e2,2,1790459947.3085546,1790459947.448554516,SIDE_PLUS,side-minco|candidate-final-status,|MINCO_OK,UNRESOLVED_DUE_TO_MISSING_CANDIDATE_PAYLOAD,same_drone_plan_start_to_finalize_plus_25ms_NOT_EXACT_ID
20260927_055748_1104145,u3e2,2,1790459947.3085546,1790459947.448554516,SIDE_MINUS,side-minco|candidate-final-status,|MINCO_OK,UNRESOLVED_DUE_TO_MISSING_CANDIDATE_PAYLOAD,same_drone_plan_start_to_finalize_plus_25ms_NOT_EXACT_ID
20260927_055748_1104145,u3e2,2,1790459947.5941234,1790459947.734123230,NOMINAL,topology-post-check,,UNRESOLVED_DUE_TO_MISSING_CANDIDATE_PAYLOAD,same_drone_plan_start_to_finalize_plus_25ms_NOT_EXACT_ID
20260927_055748_1104145,u3e2,2,1790459947.5941234,1790459947.734123230,SIDE_PLUS,side-minco|candidate-final-status,|MINCO_OK,UNRESOLVED_DUE_TO_MISSING_CANDIDATE_PAYLOAD,same_drone_plan_start_to_finalize_plus_25ms_NOT_EXACT_ID
20260927_055748_1104145,u3e2,2,1790459947.5941234,1790459947.734123230,SIDE_MINUS,side-minco|candidate-final-status,|FEASIBLE_INITIALIZER_FALLBACK:,UNRESOLVED_DUE_TO_MISSING_CANDIDATE_PAYLOAD,same_drone_plan_start_to_finalize_plus_25ms_NOT_EXACT_ID
20260927_055748_1104145,u3e2,2,1790459947.8867373,1790459948.026737213,NOMINAL,topology-post-check,,UNRESOLVED_DUE_TO_MISSING_CANDIDATE_PAYLOAD,same_drone_plan_start_to_finalize_plus_25ms_NOT_EXACT_ID
20260927_055748_1104145,u3e2,2,1790459947.8867373,1790459948.026737213,SIDE_PLUS,side-minco|candidate-final-status,|MINCO_OK,UNRESOLVED_DUE_TO_MISSING_CANDIDATE_PAYLOAD,same_drone_plan_start_to_finalize_plus_25ms_NOT_EXACT_ID
20260927_055748_1104145,u3e2,2,1790459947.8867373,1790459948.026737213,SIDE_MINUS,side-minco|candidate-final-status,|FEASIBLE_INITIALIZER_FALLBACK:,UNRESOLVED_DUE_TO_MISSING_CANDIDATE_PAYLOAD,same_drone_plan_start_to_finalize_plus_25ms_NOT_EXACT_ID
20260927_055748_1104145,u3e2,2,1790459948.1713407,1790459948.311340570,NOMINAL,topology-post-check,,UNRESOLVED_DUE_TO_MISSING_CANDIDATE_PAYLOAD,same_drone_plan_start_to_finalize_plus_25ms_NOT_EXACT_ID
20260927_055748_1104145,u3e2,2,1790459948.1713407,1790459948.311340570,SIDE_PLUS,side-minco|candidate-final-status,|MINCO_OK,UNRESOLVED_DUE_TO_MISSING_CANDIDATE_PAYLOAD,same_drone_plan_start_to_finalize_plus_25ms_NOT_EXACT_ID
20260927_055748_1104145,u3e2,2,1790459948.1713407,1790459948.311340570,SIDE_MINUS,side-minco|candidate-final-status,|FEASIBLE_INITIALIZER_FALLBACK:,UNRESOLVED_DUE_TO_MISSING_CANDIDATE_PAYLOAD,same_drone_plan_start_to_finalize_plus_25ms_NOT_EXACT_ID
20260927_055748_1104145,u3e2,2,1790459948.431089,1790459948.571088791,NOMINAL,topology-post-check,,UNRESOLVED_DUE_TO_MISSING_CANDIDATE_PAYLOAD,same_drone_plan_start_to_finalize_plus_25ms_NOT_EXACT_ID
20260927_055748_1104145,u3e2,2,1790459948.431089,1790459948.571088791,SIDE_PLUS,side-minco|candidate-final-status,|FEASIBLE_INITIALIZER_FALLBACK:,UNRESOLVED_DUE_TO_MISSING_CANDIDATE_PAYLOAD,same_drone_plan_start_to_finalize_plus_25ms_NOT_EXACT_ID
20260927_055748_1104145,u3e2,2,1790459948.431089,1790459948.571088791,SIDE_MINUS,side-minco|candidate-final-status,|FEASIBLE_INITIALIZER_FALLBACK:,UNRESOLVED_DUE_TO_MISSING_CANDIDATE_PAYLOAD,same_drone_plan_start_to_finalize_plus_25ms_NOT_EXACT_ID
20260927_055748_1104145,u3e2,2,1790459948.7028253,1790459948.842825174,NOMINAL,topology-post-check,,UNRESOLVED_DUE_TO_MISSING_CANDIDATE_PAYLOAD,same_drone_plan_start_to_finalize_plus_25ms_NOT_EXACT_ID
20260927_055748_1104145,u3e2,2,1790459948.7028253,1790459948.842825174,SIDE_PLUS,side-minco|candidate-final-status,|FEASIBLE_INITIALIZER_FALLBACK:,UNRESOLVED_DUE_TO_MISSING_CANDIDATE_PAYLOAD,same_drone_plan_start_to_finalize_plus_25ms_NOT_EXACT_ID
20260927_055748_1104145,u3e2,2,1790459948.7028253,1790459948.842825174,SIDE_MINUS,side-minco|candidate-final-status,|MINCO_OK,UNRESOLVED_DUE_TO_MISSING_CANDIDATE_PAYLOAD,same_drone_plan_start_to_finalize_plus_25ms_NOT_EXACT_ID
20260927_055748_1104145,u3e2,2,1790459948.963639,1790459949.103638887,NOMINAL,topology-post-check,,UNRESOLVED_DUE_TO_MISSING_CANDIDATE_PAYLOAD,same_drone_plan_start_to_finalize_plus_25ms_NOT_EXACT_ID
20260927_055748_1104145,u3e2,2,1790459948.963639,1790459949.103638887,SIDE_PLUS,side-minco|candidate-final-status,|MINCO_OK,UNRESOLVED_DUE_TO_MISSING_CANDIDATE_PAYLOAD,same_drone_plan_start_to_finalize_plus_25ms_NOT_EXACT_ID
20260927_055748_1104145,u3e2,2,1790459948.963639,1790459949.103638887,SIDE_MINUS,side-minco|candidate-final-status,|MINCO_OK,UNRESOLVED_DUE_TO_MISSING_CANDIDATE_PAYLOAD,same_drone_plan_start_to_finalize_plus_25ms_NOT_EXACT_ID
20260927_055748_1104145,u3e3,2,1790459948.431089,1790459948.571088791,NOMINAL,topology-post-check,,UNRESOLVED_DUE_TO_MISSING_CANDIDATE_PAYLOAD,same_drone_plan_start_to_finalize_plus_25ms_NOT_EXACT_ID
20260927_055748_1104145,u3e3,2,1790459948.431089,1790459948.571088791,SIDE_PLUS,side-minco|candidate-final-status,|FEASIBLE_INITIALIZER_FALLBACK:,UNRESOLVED_DUE_TO_MISSING_CANDIDATE_PAYLOAD,same_drone_plan_start_to_finalize_plus_25ms_NOT_EXACT_ID
20260927_055748_1104145,u3e3,2,1790459948.431089,1790459948.571088791,SIDE_MINUS,side-minco|candidate-final-status,|FEASIBLE_INITIALIZER_FALLBACK:,UNRESOLVED_DUE_TO_MISSING_CANDIDATE_PAYLOAD,same_drone_plan_start_to_finalize_plus_25ms_NOT_EXACT_ID
20260927_055748_1104145,u3e3,2,1790459948.7028253,1790459948.842825174,NOMINAL,topology-post-check,,UNRESOLVED_DUE_TO_MISSING_CANDIDATE_PAYLOAD,same_drone_plan_start_to_finalize_plus_25ms_NOT_EXACT_ID
20260927_055748_1104145,u3e3,2,1790459948.7028253,1790459948.842825174,SIDE_PLUS,side-minco|candidate-final-status,|FEASIBLE_INITIALIZER_FALLBACK:,UNRESOLVED_DUE_TO_MISSING_CANDIDATE_PAYLOAD,same_drone_plan_start_to_finalize_plus_25ms_NOT_EXACT_ID
20260927_055748_1104145,u3e3,2,1790459948.7028253,1790459948.842825174,SIDE_MINUS,side-minco|candidate-final-status,|MINCO_OK,UNRESOLVED_DUE_TO_MISSING_CANDIDATE_PAYLOAD,same_drone_plan_start_to_finalize_plus_25ms_NOT_EXACT_ID
20260927_055748_1104145,u3e3,2,1790459948.963639,1790459949.103638887,NOMINAL,topology-post-check,,UNRESOLVED_DUE_TO_MISSING_CANDIDATE_PAYLOAD,same_drone_plan_start_to_finalize_plus_25ms_NOT_EXACT_ID
20260927_055748_1104145,u3e3,2,1790459948.963639,1790459949.103638887,SIDE_PLUS,side-minco|candidate-final-status,|MINCO_OK,UNRESOLVED_DUE_TO_MISSING_CANDIDATE_PAYLOAD,same_drone_plan_start_to_finalize_plus_25ms_NOT_EXACT_ID
20260927_055748_1104145,u3e3,2,1790459948.963639,1790459949.103638887,SIDE_MINUS,side-minco|candidate-final-status,|MINCO_OK,UNRESOLVED_DUE_TO_MISSING_CANDIDATE_PAYLOAD,same_drone_plan_start_to_finalize_plus_25ms_NOT_EXACT_ID
20260927_055748_1104145,u3e3,2,1790459949.2347906,1790459949.374790430,NOMINAL,,,UNRESOLVED_DUE_TO_MISSING_CANDIDATE_PAYLOAD,same_drone_plan_start_to_finalize_plus_25ms_NOT_EXACT_ID
20260927_055748_1104145,u3e3,2,1790459949.2347906,1790459949.374790430,SIDE_PLUS,side-minco|candidate-final-status,|FEASIBLE_INITIALIZER_FALLBACK:,UNRESOLVED_DUE_TO_MISSING_CANDIDATE_PAYLOAD,same_drone_plan_start_to_finalize_plus_25ms_NOT_EXACT_ID
20260927_055748_1104145,u3e3,2,1790459949.2347906,1790459949.374790430,SIDE_MINUS,side-minco|candidate-final-status|topology-post-check,|MINCO_OK|,UNRESOLVED_DUE_TO_MISSING_CANDIDATE_PAYLOAD,same_drone_plan_start_to_finalize_plus_25ms_NOT_EXACT_ID
20260927_055748_1104145,u3e3,2,1790459949.5223258,1790459949.662325621,NOMINAL,,,UNRESOLVED_DUE_TO_MISSING_CANDIDATE_PAYLOAD,same_drone_plan_start_to_finalize_plus_25ms_NOT_EXACT_ID
20260927_055748_1104145,u3e3,2,1790459949.5223258,1790459949.662325621,SIDE_PLUS,candidate-final-status,FEASIBLE_INITIALIZER_FALLBACK:,UNRESOLVED_DUE_TO_MISSING_CANDIDATE_PAYLOAD,same_drone_plan_start_to_finalize_plus_25ms_NOT_EXACT_ID
20260927_055748_1104145,u3e3,2,1790459949.5223258,1790459949.662325621,SIDE_MINUS,candidate-final-status|topology-post-check,MINCO_OK|,UNRESOLVED_DUE_TO_MISSING_CANDIDATE_PAYLOAD,same_drone_plan_start_to_finalize_plus_25ms_NOT_EXACT_ID
20260927_055748_1104145,u3e3,2,1790459949.8084073,1790459949.948407173,NOMINAL,,,UNRESOLVED_DUE_TO_MISSING_CANDIDATE_PAYLOAD,same_drone_plan_start_to_finalize_plus_25ms_NOT_EXACT_ID
20260927_055748_1104145,u3e3,2,1790459949.8084073,1790459949.948407173,SIDE_PLUS,side-minco|candidate-final-status|topology-post-check,|FEASIBLE_INITIALIZER_FALLBACK:|,UNRESOLVED_DUE_TO_MISSING_CANDIDATE_PAYLOAD,same_drone_plan_start_to_finalize_plus_25ms_NOT_EXACT_ID
20260927_055748_1104145,u3e3,2,1790459949.8084073,1790459949.948407173,SIDE_MINUS,side-minco|candidate-final-status,|FEASIBLE_INITIALIZER_FALLBACK:,UNRESOLVED_DUE_TO_MISSING_CANDIDATE_PAYLOAD,same_drone_plan_start_to_finalize_plus_25ms_NOT_EXACT_ID
20260927_055748_1104145,u3e3,2,1790459950.076639,1790459950.216638803,NOMINAL,,,UNRESOLVED_DUE_TO_MISSING_CANDIDATE_PAYLOAD,same_drone_plan_start_to_finalize_plus_25ms_NOT_EXACT_ID
20260927_055748_1104145,u3e3,2,1790459950.076639,1790459950.216638803,SIDE_PLUS,side-minco|candidate-final-status|topology-post-check,|FEASIBLE_INITIALIZER_FALLBACK:|,UNRESOLVED_DUE_TO_MISSING_CANDIDATE_PAYLOAD,same_drone_plan_start_to_finalize_plus_25ms_NOT_EXACT_ID
20260927_055748_1104145,u3e3,2,1790459950.076639,1790459950.216638803,SIDE_MINUS,side-minco|candidate-final-status,|FEASIBLE_INITIALIZER_FALLBACK:,UNRESOLVED_DUE_TO_MISSING_CANDIDATE_PAYLOAD,same_drone_plan_start_to_finalize_plus_25ms_NOT_EXACT_ID
20260927_055748_1104145,u3e3,2,1790459950.3547945,1790459950.494794369,NOMINAL,,,UNRESOLVED_DUE_TO_MISSING_CANDIDATE_PAYLOAD,same_drone_plan_start_to_finalize_plus_25ms_NOT_EXACT_ID
20260927_055748_1104145,u3e3,2,1790459950.3547945,1790459950.494794369,SIDE_PLUS,side-minco|candidate-final-status|side-minco|candidate-final-status,|FEASIBLE_INITIALIZER_FALLBACK:||FEASIBLE_INITIALIZER_FALLBACK:,UNRESOLVED_DUE_TO_MISSING_CANDIDATE_PAYLOAD,same_drone_plan_start_to_finalize_plus_25ms_NOT_EXACT_ID
20260927_055748_1104145,u3e3,2,1790459950.3547945,1790459950.494794369,SIDE_MINUS,side-minco|candidate-final-status|side-minco|candidate-final-status,|FEASIBLE_INITIALIZER_FALLBACK:||FEASIBLE_INITIALIZER_FALLBACK:,UNRESOLVED_DUE_TO_MISSING_CANDIDATE_PAYLOAD,same_drone_plan_start_to_finalize_plus_25ms_NOT_EXACT_ID
20260927_055748_1104145,u3e3,2,1790459950.3764062,1790459950.516406059,NOMINAL,,,UNRESOLVED_DUE_TO_MISSING_CANDIDATE_PAYLOAD,same_drone_plan_start_to_finalize_plus_25ms_NOT_EXACT_ID
20260927_055748_1104145,u3e3,2,1790459950.3764062,1790459950.516406059,SIDE_PLUS,side-minco|candidate-final-status|side-minco|candidate-final-status,|FEASIBLE_INITIALIZER_FALLBACK:||FEASIBLE_INITIALIZER_FALLBACK:,UNRESOLVED_DUE_TO_MISSING_CANDIDATE_PAYLOAD,same_drone_plan_start_to_finalize_plus_25ms_NOT_EXACT_ID
20260927_055748_1104145,u3e3,2,1790459950.3764062,1790459950.516406059,SIDE_MINUS,side-minco|candidate-final-status|side-minco|candidate-final-status,|FEASIBLE_INITIALIZER_FALLBACK:||FEASIBLE_INITIALIZER_FALLBACK:,UNRESOLVED_DUE_TO_MISSING_CANDIDATE_PAYLOAD,same_drone_plan_start_to_finalize_plus_25ms_NOT_EXACT_ID
20260927_055748_1104145,u3e3,2,1790459950.4014473,1790459950.541447163,NOMINAL,,,UNRESOLVED_DUE_TO_MISSING_CANDIDATE_PAYLOAD,same_drone_plan_start_to_finalize_plus_25ms_NOT_EXACT_ID
20260927_055748_1104145,u3e3,2,1790459950.4014473,1790459950.541447163,SIDE_PLUS,side-minco|candidate-final-status|side-minco|candidate-final-status,|FEASIBLE_INITIALIZER_FALLBACK:||FEASIBLE_INITIALIZER_FALLBACK:,UNRESOLVED_DUE_TO_MISSING_CANDIDATE_PAYLOAD,same_drone_plan_start_to_finalize_plus_25ms_NOT_EXACT_ID
20260927_055748_1104145,u3e3,2,1790459950.4014473,1790459950.541447163,SIDE_MINUS,side-minco|candidate-final-status|side-minco|candidate-final-status,|FEASIBLE_INITIALIZER_FALLBACK:||FEASIBLE_INITIALIZER_FALLBACK:,UNRESOLVED_DUE_TO_MISSING_CANDIDATE_PAYLOAD,same_drone_plan_start_to_finalize_plus_25ms_NOT_EXACT_ID
20260927_055748_1104145,u3e3,2,1790459950.4237359,1790459950.563735723,NOMINAL,,,UNRESOLVED_DUE_TO_MISSING_CANDIDATE_PAYLOAD,same_drone_plan_start_to_finalize_plus_25ms_NOT_EXACT_ID
20260927_055748_1104145,u3e3,2,1790459950.4237359,1790459950.563735723,SIDE_PLUS,side-minco|candidate-final-status|side-minco|candidate-final-status,|FEASIBLE_INITIALIZER_FALLBACK:||FEASIBLE_INITIALIZER_FALLBACK:,UNRESOLVED_DUE_TO_MISSING_CANDIDATE_PAYLOAD,same_drone_plan_start_to_finalize_plus_25ms_NOT_EXACT_ID
20260927_055748_1104145,u3e3,2,1790459950.4237359,1790459950.563735723,SIDE_MINUS,side-minco|candidate-final-status|side-minco|candidate-final-status,|FEASIBLE_INITIALIZER_FALLBACK:||FEASIBLE_INITIALIZER_FALLBACK:,UNRESOLVED_DUE_TO_MISSING_CANDIDATE_PAYLOAD,same_drone_plan_start_to_finalize_plus_25ms_NOT_EXACT_ID
20260927_055748_1104145,u3e3,2,1790459950.4458513,1790459950.585851192,NOMINAL,,,UNRESOLVED_DUE_TO_MISSING_CANDIDATE_PAYLOAD,same_drone_plan_start_to_finalize_plus_25ms_NOT_EXACT_ID
20260927_055748_1104145,u3e3,2,1790459950.4458513,1790459950.585851192,SIDE_PLUS,side-minco|candidate-final-status|side-minco|candidate-final-status,|FEASIBLE_INITIALIZER_FALLBACK:||FEASIBLE_INITIALIZER_FALLBACK:,UNRESOLVED_DUE_TO_MISSING_CANDIDATE_PAYLOAD,same_drone_plan_start_to_finalize_plus_25ms_NOT_EXACT_ID
20260927_055748_1104145,u3e3,2,1790459950.4458513,1790459950.585851192,SIDE_MINUS,side-minco|candidate-final-status|side-minco|candidate-final-status,|FEASIBLE_INITIALIZER_FALLBACK:||MINCO_OK,UNRESOLVED_DUE_TO_MISSING_CANDIDATE_PAYLOAD,same_drone_plan_start_to_finalize_plus_25ms_NOT_EXACT_ID
20260927_055748_1104145,u3e3,2,1790459950.4683652,1790459950.608365059,NOMINAL,,,UNRESOLVED_DUE_TO_MISSING_CANDIDATE_PAYLOAD,same_drone_plan_start_to_finalize_plus_25ms_NOT_EXACT_ID
20260927_055748_1104145,u3e3,2,1790459950.4683652,1790459950.608365059,SIDE_PLUS,side-minco|candidate-final-status|side-minco|candidate-final-status,|FEASIBLE_INITIALIZER_FALLBACK:||MINCO_OK,UNRESOLVED_DUE_TO_MISSING_CANDIDATE_PAYLOAD,same_drone_plan_start_to_finalize_plus_25ms_NOT_EXACT_ID
20260927_055748_1104145,u3e3,2,1790459950.4683652,1790459950.608365059,SIDE_MINUS,side-minco|candidate-final-status|side-minco|candidate-final-status,|MINCO_OK||FEASIBLE_INITIALIZER_FALLBACK:,UNRESOLVED_DUE_TO_MISSING_CANDIDATE_PAYLOAD,same_drone_plan_start_to_finalize_plus_25ms_NOT_EXACT_ID
20260927_055748_1104145,u3e3,2,1790459950.490419,1790459950.630418777,NOMINAL,,,UNRESOLVED_DUE_TO_MISSING_CANDIDATE_PAYLOAD,same_drone_plan_start_to_finalize_plus_25ms_NOT_EXACT_ID
20260927_055748_1104145,u3e3,2,1790459950.490419,1790459950.630418777,SIDE_PLUS,side-minco|candidate-final-status|side-minco|candidate-final-status,|MINCO_OK||MINCO_OK,UNRESOLVED_DUE_TO_MISSING_CANDIDATE_PAYLOAD,same_drone_plan_start_to_finalize_plus_25ms_NOT_EXACT_ID
20260927_055748_1104145,u3e3,2,1790459950.490419,1790459950.630418777,SIDE_MINUS,side-minco|candidate-final-status|side-minco|candidate-final-status,|FEASIBLE_INITIALIZER_FALLBACK:||MINCO_OK,UNRESOLVED_DUE_TO_MISSING_CANDIDATE_PAYLOAD,same_drone_plan_start_to_finalize_plus_25ms_NOT_EXACT_ID
20260927_055748_1104145,u3e3,2,1790459950.5141635,1790459950.654163361,NOMINAL,,,UNRESOLVED_DUE_TO_MISSING_CANDIDATE_PAYLOAD,same_drone_plan_start_to_finalize_plus_25ms_NOT_EXACT_ID
20260927_055748_1104145,u3e3,2,1790459950.5141635,1790459950.654163361,SIDE_PLUS,side-minco|candidate-final-status|side-minco|candidate-final-status,|MINCO_OK||FEASIBLE_INITIALIZER_FALLBACK:,UNRESOLVED_DUE_TO_MISSING_CANDIDATE_PAYLOAD,same_drone_plan_start_to_finalize_plus_25ms_NOT_EXACT_ID
20260927_055748_1104145,u3e3,2,1790459950.5141635,1790459950.654163361,SIDE_MINUS,side-minco|candidate-final-status|side-minco|candidate-final-status,|MINCO_OK||MINCO_OK,UNRESOLVED_DUE_TO_MISSING_CANDIDATE_PAYLOAD,same_drone_plan_start_to_finalize_plus_25ms_NOT_EXACT_ID
20260927_055748_1104145,u3e3,2,1790459950.5349903,1790459950.674990177,NOMINAL,,,UNRESOLVED_DUE_TO_MISSING_CANDIDATE_PAYLOAD,same_drone_plan_start_to_finalize_plus_25ms_NOT_EXACT_ID
20260927_055748_1104145,u3e3,2,1790459950.5349903,1790459950.674990177,SIDE_PLUS,side-minco|candidate-final-status|side-minco|candidate-final-status,|FEASIBLE_INITIALIZER_FALLBACK:||FEASIBLE_INITIALIZER_FALLBACK:,UNRESOLVED_DUE_TO_MISSING_CANDIDATE_PAYLOAD,same_drone_plan_start_to_finalize_plus_25ms_NOT_EXACT_ID
20260927_055748_1104145,u3e3,2,1790459950.5349903,1790459950.674990177,SIDE_MINUS,side-minco|candidate-final-status|side-minco|candidate-final-status,|MINCO_OK||MINCO_OK,UNRESOLVED_DUE_TO_MISSING_CANDIDATE_PAYLOAD,same_drone_plan_start_to_finalize_plus_25ms_NOT_EXACT_ID
20260927_055748_1104145,u3e3,2,1790459950.5577557,1790459950.697755575,NOMINAL,,,UNRESOLVED_DUE_TO_MISSING_CANDIDATE_PAYLOAD,same_drone_plan_start_to_finalize_plus_25ms_NOT_EXACT_ID
20260927_055748_1104145,u3e3,2,1790459950.5577557,1790459950.697755575,SIDE_PLUS,side-minco|candidate-final-status|side-minco|candidate-final-status,|FEASIBLE_INITIALIZER_FALLBACK:||FEASIBLE_INITIALIZER_FALLBACK:,UNRESOLVED_DUE_TO_MISSING_CANDIDATE_PAYLOAD,same_drone_plan_start_to_finalize_plus_25ms_NOT_EXACT_ID
20260927_055748_1104145,u3e3,2,1790459950.5577557,1790459950.697755575,SIDE_MINUS,side-minco|candidate-final-status|side-minco|candidate-final-status,|MINCO_OK||MINCO_OK,UNRESOLVED_DUE_TO_MISSING_CANDIDATE_PAYLOAD,same_drone_plan_start_to_finalize_plus_25ms_NOT_EXACT_ID
20260927_055748_1104145,u3e3,2,1790459950.58231,1790459950.722309828,NOMINAL,,,UNRESOLVED_DUE_TO_MISSING_CANDIDATE_PAYLOAD,same_drone_plan_start_to_finalize_plus_25ms_NOT_EXACT_ID
20260927_055748_1104145,u3e3,2,1790459950.58231,1790459950.722309828,SIDE_PLUS,side-minco|candidate-final-status|side-minco|candidate-final-status,|FEASIBLE_INITIALIZER_FALLBACK:||MINCO_OK,UNRESOLVED_DUE_TO_MISSING_CANDIDATE_PAYLOAD,same_drone_plan_start_to_finalize_plus_25ms_NOT_EXACT_ID
20260927_055748_1104145,u3e3,2,1790459950.58231,1790459950.722309828,SIDE_MINUS,side-minco|candidate-final-status|side-minco|candidate-final-status,|MINCO_OK||MINCO_OK,UNRESOLVED_DUE_TO_MISSING_CANDIDATE_PAYLOAD,same_drone_plan_start_to_finalize_plus_25ms_NOT_EXACT_ID
20260927_055748_1104145,u3e3,2,1790459950.606873,1790459950.746872902,NOMINAL,,,UNRESOLVED_DUE_TO_MISSING_CANDIDATE_PAYLOAD,same_drone_plan_start_to_finalize_plus_25ms_NOT_EXACT_ID
20260927_055748_1104145,u3e3,2,1790459950.606873,1790459950.746872902,SIDE_PLUS,side-minco|candidate-final-status|side-minco|candidate-final-status,|MINCO_OK||FEASIBLE_INITIALIZER_FALLBACK:,UNRESOLVED_DUE_TO_MISSING_CANDIDATE_PAYLOAD,same_drone_plan_start_to_finalize_plus_25ms_NOT_EXACT_ID
20260927_055748_1104145,u3e3,2,1790459950.606873,1790459950.746872902,SIDE_MINUS,side-minco|candidate-final-status|side-minco|candidate-final-status,|MINCO_OK||MINCO_OK,UNRESOLVED_DUE_TO_MISSING_CANDIDATE_PAYLOAD,same_drone_plan_start_to_finalize_plus_25ms_NOT_EXACT_ID
20260927_055748_1104145,u3e3,2,1790459950.6255229,1790459950.765522718,NOMINAL,,,UNRESOLVED_DUE_TO_MISSING_CANDIDATE_PAYLOAD,same_drone_plan_start_to_finalize_plus_25ms_NOT_EXACT_ID
20260927_055748_1104145,u3e3,2,1790459950.6255229,1790459950.765522718,SIDE_PLUS,side-minco|candidate-final-status|side-minco|candidate-final-status,|FEASIBLE_INITIALIZER_FALLBACK:||MINCO_OK,UNRESOLVED_DUE_TO_MISSING_CANDIDATE_PAYLOAD,same_drone_plan_start_to_finalize_plus_25ms_NOT_EXACT_ID
20260927_055748_1104145,u3e3,2,1790459950.6255229,1790459950.765522718,SIDE_MINUS,side-minco|candidate-final-status|side-minco|candidate-final-status,|MINCO_OK||MINCO_OK,UNRESOLVED_DUE_TO_MISSING_CANDIDATE_PAYLOAD,same_drone_plan_start_to_finalize_plus_25ms_NOT_EXACT_ID
20260927_055748_1104145,u3e3,2,1790459950.647076,1790459950.787075758,NOMINAL,,,UNRESOLVED_DUE_TO_MISSING_CANDIDATE_PAYLOAD,same_drone_plan_start_to_finalize_plus_25ms_NOT_EXACT_ID
20260927_055748_1104145,u3e3,2,1790459950.647076,1790459950.787075758,SIDE_PLUS,side-minco|candidate-final-status|side-minco|candidate-final-status,|MINCO_OK||MINCO_OK,UNRESOLVED_DUE_TO_MISSING_CANDIDATE_PAYLOAD,same_drone_plan_start_to_finalize_plus_25ms_NOT_EXACT_ID
20260927_055748_1104145,u3e3,2,1790459950.647076,1790459950.787075758,SIDE_MINUS,side-minco|candidate-final-status|side-minco|candidate-final-status,|MINCO_OK||MINCO_OK,UNRESOLVED_DUE_TO_MISSING_CANDIDATE_PAYLOAD,same_drone_plan_start_to_finalize_plus_25ms_NOT_EXACT_ID
20260927_055748_1104145,u3e3,2,1790459950.6680634,1790459950.808063269,NOMINAL,,,UNRESOLVED_DUE_TO_MISSING_CANDIDATE_PAYLOAD,same_drone_plan_start_to_finalize_plus_25ms_NOT_EXACT_ID
20260927_055748_1104145,u3e3,2,1790459950.6680634,1790459950.808063269,SIDE_PLUS,side-minco|candidate-final-status|side-minco|candidate-final-status,|MINCO_OK||MINCO_OK,UNRESOLVED_DUE_TO_MISSING_CANDIDATE_PAYLOAD,same_drone_plan_start_to_finalize_plus_25ms_NOT_EXACT_ID
20260927_055748_1104145,u3e3,2,1790459950.6680634,1790459950.808063269,SIDE_MINUS,side-minco|candidate-final-status|side-minco|candidate-final-status,|MINCO_OK||MINCO_OK,UNRESOLVED_DUE_TO_MISSING_CANDIDATE_PAYLOAD,same_drone_plan_start_to_finalize_plus_25ms_NOT_EXACT_ID
20260927_055748_1104145,u3e3,2,1790459950.6887047,1790459950.828704596,NOMINAL,,,UNRESOLVED_DUE_TO_MISSING_CANDIDATE_PAYLOAD,same_drone_plan_start_to_finalize_plus_25ms_NOT_EXACT_ID
20260927_055748_1104145,u3e3,2,1790459950.6887047,1790459950.828704596,SIDE_PLUS,side-minco|candidate-final-status|side-minco|candidate-final-status,|MINCO_OK||MINCO_OK,UNRESOLVED_DUE_TO_MISSING_CANDIDATE_PAYLOAD,same_drone_plan_start_to_finalize_plus_25ms_NOT_EXACT_ID
20260927_055748_1104145,u3e3,2,1790459950.6887047,1790459950.828704596,SIDE_MINUS,side-minco|candidate-final-status|side-minco|candidate-final-status,|MINCO_OK||MINCO_OK,UNRESOLVED_DUE_TO_MISSING_CANDIDATE_PAYLOAD,same_drone_plan_start_to_finalize_plus_25ms_NOT_EXACT_ID
20260927_055748_1104145,u3e3,2,1790459950.7147453,1790459950.854745150,NOMINAL,,,UNRESOLVED_DUE_TO_MISSING_CANDIDATE_PAYLOAD,same_drone_plan_start_to_finalize_plus_25ms_NOT_EXACT_ID
20260927_055748_1104145,u3e3,2,1790459950.7147453,1790459950.854745150,SIDE_PLUS,side-minco|candidate-final-status|side-minco|candidate-final-status,|MINCO_OK||MINCO_OK,UNRESOLVED_DUE_TO_MISSING_CANDIDATE_PAYLOAD,same_drone_plan_start_to_finalize_plus_25ms_NOT_EXACT_ID
20260927_055748_1104145,u3e3,2,1790459950.7147453,1790459950.854745150,SIDE_MINUS,side-minco|candidate-final-status|side-minco|candidate-final-status,|MINCO_OK||MINCO_OK,UNRESOLVED_DUE_TO_MISSING_CANDIDATE_PAYLOAD,same_drone_plan_start_to_finalize_plus_25ms_NOT_EXACT_ID
20260927_055748_1104145,u3e3,2,1790459950.7349935,1790459950.874993324,NOMINAL,,,UNRESOLVED_DUE_TO_MISSING_CANDIDATE_PAYLOAD,same_drone_plan_start_to_finalize_plus_25ms_NOT_EXACT_ID
20260927_055748_1104145,u3e3,2,1790459950.7349935,1790459950.874993324,SIDE_PLUS,side-minco|candidate-final-status|side-minco|candidate-final-status,|MINCO_OK||MINCO_OK,UNRESOLVED_DUE_TO_MISSING_CANDIDATE_PAYLOAD,same_drone_plan_start_to_finalize_plus_25ms_NOT_EXACT_ID
20260927_055748_1104145,u3e3,2,1790459950.7349935,1790459950.874993324,SIDE_MINUS,side-minco|candidate-final-status|side-minco|candidate-final-status,|MINCO_OK||MINCO_OK,UNRESOLVED_DUE_TO_MISSING_CANDIDATE_PAYLOAD,same_drone_plan_start_to_finalize_plus_25ms_NOT_EXACT_ID
20260927_055748_1104145,u3e3,2,1790459950.7602456,1790459950.900245428,NOMINAL,,,UNRESOLVED_DUE_TO_MISSING_CANDIDATE_PAYLOAD,same_drone_plan_start_to_finalize_plus_25ms_NOT_EXACT_ID
20260927_055748_1104145,u3e3,2,1790459950.7602456,1790459950.900245428,SIDE_PLUS,side-minco|candidate-final-status|side-minco|candidate-final-status,|MINCO_OK||MINCO_OK,UNRESOLVED_DUE_TO_MISSING_CANDIDATE_PAYLOAD,same_drone_plan_start_to_finalize_plus_25ms_NOT_EXACT_ID
20260927_055748_1104145,u3e3,2,1790459950.7602456,1790459950.900245428,SIDE_MINUS,side-minco|candidate-final-status|side-minco|candidate-final-status,|MINCO_OK||MINCO_OK,UNRESOLVED_DUE_TO_MISSING_CANDIDATE_PAYLOAD,same_drone_plan_start_to_finalize_plus_25ms_NOT_EXACT_ID
20260927_055748_1104145,u3e3,2,1790459950.7827442,1790459950.922744036,NOMINAL,,,UNRESOLVED_DUE_TO_MISSING_CANDIDATE_PAYLOAD,same_drone_plan_start_to_finalize_plus_25ms_NOT_EXACT_ID
20260927_055748_1104145,u3e3,2,1790459950.7827442,1790459950.922744036,SIDE_PLUS,side-minco|candidate-final-status|side-minco|candidate-final-status|topology-post-check,|MINCO_OK||FEASIBLE_INITIALIZER_FALLBACK:|,UNRESOLVED_DUE_TO_MISSING_CANDIDATE_PAYLOAD,same_drone_plan_start_to_finalize_plus_25ms_NOT_EXACT_ID
20260927_055748_1104145,u3e3,2,1790459950.7827442,1790459950.922744036,SIDE_MINUS,side-minco|candidate-final-status|side-minco|candidate-final-status,|MINCO_OK||MINCO_OK,UNRESOLVED_DUE_TO_MISSING_CANDIDATE_PAYLOAD,same_drone_plan_start_to_finalize_plus_25ms_NOT_EXACT_ID
20260927_055748_1104145,u3e3,2,1790459950.8038228,1790459950.943822622,NOMINAL,,,UNRESOLVED_DUE_TO_MISSING_CANDIDATE_PAYLOAD,same_drone_plan_start_to_finalize_plus_25ms_NOT_EXACT_ID
20260927_055748_1104145,u3e3,2,1790459950.8038228,1790459950.943822622,SIDE_PLUS,side-minco|candidate-final-status|topology-post-check,|FEASIBLE_INITIALIZER_FALLBACK:|,UNRESOLVED_DUE_TO_MISSING_CANDIDATE_PAYLOAD,same_drone_plan_start_to_finalize_plus_25ms_NOT_EXACT_ID
20260927_055748_1104145,u3e3,2,1790459950.8038228,1790459950.943822622,SIDE_MINUS,side-minco|candidate-final-status,|MINCO_OK,UNRESOLVED_DUE_TO_MISSING_CANDIDATE_PAYLOAD,same_drone_plan_start_to_finalize_plus_25ms_NOT_EXACT_ID
20260927_055748_1104145,u3e3,2,1790459950.9491656,1790459951.089165449,NOMINAL,topology-post-check|topology-post-check,|,UNRESOLVED_DUE_TO_MISSING_CANDIDATE_PAYLOAD,same_drone_plan_start_to_finalize_plus_25ms_NOT_EXACT_ID
20260927_055748_1104145,u3e3,2,1790459950.9491656,1790459951.089165449,SIDE_PLUS,side-minco|candidate-final-status,|MINCO_OK,UNRESOLVED_DUE_TO_MISSING_CANDIDATE_PAYLOAD,same_drone_plan_start_to_finalize_plus_25ms_NOT_EXACT_ID
20260927_055748_1104145,u3e3,2,1790459950.9491656,1790459951.089165449,SIDE_MINUS,side-minco|candidate-final-status,|MINCO_OK,UNRESOLVED_DUE_TO_MISSING_CANDIDATE_PAYLOAD,same_drone_plan_start_to_finalize_plus_25ms_NOT_EXACT_ID
20260927_055748_1104145,u3e3,2,1790459950.9697409,1790459951.109740734,NOMINAL,topology-post-check,,UNRESOLVED_DUE_TO_MISSING_CANDIDATE_PAYLOAD,same_drone_plan_start_to_finalize_plus_25ms_NOT_EXACT_ID
20260927_055748_1104145,u3e3,2,1790459950.9697409,1790459951.109740734,SIDE_PLUS,,,UNRESOLVED_DUE_TO_MISSING_CANDIDATE_PAYLOAD,same_drone_plan_start_to_finalize_plus_25ms_NOT_EXACT_ID
20260927_055748_1104145,u3e3,2,1790459950.9697409,1790459951.109740734,SIDE_MINUS,,,UNRESOLVED_DUE_TO_MISSING_CANDIDATE_PAYLOAD,same_drone_plan_start_to_finalize_plus_25ms_NOT_EXACT_ID
