run,episode,drone,candidate,kind,batch,batch_s,activation,hard_safe,seed_eligible,selected,committed,trajectory_id,executed,execution_begin,execution_end,stages,first_reject,reject_reason,solver_reason,comparator_reason,K2,C3,D3,comparison_begin,comparison_end,checked_until,fallback,astar,sfc,blocker,geometry_mask,activation_world,optimized_hash,final_hash,validated_hash,revision,solver_failed_observed,fallback_used,time_COMMITTED,time_COMPARATOR_WIN,time_FINAL_INPUT,time_JOINT_SEED,time_SELECTED,time_NOMINAL_CONTEXT,time_COMPARATOR_LOSS,time_PRE_TIMING_SEED,time_RAW_SEED_ATTEMPT,time_SEED_ELIGIBILITY,time_SIDE_DISPATCH,time_SOLVER_OK,time_TIMED_SEED,time_FINAL_INPUT_FAILED,time_SOLVER_FAILED,time_PREFLIGHT_REJECT,time_HANDOFF_REJECT,time_PREINIT_REJECT,time_COMMIT_FAILED,time_SIDE_BUDGET_SKIP,time_CERTIFICATE_REJECT
20260927_103759_1243248,u1e1,0,22,NOMINAL,1790476692.941643,5.590967893600464,1790476693.0816429,True,False,True,True,22.0,True,5.769445,6.004971,FINAL_INPUT|JOINT_SEED|COMPARATOR_WIN|SELECTED|COMMITTED,,,,,0.0,0.0,0.0,-1790476687.350675,-1790476687.350675,7.73096776008606,0,0,0,-1,0,1790476693.0816429,,1.1769677988663112e+19,1.1769677988663112e+19,1.0,False,0,1790476692.9451847,1790476692.944354,1790476692.9438941,1790476692.9439962,1790476692.9444785,,,,,,,,,,,,,,,,
20260927_103759_1243248,u1e1,0,23,NOMINAL,1790476693.2250202,5.874345064163208,1790476693.36502,True,False,True,True,23.0,True,6.037346,6.281597,FINAL_INPUT|JOINT_SEED|COMPARATOR_WIN|SELECTED|COMMITTED,,,,,0.0,0.0,0.0,-1790476687.350675,-1790476687.350675,8.014344930648804,0,0,0,-1,0,1790476693.36502,,6.536440450909074e+18,6.536440450909074e+18,1.0,False,0,1790476693.2311146,1790476693.228485,1790476693.2277968,1790476693.2278693,1790476693.228798,,,,,,,,,,,,,,,,
20260927_103759_1243248,u1e1,0,24,NOMINAL,1790476693.5079944,6.157319307327271,1790476693.6479945,True,False,True,True,24.0,True,6.315377,6.536298,NOMINAL_CONTEXT|FINAL_INPUT|JOINT_SEED|COMPARATOR_WIN|SELECTED|COMMITTED,,,,,0.0,0.0,0.0,-1790476687.350675,-1790476687.350675,8.297319173812866,0,0,0,36,2,1790476693.6479943,,1.5386196885188108e+19,1.5386196885188108e+19,1.0,False,0,1790476693.5313058,1790476693.521663,1790476693.5200465,1790476693.5202887,1790476693.5260448,1790476693.5111275,,,,,,,,,,,,,,,
20260927_103759_1243248,u1e1,0,25,SIDE_PLUS,1790476693.5079944,6.157319307327271,1790476693.6479945,True,True,False,False,,False,,,SIDE_DISPATCH|RAW_SEED_ATTEMPT|PRE_TIMING_SEED|TIMED_SEED|SEED_ELIGIBILITY|PRE_LOS|POST_LOS|SOLVER_OK|FINAL_INPUT|JOINT_SEED|COMPARATOR_LOSS,,,,,0.0,0.0,0.0,-1790476687.350675,-1790476687.350675,8.297319173812866,0,0,1,36,2,1790476693.6479943,1.8369981489226037e+19,1.8369981489226037e+19,1.8369981489226037e+19,1.0,False,0,,,1790476693.5203328,1790476693.520369,,,1790476693.5257382,1790476693.51162,1790476693.5113392,1790476693.5120175,1790476693.5112033,1790476693.5138958,1790476693.5117135,,,,,,,,
20260927_103759_1243248,u1e1,0,26,SIDE_MINUS,1790476693.5079944,6.157319307327271,1790476693.6479945,True,True,False,False,,False,,,SIDE_DISPATCH|RAW_SEED_ATTEMPT|PRE_TIMING_SEED|TIMED_SEED|SEED_ELIGIBILITY|SOLVER_OK|FINAL_INPUT|JOINT_SEED|COMPARATOR_LOSS,,,,,0.0,0.0,0.0,-1790476687.350675,-1790476687.350675,8.297319173812866,0,0,0,36,2,1790476693.6479943,6.768802120296637e+18,6.768802120296637e+18,6.768802120296637e+18,1.0,False,0,,,1790476693.5205321,1790476693.5205724,,,1790476693.526002,1790476693.5145917,1790476693.51444,1790476693.5151389,1790476693.5142822,1790476693.516613,1790476693.5148911,,,,,,,,
20260927_103759_1243248,u1e1,0,27,NOMINAL,1790476693.7632046,6.412529468536377,1790476693.9032044,True,False,False,False,,False,,,NOMINAL_CONTEXT|FINAL_INPUT|JOINT_SEED|COMPARATOR_WIN,,,,,1.0,0.4,0.7830333849112053,7.949323654174805,8.397319078445435,8.552529335021973,0,0,0,36,2,1790476693.9032044,,9.864596940743018e+18,9.864596940743018e+18,1.0,False,0,,1790476693.7723598,1790476693.7716231,1790476693.771694,,1790476693.7650962,,,,,,,,,,,,,,,
20260927_103759_1243248,u1e1,0,28,SIDE_PLUS,1790476693.7632046,6.412529468536377,1790476693.9032044,True,True,True,True,25.0,True,6.569491,6.835735,SIDE_DISPATCH|RAW_SEED_ATTEMPT|PRE_TIMING_SEED|TIMED_SEED|SEED_ELIGIBILITY|PRE_LOS|POST_LOS|SOLVER_OK|FINAL_INPUT|JOINT_SEED|COMPARATOR_WIN|SELECTED|COMMITTED,,,,D3_LOWER,1.0,0.4,0.7405357091261728,7.949323654174805,8.397319078445435,8.552529335021973,0,0,1,36,2,1790476693.9032044,1.0371642431849309e+17,1.0371642431849309e+17,1.0371642431849309e+17,1.0,False,0,1790476693.7745123,1790476693.7725766,1790476693.7717314,1790476693.7718356,1790476693.7731504,,,1790476693.7656624,1790476693.7653787,1790476693.765961,1790476693.7652214,1790476693.7681437,1790476693.7657332,,,,,,,,
20260927_103759_1243248,u1e1,0,29,SIDE_MINUS,1790476693.7632046,6.412529468536377,1790476693.9032044,True,True,False,False,,False,,,SIDE_DISPATCH|RAW_SEED_ATTEMPT|PRE_TIMING_SEED|TIMED_SEED|SEED_ELIGIBILITY|SOLVER_OK|FINAL_INPUT|JOINT_SEED|COMPARATOR_LOSS,,,,OPPONENT_D3_LOWER,1.0,0.4,0.7818378750560493,7.949323654174805,8.397319078445435,8.552529335021973,0,0,0,36,2,1790476693.9032044,1.7147732070376272e+19,1.7147732070376272e+19,1.7147732070376272e+19,1.0,False,0,,,1790476693.7718782,1790476693.7719147,,,1790476693.773018,1790476693.768851,1790476693.7687447,1790476693.7691293,1790476693.7685142,1790476693.7707782,1790476693.7689145,,,,,,,,
20260927_103759_1243248,u1e1,0,30,NOMINAL,1790476694.0555573,6.7048821449279785,1790476694.195557,True,False,False,False,,False,,,NOMINAL_CONTEXT|FINAL_INPUT|JOINT_SEED|COMPARATOR_WIN,,,,,0.75,0.25,2.0731628739213344,7.949323654174805,8.652529239654541,8.844882011413574,0,0,0,36,2,1790476694.195557,,8.744582118359303e+18,8.744582118359303e+18,1.0,False,0,,1790476694.067047,1790476694.0651116,1790476694.0651643,,1790476694.057902,,,,,,,,,,,,,,,
20260927_103759_1243248,u1e1,0,31,SIDE_PLUS,1790476694.0555573,6.7048821449279785,1790476694.195557,True,True,True,True,26.0,True,6.875762,7.135432,SIDE_DISPATCH|RAW_SEED_ATTEMPT|PRE_TIMING_SEED|TIMED_SEED|SEED_ELIGIBILITY|PRE_LOS|POST_LOS|SOLVER_OK|FINAL_INPUT|JOINT_SEED|COMPARATOR_WIN|SELECTED|COMMITTED,,,,D3_LOWER,0.75,0.25,2.0236580493661225,7.949323654174805,8.652529239654541,8.844882011413574,0,0,1,36,2,1790476694.195557,5.318605000388701e+18,5.318605000388701e+18,5.318605000388701e+18,1.0,False,0,1790476694.0701559,1790476694.0683012,1790476694.0652175,1790476694.065255,1790476694.0691028,,,1790476694.058396,1790476694.0580604,1790476694.058708,1790476694.057969,1790476694.060004,1790476694.0584855,,,,,,,,
20260927_103759_1243248,u1e1,0,32,SIDE_MINUS,1790476694.0555573,6.7048821449279785,1790476694.195557,True,True,False,False,,False,,,SIDE_DISPATCH|RAW_SEED_ATTEMPT|PRE_TIMING_SEED|TIMED_SEED|SEED_ELIGIBILITY|SOLVER_OK|FINAL_INPUT|JOINT_SEED|COMPARATOR_LOSS,,,,OPPONENT_D3_LOWER,0.75,0.25,2.050400275899408,7.949323654174805,8.652529239654541,8.844882011413574,0,0,0,36,2,1790476694.195557,3.8485569850774026e+18,3.8485569850774026e+18,3.8485569850774026e+18,1.0,False,0,,,1790476694.0652897,1790476694.0653265,,,1790476694.068721,1790476694.0623014,1790476694.062068,1790476694.0628285,1790476694.0602894,1790476694.064257,1790476694.0623798,,,,,,,,
20260927_103759_1243248,u1e1,0,33,NOMINAL,1790476694.3478253,6.997150182723999,1790476694.4878252,False,False,False,False,,False,,,NOMINAL_CONTEXT|FINAL_INPUT_FAILED|JOINT_SEED,FINAL_INPUT_FAILED,,,,0.0,0.0,0.0,-1790476687.350675,-1790476687.350675,-1790476687.350675,0,0,0,36,2,1790476694.4878252,,,,,False,0,,,,1790476694.3606157,,1790476694.353418,,,,,,,,1790476694.3605843,,,,,,,
20260927_103759_1243248,u1e1,0,34,SIDE_PLUS,1790476694.3478253,6.997150182723999,1790476694.4878252,True,True,True,True,27.0,True,7.171969,7.369829,SIDE_DISPATCH|RAW_SEED_ATTEMPT|PRE_TIMING_SEED|TIMED_SEED|SEED_ELIGIBILITY|PRE_LOS|POST_LOS|SOLVER_OK|FINAL_INPUT|JOINT_SEED|COMPARATOR_WIN|SELECTED|COMMITTED,,,,,0.6000000000000001,0.2,2.8054014061152017,7.949323654174805,8.944881916046143,9.137150049209597,0,0,1,36,2,1790476694.4878252,1.2268576861112603e+19,1.2268576861112603e+19,1.2268576861112603e+19,1.0,False,0,1790476694.362645,1790476694.3611612,1790476694.3606646,1790476694.3607,1790476694.361398,,,1790476694.3550117,1790476694.3538969,1790476694.3554285,1790476694.3534858,1790476694.357244,1790476694.355104,,,,,,,,
20260927_103759_1243248,u1e1,0,35,SIDE_MINUS,1790476694.3478253,6.997150182723999,1790476694.4878252,True,True,False,False,,False,,,SIDE_DISPATCH|RAW_SEED_ATTEMPT|PRE_TIMING_SEED|TIMED_SEED|SEED_ELIGIBILITY|SOLVER_OK|FINAL_INPUT|JOINT_SEED|COMPARATOR_LOSS,,,,OPPONENT_D3_LOWER,0.6000000000000001,0.2,2.837931824138594,7.949323654174805,8.944881916046143,9.137150049209597,0,0,0,36,2,1790476694.4878252,6.073223780512871e+18,6.073223780512871e+18,6.073223780512871e+18,1.0,False,0,,,1790476694.3607361,1790476694.360772,,,1790476694.361342,1790476694.3578396,1790476694.3577092,1790476694.3580637,1790476694.3576233,1790476694.360094,1790476694.3579192,,,,,,,,
20260927_103759_1243248,u1e1,0,36,NOMINAL,1790476694.6052516,7.2545764446258545,1790476694.7452514,False,False,False,False,,False,,,NOMINAL_CONTEXT|FINAL_INPUT_FAILED|JOINT_SEED,FINAL_INPUT_FAILED,,,,0.0,0.0,0.0,-1790476687.350675,-1790476687.350675,-1790476687.350675,0,0,0,36,2,1790476694.7452514,,,,,False,0,,,,1790476694.6202538,,1790476694.609812,,,,,,,,1790476694.6202228,,,,,,,
20260927_103759_1243248,u1e1,0,37,SIDE_PLUS,1790476694.6052516,7.2545764446258545,1790476694.7452514,True,True,False,False,,False,,,SIDE_DISPATCH|RAW_SEED_ATTEMPT|PRE_TIMING_SEED|TIMED_SEED|SEED_ELIGIBILITY|SOLVER_FAILED|FINAL_INPUT|JOINT_SEED|COMPARATOR_WIN,,,,,0.0,0.0,0.0,-1790476687.350675,-1790476687.350675,9.39457631111145,1,0,1,36,2,1790476694.7452514,,4.507184658788685e+18,4.507184658788685e+18,1.0,True,1,,1790476694.6206286,1790476694.6202974,1790476694.6203318,,,,1790476694.6101606,1790476694.6099412,1790476694.6105793,1790476694.6098711,,1790476694.6102438,,1790476694.6146843,,,,,,
20260927_103759_1243248,u1e1,0,38,SIDE_MINUS,1790476694.6052516,7.2545764446258545,1790476694.7452514,True,True,True,True,28.0,True,7.404016,7.673391,SIDE_DISPATCH|RAW_SEED_ATTEMPT|PRE_TIMING_SEED|TIMED_SEED|SEED_ELIGIBILITY|SOLVER_FAILED|FINAL_INPUT|JOINT_SEED|COMPARATOR_WIN|SELECTED|COMMITTED,,,,,0.0,0.0,0.0,-1790476687.350675,-1790476687.350675,9.39457631111145,1,0,0,36,2,1790476694.7452514,,1.564236632929528e+19,1.564236632929528e+19,1.0,True,1,1790476694.6218686,1790476694.6209562,1790476694.6203673,1790476694.6204166,1790476694.6213105,,,1790476694.615463,1790476694.615317,1790476694.6159086,1790476694.6152334,,1790476694.6155367,,1790476694.6193848,,,,,,
20260927_103759_1243248,u1e1,0,39,NOMINAL,1790476694.8854327,7.534757614135742,1790476695.0254326,False,False,False,False,,False,,,NOMINAL_CONTEXT|FINAL_INPUT_FAILED|JOINT_SEED,FINAL_INPUT_FAILED,,,,0.0,0.0,0.0,-1790476687.350675,-1790476687.350675,-1790476687.350675,0,0,0,36,2,1790476695.0254326,,,,,False,0,,,,1790476694.9020312,,1790476694.8909194,,,,,,,,1790476694.9020014,,,,,,,
20260927_103759_1243248,u1e1,0,40,SIDE_PLUS,1790476694.8854327,7.534757614135742,1790476695.0254326,True,True,False,False,,False,,,SIDE_DISPATCH|RAW_SEED_ATTEMPT|PRE_TIMING_SEED|TIMED_SEED|SEED_ELIGIBILITY|SOLVER_FAILED|FINAL_INPUT|JOINT_SEED|COMPARATOR_WIN,,,,,0.0,0.0,0.0,-1790476687.350675,-1790476687.350675,9.674757480621338,1,0,0,36,2,1790476695.0254326,,4.0860619443316787e+18,4.0860619443316787e+18,1.0,True,1,,1790476694.9024537,1790476694.9020731,1790476694.9021149,,,,1790476694.8912096,1790476694.8911278,1790476694.8917046,1790476694.8910208,,1790476694.8912578,,1790476694.896592,,,,,,
20260927_103759_1243248,u1e1,0,41,SIDE_MINUS,1790476694.8854327,7.534757614135742,1790476695.0254326,True,True,True,True,29.0,True,7.719919,7.83672,SIDE_DISPATCH|RAW_SEED_ATTEMPT|PRE_TIMING_SEED|TIMED_SEED|SEED_ELIGIBILITY|SOLVER_FAILED|FINAL_INPUT|JOINT_SEED|COMPARATOR_WIN|SELECTED|COMMITTED,,,,,0.0,0.0,0.0,-1790476687.350675,-1790476687.350675,9.674757480621338,1,0,1,36,2,1790476695.0254326,,1.3840977158862698e+19,1.3840977158862698e+19,1.0,True,1,1790476694.9031327,1790476694.902708,1790476694.9021468,1790476694.9021807,1790476694.9027505,,,1790476694.8972793,1790476694.8970041,1790476694.8975127,1790476694.8969371,,1790476694.8973541,,1790476694.9012187,,,,,,
20260927_103759_1243248,u1e1,0,42,NOMINAL,1790476695.045847,7.69517183303833,1790476695.1858468,True,False,False,False,,False,,,NOMINAL_CONTEXT|FINAL_INPUT|JOINT_SEED|COMPARATOR_WIN,,,,,1.0,0.3333333333333333,2.486730825765561,7.849324941635132,8.949323892593384,9.835171699523926,0,0,0,36,2,1790476695.1858468,,2.3127239825803407e+18,2.3127239825803407e+18,1.0,False,0,,1790476695.059051,1790476695.0577888,1790476695.0578506,,1790476695.0488079,,,,,,,,,,,,,,,
20260927_103759_1243248,u1e1,0,43,SIDE_PLUS,1790476695.045847,7.69517183303833,1790476695.1858468,True,True,False,False,,False,,,SIDE_DISPATCH|RAW_SEED_ATTEMPT|PRE_TIMING_SEED|TIMED_SEED|SEED_ELIGIBILITY|SOLVER_OK|FINAL_INPUT|JOINT_SEED|COMPARATOR_WIN,,,,D3_LOWER,1.0,0.3333333333333333,2.4799334761226484,7.849324941635132,8.949323892593384,9.835171699523926,0,0,0,36,2,1790476695.1858468,1.8427618293764616e+19,1.8427618293764616e+19,1.8427618293764616e+19,1.0,False,0,,1790476695.0594568,1790476695.0578852,1790476695.0579197,,,,1790476695.0501585,1790476695.0489404,1790476695.050834,1790476695.0488856,1790476695.0532935,1790476695.05044,,,,,,,,
20260927_103759_1243248,u1e1,0,44,SIDE_MINUS,1790476695.045847,7.69517183303833,1790476695.1858468,True,True,True,True,30.0,True,7.8739,7.969268,SIDE_DISPATCH|RAW_SEED_ATTEMPT|PRE_TIMING_SEED|TIMED_SEED|SEED_ELIGIBILITY|PRE_LOS|POST_LOS|SOLVER_OK|FINAL_INPUT|JOINT_SEED|COMPARATOR_WIN|SELECTED|COMMITTED,,,,D3_LOWER,1.0,0.3333333333333333,2.4617389395349347,7.849324941635132,8.949323892593384,9.835171699523926,0,0,1,36,2,1790476695.1858468,6.247608487229074e+18,6.247608487229074e+18,6.247608487229074e+18,1.0,False,0,1790476695.0608368,1790476695.0600224,1790476695.0579567,1790476695.0579894,1790476695.0601854,,,1790476695.0540688,1790476695.0539384,1790476695.0545156,1790476695.0537467,1790476695.0560753,1790476695.054133,,,,,,,,
20260927_103759_1243248,u1e1,0,45,NOMINAL,1790476695.1955357,7.844860553741455,1790476695.3355355,True,False,True,True,31.0,True,8.006185,8.201885,NOMINAL_CONTEXT|FINAL_INPUT|JOINT_SEED|COMPARATOR_WIN|SELECTED|COMMITTED,,,,,1.0,0.2222222222222222,2.302800331123002,7.984860420227051,8.949323892593384,9.98486042022705,0,0,0,36,2,1790476695.3355355,,9.459248928779178e+18,9.459248928779178e+18,1.0,False,0,1790476695.2113593,1790476695.210419,1790476695.209667,1790476695.2097273,1790476695.2110026,1790476695.198441,,,,,,,,,,,,,,,
20260927_103759_1243248,u1e1,0,46,SIDE_PLUS,1790476695.1955357,7.844860553741455,1790476695.3355355,False,True,False,False,,False,,,SIDE_DISPATCH|RAW_SEED_ATTEMPT|PRE_TIMING_SEED|TIMED_SEED|SEED_ELIGIBILITY|PRE_LOS|POST_LOS|SOLVER_OK|FINAL_INPUT|JOINT_SEED|PREFLIGHT_REJECT,PREFLIGHT_REJECT,DYNAMICS_FAIL,,,0.0,0.0,0.0,-1790476687.350675,-1790476687.350675,-1790476687.350675,0,0,1,36,2,1790476695.3355355,1.3970046337892217e+19,1.3970046337892217e+19,,,False,0,,,1790476695.2097683,1790476695.209806,,,,1790476695.1987455,1790476695.1985915,1790476695.1989877,1790476695.1985166,1790476695.20228,1790476695.1988227,,,1790476695.2105432,,,,,
20260927_103759_1243248,u1e1,0,47,SIDE_MINUS,1790476695.1955357,7.844860553741455,1790476695.3355355,True,True,False,False,,False,,,SIDE_DISPATCH|RAW_SEED_ATTEMPT|PRE_TIMING_SEED|TIMED_SEED|SEED_ELIGIBILITY|SOLVER_FAILED|FINAL_INPUT|JOINT_SEED|COMPARATOR_LOSS,,,,OPPONENT_C3_HIGHER,1.0,0.1111111111111111,2.36889436644957,7.984860420227051,8.949323892593384,9.98486042022705,1,0,1,36,2,1790476695.3355355,,1.4482402336134224e+19,1.4482402336134224e+19,1.0,True,1,,,1790476695.2100062,1790476695.2100494,,,1790476695.2109535,1790476695.203003,1790476695.20268,1790476695.2035198,1790476695.2025435,,1790476695.2031205,,1790476695.2088556,,,,,,
20260927_103759_1243248,u1e1,0,48,NOMINAL,1790476695.4387937,8.088118553161621,1790476695.5787935,True,False,True,True,32.0,True,8.235771,8.50483,NOMINAL_CONTEXT|FINAL_INPUT|JOINT_SEED|COMPARATOR_WIN|SELECTED|COMMITTED,,,,,1.0,0.2857142857142857,1.5565227697965531,8.228118419647217,8.949323892593384,10.228118419647217,0,0,0,36,2,1790476695.5787935,,1.0805673297290576e+19,1.0805673297290576e+19,1.0,False,0,1790476695.4682236,1790476695.4673028,1790476695.4658532,1790476695.4659126,1790476695.467726,1790476695.4432397,,,,,,,,,,,,,,,
20260927_103759_1243248,u1e1,0,49,SIDE_PLUS,1790476695.4387937,8.088118553161621,1790476695.5787935,False,True,False,False,,False,,,SIDE_DISPATCH|RAW_SEED_ATTEMPT|PRE_TIMING_SEED|TIMED_SEED|SEED_ELIGIBILITY|PRE_LOS|POST_LOS|SOLVER_OK|FINAL_INPUT|JOINT_SEED|PREFLIGHT_REJECT,PREFLIGHT_REJECT,DYNAMICS_FAIL,,,0.0,0.0,0.0,-1790476687.350675,-1790476687.350675,-1790476687.350675,0,0,1,36,2,1790476695.5787935,6.271626167325681e+18,6.271626167325681e+18,,,False,0,,,1790476695.4659564,1790476695.4659958,,,,1790476695.4436777,1790476695.4435594,1790476695.4438932,1790476695.4433115,1790476695.453086,1790476695.4437435,,,1790476695.4674757,,,,,
20260927_103759_1243248,u1e1,0,50,SIDE_MINUS,1790476695.4387937,8.088118553161621,1790476695.5787935,False,True,False,False,,False,,,SIDE_DISPATCH|RAW_SEED_ATTEMPT|PRE_TIMING_SEED|TIMED_SEED|SEED_ELIGIBILITY|PRE_LOS|POST_LOS|SOLVER_OK|FINAL_INPUT|JOINT_SEED|PREFLIGHT_REJECT,PREFLIGHT_REJECT,DYNAMICS_FAIL,,,0.0,0.0,0.0,-1790476687.350675,-1790476687.350675,-1790476687.350675,0,0,1,36,2,1790476695.5787935,1.6665454230843714e+19,1.6665454230843714e+19,,,False,0,,,1790476695.4660316,1790476695.4660707,,,,1790476695.454706,1790476695.4545271,1790476695.4551842,1790476695.4539287,1790476695.4647913,1790476695.454934,,,1790476695.4675908,,,,,
20260927_103759_1243248,u1e1,0,51,NOMINAL,1790476695.716669,8.365994215011597,1790476695.8566692,True,False,False,False,,False,,,NOMINAL_CONTEXT|FINAL_INPUT|JOINT_SEED|COMPARATOR_WIN,,,,,1.0,0.5,0.4077833619980873,8.505994081497192,8.949323892593384,10.505994081497192,0,0,0,36,2,1790476695.8566692,,1.2572454028945764e+18,1.2572454028945764e+18,1.0,False,0,,1790476695.7335403,1790476695.7328665,1790476695.7329295,,1790476695.7188253,,,,,,,,,,,,,,,
20260927_103759_1243248,u1e1,0,52,SIDE_PLUS,1790476695.716669,8.365994215011597,1790476695.8566692,False,True,False,False,,False,,,SIDE_DISPATCH|RAW_SEED_ATTEMPT|PRE_TIMING_SEED|TIMED_SEED|SEED_ELIGIBILITY|PRE_LOS|POST_LOS|SOLVER_OK|FINAL_INPUT|JOINT_SEED|PREFLIGHT_REJECT,PREFLIGHT_REJECT,DYNAMICS_FAIL,,,0.0,0.0,0.0,-1790476687.350675,-1790476687.350675,-1790476687.350675,0,0,1,36,2,1790476695.8566692,1.331606484174592e+19,1.331606484174592e+19,,,False,0,,,1790476695.7329667,1790476695.7331262,,,,1790476695.7192066,1790476695.719049,1790476695.7198048,1790476695.7188864,1790476695.7246165,1790476695.719283,,,1790476695.7336473,,,,,
20260927_103759_1243248,u1e1,0,53,SIDE_MINUS,1790476695.716669,8.365994215011597,1790476695.8566692,True,True,True,True,33.0,True,8.536334,8.937712,SIDE_DISPATCH|RAW_SEED_ATTEMPT|PRE_TIMING_SEED|TIMED_SEED|SEED_ELIGIBILITY|SOLVER_FAILED|FINAL_INPUT|JOINT_SEED|COMPARATOR_WIN|SELECTED|COMMITTED,,,,D3_LOWER,1.0,0.5,0.4076332739262828,8.505994081497192,8.949323892593384,10.505994081497192,1,0,1,36,2,1790476695.8566692,,1.4741784059328483e+19,1.4741784059328483e+19,1.0,True,1,1790476695.7344792,1790476695.7338285,1790476695.7331784,1790476695.7332134,1790476695.7339756,,,1790476695.7256615,1790476695.7255418,1790476695.7259266,1790476695.724948,,1790476695.7257292,,1790476695.7315044,,,,,,
20260927_103759_1243248,u1e1,0,54,NOMINAL,1790476696.0129504,8.662275314331055,1790476696.1529503,False,False,False,False,,False,,,NOMINAL_CONTEXT|FINAL_INPUT|JOINT_SEED|HANDOFF_REJECT,HANDOFF_REJECT,MISSED_FROZEN_ACTIVATION,,,0.0,0.0,0.0,-1790476687.350675,-1790476687.350675,-1790476687.350675,0,0,0,26,2,1790476696.1529503,,1.2256226294661356e+19,,,False,0,,,1790476696.1287954,1790476696.1288638,,1790476696.0151887,,,,,,,,,,,1790476696.1291122,,,,
20260927_103759_1243248,u1e1,0,55,SIDE_PLUS,1790476696.0129504,8.662275314331055,1790476696.1529503,False,True,False,False,,False,,,SIDE_DISPATCH|RAW_SEED_ATTEMPT|PRE_TIMING_SEED|TIMED_SEED|SEED_ELIGIBILITY|PRE_LOS|POST_LOS|SOLVER_OK|FINAL_INPUT|JOINT_SEED|HANDOFF_REJECT,HANDOFF_REJECT,MISSED_FROZEN_ACTIVATION,,,0.0,0.0,0.0,-1790476687.350675,-1790476687.350675,-1790476687.350675,0,0,1,26,2,1790476696.1529503,1.02075278506588e+19,1.02075278506588e+19,,,False,0,,,1790476696.1289282,1790476696.1289725,,,,1790476696.0155358,1790476696.0153744,1790476696.015988,1790476696.0152612,1790476696.0204616,1790476696.0156481,,,,1790476696.1291463,,,,
20260927_103759_1243248,u1e1,0,56,SIDE_MINUS,1790476696.0129504,8.662275314331055,1790476696.1529503,False,False,False,False,,False,,,SIDE_DISPATCH|RAW_SEED_ATTEMPT|RAW_SEED_ATTEMPT|RAW_SEED_ATTEMPT|RAW_SEED_ATTEMPT|PREINIT_REJECT,PREINIT_REJECT,NO_STATIC_FEASIBLE_SIDE,,,0.0,0.0,0.0,-1790476687.350675,-1790476687.350675,-1790476687.350675,0,0,0,26,2,1790476696.1529503,,,,,False,0,,,,,,,,,1790476696.1021698,,1790476696.0207927,,,,,,,1790476696.128273,,,
20260927_103759_1243248,u1e1,0,57,NOMINAL,1790476696.140674,8.789999008178711,1790476696.2883213,True,False,False,False,,False,,,NOMINAL_CONTEXT|FINAL_INPUT|JOINT_SEED|COMPARATOR_WIN,,,,,1.0,0.25,0.6575354903756384,10.249323606491089,10.60599398612976,10.93764615058899,0,0,0,26,2,1790476696.2883213,,1.3769788290601636e+19,1.3769788290601636e+19,1.0,False,0,,1790476696.1524324,1790476696.1517649,1790476696.151824,,1790476696.1442997,,,,,,,,,,,,,,,
20260927_103759_1243248,u1e1,0,58,SIDE_PLUS,1790476696.140674,8.789999008178711,1790476696.2883213,False,True,False,False,,False,,,SIDE_DISPATCH|RAW_SEED_ATTEMPT|PRE_TIMING_SEED|TIMED_SEED|SEED_ELIGIBILITY|PRE_LOS|POST_LOS|SOLVER_OK|FINAL_INPUT|JOINT_SEED|PREFLIGHT_REJECT,PREFLIGHT_REJECT,DYNAMICS_FAIL,,,0.0,0.0,0.0,-1790476687.350675,-1790476687.350675,-1790476687.350675,0,0,1,26,2,1790476696.2883213,8.569402311047133e+18,8.569402311047133e+18,,,False,0,,,1790476696.1518605,1790476696.152002,,,,1790476696.1446576,1790476696.1444948,1790476696.1455638,1790476696.144376,1790476696.147889,1790476696.1447399,,,1790476696.1527696,,,,,
20260927_103759_1243248,u1e1,0,59,SIDE_MINUS,1790476696.140674,8.789999008178711,1790476696.2883213,True,True,True,True,34.0,True,8.969267,9.203437,SIDE_DISPATCH|RAW_SEED_ATTEMPT|PRE_TIMING_SEED|TIMED_SEED|SEED_ELIGIBILITY|SOLVER_OK|FINAL_INPUT|JOINT_SEED|COMPARATOR_WIN|SELECTED|COMMITTED,,,,D3_LOWER,1.0,0.25,0.6109814643302547,10.249323606491089,10.60599398612976,10.93764615058899,0,0,0,26,2,1790476696.2883213,1.3946825368810143e+18,1.3946825368810143e+18,1.3946825368810143e+18,1.0,False,0,1790476696.153793,1790476696.1529899,1790476696.1520514,1790476696.1520844,1790476696.1532426,,,1790476696.148866,1790476696.1487668,1790476696.1493566,1790476696.1481874,1790476696.1509564,1790476696.1489646,,,,,,,,
20260927_103759_1243248,u1e2,0,60,NOMINAL,1790476696.292932,8.942256927490234,1790476696.4371874,False,False,False,False,,False,,,NOMINAL_CONTEXT|FINAL_INPUT|JOINT_SEED|HANDOFF_REJECT,HANDOFF_REJECT,MISSED_FROZEN_ACTIVATION,,,0.0,0.0,0.0,-1790476687.350675,-1790476687.350675,-1790476687.350675,0,0,0,26,2,1790476696.4371874,,4.789101706347337e+18,,,False,0,,,1790476696.406944,1790476696.4070034,,1790476696.295595,,,,,,,,,,,1790476696.4075263,,,,
20260927_103759_1243248,u1e2,0,61,SIDE_PLUS,1790476696.292932,8.942256927490234,1790476696.4371874,False,True,False,False,,False,,,SIDE_DISPATCH|RAW_SEED_ATTEMPT|PRE_TIMING_SEED|TIMED_SEED|SEED_ELIGIBILITY|PRE_LOS|POST_LOS|SOLVER_OK|FINAL_INPUT|JOINT_SEED|HANDOFF_REJECT,HANDOFF_REJECT,MISSED_FROZEN_ACTIVATION,,,0.0,0.0,0.0,-1790476687.350675,-1790476687.350675,-1790476687.350675,0,0,1,26,2,1790476696.4371874,7.518469766219905e+17,7.518469766219905e+17,,,False,0,,,1790476696.4071164,1790476696.4071636,,,,1790476696.2959511,1790476696.2958407,1790476696.2962267,1790476696.2957013,1790476696.298617,1790476696.2960086,,,,1790476696.4076102,,,,
20260927_103759_1243248,u1e2,0,62,SIDE_MINUS,1790476696.292932,8.942256927490234,1790476696.4371874,False,False,False,False,,False,,,SIDE_DISPATCH|RAW_SEED_ATTEMPT|RAW_SEED_ATTEMPT|RAW_SEED_ATTEMPT|RAW_SEED_ATTEMPT|PREINIT_REJECT,PREINIT_REJECT,NO_STATIC_FEASIBLE_SIDE,,,0.0,0.0,0.0,-1790476687.350675,-1790476687.350675,-1790476687.350675,0,0,0,26,2,1790476696.4371874,,,,,False,0,,,,,,,,,1790476696.377521,,1790476696.2990463,,,,,,,1790476696.4063983,,,
20260927_103759_1243248,u1e2,0,63,NOMINAL,1790476696.4186783,9.068003177642822,1790476696.5699923,True,False,False,False,,False,,,NOMINAL_CONTEXT|FINAL_INPUT|JOINT_SEED|COMPARATOR_WIN,,,,,1.0,0.25,2.479234930702693,10.249323606491089,11.037646055221558,11.219317197799684,0,0,0,26,2,1790476696.5699923,,1.1761559903230048e+19,1.1761559903230048e+19,1.0,False,0,,1790476696.4347458,1790476696.4338822,1790476696.4339497,,1790476696.422099,,,,,,,,,,,,,,,
20260927_103759_1243248,u1e2,0,64,SIDE_PLUS,1790476696.4186783,9.068003177642822,1790476696.5699923,False,True,False,False,,False,,,SIDE_DISPATCH|RAW_SEED_ATTEMPT|PRE_TIMING_SEED|TIMED_SEED|SEED_ELIGIBILITY|PRE_LOS|POST_LOS|SOLVER_OK|FINAL_INPUT|JOINT_SEED|PREFLIGHT_REJECT,PREFLIGHT_REJECT,DYNAMICS_FAIL,,,0.0,0.0,0.0,-1790476687.350675,-1790476687.350675,-1790476687.350675,0,0,1,26,2,1790476696.5699923,1.3587802021030048e+19,1.3587802021030048e+19,,,False,0,,,1790476696.4339888,1790476696.434028,,,,1790476696.4224575,1790476696.422332,1790476696.4228144,1790476696.4222023,1790476696.4263008,1790476696.422513,,,1790476696.4349408,,,,,
20260927_103759_1243248,u1e2,0,65,SIDE_MINUS,1790476696.4186783,9.068003177642822,1790476696.5699923,True,True,True,True,35.0,True,9.236273,9.369059,SIDE_DISPATCH|RAW_SEED_ATTEMPT|PRE_TIMING_SEED|TIMED_SEED|SEED_ELIGIBILITY|SOLVER_OK|FINAL_INPUT|JOINT_SEED|COMPARATOR_WIN|SELECTED|COMMITTED,,,,D3_LOWER,1.0,0.25,2.4594699108593567,10.249323606491089,11.037646055221558,11.219317197799684,0,0,0,26,2,1790476696.5699923,1.8393983153647587e+19,1.8393983153647587e+19,1.8393983153647587e+19,1.0,False,0,1790476696.4361188,1790476696.4351816,1790476696.4340653,1790476696.434104,1790476696.4353502,,,1790476696.4269495,1790476696.426831,1790476696.4272451,1790476696.426586,1790476696.4330068,1790476696.4270225,,,,,,,,
20260927_103759_1243248,u1e2,0,66,NOMINAL,1790476696.573877,9.223201990127563,1790476696.7218852,True,False,True,True,36.0,True,9.404179,9.636129,NOMINAL_CONTEXT|FINAL_INPUT|JOINT_SEED|COMPARATOR_WIN|SELECTED|COMMITTED,,,,,1.0,0.1818181818181818,4.577374025871242,10.249323606491089,11.319317102432253,11.371210098266602,0,0,0,26,2,1790476696.7218852,,8.633399159849418e+16,8.633399159849418e+16,1.0,False,0,1790476696.5826976,1790476696.5819468,1790476696.5810094,1790476696.5810807,1790476696.5821834,1790476696.576182,,,,,,,,,,,,,,,
20260927_103759_1243248,u1e2,0,67,SIDE_PLUS,1790476696.573877,9.223201990127563,1790476696.7218852,False,True,False,False,,False,,,SIDE_DISPATCH|RAW_SEED_ATTEMPT|PRE_TIMING_SEED|TIMED_SEED|SEED_ELIGIBILITY|PRE_LOS|POST_LOS|SOLVER_OK|FINAL_INPUT|JOINT_SEED|PREFLIGHT_REJECT,PREFLIGHT_REJECT,DYNAMICS_FAIL,,,0.0,0.0,0.0,-1790476687.350675,-1790476687.350675,-1790476687.350675,0,0,1,26,2,1790476696.7218852,4.589485769485571e+18,4.589485769485571e+18,,,False,0,,,1790476696.5811193,1790476696.5811555,,,,1790476696.5765398,1790476696.576418,1790476696.576832,1790476696.5763197,1790476696.5789897,1790476696.5765934,,,1790476696.5821178,,,,,
20260927_103759_1243248,u1e2,0,68,SIDE_MINUS,1790476696.573877,9.223201990127563,1790476696.7218852,False,False,False,False,,False,,,SIDE_DISPATCH|RAW_SEED_ATTEMPT|RAW_SEED_ATTEMPT|RAW_SEED_ATTEMPT|RAW_SEED_ATTEMPT|PREINIT_REJECT,PREINIT_REJECT,NO_STATIC_FEASIBLE_SIDE,,,0.0,0.0,0.0,-1790476687.350675,-1790476687.350675,-1790476687.350675,0,0,0,26,2,1790476696.7218852,,,,,False,0,,,,,,,,,1790476696.5799437,,1790476696.5792735,,,,,,,1790476696.5803876,,,
20260927_103759_1243248,u1e2,0,69,NOMINAL,1790476696.863296,9.51262092590332,1790476697.0074227,True,False,False,False,,False,,,NOMINAL_CONTEXT|FINAL_INPUT|JOINT_SEED|COMPARATOR_WIN,,,,,1.0,0.1538461538461538,5.810770688577248,10.249323606491089,11.47121000289917,11.656747579574583,0,0,0,26,2,1790476697.0074227,,1.2792694990824002e+19,1.2792694990824002e+19,1.0,False,0,,1790476696.87652,1790476696.8756244,1790476696.8757243,,1790476696.868323,,,,,,,,,,,,,,,
20260927_103759_1243248,u1e2,0,70,SIDE_PLUS,1790476696.863296,9.51262092590332,1790476697.0074227,False,True,False,False,,False,,,SIDE_DISPATCH|RAW_SEED_ATTEMPT|PRE_TIMING_SEED|TIMED_SEED|SEED_ELIGIBILITY|PRE_LOS|POST_LOS|SOLVER_OK|FINAL_INPUT|JOINT_SEED|PREFLIGHT_REJECT,PREFLIGHT_REJECT,DYNAMICS_FAIL,,,0.0,0.0,0.0,-1790476687.350675,-1790476687.350675,-1790476687.350675,0,0,1,26,2,1790476697.0074227,3.3857630320984264e+18,3.3857630320984264e+18,,,False,0,,,1790476696.8757732,1790476696.8758078,,,,1790476696.8691092,1790476696.8685806,1790476696.8700328,1790476696.8684611,1790476696.872158,1790476696.8692148,,,1790476696.8770602,,,,,
20260927_103759_1243248,u1e2,0,71,SIDE_MINUS,1790476696.863296,9.51262092590332,1790476697.0074227,True,True,True,True,37.0,True,9.671399,9.941563,SIDE_DISPATCH|RAW_SEED_ATTEMPT|PRE_TIMING_SEED|TIMED_SEED|SEED_ELIGIBILITY|SOLVER_OK|FINAL_INPUT|JOINT_SEED|COMPARATOR_WIN|SELECTED|COMMITTED,,,,D3_LOWER,1.0,0.1538461538461538,5.789463905231932,10.249323606491089,11.47121000289917,11.656747579574583,0,0,0,26,2,1790476697.0074227,4.5862005449146337e+18,4.5862005449146337e+18,4.5862005449146337e+18,1.0,False,0,1790476696.8784177,1790476696.8777835,1790476696.875843,1790476696.8758762,1790476696.8779829,,,1790476696.8729613,1790476696.8728383,1790476696.8732426,1790476696.8725529,1790476696.8747349,1790476696.8730245,,,,,,,,
20260927_103759_1243248,u1e2,0,72,NOMINAL,1790476697.142484,9.791808843612673,1790476697.2838635,False,False,False,False,,False,,,NOMINAL_CONTEXT|FINAL_INPUT_FAILED|JOINT_SEED,FINAL_INPUT_FAILED,,,,0.0,0.0,0.0,-1790476687.350675,-1790476687.350675,-1790476687.350675,0,0,0,26,2,1790476697.2838635,,,,,False,0,,,,1790476697.153448,,1790476697.1475132,,,,,,,,1790476697.153421,,,,,,,
20260927_103759_1243248,u1e2,0,73,SIDE_PLUS,1790476697.142484,9.791808843612673,1790476697.2838635,True,True,True,True,38.0,True,9.970604,10.202681,SIDE_DISPATCH|RAW_SEED_ATTEMPT|PRE_TIMING_SEED|TIMED_SEED|SEED_ELIGIBILITY|PRE_LOS|POST_LOS|SOLVER_OK|FINAL_INPUT|JOINT_SEED|COMPARATOR_WIN|SELECTED|COMMITTED,,,,,1.0,0.1875,6.337756520084942,10.249323606491089,11.756747484207152,11.933188438415527,0,0,1,26,2,1790476697.2838635,9.131952530398895e+18,9.131952530398895e+18,9.131952530398895e+18,1.0,False,0,1790476697.1550875,1790476697.1541305,1790476697.1534863,1790476697.1536415,1790476697.154525,,,1790476697.1478245,1790476697.1476827,1790476697.1481264,1790476697.147578,1790476697.1505911,1790476697.1478996,,,,,,,,
20260927_103759_1243248,u1e2,0,74,SIDE_MINUS,1790476697.142484,9.791808843612673,1790476697.2838635,True,True,False,False,,False,,,SIDE_DISPATCH|RAW_SEED_ATTEMPT|PRE_TIMING_SEED|TIMED_SEED|SEED_ELIGIBILITY|SOLVER_OK|FINAL_INPUT|JOINT_SEED|COMPARATOR_LOSS,,,,OPPONENT_C3_HIGHER,1.0,0.125,7.049498945910405,10.249323606491089,11.756747484207152,11.933188438415527,0,0,0,26,2,1790476697.2838635,1.6986023315208952e+18,1.6986023315208952e+18,1.6986023315208952e+18,1.0,False,0,,,1790476697.153683,1790476697.1537166,,,1790476697.1544166,1790476697.1511767,1790476697.1510775,1790476697.1513634,1790476697.1509178,1790476697.1526854,1790476697.1512299,,,,,,,,
20260927_103759_1243248,u1e2,0,75,NOMINAL,1790476697.4236934,10.073018312454224,1790476697.5636933,True,False,True,True,39.0,True,10.235858,10.435385,NOMINAL_CONTEXT|FINAL_INPUT|JOINT_SEED|COMPARATOR_WIN|SELECTED|COMMITTED,,,,,1.0,0.1666666666666666,6.83639599675442,10.249323606491089,12.033188343048096,12.21301817893982,0,0,0,26,2,1790476697.5636933,,4.535612537448563e+18,4.535612537448563e+18,1.0,False,0,1790476697.4380572,1790476697.4364414,1790476697.4354968,1790476697.4356284,1790476697.4370224,1790476697.4265049,,,,,,,,,,,,,,,
20260927_103759_1243248,u1e2,0,76,SIDE_PLUS,1790476697.4236934,10.073018312454224,1790476697.5636933,True,True,False,False,,False,,,SIDE_DISPATCH|RAW_SEED_ATTEMPT|PRE_TIMING_SEED|TIMED_SEED|SEED_ELIGIBILITY|SOLVER_OK|FINAL_INPUT|JOINT_SEED|COMPARATOR_LOSS,,,,OPPONENT_D3_LOWER,1.0,0.1666666666666666,6.908874188018476,10.249323606491089,12.033188343048096,12.21301817893982,0,0,0,26,2,1790476697.5636933,1.6370679949239597e+19,1.6370679949239597e+19,1.6370679949239597e+19,1.0,False,0,,,1790476697.4356685,1790476697.435702,,,1790476697.4367313,1790476697.4266856,1790476697.4266157,1790476697.4269638,1790476697.426558,1790476697.4285448,1790476697.426744,,,,,,,,
20260927_103759_1243248,u1e2,0,77,SIDE_MINUS,1790476697.4236934,10.073018312454224,1790476697.5636933,True,True,False,False,,False,,,SIDE_DISPATCH|RAW_SEED_ATTEMPT|PRE_TIMING_SEED|TIMED_SEED|SEED_ELIGIBILITY|SOLVER_OK|FINAL_INPUT|JOINT_SEED|COMPARATOR_LOSS,,,,OPPONENT_D3_LOWER,1.0,0.1666666666666666,6.882844136087272,10.249323606491089,12.033188343048096,12.21301817893982,0,0,0,26,2,1790476697.5636933,6.964011109462468e+18,6.964011109462468e+18,6.964011109462468e+18,1.0,False,0,,,1790476697.4357321,1790476697.4357636,,,1790476697.436952,1790476697.4289374,1790476697.4288528,1790476697.4323828,1790476697.4287853,1790476697.4342856,1790476697.4317093,,,,,,,,
20260927_103759_1243248,u1e2,0,78,NOMINAL,1790476697.674817,10.32414197921753,1790476697.814817,True,False,True,True,40.0,True,10.478223,10.736478,NOMINAL_CONTEXT|FINAL_INPUT|JOINT_SEED|COMPARATOR_WIN|SELECTED|COMMITTED,,,,,1.0,0.0666666666666666,6.447443547104165,10.464141845703123,12.049323320388794,12.464141845703123,0,0,0,26,2,1790476697.814817,,4.971608965865833e+18,4.971608965865833e+18,1.0,False,0,1790476697.6898515,1790476697.6875734,1790476697.6863031,1790476697.686366,1790476697.687985,1790476697.6765947,,,,,,,,,,,,,,,
20260927_103759_1243248,u1e2,0,79,SIDE_PLUS,1790476697.674817,10.32414197921753,1790476697.814817,False,True,False,False,,False,,,SIDE_DISPATCH|RAW_SEED_ATTEMPT|PRE_TIMING_SEED|TIMED_SEED|SEED_ELIGIBILITY|PRE_LOS|POST_LOS|SOLVER_OK|FINAL_INPUT|JOINT_SEED|PREFLIGHT_REJECT,PREFLIGHT_REJECT,DYNAMICS_FAIL,,,0.0,0.0,0.0,-1790476687.350675,-1790476687.350675,-1790476687.350675,0,0,1,26,2,1790476697.814817,1.3613437436501344e+19,1.3613437436501344e+19,,,False,0,,,1790476697.6864018,1790476697.686998,,,,1790476697.677059,1790476697.67673,1790476697.6776323,1790476697.6766634,1790476697.6802418,1790476697.6771445,,,1790476697.687721,,,,,
20260927_103759_1243248,u1e2,0,80,SIDE_MINUS,1790476697.674817,10.32414197921753,1790476697.814817,False,True,False,False,,False,,,SIDE_DISPATCH|RAW_SEED_ATTEMPT|PRE_TIMING_SEED|TIMED_SEED|SEED_ELIGIBILITY|PRE_LOS|POST_LOS|SOLVER_OK|FINAL_INPUT|JOINT_SEED|PREFLIGHT_REJECT,PREFLIGHT_REJECT,DYNAMICS_FAIL,,,0.0,0.0,0.0,-1790476687.350675,-1790476687.350675,-1790476687.350675,0,0,1,26,2,1790476697.814817,1.2796096256496763e+19,1.2796096256496763e+19,,,False,0,,,1790476697.6870742,1790476697.6871119,,,,1790476697.680874,1790476697.680715,1790476697.6811569,1790476697.6805801,1790476697.6851928,1790476697.6809502,,,1790476697.687779,,,,,
20260927_103759_1243248,u1e2,0,81,NOMINAL,1790476697.9509428,10.6002676486969,1790476698.0909426,True,False,True,True,41.0,True,10.770237,11.009677,NOMINAL_CONTEXT|FINAL_INPUT|JOINT_SEED|COMPARATOR_WIN|SELECTED|COMMITTED,,,,,1.0,0.0769230769230769,5.706037024328103,10.740267515182495,12.049323558807371,12.740267515182495,0,0,0,26,2,1790476698.0909426,,1.319353124789311e+19,1.319353124789311e+19,1.0,False,0,1790476697.9666047,1790476697.9656293,1790476697.96485,1790476697.96491,1790476697.9659545,1790476697.9534183,,,,,,,,,,,,,,,
20260927_103759_1243248,u1e2,0,82,SIDE_PLUS,1790476697.9509428,10.6002676486969,1790476698.0909426,False,True,False,False,,False,,,SIDE_DISPATCH|RAW_SEED_ATTEMPT|PRE_TIMING_SEED|TIMED_SEED|SEED_ELIGIBILITY|PRE_LOS|POST_LOS|SOLVER_OK|FINAL_INPUT|JOINT_SEED|PREFLIGHT_REJECT,PREFLIGHT_REJECT,DYNAMICS_FAIL,,,0.0,0.0,0.0,-1790476687.350675,-1790476687.350675,-1790476687.350675,0,0,1,26,2,1790476698.0909426,1.4698593156454844e+19,1.4698593156454844e+19,,,False,0,,,1790476697.9649436,1790476697.9649785,,,,1790476697.9540431,1790476697.9538481,1790476697.9543264,1790476697.9535587,1790476697.9579387,1790476697.9541175,,,1790476697.9658005,,,,,
20260927_103759_1243248,u1e2,0,83,SIDE_MINUS,1790476697.9509428,10.6002676486969,1790476698.0909426,False,True,False,False,,False,,,SIDE_DISPATCH|RAW_SEED_ATTEMPT|PRE_TIMING_SEED|TIMED_SEED|SEED_ELIGIBILITY|PRE_LOS|POST_LOS|SOLVER_OK|FINAL_INPUT|JOINT_SEED|PREFLIGHT_REJECT,PREFLIGHT_REJECT,DYNAMICS_FAIL,,,0.0,0.0,0.0,-1790476687.350675,-1790476687.350675,-1790476687.350675,0,0,1,26,2,1790476698.0909426,1.0858952962124024e+19,1.0858952962124024e+19,,,False,0,,,1790476697.9650104,1790476697.965071,,,,1790476697.959236,1790476697.959115,1790476697.960333,1790476697.9589863,1790476697.9636369,1790476697.9593267,,,1790476697.965868,,,,,
20260927_103759_1243248,u1e2,0,84,NOMINAL,1790476698.2187166,10.868041515350342,1790476698.3587165,True,False,True,True,42.0,True,11.036377,11.237288,NOMINAL_CONTEXT|FINAL_INPUT|JOINT_SEED|COMPARATOR_WIN|SELECTED|COMMITTED,,,,,1.0,0.1818181818181818,4.349819604745815,11.008041381835938,12.049324035644531,13.008041381835938,0,0,0,26,2,1790476698.3587165,,1.5850418109499021e+19,1.5850418109499021e+19,1.0,False,0,1790476698.2405865,1790476698.2393794,1790476698.2381897,1790476698.2382567,1790476698.2398214,1790476698.2209759,,,,,,,,,,,,,,,
20260927_103759_1243248,u1e2,0,85,SIDE_PLUS,1790476698.2187166,10.868041515350342,1790476698.3587165,False,True,False,False,,False,,,SIDE_DISPATCH|RAW_SEED_ATTEMPT|PRE_TIMING_SEED|TIMED_SEED|SEED_ELIGIBILITY|PRE_LOS|POST_LOS|SOLVER_OK|FINAL_INPUT|JOINT_SEED|PREFLIGHT_REJECT,PREFLIGHT_REJECT,DYNAMICS_FAIL,,,0.0,0.0,0.0,-1790476687.350675,-1790476687.350675,-1790476687.350675,0,0,1,26,2,1790476698.3587165,1.3900116649366467e+19,1.3900116649366467e+19,,,False,0,,,1790476698.2384133,1790476698.2384517,,,,1790476698.22159,1790476698.2213776,1790476698.2220984,1790476698.2212102,1790476698.2276263,1790476698.2216713,,,1790476698.2395487,,,,,
20260927_103759_1243248,u1e2,0,86,SIDE_MINUS,1790476698.2187166,10.868041515350342,1790476698.3587165,False,True,False,False,,False,,,SIDE_DISPATCH|RAW_SEED_ATTEMPT|PRE_TIMING_SEED|TIMED_SEED|SEED_ELIGIBILITY|PRE_LOS|POST_LOS|SOLVER_OK|FINAL_INPUT|JOINT_SEED|PREFLIGHT_REJECT,PREFLIGHT_REJECT,DYNAMICS_FAIL,,,0.0,0.0,0.0,-1790476687.350675,-1790476687.350675,-1790476687.350675,0,0,1,26,2,1790476698.3587165,6.921400015670014e+18,6.921400015670014e+18,,,False,0,,,1790476698.2384884,1790476698.2386172,,,,1790476698.2285721,1790476698.2284663,1790476698.2299204,1790476698.228277,1790476698.2350628,1790476698.228634,,,1790476698.2396088,,,,,
20260927_103759_1243248,u1e2,0,87,NOMINAL,1790476698.479532,11.128856897354126,1790476698.619532,True,False,True,True,43.0,True,11.277463,11.536433,NOMINAL_CONTEXT|FINAL_INPUT|JOINT_SEED|COMPARATOR_WIN|SELECTED|COMMITTED,,,,,1.0,0.1428571428571428,2.348846175779817,11.268856763839722,12.049324035644531,13.268856763839722,0,0,0,26,2,1790476698.6195319,,1.280289910192326e+19,1.280289910192326e+19,1.0,False,0,1790476698.493757,1790476698.4930253,1790476698.4923272,1790476698.4923868,1790476698.493251,1790476698.4818473,,,,,,,,,,,,,,,
20260927_103759_1243248,u1e2,0,88,SIDE_PLUS,1790476698.479532,11.128856897354126,1790476698.619532,False,True,False,False,,False,,,SIDE_DISPATCH|RAW_SEED_ATTEMPT|PRE_TIMING_SEED|TIMED_SEED|SEED_ELIGIBILITY|PRE_LOS|POST_LOS|SOLVER_OK|FINAL_INPUT|JOINT_SEED|PREFLIGHT_REJECT,PREFLIGHT_REJECT,DYNAMICS_FAIL,,,0.0,0.0,0.0,-1790476687.350675,-1790476687.350675,-1790476687.350675,0,0,1,26,2,1790476698.6195319,3.4615610668831954e+18,3.4615610668831954e+18,,,False,0,,,1790476698.4924407,1790476698.4925098,,,,1790476698.4821873,1790476698.4820092,1790476698.4825003,1790476698.481917,1790476698.4865952,1790476698.4822733,,,1790476698.4931517,,,,,
20260927_103759_1243248,u1e2,0,89,SIDE_MINUS,1790476698.479532,11.128856897354126,1790476698.619532,False,True,False,False,,False,,,SIDE_DISPATCH|RAW_SEED_ATTEMPT|PRE_TIMING_SEED|TIMED_SEED|SEED_ELIGIBILITY|PRE_LOS|POST_LOS|SOLVER_OK|FINAL_INPUT|JOINT_SEED|PREFLIGHT_REJECT,PREFLIGHT_REJECT,DYNAMICS_FAIL,,,0.0,0.0,0.0,-1790476687.350675,-1790476687.350675,-1790476687.350675,0,0,1,26,2,1790476698.6195319,8.108208893325433e+18,8.108208893325433e+18,,,False,0,,,1790476698.4925632,1790476698.4926038,,,,1790476698.4873147,1790476698.4871345,1790476698.4877272,1790476698.4869902,1790476698.4910598,1790476698.4874215,,,1790476698.49321,,,,,
20260927_103759_1243248,u1e2,0,90,NOMINAL,1790476698.7699206,11.419245481491089,1790476698.9099205,True,False,True,True,44.0,True,11.569497,11.836195,NOMINAL_CONTEXT|FINAL_INPUT|JOINT_SEED|COMPARATOR_WIN|SELECTED|COMMITTED,,,,,1.0,0.4,0.7058873734441447,11.559245347976685,12.04932451248169,13.559245347976685,0,0,0,26,2,1790476698.9099205,,8.296212391240476e+17,8.296212391240476e+17,1.0,False,0,1790476698.7899969,1790476698.7874422,1790476698.7866838,1790476698.7867517,1790476698.787705,1790476698.772743,,,,,,,,,,,,,,,
20260927_103759_1243248,u1e2,0,91,SIDE_PLUS,1790476698.7699206,11.419245481491089,1790476698.9099205,False,True,False,False,,False,,,SIDE_DISPATCH|RAW_SEED_ATTEMPT|PRE_TIMING_SEED|TIMED_SEED|SEED_ELIGIBILITY|PRE_LOS|POST_LOS|SOLVER_OK|FINAL_INPUT|JOINT_SEED|PREFLIGHT_REJECT,PREFLIGHT_REJECT,DYNAMICS_FAIL,,,0.0,0.0,0.0,-1790476687.350675,-1790476687.350675,-1790476687.350675,0,0,1,26,2,1790476698.9099205,1.1762653491931226e+19,1.1762653491931226e+19,,,False,0,,,1790476698.786802,1790476698.7868423,,,,1790476698.7734852,1790476698.7730489,1790476698.7743192,1790476698.7728305,1790476698.7792563,1790476698.773582,,,1790476698.787528,,,,,
20260927_103759_1243248,u1e2,0,92,SIDE_MINUS,1790476698.7699206,11.419245481491089,1790476698.9099205,False,True,False,False,,False,,,SIDE_DISPATCH|RAW_SEED_ATTEMPT|PRE_TIMING_SEED|TIMED_SEED|SEED_ELIGIBILITY|PRE_LOS|POST_LOS|SOLVER_OK|FINAL_INPUT|JOINT_SEED|PREFLIGHT_REJECT,PREFLIGHT_REJECT,DYNAMICS_FAIL,,,0.0,0.0,0.0,-1790476687.350675,-1790476687.350675,-1790476687.350675,0,0,1,26,2,1790476698.9099205,1.0790382818345832e+19,1.0790382818345832e+19,,,False,0,,,1790476698.7868814,1790476698.7869222,,,,1790476698.7801251,1790476698.7798564,1790476698.7812178,1790476698.7796903,1790476698.784699,1790476698.7810018,,,1790476698.7876534,,,,,
20260927_103759_1243248,u1e2,0,93,NOMINAL,1790476699.048902,11.698226928710938,1790476699.188902,True,False,True,True,45.0,True,11.877922,12.08072,NOMINAL_CONTEXT|FINAL_INPUT|JOINT_SEED|COMPARATOR_WIN|SELECTED|COMMITTED,,,,,1.0,0.6666666666666666,0.0714008872512256,11.838226795196531,12.049324750900269,13.838226795196531,0,0,0,26,2,1790476699.188902,,2.307742631283692e+18,2.307742631283692e+18,1.0,False,0,1790476699.0630887,1790476699.062294,1790476699.061618,1790476699.0616767,1790476699.062624,1790476699.0511441,,,,,,,,,,,,,,,
20260927_103759_1243248,u1e2,0,94,SIDE_PLUS,1790476699.048902,11.698226928710938,1790476699.188902,False,True,False,False,,False,,,SIDE_DISPATCH|RAW_SEED_ATTEMPT|PRE_TIMING_SEED|TIMED_SEED|SEED_ELIGIBILITY|PRE_LOS|POST_LOS|SOLVER_OK|FINAL_INPUT|JOINT_SEED|PREFLIGHT_REJECT,PREFLIGHT_REJECT,DYNAMICS_FAIL,,,0.0,0.0,0.0,-1790476687.350675,-1790476687.350675,-1790476687.350675,0,0,1,26,2,1790476699.188902,1.6669118403660227e+19,1.6669118403660227e+19,,,False,0,,,1790476699.0617127,1790476699.0617535,,,,1790476699.0516815,1790476699.0513937,1790476699.0519347,1790476699.0512278,1790476699.057692,1790476699.0517647,,,1790476699.0623877,,,,,
20260927_103759_1243248,u1e2,0,95,SIDE_MINUS,1790476699.048902,11.698226928710938,1790476699.188902,True,True,False,False,,False,,,SIDE_DISPATCH|RAW_SEED_ATTEMPT|PRE_TIMING_SEED|TIMED_SEED|SEED_ELIGIBILITY|PRE_LOS|POST_LOS|SOLVER_OK|FINAL_INPUT|JOINT_SEED|COMPARATOR_LOSS,,,,OPPONENT_D3_LOWER,1.0,0.6666666666666666,0.0714030849090955,11.838226795196531,12.049324750900269,13.838226795196531,0,0,1,26,2,1790476699.188902,1.7184772875576711e+19,1.7184772875576711e+19,1.7184772875576711e+19,1.0,False,0,,,1790476699.0618043,1790476699.061838,,,1790476699.0625718,1790476699.0583801,1790476699.0582066,1790476699.0589375,1790476699.0580716,1790476699.0607529,1790476699.058459,,,,,,,,
20260927_103759_1243248,u1e3,0,134,NOMINAL,1790476709.8556633,22.504988193511963,1790476709.9956632,True,False,True,True,84.0,True,22.672782,23.568955,FINAL_INPUT|JOINT_SEED|COMPARATOR_WIN|SELECTED|COMMITTED,,,,,0.0,0.0,0.0,-1790476687.350675,-1790476687.350675,24.64498805999756,0,0,0,-1,0,1790476709.9956632,,1.813172334551541e+18,1.813172334551541e+18,1.0,False,0,1790476709.8593667,1790476709.8584561,1790476709.8580418,1790476709.8580902,1790476709.858539,,,,,,,,,,,,,,,,
20260927_103759_1243248,u1e3,0,135,NOMINAL,1790476710.14392,22.7932448387146,1790476710.2839198,False,False,False,False,,False,,,NOMINAL_CONTEXT|FINAL_INPUT|JOINT_SEED|HANDOFF_REJECT,HANDOFF_REJECT,MISSED_FROZEN_ACTIVATION,,,0.0,0.0,0.0,-1790476687.350675,-1790476687.350675,-1790476687.350675,0,0,0,28,2,1790476710.2839198,,7.315269034254825e+17,,,False,0,,,1790476710.2688808,1790476710.268942,,1790476710.146991,,,,,,,,,,,1790476710.2694716,,,,
20260927_103759_1243248,u1e3,0,136,SIDE_PLUS,1790476710.14392,22.7932448387146,1790476710.2839198,False,True,False,False,,False,,,SIDE_DISPATCH|RAW_SEED_ATTEMPT|PRE_TIMING_SEED|TIMED_SEED|SEED_ELIGIBILITY|PRE_LOS|POST_LOS|SOLVER_OK|FINAL_INPUT|JOINT_SEED|HANDOFF_REJECT,HANDOFF_REJECT,MISSED_FROZEN_ACTIVATION,,,0.0,0.0,0.0,-1790476687.350675,-1790476687.350675,-1790476687.350675,0,0,1,28,2,1790476710.2839198,8.871070821681996e+17,8.871070821681996e+17,,,False,0,,,1790476710.2689807,1790476710.2690144,,,,1790476710.147262,1790476710.1471303,1790476710.147546,1790476710.1470516,1790476710.1495163,1790476710.1473372,,,,1790476710.2695763,,,,
20260927_103759_1243248,u1e3,0,137,SIDE_MINUS,1790476710.14392,22.7932448387146,1790476710.2839198,False,False,False,False,,False,,,SIDE_DISPATCH|RAW_SEED_ATTEMPT|RAW_SEED_ATTEMPT|RAW_SEED_ATTEMPT|RAW_SEED_ATTEMPT|PREINIT_REJECT,PREINIT_REJECT,NO_STATIC_FEASIBLE_SIDE,,,0.0,0.0,0.0,-1790476687.350675,-1790476687.350675,-1790476687.350675,0,0,0,28,2,1790476710.2839198,,,,,False,0,,,,,,,,,1790476710.2449384,,1790476710.150005,,,,,,,1790476710.2683823,,,
20260927_103759_1243248,u1e3,0,138,NOMINAL,1790476710.280585,22.9299099445343,1790476710.4291785,False,False,False,False,,False,,,NOMINAL_CONTEXT|FINAL_INPUT|JOINT_SEED|HANDOFF_REJECT,HANDOFF_REJECT,MISSED_FROZEN_ACTIVATION,,,0.0,0.0,0.0,-1790476687.350675,-1790476687.350675,-1790476687.350675,0,0,0,28,2,1790476710.4291785,,1.1823004176155656e+19,,,False,0,,,1790476710.3945694,1790476710.3946276,,1790476710.2825954,,,,,,,,,,,1790476710.3949149,,,,
20260927_103759_1243248,u1e3,0,139,SIDE_PLUS,1790476710.280585,22.9299099445343,1790476710.4291785,False,True,False,False,,False,,,SIDE_DISPATCH|RAW_SEED_ATTEMPT|PRE_TIMING_SEED|TIMED_SEED|SEED_ELIGIBILITY|PRE_LOS|POST_LOS|SOLVER_OK|FINAL_INPUT|JOINT_SEED|HANDOFF_REJECT,HANDOFF_REJECT,MISSED_FROZEN_ACTIVATION,,,0.0,0.0,0.0,-1790476687.350675,-1790476687.350675,-1790476687.350675,0,0,1,28,2,1790476710.4291785,7.027590589810001e+18,7.027590589810001e+18,,,False,0,,,1790476710.3946593,1790476710.3946912,,,,1790476710.2829754,1790476710.2828193,1790476710.283373,1790476710.282659,1790476710.2850115,1790476710.2830453,,,,1790476710.3949647,,,,
20260927_103759_1243248,u1e3,0,140,SIDE_MINUS,1790476710.280585,22.9299099445343,1790476710.4291785,False,False,False,False,,False,,,SIDE_DISPATCH|RAW_SEED_ATTEMPT|RAW_SEED_ATTEMPT|RAW_SEED_ATTEMPT|RAW_SEED_ATTEMPT|PREINIT_REJECT,PREINIT_REJECT,NO_STATIC_FEASIBLE_SIDE,,,0.0,0.0,0.0,-1790476687.350675,-1790476687.350675,-1790476687.350675,0,0,0,28,2,1790476710.4291785,,,,,False,0,,,,,,,,,1790476710.3714688,,1790476710.2852457,,,,,,,1790476710.3939698,,,
20260927_103759_1243248,u1e3,0,141,NOMINAL,1790476710.4063191,23.055644035339355,1790476710.5615084,False,False,False,False,,False,,,NOMINAL_CONTEXT|FINAL_INPUT|JOINT_SEED|HANDOFF_REJECT,HANDOFF_REJECT,MISSED_FROZEN_ACTIVATION,,,0.0,0.0,0.0,-1790476687.350675,-1790476687.350675,-1790476687.350675,0,0,0,28,2,1790476710.5615084,,1.2134908620155077e+19,,,False,0,,,1790476710.5020356,1790476710.5020983,,1790476710.408292,,,,,,,,,,,1790476710.5026789,,,,
20260927_103759_1243248,u1e3,0,142,SIDE_PLUS,1790476710.4063191,23.055644035339355,1790476710.5615084,False,True,False,False,,False,,,SIDE_DISPATCH|RAW_SEED_ATTEMPT|PRE_TIMING_SEED|TIMED_SEED|SEED_ELIGIBILITY|PRE_LOS|POST_LOS|SOLVER_OK|FINAL_INPUT|JOINT_SEED|HANDOFF_REJECT,HANDOFF_REJECT,MISSED_FROZEN_ACTIVATION,,,0.0,0.0,0.0,-1790476687.350675,-1790476687.350675,-1790476687.350675,0,0,1,28,2,1790476710.5615084,1.5265811496032539e+19,1.5265811496032539e+19,,,False,0,,,1790476710.502137,1790476710.5024457,,,,1790476710.4087882,1790476710.4086337,1790476710.4091957,1790476710.4083586,1790476710.410848,1790476710.408863,,,,1790476710.5027306,,,,
20260927_103759_1243248,u1e3,0,143,SIDE_MINUS,1790476710.4063191,23.055644035339355,1790476710.5615084,False,False,False,False,,False,,,SIDE_DISPATCH|RAW_SEED_ATTEMPT|RAW_SEED_ATTEMPT|RAW_SEED_ATTEMPT|RAW_SEED_ATTEMPT|PREINIT_REJECT,PREINIT_REJECT,NO_STATIC_FEASIBLE_SIDE,,,0.0,0.0,0.0,-1790476687.350675,-1790476687.350675,-1790476687.350675,0,0,0,28,2,1790476710.5615084,,,,,False,0,,,,,,,,,1790476710.4792194,,1790476710.4111066,,,,,,,1790476710.5014195,,,
20260927_103759_1243248,u1e3,0,144,NOMINAL,1790476710.5141847,23.163509607315063,1790476710.6735094,False,False,False,False,,False,,,NOMINAL_CONTEXT|FINAL_INPUT|JOINT_SEED|HANDOFF_REJECT,HANDOFF_REJECT,MISSED_FROZEN_ACTIVATION,,,0.0,0.0,0.0,-1790476687.350675,-1790476687.350675,-1790476687.350675,0,0,0,28,2,1790476710.6735094,,4.911088297182757e+18,,,False,0,,,1790476710.6168358,1790476710.6168847,,1790476710.5162466,,,,,,,,,,,1790476710.6171312,,,,
20260927_103759_1243248,u1e3,0,145,SIDE_PLUS,1790476710.5141847,23.163509607315063,1790476710.6735094,False,True,False,False,,False,,,SIDE_DISPATCH|RAW_SEED_ATTEMPT|PRE_TIMING_SEED|TIMED_SEED|SEED_ELIGIBILITY|SOLVER_FAILED|FINAL_INPUT|JOINT_SEED|HANDOFF_REJECT,HANDOFF_REJECT,MISSED_FROZEN_ACTIVATION,,,0.0,0.0,0.0,-1790476687.350675,-1790476687.350675,-1790476687.350675,1,0,1,28,2,1790476710.6735094,,1.017307029325752e+18,,,True,1,,,1790476710.6169271,1790476710.6169608,,,,1790476710.516666,1790476710.5165157,1790476710.516991,1790476710.5163395,,1790476710.5167394,,1790476710.5231876,,1790476710.6172485,,,,
20260927_103759_1243248,u1e3,0,146,SIDE_MINUS,1790476710.5141847,23.163509607315063,1790476710.6735094,False,False,False,False,,False,,,SIDE_DISPATCH|RAW_SEED_ATTEMPT|RAW_SEED_ATTEMPT|RAW_SEED_ATTEMPT|RAW_SEED_ATTEMPT|PREINIT_REJECT,PREINIT_REJECT,NO_STATIC_FEASIBLE_SIDE,,,0.0,0.0,0.0,-1790476687.350675,-1790476687.350675,-1790476687.350675,0,0,0,28,2,1790476710.6735094,,,,,False,0,,,,,,,,,1790476710.593731,,1790476710.5235558,,,,,,,1790476710.6162834,,,
20260927_103759_1243248,u1e3,0,147,NOMINAL,1790476710.6280866,23.277411460876465,1790476710.7918167,False,False,False,False,,False,,,NOMINAL_CONTEXT|FINAL_INPUT|JOINT_SEED|HANDOFF_REJECT,HANDOFF_REJECT,MISSED_FROZEN_ACTIVATION,,,0.0,0.0,0.0,-1790476687.350675,-1790476687.350675,-1790476687.350675,0,0,0,28,2,1790476710.7918167,,1.3865350230942126e+17,,,False,0,,,1790476710.7363417,1790476710.7364254,,1790476710.63348,,,,,,,,,,,1790476710.7367384,,,,
20260927_103759_1243248,u1e3,0,148,SIDE_PLUS,1790476710.6280866,23.277411460876465,1790476710.7918167,False,True,False,False,,False,,,SIDE_DISPATCH|RAW_SEED_ATTEMPT|PRE_TIMING_SEED|TIMED_SEED|SEED_ELIGIBILITY|PRE_LOS|POST_LOS|SOLVER_OK|FINAL_INPUT|JOINT_SEED|HANDOFF_REJECT,HANDOFF_REJECT,MISSED_FROZEN_ACTIVATION,,,0.0,0.0,0.0,-1790476687.350675,-1790476687.350675,-1790476687.350675,0,0,1,28,2,1790476710.7918167,1.174625190395656e+19,1.174625190395656e+19,,,False,0,,,1790476710.736467,1790476710.7365,,,,1790476710.634085,1790476710.6339374,1790476710.6347876,1790476710.6337972,1790476710.6370015,1790476710.63416,,,,1790476710.736854,,,,
20260927_103759_1243248,u1e3,0,149,SIDE_MINUS,1790476710.6280866,23.277411460876465,1790476710.7918167,False,False,False,False,,False,,,SIDE_DISPATCH|RAW_SEED_ATTEMPT|RAW_SEED_ATTEMPT|RAW_SEED_ATTEMPT|RAW_SEED_ATTEMPT|PREINIT_REJECT,PREINIT_REJECT,NO_STATIC_FEASIBLE_SIDE,,,0.0,0.0,0.0,-1790476687.350675,-1790476687.350675,-1790476687.350675,0,0,0,28,2,1790476710.7918167,,,,,False,0,,,,,,,,,1790476710.7119913,,1790476710.6378474,,,,,,,1790476710.735582,,,
20260927_103759_1243248,u1e3,0,150,NOMINAL,1790476710.747843,23.397167921066284,1790476710.9161046,True,False,False,False,,False,,,NOMINAL_CONTEXT|FINAL_INPUT|JOINT_SEED|COMPARATOR_WIN,,,,,0.0,0.0,0.0,-1790476687.350675,-1790476687.350675,25.56542944908142,0,0,0,28,2,1790476710.9161046,,1.2188180578871452e+18,1.2188180578871452e+18,1.0,False,0,,1790476710.75494,1790476710.7544358,1790476710.7545314,,1790476710.7500346,,,,,,,,,,,,,,,
20260927_103759_1243248,u1e3,0,151,SIDE_PLUS,1790476710.747843,23.397167921066284,1790476710.9161046,True,True,True,True,85.0,True,23.602081,23.836,SIDE_DISPATCH|RAW_SEED_ATTEMPT|PRE_TIMING_SEED|TIMED_SEED|SEED_ELIGIBILITY|PRE_LOS|POST_LOS|SOLVER_OK|FINAL_INPUT|JOINT_SEED|COMPARATOR_WIN|SELECTED|COMMITTED,,,,,0.0,0.0,0.0,-1790476687.350675,-1790476687.350675,25.56542944908142,0,0,1,28,2,1790476710.9161046,6.000583966914893e+18,6.000583966914893e+18,6.000583966914893e+18,1.0,False,0,1790476710.7563977,1790476710.7554586,1790476710.7545679,1790476710.7546008,1790476710.7555428,,,1790476710.7502375,1790476710.7501538,1790476710.7505193,1790476710.7500968,1790476710.752186,1790476710.7502794,,,,,,,,
20260927_103759_1243248,u1e3,0,152,SIDE_MINUS,1790476710.747843,23.397167921066284,1790476710.9161046,False,False,False,False,,False,,,SIDE_DISPATCH|RAW_SEED_ATTEMPT|RAW_SEED_ATTEMPT|RAW_SEED_ATTEMPT|RAW_SEED_ATTEMPT|PREINIT_REJECT,PREINIT_REJECT,NO_STATIC_FEASIBLE_SIDE,,,0.0,0.0,0.0,-1790476687.350675,-1790476687.350675,-1790476687.350675,0,0,0,28,2,1790476710.9161046,,,,,False,0,,,,,,,,,1790476710.7531192,,1790476710.7524676,,,,,,,1790476710.7537675,,,
20260927_103759_1243248,u1e3,0,153,NOMINAL,1790476711.0089612,23.658286094665527,1790476711.171348,False,False,False,False,,False,,,NOMINAL_CONTEXT|FINAL_INPUT_FAILED|JOINT_SEED,FINAL_INPUT_FAILED,,,,0.0,0.0,0.0,-1790476687.350675,-1790476687.350675,-1790476687.350675,0,0,0,28,2,1790476711.171348,,,,,False,0,,,,1790476711.0245752,,1790476711.01604,,,,,,,,1790476711.0245445,,,,,,,
20260927_103759_1243248,u1e3,0,154,SIDE_PLUS,1790476711.0089612,23.658286094665527,1790476711.171348,False,True,False,False,,False,,,SIDE_DISPATCH|RAW_SEED_ATTEMPT|PRE_TIMING_SEED|TIMED_SEED|SEED_ELIGIBILITY|PRE_LOS|POST_LOS|SOLVER_OK|FINAL_INPUT|JOINT_SEED|PREFLIGHT_REJECT,PREFLIGHT_REJECT,DYNAMICS_FAIL,,,0.0,0.0,0.0,-1790476687.350675,-1790476687.350675,-1790476687.350675,0,0,1,28,2,1790476711.171348,1.8144584992726491e+19,1.8144584992726491e+19,,,False,0,,,1790476711.024616,1790476711.0246496,,,,1790476711.0176072,1790476711.0163417,1790476711.0181875,1790476711.0161028,1790476711.022294,1790476711.0176852,,,1790476711.0248942,,,,,
20260927_103759_1243248,u1e3,0,155,SIDE_MINUS,1790476711.0089612,23.658286094665527,1790476711.171348,False,False,False,False,,False,,,SIDE_DISPATCH|RAW_SEED_ATTEMPT|RAW_SEED_ATTEMPT|RAW_SEED_ATTEMPT|RAW_SEED_ATTEMPT|PREINIT_REJECT,PREINIT_REJECT,NO_STATIC_FEASIBLE_SIDE,,,0.0,0.0,0.0,-1790476687.350675,-1790476687.350675,-1790476687.350675,0,0,0,28,2,1790476711.171348,,,,,False,0,,,,,,,,,1790476711.0234537,,1790476711.022675,,,,,,,1790476711.023968,,,
20260927_103759_1243248,u1e3,0,156,NOMINAL,1790476711.0358183,23.68514323234558,1790476711.1935833,True,False,False,False,,False,,,NOMINAL_CONTEXT|FINAL_INPUT|JOINT_SEED|COMPARATOR_WIN,,,,,1.0,0.1,4.417868766705536,24.749324083328247,25.66542935371399,25.842908143997192,0,0,0,28,2,1790476711.1935833,,1.204128962585993e+18,1.204128962585993e+18,1.0,False,0,,1790476711.0636673,1790476711.0631452,1790476711.0632007,,1790476711.0409894,,,,,,,,,,,,,,,
20260927_103759_1243248,u1e3,0,157,SIDE_PLUS,1790476711.0358183,23.68514323234558,1790476711.1935833,True,True,True,True,86.0,True,23.881467,24.073542,SIDE_DISPATCH|RAW_SEED_ATTEMPT|PRE_TIMING_SEED|TIMED_SEED|SEED_ELIGIBILITY|SOLVER_FAILED|FINAL_INPUT|JOINT_SEED|COMPARATOR_WIN|SELECTED|COMMITTED,,,,C3_HIGHER,1.0,0.4,1.938892455603166,24.749324083328247,25.66542935371399,25.842908143997192,1,0,1,28,2,1790476711.1935833,,1.3842679102745223e+19,1.3842679102745223e+19,1.0,True,1,1790476711.0726852,1790476711.0657487,1790476711.0632393,1790476711.0632715,1790476711.0674129,,,1790476711.0426111,1790476711.042146,1790476711.0432813,1790476711.0410564,,1790476711.0428548,,1790476711.054786,,,,,,
20260927_103759_1243248,u1e3,0,158,SIDE_MINUS,1790476711.0358183,23.68514323234558,1790476711.1935833,True,True,False,False,,False,,,SIDE_DISPATCH|RAW_SEED_ATTEMPT|PRE_TIMING_SEED|TIMED_SEED|SEED_ELIGIBILITY|SOLVER_OK|FINAL_INPUT|JOINT_SEED|COMPARATOR_LOSS,,,,OPPONENT_C3_HIGHER,1.0,0.1,4.380087872038549,24.749324083328247,25.66542935371399,25.842908143997192,0,0,0,28,2,1790476711.1935833,7.463640830686379e+18,7.463640830686379e+18,7.463640830686379e+18,1.0,False,0,,,1790476711.063305,1790476711.063339,,,1790476711.0669577,1790476711.0561829,1790476711.056106,1790476711.0569928,1790476711.0560253,1790476711.058809,1790476711.0568101,,,,,,,,
20260927_103759_1243248,u1e3,0,159,NOMINAL,1790476711.2879477,23.937272548675537,1790476711.4439464,True,False,False,False,,False,,,NOMINAL_CONTEXT|FINAL_INPUT|JOINT_SEED|COMPARATOR_WIN,,,,,1.0,0.1666666666666666,5.093657921444906,24.749324083328247,25.94290804862976,26.093271255493164,0,0,0,28,2,1790476711.4439464,,4.915869073896045e+18,4.915869073896045e+18,1.0,False,0,,1790476711.2967858,1790476711.2961133,1790476711.2961686,,1790476711.290016,,,,,,,,,,,,,,,
20260927_103759_1243248,u1e3,0,160,SIDE_PLUS,1790476711.2879477,23.937272548675537,1790476711.4439464,True,True,True,True,87.0,True,24.107875,24.370073,SIDE_DISPATCH|RAW_SEED_ATTEMPT|PRE_TIMING_SEED|TIMED_SEED|SEED_ELIGIBILITY|SOLVER_OK|FINAL_INPUT|JOINT_SEED|COMPARATOR_WIN|SELECTED|COMMITTED,,,,D3_LOWER,1.0,0.1666666666666666,5.052282557651882,24.749324083328247,25.94290804862976,26.093271255493164,0,0,0,28,2,1790476711.4439464,1.827831080967474e+19,1.827831080967474e+19,1.827831080967474e+19,1.0,False,0,1790476711.297726,1790476711.2971487,1790476711.2962003,1790476711.2962449,1790476711.2974265,,,1790476711.2902462,1790476711.2901297,1790476711.2906363,1790476711.2900767,1790476711.29206,1790476711.2903185,,,,,,,,
20260927_103759_1243248,u1e3,0,161,SIDE_MINUS,1790476711.2879477,23.937272548675537,1790476711.4439464,True,True,False,False,,False,,,SIDE_DISPATCH|RAW_SEED_ATTEMPT|PRE_TIMING_SEED|TIMED_SEED|SEED_ELIGIBILITY|SOLVER_OK|FINAL_INPUT|JOINT_SEED|COMPARATOR_LOSS,,,,OPPONENT_D3_LOWER,1.0,0.1666666666666666,5.082209287318367,24.749324083328247,25.94290804862976,26.093271255493164,0,0,0,28,2,1790476711.4439464,1.739311260960692e+19,1.739311260960692e+19,1.739311260960692e+19,1.0,False,0,,,1790476711.2962759,1790476711.2963057,,,1790476711.2973838,1790476711.2925656,1790476711.2924385,1790476711.292873,1790476711.292357,1790476711.2952328,1790476711.2926538,,,,,,,,
20260927_103759_1243248,u1e3,0,162,NOMINAL,1790476711.5622532,24.21157813072205,1790476711.7136788,True,False,False,False,,False,,,NOMINAL_CONTEXT|FINAL_INPUT|JOINT_SEED|COMPARATOR_WIN,,,,,1.0,0.1333333333333333,6.429918785775751,24.749324083328247,26.19327116012573,26.36300373077393,0,0,0,28,2,1790476711.7136788,,8.045625716149462e+18,8.045625716149462e+18,1.0,False,0,,1790476711.5707247,1790476711.5700867,1790476711.570136,,1790476711.564241,,,,,,,,,,,,,,,
20260927_103759_1243248,u1e3,0,163,SIDE_PLUS,1790476711.5622532,24.21157813072205,1790476711.7136788,True,True,True,True,88.0,True,24.401934,24.635601,SIDE_DISPATCH|RAW_SEED_ATTEMPT|PRE_TIMING_SEED|TIMED_SEED|SEED_ELIGIBILITY|SOLVER_OK|FINAL_INPUT|JOINT_SEED|COMPARATOR_WIN|SELECTED|COMMITTED,,,,D3_LOWER,1.0,0.1333333333333333,6.393513130139759,24.749324083328247,26.19327116012573,26.36300373077393,0,0,0,28,2,1790476711.7136788,7.135533283541172e+18,7.135533283541172e+18,7.135533283541172e+18,1.0,False,0,1790476711.5718782,1790476711.5710135,1790476711.570175,1790476711.570209,1790476711.5713933,,,1790476711.5647337,1790476711.5644722,1790476711.5650218,1790476711.5643485,1790476711.5666173,1790476711.5648146,,,,,,,,
20260927_103759_1243248,u1e3,0,164,SIDE_MINUS,1790476711.5622532,24.21157813072205,1790476711.7136788,True,True,False,False,,False,,,SIDE_DISPATCH|RAW_SEED_ATTEMPT|PRE_TIMING_SEED|TIMED_SEED|SEED_ELIGIBILITY|SOLVER_OK|FINAL_INPUT|JOINT_SEED|COMPARATOR_LOSS,,,,OPPONENT_D3_LOWER,1.0,0.1333333333333333,6.428649506948064,24.749324083328247,26.19327116012573,26.36300373077393,0,0,0,28,2,1790476711.7136788,8.220133348317555e+18,8.220133348317555e+18,8.220133348317555e+18,1.0,False,0,,,1790476711.5702446,1790476711.5702767,,,1790476711.5712206,1790476711.567109,1790476711.567017,1790476711.5674424,1790476711.5668933,1790476711.5690484,1790476711.5671663,,,,,,,,
20260927_103759_1243248,u1e3,0,165,NOMINAL,1790476711.8470829,24.49640774726868,1790476711.9944184,False,False,False,False,,False,,,NOMINAL_CONTEXT|FINAL_INPUT_FAILED|JOINT_SEED,FINAL_INPUT_FAILED,,,,0.0,0.0,0.0,-1790476687.350675,-1790476687.350675,-1790476687.350675,0,0,0,28,2,1790476711.9944184,,,,,False,0,,,,1790476711.8585298,,1790476711.851978,,,,,,,,1790476711.8584898,,,,,,,
20260927_103759_1243248,u1e3,0,166,SIDE_PLUS,1790476711.8470829,24.49640774726868,1790476711.9944184,True,True,False,False,,False,,,SIDE_DISPATCH|RAW_SEED_ATTEMPT|PRE_TIMING_SEED|TIMED_SEED|SEED_ELIGIBILITY|SOLVER_OK|FINAL_INPUT|JOINT_SEED|COMPARATOR_WIN,,,,,1.0,0.1111111111111111,7.052649096350624,24.749324083328247,26.46300363540649,26.64374327659607,0,0,0,28,2,1790476711.9944184,1.4045325235112071e+19,1.4045325235112071e+19,1.4045325235112071e+19,1.0,False,0,,1790476711.8597157,1790476711.8586817,1790476711.8587224,,,,1790476711.8522499,1790476711.8521411,1790476711.8527346,1790476711.8520412,1790476711.8544428,1790476711.8524568,,,,,,,,
20260927_103759_1243248,u1e3,0,167,SIDE_MINUS,1790476711.8470829,24.49640774726868,1790476711.9944184,True,True,True,True,89.0,True,24.67139,24.871848,SIDE_DISPATCH|RAW_SEED_ATTEMPT|PRE_TIMING_SEED|TIMED_SEED|SEED_ELIGIBILITY|SOLVER_OK|FINAL_INPUT|JOINT_SEED|COMPARATOR_WIN|SELECTED|COMMITTED,,,,D3_LOWER,1.0,0.1111111111111111,7.036108137042995,24.749324083328247,26.46300363540649,26.64374327659607,0,0,0,28,2,1790476711.9944184,1.7372863576870298e+19,1.7372863576870298e+19,1.7372863576870298e+19,1.0,False,0,1790476711.8609424,1790476711.8600006,1790476711.8587544,1790476711.858784,1790476711.860108,,,1790476711.8551962,1790476711.8550344,1790476711.85551,1790476711.8548,1790476711.8568823,1790476711.8553107,,,,,,,,
20260927_103759_1243248,u1e3,0,168,NOMINAL,1790476712.099781,24.74910593032837,1790476712.2438836,True,False,False,False,,False,,,NOMINAL_CONTEXT|FINAL_INPUT|JOINT_SEED|COMPARATOR_WIN,,,,,1.0,0.0588235294117647,7.022004877616626,24.893208503723145,26.64932322502136,26.893208503723145,0,0,0,28,3,1790476712.2438836,,1.1085979953111438e+18,1.1085979953111438e+18,1.0,False,0,,1790476712.1096938,1790476712.1083012,1790476712.108394,,1790476712.1023266,,,,,,,,,,,,,,,
20260927_103759_1243248,u1e3,0,169,SIDE_PLUS,1790476712.099781,24.74910593032837,1790476712.2438836,True,True,False,False,,False,,,SIDE_DISPATCH|RAW_SEED_ATTEMPT|PRE_TIMING_SEED|TIMED_SEED|SEED_ELIGIBILITY|SOLVER_OK|FINAL_INPUT|JOINT_SEED|COMPARATOR_LOSS,,,,OPPONENT_D3_LOWER,1.0,0.0588235294117647,7.079143999137853,24.893208503723145,26.64932322502136,26.893208503723145,0,0,0,28,3,1790476712.2438836,1.7382227345620558e+19,1.7382227345620558e+19,1.7382227345620558e+19,1.0,False,0,,,1790476712.1085575,1790476712.1085892,,,1790476712.1099622,1790476712.102657,1790476712.102579,1790476712.1032007,1790476712.1024923,1790476712.1046946,1790476712.1027348,,,,,,,,
20260927_103759_1243248,u1e3,0,170,SIDE_MINUS,1790476712.099781,24.74910593032837,1790476712.2438836,True,True,True,True,90.0,True,24.904939,25.168165,SIDE_DISPATCH|RAW_SEED_ATTEMPT|PRE_TIMING_SEED|TIMED_SEED|SEED_ELIGIBILITY|SOLVER_OK|FINAL_INPUT|JOINT_SEED|COMPARATOR_WIN|SELECTED|COMMITTED,,,,D3_LOWER,1.0,0.0588235294117647,6.978962343038578,24.893208503723145,26.64932322502136,26.893208503723145,0,0,0,28,3,1790476712.2438836,8.626609350904211e+18,8.626609350904211e+18,8.626609350904211e+18,1.0,False,0,1790476712.1112516,1790476712.110208,1790476712.1086206,1790476712.1088614,1790476712.1103609,,,1790476712.105275,1790476712.1051483,1790476712.1057131,1790476712.1050391,1790476712.1073966,1790476712.1053472,,,,,,,,
20260927_103759_1243248,u1e3,0,171,NOMINAL,1790476712.3899865,25.039311170578003,1790476712.530952,False,False,False,False,,False,,,NOMINAL_CONTEXT|FINAL_INPUT_FAILED|JOINT_SEED,FINAL_INPUT_FAILED,,,,0.0,0.0,0.0,-1790476687.350675,-1790476687.350675,-1790476687.350675,0,0,0,28,3,1790476712.530952,,,,,False,0,,,,1790476712.403439,,1790476712.3944278,,,,,,,,1790476712.4034016,,,,,,,
20260927_103759_1243248,u1e3,0,172,SIDE_PLUS,1790476712.3899865,25.039311170578003,1790476712.530952,True,True,False,False,,False,,,SIDE_DISPATCH|RAW_SEED_ATTEMPT|PRE_TIMING_SEED|TIMED_SEED|SEED_ELIGIBILITY|SOLVER_FAILED|FINAL_INPUT|JOINT_SEED|COMPARATOR_WIN,,,,,0.0,0.0,0.0,-1790476687.350675,-1790476687.350675,27.18027687072754,1,0,1,28,3,1790476712.530952,,1.697692721637519e+19,1.697692721637519e+19,1.0,True,1,,1790476712.4037793,1790476712.4034774,1790476712.4035068,,,,1790476712.394798,1790476712.3946133,1790476712.3950307,1790476712.3944888,,1790476712.3948665,,1790476712.398664,,,,,,
20260927_103759_1243248,u1e3,0,173,SIDE_MINUS,1790476712.3899865,25.039311170578003,1790476712.530952,True,True,True,True,91.0,True,25.202846,25.43562,SIDE_DISPATCH|RAW_SEED_ATTEMPT|PRE_TIMING_SEED|TIMED_SEED|SEED_ELIGIBILITY|SOLVER_FAILED|FINAL_INPUT|JOINT_SEED|COMPARATOR_WIN|SELECTED|COMMITTED,,,,,0.0,0.0,0.0,-1790476687.350675,-1790476687.350675,27.18027687072754,1,0,1,28,3,1790476712.530952,,1.2706810433612345e+19,1.2706810433612345e+19,1.0,True,1,1790476712.4046588,1790476712.4040143,1790476712.4035378,1790476712.4035714,1790476712.4040518,,,1790476712.3992405,1790476712.3991103,1790476712.3994422,1790476712.3990245,,1790476712.399299,,1790476712.4027112,,,,,,
20260927_103759_1243248,u1e3,0,174,NOMINAL,1790476712.6706996,25.320024490356445,1790476712.8106997,False,False,False,False,,False,,,NOMINAL_CONTEXT|FINAL_INPUT_FAILED|JOINT_SEED,FINAL_INPUT_FAILED,,,,0.0,0.0,0.0,-1790476687.350675,-1790476687.350675,-1790476687.350675,0,0,0,28,3,1790476712.8106995,,,,,False,0,,,,1790476712.695274,,1790476712.6805491,,,,,,,,1790476712.695233,,,,,,,
20260927_103759_1243248,u1e3,0,175,SIDE_PLUS,1790476712.6706996,25.320024490356445,1790476712.8106997,True,True,False,False,,False,,,SIDE_DISPATCH|RAW_SEED_ATTEMPT|PRE_TIMING_SEED|TIMED_SEED|SEED_ELIGIBILITY|SOLVER_FAILED|FINAL_INPUT|JOINT_SEED|COMPARATOR_WIN,,,,,0.0,0.0,0.0,-1790476687.350675,-1790476687.350675,27.46002435684204,1,0,1,28,3,1790476712.8106995,,1.3390045600578003e+19,1.3390045600578003e+19,1.0,True,1,,1790476712.6956906,1790476712.6953752,1790476712.6954105,,,,1790476712.6809812,1790476712.680824,1790476712.6817346,1790476712.6806068,,1790476712.6810877,,1790476712.6887457,,,,,,
20260927_103759_1243248,u1e3,0,176,SIDE_MINUS,1790476712.6706996,25.320024490356445,1790476712.8106997,True,True,True,True,92.0,True,25.482386,25.737337,SIDE_DISPATCH|RAW_SEED_ATTEMPT|PRE_TIMING_SEED|TIMED_SEED|SEED_ELIGIBILITY|SOLVER_FAILED|FINAL_INPUT|JOINT_SEED|COMPARATOR_WIN|SELECTED|COMMITTED,,,,,0.0,0.0,0.0,-1790476687.350675,-1790476687.350675,27.46002435684204,1,0,1,28,3,1790476712.8106995,,1.52250528149607e+19,1.52250528149607e+19,1.0,True,1,1790476712.696851,1790476712.6960273,1790476712.6954424,1790476712.695475,1790476712.6960986,,,1790476712.689248,1790476712.689149,1790476712.6896791,1790476712.689082,,1790476712.689298,,1790476712.694597,,,,,,
20260927_103759_1243248,u1e3,0,177,NOMINAL,1790476712.949238,25.598562955856323,1790476713.089238,False,False,False,False,,False,,,NOMINAL_CONTEXT|FINAL_INPUT_FAILED|JOINT_SEED,FINAL_INPUT_FAILED,,,,0.0,0.0,0.0,-1790476687.350675,-1790476687.350675,-1790476687.350675,0,0,0,28,2,1790476713.089238,,,,,False,0,,,,1790476712.9647188,,1790476712.9547172,,,,,,,,1790476712.964686,,,,,,,
20260927_103759_1243248,u1e3,0,178,SIDE_PLUS,1790476712.949238,25.598562955856323,1790476713.089238,True,True,False,False,,False,,,SIDE_DISPATCH|RAW_SEED_ATTEMPT|PRE_TIMING_SEED|TIMED_SEED|SEED_ELIGIBILITY|SOLVER_FAILED|FINAL_INPUT|JOINT_SEED|COMPARATOR_WIN,,,,,0.0,0.0,0.0,-1790476687.350675,-1790476687.350675,27.73856282234192,1,0,1,28,2,1790476713.089238,,5.775248509047763e+18,5.775248509047763e+18,1.0,True,1,,1790476712.9651046,1790476712.9647512,1790476712.9647875,,,,1790476712.9554172,1790476712.9549797,1790476712.955684,1790476712.9547884,,1790476712.955491,,1790476712.9598281,,,,,,
20260927_103759_1243248,u1e3,0,179,SIDE_MINUS,1790476712.949238,25.598562955856323,1790476713.089238,True,True,True,True,93.0,True,25.769028,26.003561,SIDE_DISPATCH|RAW_SEED_ATTEMPT|PRE_TIMING_SEED|TIMED_SEED|SEED_ELIGIBILITY|SOLVER_FAILED|FINAL_INPUT|JOINT_SEED|COMPARATOR_WIN|SELECTED|COMMITTED,,,,,0.0,0.0,0.0,-1790476687.350675,-1790476687.350675,27.73856282234192,1,0,1,28,2,1790476713.089238,,6.200144836756659e+18,6.200144836756659e+18,1.0,True,1,1790476712.965944,1790476712.9653466,1790476712.964821,1790476712.9648504,1790476712.965407,,,1790476712.9604962,1790476712.9603605,1790476712.9609337,1790476712.960226,,1790476712.9605696,,1790476712.9638197,,,,,,
20260927_103759_1243248,u1e3,0,180,NOMINAL,1790476713.2408755,25.89020037651062,1790476713.380875,True,False,True,True,94.0,True,26.035958,26.305203,NOMINAL_CONTEXT|FINAL_INPUT|JOINT_SEED|COMPARATOR_WIN|SELECTED|COMMITTED,,,,,1.0,0.4,0.3628392071375749,26.030200242996216,26.44932460784912,28.030200242996216,0,0,0,28,2,1790476713.3808753,,9.875341851113634e+18,9.875341851113634e+18,1.0,False,0,1790476713.25276,1790476713.2519624,1790476713.251333,1790476713.2513835,1790476713.2521274,1790476713.2429574,,,,,,,,,,,,,,,
20260927_103759_1243248,u1e3,0,181,SIDE_MINUS,1790476713.2408755,25.89020037651062,1790476713.380875,False,True,False,False,,False,,,SIDE_DISPATCH|RAW_SEED_ATTEMPT|PRE_TIMING_SEED|TIMED_SEED|SEED_ELIGIBILITY|PRE_LOS|POST_LOS|SOLVER_OK|FINAL_INPUT|JOINT_SEED|PREFLIGHT_REJECT,PREFLIGHT_REJECT,DYNAMICS_FAIL,,,0.0,0.0,0.0,-1790476687.350675,-1790476687.350675,-1790476687.350675,0,0,1,28,2,1790476713.3808753,1.0421213137173006e+19,1.0421213137173006e+19,,,False,0,,,1790476713.2514856,1790476713.2515168,,,,1790476713.2433004,1790476713.2431533,1790476713.2436178,1790476713.243067,1790476713.2460299,1790476713.243392,,,1790476713.2520945,,,,,
20260927_103759_1243248,u1e3,0,182,SIDE_PLUS,1790476713.2408755,25.89020037651062,1790476713.380875,False,True,False,False,,False,,,SIDE_DISPATCH|RAW_SEED_ATTEMPT|PRE_TIMING_SEED|TIMED_SEED|SEED_ELIGIBILITY|PRE_LOS|POST_LOS|SOLVER_OK|FINAL_INPUT|JOINT_SEED|PREFLIGHT_REJECT,PREFLIGHT_REJECT,DYNAMICS_FAIL,,,0.0,0.0,0.0,-1790476687.350675,-1790476687.350675,-1790476687.350675,0,0,1,28,2,1790476713.3808753,4.1612484156864333e+18,4.1612484156864333e+18,,,False,0,,,1790476713.2514226,1790476713.2514553,,,,1790476713.2464921,1790476713.2463908,1790476713.2467678,1790476713.2462902,1790476713.2506433,1790476713.2465498,,,1790476713.2520566,,,,,
20260927_103759_1243248,u1e3,0,183,NOMINAL,1790476713.5378506,26.187175512313843,1790476713.6778505,True,False,True,True,95.0,True,26.335633,26.57087,FINAL_INPUT|JOINT_SEED|COMPARATOR_WIN|SELECTED|COMMITTED,,,,,1.0,1.0,0.0,26.32717537879944,26.4493248462677,28.32717537879944,0,0,0,-1,0,1790476713.6778505,,7.927547168203935e+18,7.927547168203935e+18,1.0,False,0,1790476713.540672,1790476713.5401576,1790476713.5397139,1790476713.5398152,1790476713.540248,,,,,,,,,,,,,,,,
20260927_103759_1243248,u1e4,0,425,NOMINAL,1790476742.6198618,55.2691867351532,1790476742.7638452,True,False,True,False,,False,,,NOMINAL_CONTEXT|FINAL_INPUT|JOINT_SEED|COMPARATOR_WIN|SELECTED|COMMIT_FAILED,COMMIT_FAILED,,,,0.0,0.0,0.0,-1790476687.350675,-1790476687.350675,57.41317009925842,0,0,0,-1,1,1790476742.7638452,,9.18948894112339e+18,9.18948894112339e+18,1.0,False,0,,1790476742.6441588,1790476742.6434422,1790476742.6434984,1790476742.6460004,1790476742.6343472,,,,,,,,,,,,,1790476742.646371,,
20260927_103759_1243248,u1e4,0,426,SIDE_PLUS,1790476742.6198618,55.2691867351532,1790476742.7638452,True,False,False,False,,False,,,SIDE_DISPATCH|RAW_SEED_ATTEMPT|PRE_TIMING_SEED|TIMED_SEED|SEED_ELIGIBILITY|SOLVER_OK|FINAL_INPUT|COMPARATOR_LOSS,,,,,0.0,0.0,0.0,-1790476687.350675,-1790476687.350675,57.41317009925842,0,0,0,-1,1,1790476742.7638452,1.0047819542836093e+17,1.0047819542836093e+17,1.0047819542836093e+17,1.0,False,0,,,1790476742.6435301,,,,1790476742.6451406,1790476742.6345258,1790476742.63446,1790476742.6346703,1790476742.634403,1790476742.6368067,1790476742.634561,,,,,,,,
20260927_103759_1243248,u1e4,0,427,SIDE_MINUS,1790476742.6198618,55.2691867351532,1790476742.7638452,True,False,False,False,,False,,,SIDE_DISPATCH|RAW_SEED_ATTEMPT|PRE_TIMING_SEED|TIMED_SEED|SEED_ELIGIBILITY|SOLVER_OK|FINAL_INPUT|COMPARATOR_LOSS,,,,,0.0,0.0,0.0,-1790476687.350675,-1790476687.350675,57.41317009925842,0,0,0,-1,1,1790476742.7638452,1.4110094465413472e+19,1.4110094465413472e+19,1.4110094465413472e+19,1.0,False,0,,,1790476742.6435573,,,,1790476742.6459327,1790476742.6372328,1790476742.6371357,1790476742.6379645,1790476742.6370845,1790476742.6422374,1790476742.6373024,,,,,,,,
20260927_103759_1243248,u1e4,0,428,NOMINAL,1790476742.656819,55.30614423751831,1790476742.799063,True,False,True,True,197.0,True,55.475854,55.635813,NOMINAL_CONTEXT|FINAL_INPUT|JOINT_SEED|COMPARATOR_WIN|SELECTED|COMMITTED,,,,,0.0,0.0,0.0,-1790476687.350675,-1790476687.350675,57.44838786125183,0,0,0,-1,1,1790476742.799063,,1.0746397609721168e+19,1.0746397609721168e+19,1.0,False,0,1790476742.6753643,1790476742.6721585,1790476742.6716988,1790476742.6717446,1790476742.6725986,1790476742.6628633,,,,,,,,,,,,,,,
20260927_103759_1243248,u1e4,0,429,SIDE_PLUS,1790476742.656819,55.30614423751831,1790476742.799063,True,False,False,False,,False,,,SIDE_DISPATCH|RAW_SEED_ATTEMPT|PRE_TIMING_SEED|TIMED_SEED|SEED_ELIGIBILITY|SOLVER_OK|FINAL_INPUT|COMPARATOR_LOSS,,,,,0.0,0.0,0.0,-1790476687.350675,-1790476687.350675,57.44838786125183,0,0,0,-1,1,1790476742.799063,1.552458269589352e+18,1.552458269589352e+18,1.552458269589352e+18,1.0,False,0,,,1790476742.671795,,,,1790476742.6723197,1790476742.663694,1790476742.6636133,1790476742.6643534,1790476742.6631517,1790476742.6672337,1790476742.6640825,,,,,,,,
20260927_103759_1243248,u1e4,0,430,SIDE_MINUS,1790476742.656819,55.30614423751831,1790476742.799063,True,False,False,False,,False,,,SIDE_DISPATCH|RAW_SEED_ATTEMPT|PRE_TIMING_SEED|TIMED_SEED|SEED_ELIGIBILITY|SOLVER_OK|FINAL_INPUT|COMPARATOR_LOSS,,,,,0.0,0.0,0.0,-1790476687.350675,-1790476687.350675,57.44838786125183,0,0,0,-1,1,1790476742.799063,1.7305916894109475e+19,1.7305916894109475e+19,1.7305916894109475e+19,1.0,False,0,,,1790476742.6718266,,,,1790476742.6725547,1790476742.668233,1790476742.6681647,1790476742.6685808,1790476742.6679454,1790476742.6707613,1790476742.6682706,,,,,,,,
20260927_103759_1243248,u1e4,0,431,NOMINAL,1790476742.8463871,55.49571204185486,1790476742.986421,True,False,True,True,198.0,True,55.67387,55.903478,NOMINAL_CONTEXT|FINAL_INPUT|JOINT_SEED|COMPARATOR_WIN|SELECTED|COMMITTED,,,,,0.0,0.0,0.0,-1790476687.350675,-1790476687.350675,57.635746240615845,0,0,0,-1,1,1790476742.9864213,,4.335686097525636e+18,4.335686097525636e+18,1.0,False,0,1790476742.865745,1790476742.863958,1790476742.8633912,1790476742.8634858,1790476742.8645713,1790476742.8527987,,,,,,,,,,,,,,,
20260927_103759_1243248,u1e4,0,432,SIDE_PLUS,1790476742.8463871,55.49571204185486,1790476742.986421,True,False,False,False,,False,,,SIDE_DISPATCH|RAW_SEED_ATTEMPT|PRE_TIMING_SEED|TIMED_SEED|SEED_ELIGIBILITY|SOLVER_OK|FINAL_INPUT|COMPARATOR_LOSS,,,,,0.0,0.0,0.0,-1790476687.350675,-1790476687.350675,57.635746240615845,0,0,0,-1,1,1790476742.9864213,1.2074433450858213e+19,1.2074433450858213e+19,1.2074433450858213e+19,1.0,False,0,,,1790476742.863565,,,,1790476742.8644779,1790476742.8531399,1790476742.8530183,1790476742.8533783,1790476742.852863,1790476742.8550828,1790476742.8532007,,,,,,,,
20260927_103759_1243248,u1e4,0,433,SIDE_MINUS,1790476742.8463871,55.49571204185486,1790476742.986421,False,False,False,False,,False,,,SIDE_DISPATCH|RAW_SEED_ATTEMPT|PRE_TIMING_SEED|TIMED_SEED|SEED_ELIGIBILITY|SOLVER_FAILED,SOLVER_FAILED_NO_FINAL_INPUT,OPTIMIZER_FALSE_WITHOUT_REASON,,,0.0,0.0,0.0,-1790476687.350675,-1790476687.350675,-1790476687.350675,0,0,0,-1,1,1790476742.9864213,,,,,True,0,,,,,,,,1790476742.8553488,1790476742.8552983,1790476742.8554783,1790476742.8552454,,1790476742.8553832,,1790476742.8626986,,,,,,
20260927_103759_1243248,u1e4,0,434,NOMINAL,1790476743.1036255,55.75295042991638,1790476743.2436254,True,False,True,True,199.0,True,55.935652,56.169096,NOMINAL_CONTEXT|FINAL_INPUT|JOINT_SEED|COMPARATOR_WIN|SELECTED|COMMITTED,,,,,0.0,0.0,0.0,-1790476687.350675,-1790476687.350675,57.89295029640198,0,0,0,5,3,1790476743.2436254,,9.243213121935393e+18,9.243213121935393e+18,1.0,False,0,1790476743.1360207,1790476743.1351418,1790476743.1346993,1790476743.1347902,1790476743.1352327,1790476743.1138406,,,,,,,,,,,,,,,
20260927_103759_1243248,u1e4,0,435,SIDE_PLUS,1790476743.1036255,55.75295042991638,1790476743.2436254,False,False,False,False,,False,,,SIDE_DISPATCH|RAW_SEED_ATTEMPT|PRE_TIMING_SEED|TIMED_SEED|SEED_ELIGIBILITY|SOLVER_FAILED,SOLVER_FAILED_NO_FINAL_INPUT,P_TRUST_TOO_SMALL,P_TRUST_TOO_SMALL,,0.0,0.0,0.0,-1790476687.350675,-1790476687.350675,-1790476687.350675,0,0,0,5,3,1790476743.2436254,,,,,True,0,,,,,,,,1790476743.114213,1790476743.114027,1790476743.1144564,1790476743.1139004,,1790476743.1142838,,1790476743.1252298,,,,,,
20260927_103759_1243248,u1e4,0,436,SIDE_MINUS,1790476743.1036255,55.75295042991638,1790476743.2436254,False,False,False,False,,False,,,SIDE_DISPATCH|RAW_SEED_ATTEMPT|PRE_TIMING_SEED|TIMED_SEED|SEED_ELIGIBILITY|SOLVER_FAILED,SOLVER_FAILED_NO_FINAL_INPUT,OPTIMIZER_FALSE_WITHOUT_REASON,,,0.0,0.0,0.0,-1790476687.350675,-1790476687.350675,-1790476687.350675,0,0,0,5,3,1790476743.2436254,,,,,True,0,,,,,,,,1790476743.1258883,1790476743.1257832,1790476743.1261058,1790476743.125635,,1790476743.1259274,,1790476743.133266,,,,,,
20260927_103759_1243248,u1e4,0,437,NOMINAL,1790476743.396295,56.04561996459961,1790476743.536295,False,False,False,False,,False,,,NOMINAL_CONTEXT|FINAL_INPUT|JOINT_SEED|PREFLIGHT_REJECT,PREFLIGHT_REJECT,HARD_DYNAMIC_COLLISION_FAIL,,,0.0,0.0,0.0,-1790476687.350675,-1790476687.350675,-1790476687.350675,0,0,0,-1,1,1790476743.536295,,1.2893187088168083e+19,,,False,0,,,1790476743.405807,1790476743.4058583,,1790476743.4007308,,,,,,,,,,1790476743.4061353,,,,,
20260927_103759_1243248,u1e4,0,438,SIDE_PLUS,1790476743.396295,56.04561996459961,1790476743.536295,True,False,True,True,200.0,True,56.202072,56.435827,SIDE_DISPATCH|RAW_SEED_ATTEMPT|PRE_TIMING_SEED|TIMED_SEED|SEED_ELIGIBILITY|SOLVER_OK|FINAL_INPUT|COMPARATOR_WIN|SELECTED|COMMITTED,,,,,1.0,0.0,1.4041050986822674,57.54932355880737,57.99295020103455,58.185619831085205,0,0,0,-1,1,1790476743.536295,1.3740423054866958e+19,1.3740423054866958e+19,1.3740423054866958e+19,1.0,False,0,1790476743.4071019,1790476743.4063659,1790476743.4058976,,1790476743.4064815,,,1790476743.4010344,1790476743.4008925,1790476743.401281,1790476743.4007928,1790476743.403864,1790476743.401101,,,,,,,,
20260927_103759_1243248,u1e4,0,439,SIDE_MINUS,1790476743.396295,56.04561996459961,1790476743.536295,False,False,False,False,,False,,,SIDE_DISPATCH|RAW_SEED_ATTEMPT|RAW_SEED_ATTEMPT|RAW_SEED_ATTEMPT|RAW_SEED_ATTEMPT|PREINIT_REJECT,PREINIT_REJECT,NO_STATIC_FEASIBLE_SIDE,,,0.0,0.0,0.0,-1790476687.350675,-1790476687.350675,-1790476687.350675,0,0,0,-1,1,1790476743.536295,,,,,False,0,,,,,,,,,1790476743.4047036,,1790476743.404162,,,,,,,1790476743.4052823,,,
20260927_103759_1243248,u1e4,0,440,NOMINAL,1790476743.6589,56.30822491645813,1790476743.7989,False,False,False,False,,False,,,NOMINAL_CONTEXT|FINAL_INPUT|JOINT_SEED|PREFLIGHT_REJECT,PREFLIGHT_REJECT,static map t=1.36667 occupancy=1 pos= 18.4088 0.664534  1.30976,,,0.0,0.0,0.0,-1790476687.350675,-1790476687.350675,-1790476687.350675,1,0,0,-1,1,1790476743.7989,,7.376256287763517e+18,,,False,1,,,1790476743.6833684,1790476743.6834667,,1790476743.678183,,,,,,,,,,1790476743.683881,,,,,
20260927_103759_1243248,u1e4,0,441,SIDE_MINUS,1790476743.6589,56.30822491645813,1790476743.7989,False,False,False,False,,False,,,SIDE_DISPATCH|RAW_SEED_ATTEMPT|RAW_SEED_ATTEMPT|RAW_SEED_ATTEMPT|RAW_SEED_ATTEMPT|PREINIT_REJECT,PREINIT_REJECT,NO_STATIC_FEASIBLE_SIDE,,,0.0,0.0,0.0,-1790476687.350675,-1790476687.350675,-1790476687.350675,0,0,0,-1,1,1790476743.7989,,,,,False,0,,,,,,,,,1790476743.6792665,,1790476743.6782563,,,,,,,1790476743.67979,,,
20260927_103759_1243248,u1e4,0,442,SIDE_PLUS,1790476743.6589,56.30822491645813,1790476743.7989,True,False,True,True,201.0,True,56.476023,56.703475,SIDE_DISPATCH|RAW_SEED_ATTEMPT|PRE_TIMING_SEED|TIMED_SEED|SEED_ELIGIBILITY|SOLVER_OK|FINAL_INPUT|COMPARATOR_WIN|SELECTED|COMMITTED,,,,,1.0,0.2857142857142857,1.6699837544823823,57.54932355880737,58.24932312965393,58.448224782943726,0,0,0,-1,1,1790476743.7989,1.2180223327987692e+19,1.2180223327987692e+19,1.2180223327987692e+19,1.0,False,0,1790476743.6858766,1790476743.6841009,1790476743.6835167,,1790476743.684221,,,1790476743.6801598,1790476743.6800218,1790476743.680493,1790476743.6798635,1790476743.6824949,1790476743.6802177,,,,,,,,
20260927_103759_1243248,u1e4,0,443,NOMINAL,1790476743.919865,56.56918954849243,1790476744.0598643,True,False,True,True,202.0,True,56.735912,57.005012,NOMINAL_CONTEXT|FINAL_INPUT|JOINT_SEED|COMPARATOR_WIN|SELECTED|COMMITTED,,,,,1.0,0.3333333333333333,1.6893635832008234,57.54932355880737,58.44932317733765,58.70918941497803,0,0,0,5,3,1790476744.0598645,,3.5598170952078317e+17,3.5598170952078317e+17,1.0,False,0,1790476743.9343483,1790476743.9332118,1790476743.9327004,1790476743.9327457,1790476743.9339192,1790476743.9243734,,,,,,,,,,,,,,,
20260927_103759_1243248,u1e4,0,444,SIDE_PLUS,1790476743.919865,56.56918954849243,1790476744.0598643,True,False,False,False,,False,,,SIDE_DISPATCH|RAW_SEED_ATTEMPT|PRE_TIMING_SEED|TIMED_SEED|SEED_ELIGIBILITY|PRE_LOS|POST_LOS|SOLVER_OK|FINAL_INPUT|COMPARATOR_LOSS,,,,OPPONENT_D3_LOWER,1.0,0.3333333333333333,1.784618661648884,57.54932355880737,58.44932317733765,58.70918941497803,0,0,1,5,3,1790476744.0598645,1.2974627578619718e+19,1.2974627578619718e+19,1.2974627578619718e+19,1.0,False,0,,,1790476743.9327834,,,,1790476743.9338484,1790476743.9258037,1790476743.9253485,1790476743.926318,1790476743.9244936,1790476743.930091,1790476743.9259534,,,,,,,,
20260927_103759_1243248,u1e4,0,445,SIDE_MINUS,1790476743.919865,56.56918954849243,1790476744.0598643,False,False,False,False,,False,,,SIDE_DISPATCH|RAW_SEED_ATTEMPT|RAW_SEED_ATTEMPT|RAW_SEED_ATTEMPT|RAW_SEED_ATTEMPT|PREINIT_REJECT,PREINIT_REJECT,NO_STATIC_FEASIBLE_SIDE,,,0.0,0.0,0.0,-1790476687.350675,-1790476687.350675,-1790476687.350675,0,0,0,5,3,1790476744.0598645,,,,,False,0,,,,,,,,,1790476743.9310887,,1790476743.9305637,,,,,,,1790476743.9322836,,,
20260927_103759_1243248,u1e4,0,446,NOMINAL,1790476744.2163208,56.86564564704895,1790476744.3563206,True,False,False,False,,False,,,NOMINAL_CONTEXT|FINAL_INPUT|JOINT_SEED|COMPARATOR_WIN,,,,,1.0,0.1111111111111111,2.048133608704936,57.54932355880737,58.44932317733765,59.00564551353455,0,0,0,5,3,1790476744.3563206,,1.4572295837515698e+19,1.4572295837515698e+19,1.0,False,0,,1790476744.2456648,1790476744.2446895,1790476744.244747,,1790476744.2216058,,,,,,,,,,,,,,,
20260927_103759_1243248,u1e4,0,447,SIDE_PLUS,1790476744.2163208,56.86564564704895,1790476744.3563206,True,False,True,True,203.0,True,57.035377,57.303431,SIDE_DISPATCH|RAW_SEED_ATTEMPT|PRE_TIMING_SEED|TIMED_SEED|SEED_ELIGIBILITY|PRE_LOS|POST_LOS|SOLVER_OK|FINAL_INPUT|COMPARATOR_WIN|SELECTED|COMMITTED,,,,C3_HIGHER,1.0,0.3333333333333333,1.785198633345618,57.54932355880737,58.44932317733765,59.00564551353455,0,0,1,5,3,1790476744.3563206,1.6932964236724079e+19,1.6932964236724079e+19,1.6932964236724079e+19,1.0,False,0,1790476744.2472618,1790476744.2459188,1790476744.2447789,,1790476744.2462323,,,1790476744.2220855,1790476744.2219453,1790476744.2228475,1790476744.2218518,1790476744.2284913,1790476744.2226977,,,,,,,,
20260927_103759_1243248,u1e4,0,448,SIDE_MINUS,1790476744.2163208,56.86564564704895,1790476744.3563206,False,False,False,False,,False,,,SIDE_DISPATCH|RAW_SEED_ATTEMPT|PRE_TIMING_SEED|TIMED_SEED|SEED_ELIGIBILITY|PRE_LOS|POST_LOS|SOLVER_OK|FINAL_INPUT|PREFLIGHT_REJECT,PREFLIGHT_REJECT,DYNAMICS_FAIL,,,0.0,0.0,0.0,-1790476687.350675,-1790476687.350675,-1790476687.350675,0,0,1,5,3,1790476744.3563206,1.6898063508869157e+19,1.6898063508869157e+19,,,False,0,,,1790476744.2448115,,,,,1790476744.2314663,1790476744.2291727,1790476744.2324793,1790476744.2287579,1790476744.243402,1790476744.231564,,,1790476744.2460086,,,,,
20260927_103759_1243248,u1e4,0,449,NOMINAL,1790476744.5038886,57.15321350097656,1790476744.6438885,True,False,True,True,204.0,True,57.335311,57.569253,NOMINAL_CONTEXT|FINAL_INPUT|JOINT_SEED|COMPARATOR_WIN|SELECTED|COMMITTED,,,,,1.0,0.4615384615384615,2.062455091251535,57.54932355880737,58.84932279586792,59.29321336746216,0,0,0,5,3,1790476744.6438885,,1.1654000897114454e+19,1.1654000897114454e+19,1.0,False,0,1790476744.5174336,1790476744.516284,1790476744.5155911,1790476744.5156717,1790476744.5168693,1790476744.5060928,,,,,,,,,,,,,,,
20260927_103759_1243248,u1e4,0,450,SIDE_PLUS,1790476744.5038886,57.15321350097656,1790476744.6438885,True,False,False,False,,False,,,SIDE_DISPATCH|RAW_SEED_ATTEMPT|PRE_TIMING_SEED|TIMED_SEED|SEED_ELIGIBILITY|PRE_LOS|POST_LOS|SOLVER_OK|FINAL_INPUT|COMPARATOR_LOSS,,,,OPPONENT_C3_HIGHER,1.0,0.2307692307692307,2.991347519476708,57.54932355880737,58.84932279586792,59.29321336746216,0,0,1,5,3,1790476744.6438885,2.61668087599855e+18,2.61668087599855e+18,2.61668087599855e+18,1.0,False,0,,,1790476744.5157304,,,,1790476744.516734,1790476744.506811,1790476744.5062463,1790476744.5073893,1790476744.5061584,1790476744.5107183,1790476744.5070024,,,,,,,,
20260927_103759_1243248,u1e4,0,451,SIDE_MINUS,1790476744.5038886,57.15321350097656,1790476744.6438885,False,False,False,False,,False,,,SIDE_DISPATCH|RAW_SEED_ATTEMPT|PRE_TIMING_SEED|TIMED_SEED|SEED_ELIGIBILITY|PRE_LOS|POST_LOS|SOLVER_OK|FINAL_INPUT|PREFLIGHT_REJECT,PREFLIGHT_REJECT,DYNAMICS_FAIL,,,0.0,0.0,0.0,-1790476687.350675,-1790476687.350675,-1790476687.350675,0,0,1,5,3,1790476744.6438885,8.460464255286711e+18,8.460464255286711e+18,,,False,0,,,1790476744.5157616,,,,,1790476744.5111103,1790476744.5110185,1790476744.5115623,1790476744.5108886,1790476744.5146196,1790476744.5112062,,,1790476744.5168304,,,,,
20260927_103759_1243248,u1e4,0,452,NOMINAL,1790476744.7971463,57.446471214294434,1790476744.9371462,True,False,True,True,205.0,True,57.603113,57.876989,NOMINAL_CONTEXT|FINAL_INPUT|JOINT_SEED|COMPARATOR_WIN|SELECTED|COMMITTED,,,,,1.0,0.4166666666666666,2.143788361740585,57.58647108078003,58.84932279586792,59.58647108078003,0,0,0,5,3,1790476744.9371462,,1.3681725732515756e+19,1.3681725732515756e+19,1.0,False,0,1790476744.8109543,1790476744.8099897,1790476744.8091419,1790476744.8091977,1790476744.8103876,1790476744.7990777,,,,,,,,,,,,,,,
20260927_103759_1243248,u1e4,0,453,SIDE_PLUS,1790476744.7971463,57.446471214294434,1790476744.9371462,False,False,False,False,,False,,,SIDE_DISPATCH|RAW_SEED_ATTEMPT|PRE_TIMING_SEED|TIMED_SEED|SEED_ELIGIBILITY|PRE_LOS|POST_LOS|SOLVER_OK|FINAL_INPUT|PREFLIGHT_REJECT,PREFLIGHT_REJECT,DYNAMICS_FAIL,,,0.0,0.0,0.0,-1790476687.350675,-1790476687.350675,-1790476687.350675,0,0,1,5,3,1790476744.9371462,1.5873419835673584e+19,1.5873419835673584e+19,,,False,0,,,1790476744.8092315,,,,,1790476744.7993937,1790476744.799201,1790476744.7999003,1790476744.799137,1790476744.804154,1790476744.7994747,,,1790476744.810173,,,,,
20260927_103759_1243248,u1e4,0,454,SIDE_MINUS,1790476744.7971463,57.446471214294434,1790476744.9371462,False,False,False,False,,False,,,SIDE_DISPATCH|RAW_SEED_ATTEMPT|PRE_TIMING_SEED|TIMED_SEED|SEED_ELIGIBILITY|PRE_LOS|POST_LOS|SOLVER_OK|FINAL_INPUT|PREFLIGHT_REJECT,PREFLIGHT_REJECT,DYNAMICS_FAIL,,,0.0,0.0,0.0,-1790476687.350675,-1790476687.350675,-1790476687.350675,0,0,1,5,3,1790476744.9371462,2.908886898956377e+18,2.908886898956377e+18,,,False,0,,,1790476744.809467,,,,,1790476744.8046498,1790476744.8045049,1790476744.8049269,1790476744.804425,1790476744.8081794,1790476744.8047137,,,1790476744.810284,,,,,
20260927_103759_1243248,u1e4,0,455,NOMINAL,1790476745.086697,57.736021995544434,1790476745.226697,True,False,True,True,206.0,True,57.910101,58.135912,NOMINAL_CONTEXT|FINAL_INPUT|JOINT_SEED|COMPARATOR_WIN|SELECTED|COMMITTED,,,,,1.0,0.4444444444444444,1.663342069563737,57.87602186203003,58.84932279586792,59.87602186203003,0,0,0,5,3,1790476745.226697,,4.669301408853048e+18,4.669301408853048e+18,1.0,False,0,1790476745.1070235,1790476745.1058378,1790476745.105271,1790476745.10533,1790476745.1062253,1790476745.0887332,,,,,,,,,,,,,,,
20260927_103759_1243248,u1e4,0,456,SIDE_PLUS,1790476745.086697,57.736021995544434,1790476745.226697,False,False,False,False,,False,,,SIDE_DISPATCH|RAW_SEED_ATTEMPT|PRE_TIMING_SEED|TIMED_SEED|SEED_ELIGIBILITY|PRE_LOS|POST_LOS|SOLVER_OK|FINAL_INPUT|PREFLIGHT_REJECT,PREFLIGHT_REJECT,DYNAMICS_FAIL,,,0.0,0.0,0.0,-1790476687.350675,-1790476687.350675,-1790476687.350675,0,0,1,5,3,1790476745.226697,1.2357272650411493e+19,1.2357272650411493e+19,,,False,0,,,1790476745.1053677,,,,,1790476745.0890527,1790476745.088951,1790476745.0937548,1790476745.0888143,1790476745.0985215,1790476745.093193,,,1790476745.106019,,,,,
20260927_103759_1243248,u1e4,0,457,SIDE_MINUS,1790476745.086697,57.736021995544434,1790476745.226697,False,False,False,False,,False,,,SIDE_DISPATCH|RAW_SEED_ATTEMPT|PRE_TIMING_SEED|TIMED_SEED|SEED_ELIGIBILITY|PRE_LOS|POST_LOS|SOLVER_OK|FINAL_INPUT|PREFLIGHT_REJECT,PREFLIGHT_REJECT,DYNAMICS_FAIL,,,0.0,0.0,0.0,-1790476687.350675,-1790476687.350675,-1790476687.350675,0,0,1,5,3,1790476745.226697,1.6300889442543458e+19,1.6300889442543458e+19,,,False,0,,,1790476745.1054003,,,,,1790476745.0993016,1790476745.099084,1790476745.099543,1790476745.098934,1790476745.102852,1790476745.0993779,,,1790476745.10614,,,,,
20260927_103759_1243248,u1e4,0,458,NOMINAL,1790476745.3364165,57.98574137687683,1790476745.4764163,True,False,True,False,,False,,,NOMINAL_CONTEXT|FINAL_INPUT|JOINT_SEED|COMPARATOR_WIN|SELECTED|COMMIT_FAILED,COMMIT_FAILED,,,,1.0,0.5714285714285714,0.6621916272294941,58.12574124336243,58.84932279586792,60.12574124336243,0,0,0,5,3,1790476745.4764163,,6.684029742279975e+18,6.684029742279975e+18,1.0,False,0,,1790476745.3474,1790476745.346804,1790476745.346902,1790476745.347772,1790476745.338247,,,,,,,,,,,,,1790476745.348278,,
20260927_103759_1243248,u1e4,0,459,SIDE_PLUS,1790476745.3364165,57.98574137687683,1790476745.4764163,False,False,False,False,,False,,,SIDE_DISPATCH|RAW_SEED_ATTEMPT|PRE_TIMING_SEED|TIMED_SEED|SEED_ELIGIBILITY|PRE_LOS|POST_LOS|SOLVER_OK|FINAL_INPUT|PREFLIGHT_REJECT,PREFLIGHT_REJECT,DYNAMICS_FAIL,,,0.0,0.0,0.0,-1790476687.350675,-1790476687.350675,-1790476687.350675,0,0,1,5,3,1790476745.4764163,1.402149256640875e+19,1.402149256640875e+19,,,False,0,,,1790476745.3469496,,,,,1790476745.3387086,1790476745.3385017,1790476745.3390174,1790476745.33831,1790476745.3421078,1790476745.3387904,,,1790476745.3475978,,,,,
20260927_103759_1243248,u1e4,0,460,SIDE_MINUS,1790476745.3364165,57.98574137687683,1790476745.4764163,False,False,False,False,,False,,,SIDE_DISPATCH|RAW_SEED_ATTEMPT|PRE_TIMING_SEED|TIMED_SEED|SEED_ELIGIBILITY|PRE_LOS|POST_LOS|SOLVER_OK|FINAL_INPUT|PREFLIGHT_REJECT,PREFLIGHT_REJECT,DYNAMICS_FAIL,,,0.0,0.0,0.0,-1790476687.350675,-1790476687.350675,-1790476687.350675,0,0,1,5,3,1790476745.4764163,1.6822851591414213e+19,1.6822851591414213e+19,,,False,0,,,1790476745.346986,,,,,1790476745.3426056,1790476745.3424942,1790476745.3430586,1790476745.3423564,1790476745.3459375,1790476745.342716,,,1790476745.3477209,,,,,
20260927_103759_1243248,u1e4,0,461,NOMINAL,1790476745.3484282,57.99775314331055,1790476745.488428,True,False,True,False,,False,,,NOMINAL_CONTEXT|FINAL_INPUT|JOINT_SEED|COMPARATOR_WIN|SELECTED|COMMIT_FAILED,COMMIT_FAILED,,,,1.0,0.5714285714285714,0.6105665909490114,58.13775300979614,58.84932279586792,60.13775300979614,0,0,0,5,3,1790476745.488428,,1.4479961331657556e+19,1.4479961331657556e+19,1.0,False,0,,1790476745.3598366,1790476745.3589945,1790476745.359043,1790476745.360052,1790476745.3504148,,,,,,,,,,,,,1790476745.360487,,
20260927_103759_1243248,u1e4,0,462,SIDE_PLUS,1790476745.3484282,57.99775314331055,1790476745.488428,False,False,False,False,,False,,,SIDE_DISPATCH|RAW_SEED_ATTEMPT|PRE_TIMING_SEED|TIMED_SEED|SEED_ELIGIBILITY|PRE_LOS|POST_LOS|SOLVER_OK|FINAL_INPUT|PREFLIGHT_REJECT,PREFLIGHT_REJECT,DYNAMICS_FAIL,,,0.0,0.0,0.0,-1790476687.350675,-1790476687.350675,-1790476687.350675,0,0,1,5,3,1790476745.488428,1.708004121727377e+19,1.708004121727377e+19,,,False,0,,,1790476745.3590875,,,,,1790476745.350651,1790476745.3505278,1790476745.3508544,1790476745.3504682,1790476745.353695,1790476745.3507266,,,1790476745.359918,,,,,
20260927_103759_1243248,u1e4,0,463,SIDE_MINUS,1790476745.3484282,57.99775314331055,1790476745.488428,False,False,False,False,,False,,,SIDE_DISPATCH|RAW_SEED_ATTEMPT|PRE_TIMING_SEED|TIMED_SEED|SEED_ELIGIBILITY|PRE_LOS|POST_LOS|SOLVER_OK|FINAL_INPUT|PREFLIGHT_REJECT,PREFLIGHT_REJECT,DYNAMICS_FAIL,,,0.0,0.0,0.0,-1790476687.350675,-1790476687.350675,-1790476687.350675,0,0,1,5,3,1790476745.488428,5.84061046313474e+17,5.84061046313474e+17,,,False,0,,,1790476745.3591237,,,,,1790476745.354236,1790476745.3541458,1790476745.3545587,1790476745.3540673,1790476745.3582225,1790476745.3543637,,,1790476745.3599582,,,,,
20260927_103759_1243248,u1e4,0,464,NOMINAL,1790476745.3605666,58.009891510009766,1790476745.5005665,True,False,True,False,,False,,,NOMINAL_CONTEXT|FINAL_INPUT|JOINT_SEED|COMPARATOR_WIN|SELECTED|COMMIT_FAILED,COMMIT_FAILED,,,,1.0,0.6666666666666666,0.5591519294394964,58.14989137649536,58.84932279586792,60.14989137649536,0,0,0,5,3,1790476745.5005665,,3.526576268749759e+18,3.526576268749759e+18,1.0,False,0,,1790476745.3731868,1790476745.3724527,1790476745.3726058,1790476745.3734217,1790476745.3623588,,,,,,,,,,,,,1790476745.3740504,,
20260927_103759_1243248,u1e4,0,465,SIDE_PLUS,1790476745.3605666,58.009891510009766,1790476745.5005665,False,False,False,False,,False,,,SIDE_DISPATCH|RAW_SEED_ATTEMPT|PRE_TIMING_SEED|TIMED_SEED|SEED_ELIGIBILITY|PRE_LOS|POST_LOS|SOLVER_OK|FINAL_INPUT|PREFLIGHT_REJECT,PREFLIGHT_REJECT,DYNAMICS_FAIL,,,0.0,0.0,0.0,-1790476687.350675,-1790476687.350675,-1790476687.350675,0,0,1,5,3,1790476745.5005665,1.0234571156384063e+19,1.0234571156384063e+19,,,False,0,,,1790476745.37269,,,,,1790476745.3625667,1790476745.3624718,1790476745.362866,1790476745.3624136,1790476745.3668654,1790476745.3626678,,,1790476745.373324,,,,,
20260927_103759_1243248,u1e4,0,466,SIDE_MINUS,1790476745.3605666,58.009891510009766,1790476745.5005665,False,False,False,False,,False,,,SIDE_DISPATCH|RAW_SEED_ATTEMPT|PRE_TIMING_SEED|TIMED_SEED|SEED_ELIGIBILITY|PRE_LOS|POST_LOS|SOLVER_OK|FINAL_INPUT|PREFLIGHT_REJECT,PREFLIGHT_REJECT,DYNAMICS_FAIL,,,0.0,0.0,0.0,-1790476687.350675,-1790476687.350675,-1790476687.350675,0,0,1,5,3,1790476745.5005665,4.662326472396471e+18,4.662326472396471e+18,,,False,0,,,1790476745.3727317,,,,,1790476745.3683074,1790476745.3681457,1790476745.3687427,1790476745.3677626,1790476745.3718376,1790476745.3683872,,,1790476745.3733778,,,,,
20260927_103759_1243248,u1e4,0,467,NOMINAL,1790476745.375106,58.02443099021912,1790476745.515106,True,False,True,False,,False,,,NOMINAL_CONTEXT|FINAL_INPUT|JOINT_SEED|COMPARATOR_WIN|SELECTED|COMMIT_FAILED,COMMIT_FAILED,,,,1.0,0.6666666666666666,0.5175906437538893,58.16443085670471,58.84932279586792,60.16443085670471,0,0,0,5,3,1790476745.515106,,1.6560783852236138e+19,1.6560783852236138e+19,1.0,False,0,,1790476745.3887963,1790476745.3880255,1790476745.3881044,1790476745.3894231,1790476745.3772652,,,,,,,,,,,,,1790476745.3897214,,
20260927_103759_1243248,u1e4,0,468,SIDE_PLUS,1790476745.375106,58.02443099021912,1790476745.515106,False,False,False,False,,False,,,SIDE_DISPATCH|RAW_SEED_ATTEMPT|PRE_TIMING_SEED|TIMED_SEED|SEED_ELIGIBILITY|PRE_LOS|POST_LOS|SOLVER_OK|FINAL_INPUT|PREFLIGHT_REJECT,PREFLIGHT_REJECT,DYNAMICS_FAIL,,,0.0,0.0,0.0,-1790476687.350675,-1790476687.350675,-1790476687.350675,0,0,1,5,3,1790476745.515106,1.1703354234775958e+19,1.1703354234775958e+19,,,False,0,,,1790476745.3882017,,,,,1790476745.3778582,1790476745.3773904,1790476745.3782344,1790476745.3773243,1790476745.382394,1790476745.3780305,,,1790476745.3890502,,,,,
20260927_103759_1243248,u1e4,0,469,SIDE_MINUS,1790476745.375106,58.02443099021912,1790476745.515106,False,False,False,False,,False,,,SIDE_DISPATCH|RAW_SEED_ATTEMPT|PRE_TIMING_SEED|TIMED_SEED|SEED_ELIGIBILITY|PRE_LOS|POST_LOS|SOLVER_OK|FINAL_INPUT|PREFLIGHT_REJECT,PREFLIGHT_REJECT,DYNAMICS_FAIL,,,0.0,0.0,0.0,-1790476687.350675,-1790476687.350675,-1790476687.350675,0,0,1,5,3,1790476745.515106,1.2425444970489448e+19,1.2425444970489448e+19,,,False,0,,,1790476745.3882577,,,,,1790476745.3833075,1790476745.3828967,1790476745.3839202,1790476745.3828168,1790476745.3866904,1790476745.3835921,,,1790476745.3891785,,,,,
20260927_103759_1243248,u1e4,0,470,NOMINAL,1790476745.3900936,58.0394184589386,1790476745.4900937,True,False,True,True,207.0,True,58.169112,58.403155,NOMINAL_CONTEXT|FINAL_INPUT|JOINT_SEED|COMPARATOR_WIN|SELECTED|COMMITTED,,,,,1.0,0.4285714285714285,0.8940245641476006,58.13941836357117,58.84932279586792,60.13941836357117,0,0,0,5,3,1790476745.4900935,,1.3902992163864869e+19,1.3902992163864869e+19,1.0,False,0,1790476745.40381,1790476745.4024966,1790476745.401691,1790476745.401751,1790476745.4027689,1790476745.3925385,,,,,,,,,,,,,,,
20260927_103759_1243248,u1e4,0,471,SIDE_PLUS,1790476745.3900936,58.0394184589386,1790476745.4900937,False,False,False,False,,False,,,SIDE_DISPATCH|RAW_SEED_ATTEMPT|PRE_TIMING_SEED|TIMED_SEED|SEED_ELIGIBILITY|PRE_LOS|POST_LOS|SOLVER_OK|FINAL_INPUT|PREFLIGHT_REJECT,PREFLIGHT_REJECT,DYNAMICS_FAIL,,,0.0,0.0,0.0,-1790476687.350675,-1790476687.350675,-1790476687.350675,0,0,1,5,3,1790476745.4900935,5.099850913531197e+18,5.099850913531197e+18,,,False,0,,,1790476745.4017916,,,,,1790476745.393027,1790476745.3928714,1790476745.3934171,1790476745.3925874,1790476745.3963177,1790476745.393105,,,1790476745.4026716,,,,,
20260927_103759_1243248,u1e4,0,472,SIDE_MINUS,1790476745.3900936,58.0394184589386,1790476745.4900937,False,False,False,False,,False,,,SIDE_DISPATCH|RAW_SEED_ATTEMPT|PRE_TIMING_SEED|TIMED_SEED|SEED_ELIGIBILITY|PRE_LOS|POST_LOS|SOLVER_OK|FINAL_INPUT|PREFLIGHT_REJECT,PREFLIGHT_REJECT,DYNAMICS_FAIL,,,0.0,0.0,0.0,-1790476687.350675,-1790476687.350675,-1790476687.350675,0,0,1,5,3,1790476745.4900935,1.8423307236299321e+19,1.8423307236299321e+19,,,False,0,,,1790476745.4018934,,,,,1790476745.397296,1790476745.3971498,1790476745.3976996,1790476745.396855,1790476745.400558,1790476745.3973706,,,1790476745.4027371,,,,,
20260927_103759_1243248,u1e4,0,473,NOMINAL,1790476745.5230243,58.17234921455383,1790476745.6630242,True,False,True,False,,False,,,NOMINAL_CONTEXT|FINAL_INPUT|JOINT_SEED|COMPARATOR_WIN|SELECTED|COMMIT_FAILED,COMMIT_FAILED,,,,1.0,0.6000000000000001,0.3221892138496461,58.31234908103943,58.84932279586792,60.31234908103943,0,0,0,5,3,1790476745.6630242,,5.858233096532231e+18,5.858233096532231e+18,1.0,False,0,,1790476745.5353475,1790476745.5348043,1790476745.5348566,1790476745.5357614,1790476745.5256388,,,,,,,,,,,,,1790476745.5361838,,
20260927_103759_1243248,u1e4,0,474,SIDE_PLUS,1790476745.5230243,58.17234921455383,1790476745.6630242,False,False,False,False,,False,,,SIDE_DISPATCH|RAW_SEED_ATTEMPT|PRE_TIMING_SEED|TIMED_SEED|SEED_ELIGIBILITY|PRE_LOS|POST_LOS|SOLVER_OK|FINAL_INPUT|PREFLIGHT_REJECT,PREFLIGHT_REJECT,DYNAMICS_FAIL,,,0.0,0.0,0.0,-1790476687.350675,-1790476687.350675,-1790476687.350675,0,0,1,5,3,1790476745.6630242,4.4656267199115556e+18,4.4656267199115556e+18,,,False,0,,,1790476745.5348978,,,,,1790476745.5260136,1790476745.5257716,1790476745.5262494,1790476745.5256941,1790476745.5301232,1790476745.526105,,,1790476745.535512,,,,,
20260927_103759_1243248,u1e4,0,475,SIDE_MINUS,1790476745.5230243,58.17234921455383,1790476745.6630242,False,False,False,False,,False,,,SIDE_DISPATCH|RAW_SEED_ATTEMPT|PRE_TIMING_SEED|TIMED_SEED|SEED_ELIGIBILITY|PRE_LOS|POST_LOS|SOLVER_OK|FINAL_INPUT|PREFLIGHT_REJECT,PREFLIGHT_REJECT,DYNAMICS_FAIL,,,0.0,0.0,0.0,-1790476687.350675,-1790476687.350675,-1790476687.350675,0,0,1,5,3,1790476745.6630242,3.7453134685427246e+18,3.7453134685427246e+18,,,False,0,,,1790476745.5349348,,,,,1790476745.5307713,1790476745.5306067,1790476745.5310311,1790476745.5304687,1790476745.5336053,1790476745.5308404,,,1790476745.535659,,,,,
20260927_103759_1243248,u1e4,0,476,NOMINAL,1790476745.5363476,58.18567252159119,1790476745.6763475,True,False,True,False,,False,,,NOMINAL_CONTEXT|FINAL_INPUT|JOINT_SEED|COMPARATOR_WIN|SELECTED|COMMIT_FAILED,COMMIT_FAILED,,,,1.0,0.6000000000000001,0.2892508786411015,58.32567238807678,58.84932279586792,60.32567238807678,0,0,0,5,3,1790476745.6763475,,1.509317938913e+19,1.509317938913e+19,1.0,False,0,,1790476745.547913,1790476745.5473855,1790476745.5474477,1790476745.5482192,1790476745.5382507,,,,,,,,,,,,,1790476745.5486245,,
20260927_103759_1243248,u1e4,0,477,SIDE_PLUS,1790476745.5363476,58.18567252159119,1790476745.6763475,False,False,False,False,,False,,,SIDE_DISPATCH|RAW_SEED_ATTEMPT|PRE_TIMING_SEED|TIMED_SEED|SEED_ELIGIBILITY|PRE_LOS|POST_LOS|SOLVER_OK|FINAL_INPUT|PREFLIGHT_REJECT,PREFLIGHT_REJECT,DYNAMICS_FAIL,,,0.0,0.0,0.0,-1790476687.350675,-1790476687.350675,-1790476687.350675,0,0,1,5,3,1790476745.6763475,1.2442663777540884e+19,1.2442663777540884e+19,,,False,0,,,1790476745.5474823,,,,,1790476745.5386262,1790476745.538434,1790476745.5388937,1790476745.53831,1790476745.5426147,1790476745.5387003,,,1790476745.5480587,,,,,
20260927_103759_1243248,u1e4,0,478,SIDE_MINUS,1790476745.5363476,58.18567252159119,1790476745.6763475,False,False,False,False,,False,,,SIDE_DISPATCH|RAW_SEED_ATTEMPT|PRE_TIMING_SEED|TIMED_SEED|SEED_ELIGIBILITY|PRE_LOS|POST_LOS|SOLVER_OK|FINAL_INPUT|PREFLIGHT_REJECT,PREFLIGHT_REJECT,DYNAMICS_FAIL,,,0.0,0.0,0.0,-1790476687.350675,-1790476687.350675,-1790476687.350675,0,0,1,5,3,1790476745.6763475,5.917100806492606e+18,5.917100806492606e+18,,,False,0,,,1790476745.5475192,,,,,1790476745.5434368,1790476745.543206,1790476745.5437183,1790476745.5430708,1790476745.546445,1790476745.5435176,,,1790476745.548168,,,,,
20260927_103759_1243248,u1e4,0,479,NOMINAL,1790476745.5486884,58.19801330566406,1790476745.6886885,True,False,True,False,,False,,,NOMINAL_CONTEXT|FINAL_INPUT|JOINT_SEED|COMPARATOR_WIN|SELECTED|COMMIT_FAILED,COMMIT_FAILED,,,,1.0,0.6000000000000001,0.2588038103198764,58.33801317214966,58.84932279586792,60.33801317214966,0,0,0,5,3,1790476745.6886883,,1.2438920920195426e+19,1.2438920920195426e+19,1.0,False,0,,1790476745.562114,1790476745.5612469,1790476745.5613031,1790476745.562276,1790476745.550421,,,,,,,,,,,,,1790476745.562601,,
20260927_103759_1243248,u1e4,0,480,SIDE_PLUS,1790476745.5486884,58.19801330566406,1790476745.6886885,False,False,False,False,,False,,,SIDE_DISPATCH|RAW_SEED_ATTEMPT|PRE_TIMING_SEED|TIMED_SEED|SEED_ELIGIBILITY|PRE_LOS|POST_LOS|SOLVER_OK|FINAL_INPUT|PREFLIGHT_REJECT,PREFLIGHT_REJECT,DYNAMICS_FAIL,,,0.0,0.0,0.0,-1790476687.350675,-1790476687.350675,-1790476687.350675,0,0,1,5,3,1790476745.6886883,1.6746951967014826e+19,1.6746951967014826e+19,,,False,0,,,1790476745.5616283,,,,,1790476745.5507815,1790476745.550617,1790476745.5511594,1790476745.5505276,1790476745.5555007,1790476745.5508707,,,1790476745.5621986,,,,,
20260927_103759_1243248,u1e4,0,481,SIDE_MINUS,1790476745.5486884,58.19801330566406,1790476745.6886885,False,False,False,False,,False,,,SIDE_DISPATCH|RAW_SEED_ATTEMPT|PRE_TIMING_SEED|TIMED_SEED|SEED_ELIGIBILITY|PRE_LOS|POST_LOS|SOLVER_OK|FINAL_INPUT|PREFLIGHT_REJECT,PREFLIGHT_REJECT,DYNAMICS_FAIL,,,0.0,0.0,0.0,-1790476687.350675,-1790476687.350675,-1790476687.350675,0,0,1,5,3,1790476745.6886883,1.3674569556769614e+19,1.3674569556769614e+19,,,False,0,,,1790476745.561685,,,,,1790476745.5562308,1790476745.556076,1790476745.5568187,1790476745.5558822,1790476745.560452,1790476745.5563967,,,1790476745.5622456,,,,,
20260927_103759_1243248,u1e4,0,482,NOMINAL,1790476745.563732,58.21305704116821,1790476745.703732,True,False,True,False,,False,,,NOMINAL_CONTEXT|FINAL_INPUT|JOINT_SEED|COMPARATOR_WIN|SELECTED|COMMIT_FAILED,COMMIT_FAILED,,,,1.0,0.75,0.225401780661777,58.35305690765381,58.84932279586792,60.35305690765381,0,0,0,5,3,1790476745.703732,,1.0816415854825974e+19,1.0816415854825974e+19,1.0,False,0,,1790476745.5830257,1790476745.582582,1790476745.582635,1790476745.5835273,1790476745.5661836,,,,,,,,,,,,,1790476745.583884,,
20260927_103759_1243248,u1e4,0,483,SIDE_PLUS,1790476745.563732,58.21305704116821,1790476745.703732,False,False,False,False,,False,,,SIDE_DISPATCH|RAW_SEED_ATTEMPT|PRE_TIMING_SEED|TIMED_SEED|SEED_ELIGIBILITY|PRE_LOS|POST_LOS|SOLVER_OK|FINAL_INPUT|PREFLIGHT_REJECT,PREFLIGHT_REJECT,DYNAMICS_FAIL,,,0.0,0.0,0.0,-1790476687.350675,-1790476687.350675,-1790476687.350675,0,0,1,5,3,1790476745.703732,1.6366181207826098e+19,1.6366181207826098e+19,,,False,0,,,1790476745.5826766,,,,,1790476745.5665386,1790476745.566388,1790476745.5668395,1790476745.5662339,1790476745.5698528,1790476745.5666156,,,1790476745.5832121,,,,,
20260927_103759_1243248,u1e4,0,484,SIDE_MINUS,1790476745.563732,58.21305704116821,1790476745.703732,False,False,False,False,,False,,,SIDE_DISPATCH|RAW_SEED_ATTEMPT|PRE_TIMING_SEED|TIMED_SEED|SEED_ELIGIBILITY|PRE_LOS|POST_LOS|SOLVER_OK|FINAL_INPUT|PREFLIGHT_REJECT,PREFLIGHT_REJECT,DYNAMICS_FAIL,,,0.0,0.0,0.0,-1790476687.350675,-1790476687.350675,-1790476687.350675,0,0,1,5,3,1790476745.703732,1.6763714523967191e+19,1.6763714523967191e+19,,,False,0,,,1790476745.5827153,,,,,1790476745.5703304,1790476745.5702386,1790476745.5706217,1790476745.570159,1790476745.5731308,1790476745.5703738,,,1790476745.5833216,,,,,
20260927_103759_1243248,u1e4,0,485,NOMINAL,1790476745.583941,58.23326587677002,1790476745.7239408,True,False,True,False,,False,,,NOMINAL_CONTEXT|FINAL_INPUT|JOINT_SEED|COMPARATOR_WIN|SELECTED|COMMIT_FAILED,COMMIT_FAILED,,,,1.0,0.75,0.1957514999615355,58.373265743255615,58.84932279586792,60.373265743255615,0,0,0,5,3,1790476745.7239408,,7.594362493910658e+18,7.594362493910658e+18,1.0,False,0,,1790476745.595038,1790476745.5944953,1790476745.594552,1790476745.5952547,1790476745.5871804,,,,,,,,,,,,,1790476745.5955043,,
20260927_103759_1243248,u1e4,0,486,SIDE_PLUS,1790476745.583941,58.23326587677002,1790476745.7239408,False,False,False,False,,False,,,SIDE_DISPATCH|RAW_SEED_ATTEMPT|PRE_TIMING_SEED|TIMED_SEED|SEED_ELIGIBILITY|PRE_LOS|POST_LOS|SOLVER_OK|FINAL_INPUT|PREFLIGHT_REJECT,PREFLIGHT_REJECT,DYNAMICS_FAIL,,,0.0,0.0,0.0,-1790476687.350675,-1790476687.350675,-1790476687.350675,0,0,1,5,3,1790476745.7239408,1.4749010361945274e+19,1.4749010361945274e+19,,,False,0,,,1790476745.594644,,,,,1790476745.5875003,1790476745.5872974,1790476745.5877087,1790476745.5872366,1790476745.5901105,1790476745.5875707,,,1790476745.5951617,,,,,
20260927_103759_1243248,u1e4,0,487,SIDE_MINUS,1790476745.583941,58.23326587677002,1790476745.7239408,False,False,False,False,,False,,,SIDE_DISPATCH|RAW_SEED_ATTEMPT|PRE_TIMING_SEED|TIMED_SEED|SEED_ELIGIBILITY|PRE_LOS|POST_LOS|SOLVER_OK|FINAL_INPUT|PREFLIGHT_REJECT,PREFLIGHT_REJECT,DYNAMICS_FAIL,,,0.0,0.0,0.0,-1790476687.350675,-1790476687.350675,-1790476687.350675,0,0,1,5,3,1790476745.7239408,8.599243102202362e+18,8.599243102202362e+18,,,False,0,,,1790476745.5946906,,,,,1790476745.5906727,1790476745.5905485,1790476745.590918,1790476745.5904262,1790476745.5937479,1790476745.590735,,,1790476745.595216,,,,,
20260927_103759_1243248,u1e4,0,488,NOMINAL,1790476745.595563,58.2448878288269,1790476745.7355628,True,False,True,False,,False,,,NOMINAL_CONTEXT|FINAL_INPUT|JOINT_SEED|COMPARATOR_WIN|SELECTED|COMMIT_FAILED,COMMIT_FAILED,,,,1.0,0.75,0.1787096633904388,58.3848876953125,58.84932279586792,60.3848876953125,0,0,0,5,3,1790476745.7355628,,8.94266002057576e+18,8.94266002057576e+18,1.0,False,0,,1790476745.611234,1790476745.6105933,1790476745.6106558,1790476745.6114728,1790476745.5995371,,,,,,,,,,,,,1790476745.611673,,
20260927_103759_1243248,u1e4,0,489,SIDE_PLUS,1790476745.595563,58.2448878288269,1790476745.7355628,False,False,False,False,,False,,,SIDE_DISPATCH|RAW_SEED_ATTEMPT|PRE_TIMING_SEED|TIMED_SEED|SEED_ELIGIBILITY|PRE_LOS|POST_LOS|SOLVER_OK|FINAL_INPUT|PREFLIGHT_REJECT,PREFLIGHT_REJECT,DYNAMICS_FAIL,,,0.0,0.0,0.0,-1790476687.350675,-1790476687.350675,-1790476687.350675,0,0,1,5,3,1790476745.7355628,1.5299436427050707e+19,1.5299436427050707e+19,,,False,0,,,1790476745.6106935,,,,,1790476745.5999744,1790476745.59976,1790476745.6001863,1790476745.5996375,1790476745.6057842,1790476745.6000526,,,1790476745.6113784,,,,,
20260927_103759_1243248,u1e4,0,490,SIDE_MINUS,1790476745.595563,58.2448878288269,1790476745.7355628,False,False,False,False,,False,,,SIDE_DISPATCH|RAW_SEED_ATTEMPT|PRE_TIMING_SEED|TIMED_SEED|SEED_ELIGIBILITY|PRE_LOS|POST_LOS|SOLVER_OK|FINAL_INPUT|PREFLIGHT_REJECT,PREFLIGHT_REJECT,DYNAMICS_FAIL,,,0.0,0.0,0.0,-1790476687.350675,-1790476687.350675,-1790476687.350675,0,0,1,5,3,1790476745.7355628,1.3718621078016312e+18,1.3718621078016312e+18,,,False,0,,,1790476745.610736,,,,,1790476745.6065156,1790476745.606359,1790476745.6067293,1790476745.606269,1790476745.6096566,1790476745.606597,,,1790476745.611441,,,,,
20260927_103759_1243248,u1e4,0,491,NOMINAL,1790476745.612573,58.261897802352905,1790476745.7525728,True,False,True,True,208.0,True,58.436171,58.53776,NOMINAL_CONTEXT|FINAL_INPUT|JOINT_SEED|COMPARATOR_WIN|SELECTED|COMMITTED,,,,,1.0,0.75,0.1538008329432783,58.4018976688385,58.84932279586792,60.4018976688385,0,0,0,5,3,1790476745.7525728,,8.42088408127343e+18,8.42088408127343e+18,1.0,False,0,1790476745.6273704,1790476745.6265311,1790476745.6258729,1790476745.6259277,1790476745.6267767,1790476745.6143394,,,,,,,,,,,,,,,
20260927_103759_1243248,u1e4,0,492,SIDE_PLUS,1790476745.612573,58.261897802352905,1790476745.7525728,False,False,False,False,,False,,,SIDE_DISPATCH|RAW_SEED_ATTEMPT|PRE_TIMING_SEED|TIMED_SEED|SEED_ELIGIBILITY|PRE_LOS|POST_LOS|SOLVER_OK|FINAL_INPUT|PREFLIGHT_REJECT,PREFLIGHT_REJECT,DYNAMICS_FAIL,,,0.0,0.0,0.0,-1790476687.350675,-1790476687.350675,-1790476687.350675,0,0,1,5,3,1790476745.7525728,1.3681577555454333e+18,1.3681577555454333e+18,,,False,0,,,1790476745.6260386,,,,,1790476745.614671,1790476745.6144812,1790476745.614886,1790476745.614393,1790476745.6179657,1790476745.6147518,,,1790476745.6266193,,,,,
20260927_103759_1243248,u1e4,0,493,SIDE_MINUS,1790476745.612573,58.261897802352905,1790476745.7525728,False,False,False,False,,False,,,SIDE_DISPATCH|RAW_SEED_ATTEMPT|PRE_TIMING_SEED|TIMED_SEED|SEED_ELIGIBILITY|PRE_LOS|POST_LOS|SOLVER_OK|FINAL_INPUT|PREFLIGHT_REJECT,PREFLIGHT_REJECT,DYNAMICS_FAIL,,,0.0,0.0,0.0,-1790476687.350675,-1790476687.350675,-1790476687.350675,0,0,1,5,3,1790476745.7525728,9.769239484284135e+18,9.769239484284135e+18,,,False,0,,,1790476745.6260858,,,,,1790476745.6188776,1790476745.6186757,1790476745.6194196,1790476745.618386,1790476745.6247344,1790476745.6189566,,,1790476745.6266687,,,,,
20260927_103759_1243248,u1e4,0,494,NOMINAL,1790476745.757702,58.40702700614929,1790476745.897702,True,False,True,True,209.0,True,58.570457,58.674311,NOMINAL_CONTEXT|FINAL_INPUT|JOINT_SEED|COMPARATOR_WIN|SELECTED|COMMITTED,,,,,1.0,1.0,0.001998953764858,58.54702687263489,58.84932279586792,60.54702687263489,0,0,0,-1,1,1790476745.897702,,4.261715961191026e+18,4.261715961191026e+18,1.0,False,0,1790476745.7678986,1790476745.766524,1790476745.7661974,1790476745.766248,1790476745.7672694,1790476745.7609112,,,,,,,,,,,,,,,
20260927_103759_1243248,u1e4,0,495,SIDE_PLUS,1790476745.757702,58.40702700614929,1790476745.897702,True,False,False,False,,False,,,SIDE_DISPATCH|RAW_SEED_ATTEMPT|PRE_TIMING_SEED|TIMED_SEED|SEED_ELIGIBILITY|SOLVER_OK|FINAL_INPUT|COMPARATOR_LOSS,,,,OPPONENT_SIDE_PREFERENCE_HOLD,1.0,1.0,0.001998953772954,58.54702687263489,58.84932279586792,60.54702687263489,0,0,0,-1,1,1790476745.897702,8.045564239913125e+18,8.045564239913125e+18,8.045564239913125e+18,1.0,False,0,,,1790476745.7662797,,,,1790476745.7669384,1790476745.7616465,1790476745.7614353,1790476745.7619243,1790476745.7610128,1790476745.763321,1790476745.7617602,,,,,,,,
20260927_103759_1243248,u1e4,0,496,SIDE_MINUS,1790476745.757702,58.40702700614929,1790476745.897702,True,False,False,False,,False,,,SIDE_DISPATCH|RAW_SEED_ATTEMPT|PRE_TIMING_SEED|TIMED_SEED|SEED_ELIGIBILITY|SOLVER_OK|FINAL_INPUT|COMPARATOR_LOSS,,,,OPPONENT_SIDE_PREFERENCE_HOLD,1.0,1.0,0.0019989537587132,58.54702687263489,58.84932279586792,60.54702687263489,0,0,0,-1,1,1790476745.897702,1.7378964156877095e+19,1.7378964156877095e+19,1.7378964156877095e+19,1.0,False,0,,,1790476745.766312,,,,1790476745.767217,1790476745.7638605,1790476745.763776,1790476745.7642133,1790476745.7636514,1790476745.7656417,1790476745.763953,,,,,,,,
20260927_103759_1243248,u1e5,0,511,NOMINAL,1790476748.68359,61.33291482925415,1790476748.8235898,True,False,True,True,220.0,True,61.502689,62.079401,FINAL_INPUT|JOINT_SEED|COMPARATOR_WIN|SELECTED|COMMITTED,,,,,0.0,0.0,0.0,-1790476687.350675,-1790476687.350675,63.47291469573975,0,0,0,-1,0,1790476748.8235898,,1.7460553722893763e+19,1.7460553722893763e+19,1.0,False,0,1790476748.6864913,1790476748.6860049,1790476748.6856399,1790476748.685699,1790476748.6860907,,,,,,,,,,,,,,,,
20260927_103759_1243248,u1e5,0,512,NOMINAL,1790476748.9801598,61.6294846534729,1790476749.1201596,False,False,False,False,,False,,,NOMINAL_CONTEXT|FINAL_INPUT|JOINT_SEED|HANDOFF_REJECT,HANDOFF_REJECT,MISSED_FROZEN_ACTIVATION,,,0.0,0.0,0.0,-1790476687.350675,-1790476687.350675,-1790476687.350675,0,0,0,13,2,1790476749.1201596,,8.891434456012834e+18,,,False,0,,,1790476749.1209648,1790476749.121025,,1790476748.9822657,,,,,,,,,,,1790476749.1219108,,,,
20260927_103759_1243248,u1e5,0,513,SIDE_MINUS,1790476748.9801598,61.6294846534729,1790476749.1201596,False,False,False,False,,False,,,SIDE_DISPATCH|RAW_SEED_ATTEMPT|RAW_SEED_ATTEMPT|RAW_SEED_ATTEMPT|RAW_SEED_ATTEMPT|PREINIT_REJECT,PREINIT_REJECT,NO_STATIC_FEASIBLE_SIDE,,,0.0,0.0,0.0,-1790476687.350675,-1790476687.350675,-1790476687.350675,0,0,0,13,2,1790476749.1201596,,,,,False,0,,,,,,,,,1790476749.0855408,,1790476748.9823356,,,,,,,1790476749.1177406,,,
20260927_103759_1243248,u1e5,0,514,SIDE_PLUS,1790476748.9801598,61.6294846534729,1790476749.1201596,False,True,False,False,,False,,,SIDE_DISPATCH|RAW_SEED_ATTEMPT|PRE_TIMING_SEED|TIMED_SEED|SEED_ELIGIBILITY|PRE_LOS|POST_LOS|SOLVER_OK|FINAL_INPUT|JOINT_SEED|HANDOFF_REJECT,HANDOFF_REJECT,MISSED_FROZEN_ACTIVATION,,,0.0,0.0,0.0,-1790476687.350675,-1790476687.350675,-1790476687.350675,0,0,1,13,2,1790476749.1201596,4.5680304072453417e+18,4.5680304072453417e+18,,,False,0,,,1790476749.1216052,1790476749.1216414,,,,1790476749.1182265,1790476749.1180198,1790476749.118605,1790476749.1178668,1790476749.1203709,1790476749.1183083,,,,1790476749.121965,,,,
20260927_103759_1243248,u1e5,0,515,NOMINAL,1790476749.133487,61.782811880111694,1790476749.2836983,False,False,False,False,,False,,,NOMINAL_CONTEXT|FINAL_INPUT|JOINT_SEED|HANDOFF_REJECT,HANDOFF_REJECT,MISSED_FROZEN_ACTIVATION,,,0.0,0.0,0.0,-1790476687.350675,-1790476687.350675,-1790476687.350675,0,0,0,13,2,1790476749.2836983,,9.526717758652477e+18,,,False,0,,,1790476749.2593048,1790476749.2593987,,1790476749.1358302,,,,,,,,,,,1790476749.2598386,,,,
20260927_103759_1243248,u1e5,0,516,SIDE_MINUS,1790476749.133487,61.782811880111694,1790476749.2836983,False,False,False,False,,False,,,SIDE_DISPATCH|RAW_SEED_ATTEMPT|RAW_SEED_ATTEMPT|RAW_SEED_ATTEMPT|RAW_SEED_ATTEMPT|PREINIT_REJECT,PREINIT_REJECT,NO_STATIC_FEASIBLE_SIDE,,,0.0,0.0,0.0,-1790476687.350675,-1790476687.350675,-1790476687.350675,0,0,0,13,2,1790476749.2836983,,,,,False,0,,,,,,,,,1790476749.2247443,,1790476749.136082,,,,,,,1790476749.255698,,,
20260927_103759_1243248,u1e5,0,517,SIDE_PLUS,1790476749.133487,61.782811880111694,1790476749.2836983,False,True,False,False,,False,,,SIDE_DISPATCH|RAW_SEED_ATTEMPT|PRE_TIMING_SEED|TIMED_SEED|SEED_ELIGIBILITY|PRE_LOS|POST_LOS|SOLVER_OK|FINAL_INPUT|JOINT_SEED|HANDOFF_REJECT,HANDOFF_REJECT,MISSED_FROZEN_ACTIVATION,,,0.0,0.0,0.0,-1790476687.350675,-1790476687.350675,-1790476687.350675,0,0,1,13,2,1790476749.2836983,9.151911615011437e+18,9.151911615011437e+18,,,False,0,,,1790476749.2594397,1790476749.2594755,,,,1790476749.2560751,1790476749.2559242,1790476749.2564583,1790476749.2558084,1790476749.2587,1790476749.2561557,,,,1790476749.2599065,,,,
20260927_103759_1243248,u1e5,0,518,NOMINAL,1790476749.2707305,61.9200553894043,1790476749.428591,True,False,True,True,221.0,True,62.108001,62.335476,NOMINAL_CONTEXT|FINAL_INPUT|JOINT_SEED|COMPARATOR_WIN|SELECTED|COMMITTED,,,,,1.0,1.0,0.0893733237590847,63.44932317733765,63.57291460037232,64.07791590690613,0,0,0,13,2,1790476749.428591,,2.7406728626612603e+18,2.7406728626612603e+18,1.0,False,0,1790476749.2792842,1790476749.2772875,1790476749.276821,1790476749.2768767,1790476749.2778337,1790476749.2728198,,,,,,,,,,,,,,,
20260927_103759_1243248,u1e5,0,519,SIDE_MINUS,1790476749.2707305,61.9200553894043,1790476749.428591,False,False,False,False,,False,,,SIDE_DISPATCH|RAW_SEED_ATTEMPT|RAW_SEED_ATTEMPT|RAW_SEED_ATTEMPT|RAW_SEED_ATTEMPT|PREINIT_REJECT,PREINIT_REJECT,NO_STATIC_FEASIBLE_SIDE,,,0.0,0.0,0.0,-1790476687.350675,-1790476687.350675,-1790476687.350675,0,0,0,13,2,1790476749.428591,,,,,False,0,,,,,,,,,1790476749.273483,,1790476749.2728844,,,,,,,1790476749.2737617,,,
20260927_103759_1243248,u1e5,0,520,SIDE_PLUS,1790476749.2707305,61.9200553894043,1790476749.428591,True,True,False,False,,False,,,SIDE_DISPATCH|RAW_SEED_ATTEMPT|PRE_TIMING_SEED|TIMED_SEED|SEED_ELIGIBILITY|PRE_LOS|POST_LOS|SOLVER_OK|FINAL_INPUT|JOINT_SEED|COMPARATOR_LOSS,,,,OPPONENT_D3_LOWER,1.0,1.0,0.1061290225037629,63.44932317733765,63.57291460037232,64.07791590690613,0,0,1,13,2,1790476749.428591,8.434796763020529e+17,8.434796763020529e+17,8.434796763020529e+17,1.0,False,0,,,1790476749.2769103,1790476749.2769477,,,1790476749.277769,1790476749.2740781,1790476749.2738695,1790476749.2743933,1790476749.273812,1790476749.2760937,1790476749.2741725,,,,,,,,
20260927_103759_1243248,u1e5,0,521,NOMINAL,1790476749.543918,62.19324278831482,1790476749.6969483,True,False,False,False,,False,,,NOMINAL_CONTEXT|FINAL_INPUT|JOINT_SEED|COMPARATOR_WIN,,,,,1.0,0.5,0.8285688607327689,63.44932317733765,63.97291421890259,64.34627318382263,0,0,0,13,2,1790476749.6969483,,1.1928514473859453e+18,1.1928514473859453e+18,1.0,False,0,,1790476749.55032,1790476749.549815,1790476749.5498598,,1790476749.5460002,,,,,,,,,,,,,,,
20260927_103759_1243248,u1e5,0,522,SIDE_MINUS,1790476749.543918,62.19324278831482,1790476749.6969483,False,False,False,False,,False,,,SIDE_DISPATCH|RAW_SEED_ATTEMPT|RAW_SEED_ATTEMPT|RAW_SEED_ATTEMPT|RAW_SEED_ATTEMPT|PREINIT_REJECT,PREINIT_REJECT,NO_STATIC_FEASIBLE_SIDE,,,0.0,0.0,0.0,-1790476687.350675,-1790476687.350675,-1790476687.350675,0,0,0,13,2,1790476749.6969483,,,,,False,0,,,,,,,,,1790476749.5465946,,1790476749.5460558,,,,,,,1790476749.546769,,,
20260927_103759_1243248,u1e5,0,523,SIDE_PLUS,1790476749.543918,62.19324278831482,1790476749.6969483,True,True,True,True,222.0,True,62.369112,62.602785,SIDE_DISPATCH|RAW_SEED_ATTEMPT|PRE_TIMING_SEED|TIMED_SEED|SEED_ELIGIBILITY|PRE_LOS|POST_LOS|SOLVER_OK|FINAL_INPUT|JOINT_SEED|COMPARATOR_WIN|SELECTED|COMMITTED,,,,D3_LOWER,1.0,0.5,0.6930985374778982,63.44932317733765,63.97291421890259,64.34627318382263,0,0,1,13,2,1790476749.6969483,1.380378779224183e+19,1.380378779224183e+19,1.380378779224183e+19,1.0,False,0,1790476749.5519767,1790476749.550622,1790476749.5498977,1790476749.5499337,1790476749.5507312,,,1790476749.5470352,1790476749.546881,1790476749.547301,1790476749.5467997,1790476749.548886,1790476749.547099,,,,,,,,
20260927_103759_1243248,u1e5,0,524,NOMINAL,1790476749.811334,62.46065902709961,1790476749.9600277,True,False,False,False,,False,,,NOMINAL_CONTEXT|FINAL_INPUT|JOINT_SEED|COMPARATOR_WIN,,,,,1.0,0.3,2.8566477302504367,63.44932317733765,64.37291383743286,64.60935235023499,0,0,0,13,2,1790476749.9600275,,1.3930228175789918e+19,1.3930228175789918e+19,1.0,False,0,,1790476749.8194773,1790476749.8188684,1790476749.8189194,,1790476749.8137407,,,,,,,,,,,,,,,
20260927_103759_1243248,u1e5,0,525,SIDE_MINUS,1790476749.811334,62.46065902709961,1790476749.9600277,True,True,False,False,,False,,,SIDE_DISPATCH|RAW_SEED_ATTEMPT|PRE_TIMING_SEED|TIMED_SEED|SEED_ELIGIBILITY|SOLVER_OK|FINAL_INPUT|JOINT_SEED|COMPARATOR_LOSS,,,,OPPONENT_D3_LOWER,1.0,0.3,2.7730876454663704,63.44932317733765,64.37291383743286,64.60935235023499,0,0,0,13,2,1790476749.9600275,1.5204393392536666e+19,1.5204393392536666e+19,1.5204393392536666e+19,1.0,False,0,,,1790476749.8190153,1790476749.819046,,,1790476749.820029,1790476749.8139803,1790476749.8138623,1790476749.814238,1790476749.8137944,1790476749.815316,1790476749.8140235,,,,,,,,
20260927_103759_1243248,u1e5,0,526,SIDE_PLUS,1790476749.811334,62.46065902709961,1790476749.9600277,True,True,True,True,223.0,True,62.635292,62.875878,SIDE_DISPATCH|RAW_SEED_ATTEMPT|PRE_TIMING_SEED|TIMED_SEED|SEED_ELIGIBILITY|PRE_LOS|POST_LOS|SOLVER_OK|FINAL_INPUT|JOINT_SEED|COMPARATOR_WIN|SELECTED|COMMITTED,,,,D3_LOWER,1.0,0.3,2.6284974030812887,63.44932317733765,64.37291383743286,64.60935235023499,0,0,1,13,2,1790476749.9600275,7.855984124636511e+18,7.855984124636511e+18,7.855984124636511e+18,1.0,False,0,1790476749.8206677,1790476749.819826,1790476749.8189511,1790476749.8189864,1790476749.820131,,,1790476749.8161526,1790476749.8158615,1790476749.8165245,1790476749.8157492,1790476749.8182478,1790476749.8162205,,,,,,,,
20260927_103759_1243248,u1e5,0,527,NOMINAL,1790476750.0924213,62.74174618721008,1790476750.2385955,True,False,False,False,,False,,,NOMINAL_CONTEXT|FINAL_INPUT|JOINT_SEED|COMPARATOR_WIN,,,,,1.0,0.2307692307692307,4.218432203481759,63.44932317733765,64.70935225486755,64.88792061805725,0,0,0,13,2,1790476750.2385957,,3.860256296875001e+18,3.860256296875001e+18,1.0,False,0,,1790476750.099619,1790476750.099186,1790476750.0992196,,1790476750.0944915,,,,,,,,,,,,,,,
20260927_103759_1243248,u1e5,0,528,SIDE_MINUS,1790476750.0924213,62.74174618721008,1790476750.2385955,True,True,False,False,,False,,,SIDE_DISPATCH|RAW_SEED_ATTEMPT|PRE_TIMING_SEED|TIMED_SEED|SEED_ELIGIBILITY|SOLVER_OK|FINAL_INPUT|JOINT_SEED|COMPARATOR_LOSS,,,,OPPONENT_D3_LOWER,1.0,0.2307692307692307,4.210292160269827,63.44932317733765,64.70935225486755,64.88792061805725,0,0,0,13,2,1790476750.2385957,1.3260569267058272e+19,1.3260569267058272e+19,1.3260569267058272e+19,1.0,False,0,,,1790476750.0993073,1790476750.0993361,,,1790476750.0998886,1790476750.094879,1790476750.0946555,1790476750.0952091,1790476750.0945482,1790476750.0963724,1790476750.0949752,,,,,,,,
20260927_103759_1243248,u1e5,0,529,SIDE_PLUS,1790476750.0924213,62.74174618721008,1790476750.2385955,True,True,True,True,224.0,True,62.915964,63.168641,SIDE_DISPATCH|RAW_SEED_ATTEMPT|PRE_TIMING_SEED|TIMED_SEED|SEED_ELIGIBILITY|PRE_LOS|POST_LOS|SOLVER_OK|FINAL_INPUT|JOINT_SEED|COMPARATOR_WIN|SELECTED|COMMITTED,,,,D3_LOWER,1.0,0.2307692307692307,4.154867788696108,63.44932317733765,64.70935225486755,64.88792061805725,0,0,1,13,2,1790476750.2385957,4.559896213313462e+18,4.559896213313462e+18,4.559896213313462e+18,1.0,False,0,1790476750.100204,1790476750.0997572,1790476750.0992498,1790476750.0992794,1790476750.0999227,,,1790476750.0969265,1790476750.0967472,1790476750.0971398,1790476750.0966253,1790476750.0987785,1790476750.0969949,,,,,,,,
20260927_103759_1243248,u1e5,0,530,NOMINAL,1790476750.3756592,63.02498412132263,1790476750.5182111,True,False,True,True,225.0,True,63.201954,63.435463,NOMINAL_CONTEXT|FINAL_INPUT|JOINT_SEED|COMPARATOR_WIN|SELECTED|COMMITTED,,,,,1.0,0.25,4.607888640809778,63.44932317733765,64.98792052268982,65.16753602027893,0,0,0,13,2,1790476750.5182111,,1.4733309990221138e+19,1.4733309990221138e+19,1.0,False,0,1790476750.3854194,1790476750.3839948,1790476750.3832736,1790476750.3833292,1790476750.38482,1790476750.3776057,,,,,,,,,,,,,,,
20260927_103759_1243248,u1e5,0,531,SIDE_MINUS,1790476750.3756592,63.02498412132263,1790476750.5182111,True,True,False,False,,False,,,SIDE_DISPATCH|RAW_SEED_ATTEMPT|PRE_TIMING_SEED|TIMED_SEED|SEED_ELIGIBILITY|SOLVER_OK|FINAL_INPUT|JOINT_SEED|COMPARATOR_LOSS,,,,OPPONENT_D3_LOWER,1.0,0.25,4.627329908777856,63.44932317733765,64.98792052268982,65.16753602027893,0,0,0,13,2,1790476750.5182111,1.2530686246384239e+19,1.2530686246384239e+19,1.2530686246384239e+19,1.0,False,0,,,1790476750.3834255,1790476750.3834565,,,1790476750.3847795,1790476750.3780394,1790476750.377902,1790476750.3783717,1790476750.377783,1790476750.3797004,1790476750.3781133,,,,,,,,
20260927_103759_1243248,u1e5,0,532,SIDE_PLUS,1790476750.3756592,63.02498412132263,1790476750.5182111,True,True,False,False,,False,,,SIDE_DISPATCH|RAW_SEED_ATTEMPT|PRE_TIMING_SEED|TIMED_SEED|SEED_ELIGIBILITY|PRE_LOS|POST_LOS|SOLVER_OK|FINAL_INPUT|JOINT_SEED|COMPARATOR_LOSS,,,,OPPONENT_D3_LOWER,1.0,0.25,4.608182652229317,63.44932317733765,64.98792052268982,65.16753602027893,0,0,1,13,2,1790476750.5182111,1.6543671175737762e+19,1.6543671175737762e+19,1.6543671175737762e+19,1.0,False,0,,,1790476750.383364,1790476750.3833942,,,1790476750.384557,1790476750.380193,1790476750.3800826,1790476750.3804207,1790476750.3799722,1790476750.382463,1790476750.3802369,,,,,,,,
20260927_103759_1243248,u1e5,0,533,NOMINAL,1790476750.66322,63.31254482269287,1790476750.8032198,True,False,True,True,226.0,True,63.473649,63.735704,NOMINAL_CONTEXT|FINAL_INPUT|JOINT_SEED|COMPARATOR_WIN|SELECTED|COMMITTED,,,,,1.0,0.2,4.621989396932673,63.45254468917847,65.0493233203888,65.45254468917847,0,0,0,13,2,1790476750.8032198,,7.050747553891262e+18,7.050747553891262e+18,1.0,False,0,1790476750.6743114,1790476750.6728141,1790476750.672081,1790476750.6721377,1790476750.6734283,1790476750.66529,,,,,,,,,,,,,,,
20260927_103759_1243248,u1e5,0,534,SIDE_MINUS,1790476750.66322,63.31254482269287,1790476750.8032198,True,True,False,False,,False,,,SIDE_DISPATCH|RAW_SEED_ATTEMPT|PRE_TIMING_SEED|TIMED_SEED|SEED_ELIGIBILITY|SOLVER_OK|FINAL_INPUT|JOINT_SEED|COMPARATOR_LOSS,,,,OPPONENT_D3_LOWER,1.0,0.2,4.667227620068565,63.45254468917847,65.0493233203888,65.45254468917847,0,0,0,13,2,1790476750.8032198,3.5354805302829097e+18,3.5354805302829097e+18,3.5354805302829097e+18,1.0,False,0,,,1790476750.6722853,1790476750.6723146,,,1790476750.6733627,1790476750.6656933,1790476750.6655986,1790476750.6661806,1790476750.6654682,1790476750.667707,1790476750.665827,,,,,,,,
20260927_103759_1243248,u1e5,0,535,SIDE_PLUS,1790476750.66322,63.31254482269287,1790476750.8032198,True,True,False,False,,False,,,SIDE_DISPATCH|RAW_SEED_ATTEMPT|PRE_TIMING_SEED|TIMED_SEED|SEED_ELIGIBILITY|PRE_LOS|POST_LOS|SOLVER_OK|FINAL_INPUT|JOINT_SEED|COMPARATOR_LOSS,,,,OPPONENT_C3_HIGHER,1.0,0.1333333333333333,4.812112120342999,63.45254468917847,65.0493233203888,65.45254468917847,0,0,1,13,2,1790476750.8032198,2.721074920725847e+18,2.721074920725847e+18,2.721074920725847e+18,1.0,False,0,,,1790476750.672208,1790476750.6722536,,,1790476750.6731124,1790476750.6684456,1790476750.6682224,1790476750.6687932,1790476750.6680999,1790476750.6712852,1790476750.6685138,,,,,,,,
20260927_103759_1243248,u1e5,0,536,NOMINAL,1790476750.9418364,63.59116125106812,1790476751.0818362,False,False,False,False,,False,,,NOMINAL_CONTEXT|FINAL_INPUT_FAILED|JOINT_SEED,FINAL_INPUT_FAILED,,,,0.0,0.0,0.0,-1790476687.350675,-1790476687.350675,-1790476687.350675,0,0,0,13,2,1790476751.0818362,,,,,False,0,,,,1790476750.9548004,,1790476750.946699,,,,,,,,1790476750.9547725,,,,,,,
20260927_103759_1243248,u1e5,0,537,SIDE_MINUS,1790476750.9418364,63.59116125106812,1790476751.0818362,False,True,False,False,,False,,,SIDE_DISPATCH|RAW_SEED_ATTEMPT|PRE_TIMING_SEED|TIMED_SEED|SEED_ELIGIBILITY|PRE_LOS|POST_LOS|SOLVER_OK|FINAL_INPUT|JOINT_SEED|PREFLIGHT_REJECT,PREFLIGHT_REJECT,DYNAMICS_FAIL,,,0.0,0.0,0.0,-1790476687.350675,-1790476687.350675,-1790476687.350675,0,0,1,13,2,1790476751.0818362,1.2464504523463502e+19,1.2464504523463502e+19,,,False,0,,,1790476750.954902,1790476750.9549375,,,,1790476750.9473598,1790476750.9468775,1790476750.947745,1790476750.9467778,1790476750.951302,1790476750.9474485,,,1790476750.9555018,,,,,
20260927_103759_1243248,u1e5,0,538,SIDE_PLUS,1790476750.9418364,63.59116125106812,1790476751.0818362,False,True,False,False,,False,,,SIDE_DISPATCH|RAW_SEED_ATTEMPT|PRE_TIMING_SEED|TIMED_SEED|SEED_ELIGIBILITY|PRE_LOS|POST_LOS|SOLVER_OK|FINAL_INPUT|JOINT_SEED|PREFLIGHT_REJECT,PREFLIGHT_REJECT,DYNAMICS_FAIL,,,0.0,0.0,0.0,-1790476687.350675,-1790476687.350675,-1790476687.350675,0,0,1,13,2,1790476751.0818362,1.627425436663771e+19,1.627425436663771e+19,,,False,0,,,1790476750.9548385,1790476750.9548697,,,,1790476750.951754,1790476750.951676,1790476750.9519231,1790476750.9515882,1790476750.9542458,1790476750.9517994,,,1790476750.9551702,,,,,
20260927_103759_1243248,u1e5,0,539,NOMINAL,1790476750.9677677,63.61709237098694,1790476751.107767,True,False,True,True,227.0,True,63.769109,64.003438,NOMINAL_CONTEXT|FINAL_INPUT|JOINT_SEED|COMPARATOR_WIN|SELECTED|COMMITTED,,,,,1.0,0.0833333333333333,4.436405233694436,63.75709223747253,65.04932355880737,65.75709223747253,0,0,0,13,2,1790476751.1077673,,2.630525121931047e+18,2.630525121931047e+18,1.0,False,0,1790476750.98314,1790476750.982309,1790476750.9817026,1790476750.9817603,1790476750.982644,1790476750.9711282,,,,,,,,,,,,,,,
20260927_103759_1243248,u1e5,0,540,SIDE_MINUS,1790476750.9677677,63.61709237098694,1790476751.107767,False,True,False,False,,False,,,SIDE_DISPATCH|RAW_SEED_ATTEMPT|PRE_TIMING_SEED|TIMED_SEED|SEED_ELIGIBILITY|PRE_LOS|POST_LOS|SOLVER_OK|FINAL_INPUT|JOINT_SEED|PREFLIGHT_REJECT,PREFLIGHT_REJECT,DYNAMICS_FAIL,,,0.0,0.0,0.0,-1790476687.350675,-1790476687.350675,-1790476687.350675,0,0,1,13,2,1790476751.1077673,1.3722022785545243e+19,1.3722022785545243e+19,,,False,0,,,1790476750.9818587,1790476750.9818954,,,,1790476750.971619,1790476750.971518,1790476750.9718764,1790476750.9711928,1790476750.9760478,1790476750.9716778,,,1790476750.982592,,,,,
20260927_103759_1243248,u1e5,0,541,SIDE_PLUS,1790476750.9677677,63.61709237098694,1790476751.107767,False,True,False,False,,False,,,SIDE_DISPATCH|RAW_SEED_ATTEMPT|PRE_TIMING_SEED|TIMED_SEED|SEED_ELIGIBILITY|PRE_LOS|POST_LOS|SOLVER_OK|FINAL_INPUT|JOINT_SEED|PREFLIGHT_REJECT,PREFLIGHT_REJECT,DYNAMICS_FAIL,,,0.0,0.0,0.0,-1790476687.350675,-1790476687.350675,-1790476687.350675,0,0,1,13,2,1790476751.1077673,1.2617077508646113e+19,1.2617077508646113e+19,,,False,0,,,1790476750.9817939,1790476750.981827,,,,1790476750.9766653,1790476750.9765198,1790476750.9769237,1790476750.9764378,1790476750.9806187,1790476750.976733,,,1790476750.9824786,,,,,
20260927_103759_1243248,u1e5,0,542,NOMINAL,1790476751.2157283,63.86505317687988,1790476751.355728,True,False,True,True,228.0,True,64.035406,64.27242,NOMINAL_CONTEXT|FINAL_INPUT|JOINT_SEED|COMPARATOR_WIN|SELECTED|COMMITTED,,,,,1.0,0.1818181818181818,3.76281278771173,64.00505304336548,65.04932403564453,66.00505304336548,0,0,0,13,2,1790476751.3557281,,4.823980612223689e+18,4.823980612223689e+18,1.0,False,0,1790476751.2278025,1790476751.2272081,1790476751.2264366,1790476751.2265923,1790476751.2274127,1790476751.2176287,,,,,,,,,,,,,,,
20260927_103759_1243248,u1e5,0,543,SIDE_MINUS,1790476751.2157283,63.86505317687988,1790476751.355728,False,True,False,False,,False,,,SIDE_DISPATCH|RAW_SEED_ATTEMPT|PRE_TIMING_SEED|TIMED_SEED|SEED_ELIGIBILITY|PRE_LOS|POST_LOS|SOLVER_OK|FINAL_INPUT|JOINT_SEED|PREFLIGHT_REJECT,PREFLIGHT_REJECT,DYNAMICS_FAIL,,,0.0,0.0,0.0,-1790476687.350675,-1790476687.350675,-1790476687.350675,0,0,1,13,2,1790476751.3557281,3.969326183228538e+18,3.969326183228538e+18,,,False,0,,,1790476751.2266989,1790476751.2267823,,,,1790476751.2178433,1790476751.2177622,1790476751.2180595,1790476751.2176814,1790476751.2212794,1790476751.2178838,,,1790476751.2273839,,,,,
20260927_103759_1243248,u1e5,0,544,SIDE_PLUS,1790476751.2157283,63.86505317687988,1790476751.355728,False,True,False,False,,False,,,SIDE_DISPATCH|RAW_SEED_ATTEMPT|PRE_TIMING_SEED|TIMED_SEED|SEED_ELIGIBILITY|PRE_LOS|POST_LOS|SOLVER_OK|FINAL_INPUT|JOINT_SEED|PREFLIGHT_REJECT,PREFLIGHT_REJECT,DYNAMICS_FAIL,,,0.0,0.0,0.0,-1790476687.350675,-1790476687.350675,-1790476687.350675,0,0,1,13,2,1790476751.3557281,1.1097116418959976e+19,1.1097116418959976e+19,,,False,0,,,1790476751.226638,1790476751.2266684,,,,1790476751.2218335,1790476751.2217603,1790476751.222123,1790476751.2216783,1790476751.2258117,1790476751.2218752,,,1790476751.2273347,,,,,
20260927_103759_1243248,u1e5,0,545,NOMINAL,1790476751.4918952,64.14122009277344,1790476751.631895,True,False,True,True,229.0,True,64.304162,64.535331,NOMINAL_CONTEXT|FINAL_INPUT|JOINT_SEED|COMPARATOR_WIN|SELECTED|COMMITTED,,,,,1.0,0.25,2.252346260219198,64.28121995925903,65.04932427406311,66.28121995925903,0,0,0,13,2,1790476751.631895,,1.5692786123768582e+19,1.5692786123768582e+19,1.0,False,0,1790476751.5077083,1790476751.5055072,1790476751.5048757,1790476751.5049374,1790476751.5070078,1790476751.494625,,,,,,,,,,,,,,,
20260927_103759_1243248,u1e5,0,546,SIDE_MINUS,1790476751.4918952,64.14122009277344,1790476751.631895,False,True,False,False,,False,,,SIDE_DISPATCH|RAW_SEED_ATTEMPT|PRE_TIMING_SEED|TIMED_SEED|SEED_ELIGIBILITY|PRE_LOS|POST_LOS|SOLVER_OK|FINAL_INPUT|JOINT_SEED|PREFLIGHT_REJECT,PREFLIGHT_REJECT,DYNAMICS_FAIL,,,0.0,0.0,0.0,-1790476687.350675,-1790476687.350675,-1790476687.350675,0,0,1,13,2,1790476751.631895,7.453503975451355e+18,7.453503975451355e+18,,,False,0,,,1790476751.505036,1790476751.5050683,,,,1790476751.4950318,1790476751.4947722,1790476751.4955282,1790476751.4947004,1790476751.4990945,1790476751.495142,,,1790476751.5057864,,,,,
20260927_103759_1243248,u1e5,0,547,SIDE_PLUS,1790476751.4918952,64.14122009277344,1790476751.631895,False,True,False,False,,False,,,SIDE_DISPATCH|RAW_SEED_ATTEMPT|PRE_TIMING_SEED|TIMED_SEED|SEED_ELIGIBILITY|PRE_LOS|POST_LOS|SOLVER_OK|FINAL_INPUT|JOINT_SEED|PREFLIGHT_REJECT,PREFLIGHT_REJECT,DYNAMICS_FAIL,,,0.0,0.0,0.0,-1790476687.350675,-1790476687.350675,-1790476687.350675,0,0,1,13,2,1790476751.631895,1.7083792113763422e+19,1.7083792113763422e+19,,,False,0,,,1790476751.5049713,1790476751.5050035,,,,1790476751.4999065,1790476751.4997432,1790476751.5003493,1790476751.4996228,1790476751.503968,1790476751.4999795,,,1790476751.5056696,,,,,
20260927_103759_1243248,u1e5,0,548,NOMINAL,1790476751.767213,64.41653823852539,1790476751.9072132,True,False,True,True,230.0,True,64.569857,64.802123,NOMINAL_CONTEXT|FINAL_INPUT|JOINT_SEED|COMPARATOR_WIN|SELECTED|COMMITTED,,,,,1.0,0.4,0.7878737677005603,64.55653810501099,65.04932451248169,66.55653810501099,0,0,0,13,2,1790476751.9072132,,1.2947110969911508e+18,1.2947110969911508e+18,1.0,False,0,1790476751.781121,1790476751.780444,1790476751.7797847,1790476751.7798777,1790476751.7806191,1790476751.769099,,,,,,,,,,,,,,,
20260927_103759_1243248,u1e5,0,549,SIDE_MINUS,1790476751.767213,64.41653823852539,1790476751.9072132,False,True,False,False,,False,,,SIDE_DISPATCH|RAW_SEED_ATTEMPT|PRE_TIMING_SEED|TIMED_SEED|SEED_ELIGIBILITY|PRE_LOS|POST_LOS|SOLVER_OK|FINAL_INPUT|JOINT_SEED|PREFLIGHT_REJECT,PREFLIGHT_REJECT,DYNAMICS_FAIL,,,0.0,0.0,0.0,-1790476687.350675,-1790476687.350675,-1790476687.350675,0,0,1,13,2,1790476751.9072132,1.2937285338485813e+19,1.2937285338485813e+19,,,False,0,,,1790476751.7799885,1790476751.7800224,,,,1790476751.7696395,1790476751.76947,1790476751.769983,1790476751.769306,1790476751.7734234,1790476751.7697144,,,1790476751.7805834,,,,,
20260927_103759_1243248,u1e5,0,550,SIDE_PLUS,1790476751.767213,64.41653823852539,1790476751.9072132,False,True,False,False,,False,,,SIDE_DISPATCH|RAW_SEED_ATTEMPT|PRE_TIMING_SEED|TIMED_SEED|SEED_ELIGIBILITY|PRE_LOS|POST_LOS|SOLVER_OK|FINAL_INPUT|JOINT_SEED|PREFLIGHT_REJECT,PREFLIGHT_REJECT,DYNAMICS_FAIL,,,0.0,0.0,0.0,-1790476687.350675,-1790476687.350675,-1790476687.350675,0,0,1,13,2,1790476751.9072132,1.5018871036346655e+19,1.5018871036346655e+19,,,False,0,,,1790476751.7799208,1790476751.7799578,,,,1790476751.7739933,1790476751.7739046,1790476751.7743053,1790476751.7738247,1790476751.7787817,1790476751.7740357,,,1790476751.7805386,,,,,
20260927_103759_1243248,u1e5,0,551,NOMINAL,1790476752.028324,64.67764902114868,1790476752.168324,True,False,True,True,231.0,True,64.835595,65.10549,NOMINAL_CONTEXT|FINAL_INPUT|JOINT_SEED|COMPARATOR_WIN|SELECTED|COMMITTED,,,,,1.0,0.6666666666666666,0.1573739775241549,64.81764888763428,65.04932475090027,66.81764888763428,0,0,0,13,2,1790476752.168324,,1.2633230892958648e+19,1.2633230892958648e+19,1.0,False,0,1790476752.041529,1790476752.0404277,1790476752.039614,1790476752.0396707,1790476752.0409067,1790476752.0300949,,,,,,,,,,,,,,,
20260927_103759_1243248,u1e5,0,552,SIDE_MINUS,1790476752.028324,64.67764902114868,1790476752.168324,True,True,False,False,,False,,,SIDE_DISPATCH|RAW_SEED_ATTEMPT|PRE_TIMING_SEED|TIMED_SEED|SEED_ELIGIBILITY|PRE_LOS|POST_LOS|SOLVER_OK|FINAL_INPUT|JOINT_SEED|COMPARATOR_LOSS,,,,OPPONENT_D3_LOWER,1.0,0.6666666666666666,0.1573922992930576,64.81764888763428,65.04932475090027,66.81764888763428,0,0,1,13,2,1790476752.168324,8.64700523202349e+18,8.64700523202349e+18,8.64700523202349e+18,1.0,False,0,,,1790476752.039773,1790476752.0398054,,,1790476752.0408335,1790476752.0304933,1790476752.030337,1790476752.0308206,1790476752.0302045,1790476752.0326731,1790476752.030554,,,,,,,,
20260927_103759_1243248,u1e5,0,553,SIDE_PLUS,1790476752.028324,64.67764902114868,1790476752.168324,False,True,False,False,,False,,,SIDE_DISPATCH|RAW_SEED_ATTEMPT|PRE_TIMING_SEED|TIMED_SEED|SEED_ELIGIBILITY|PRE_LOS|POST_LOS|SOLVER_OK|FINAL_INPUT|JOINT_SEED|PREFLIGHT_REJECT,PREFLIGHT_REJECT,DYNAMICS_FAIL,,,0.0,0.0,0.0,-1790476687.350675,-1790476687.350675,-1790476687.350675,0,0,1,13,2,1790476752.168324,1.2761864396170107e+18,1.2761864396170107e+18,,,False,0,,,1790476752.0397053,1790476752.03974,,,,1790476752.0332465,1790476752.0331497,1790476752.0339816,1790476752.0329194,1790476752.0382428,1790476752.0334182,,,1790476752.040627,,,,,
20260927_103759_1243248,u1e5,0,554,NOMINAL,1790476752.3115666,64.96089148521423,1790476752.4515665,True,False,True,True,232.0,True,65.136042,65.36913,FINAL_INPUT|JOINT_SEED|COMPARATOR_WIN|SELECTED|COMMITTED,,,,,0.0,0.0,0.0,-1790476687.350675,-1790476687.350675,67.10089135169983,0,0,0,-1,0,1790476752.4515665,,5.660296859642644e+18,5.660296859642644e+18,1.0,False,0,1790476752.317416,1790476752.316148,1790476752.3156395,1790476752.315707,1790476752.31625,,,,,,,,,,,,,,,,
20260927_103759_1243248,u2e1,1,367,NOMINAL,1790476758.3186274,70.96795225143433,1790476758.4586272,False,False,False,False,,False,,,NOMINAL_CONTEXT|FINAL_INPUT_FAILED|JOINT_SEED,FINAL_INPUT_FAILED,,,,0.0,0.0,0.0,-1790476687.350675,-1790476687.350675,-1790476687.350675,0,0,0,-1,1,1790476758.4586272,,,,,False,0,,,,1790476758.3352637,,1790476758.325034,,,,,,,,1790476758.3352327,,,,,,,
20260927_103759_1243248,u2e1,1,368,SIDE_MINUS,1790476758.3186274,70.96795225143433,1790476758.4586272,True,False,True,True,253.0,True,71.136024,71.436718,SIDE_DISPATCH|RAW_SEED_ATTEMPT|PRE_TIMING_SEED|TIMED_SEED|SEED_ELIGIBILITY|SOLVER_OK|FINAL_INPUT|COMPARATOR_WIN|SELECTED|COMMITTED,,,,,0.0,0.0,0.0,-1790476687.350675,-1790476687.350675,73.10795211791992,0,0,0,-1,1,1790476758.4586272,2.467100620348219e+16,2.467100620348219e+16,2.467100620348219e+16,1.0,False,0,1790476758.3366272,1790476758.3359175,1790476758.3353393,,1790476758.3360033,,,1790476758.325241,1790476758.3251705,1790476758.3256776,1790476758.3250997,1790476758.3278415,1790476758.3252892,,,,,,,,
20260927_103759_1243248,u2e1,1,369,SIDE_PLUS,1790476758.3186274,70.96795225143433,1790476758.4586272,True,False,False,False,,False,,,SIDE_DISPATCH|RAW_SEED_ATTEMPT|PRE_TIMING_SEED|TIMED_SEED|SEED_ELIGIBILITY|SOLVER_OK|FINAL_INPUT|COMPARATOR_WIN,,,,,0.0,0.0,0.0,-1790476687.350675,-1790476687.350675,73.10795211791992,0,0,0,-1,1,1790476758.4586272,5.088430862836365e+18,5.088430862836365e+18,5.088430862836365e+18,1.0,False,0,,1790476758.3357513,1790476758.3353057,,,,,1790476758.3287368,1790476758.3286467,1790476758.329274,1790476758.3285623,1790476758.3341565,1790476758.328982,,,,,,,,
20260927_103759_1243248,u2e1,1,370,NOMINAL,1790476758.610567,71.2598922252655,1790476758.7505672,False,False,False,False,,False,,,NOMINAL_CONTEXT|FINAL_INPUT_FAILED|JOINT_SEED,FINAL_INPUT_FAILED,,,,0.0,0.0,0.0,-1790476687.350675,-1790476687.350675,-1790476687.350675,0,0,0,-1,1,1790476758.7505672,,,,,False,0,,,,1790476758.6345284,,1790476758.615784,,,,,,,,1790476758.6344912,,,,,,,
20260927_103759_1243248,u2e1,1,371,SIDE_MINUS,1790476758.610567,71.2598922252655,1790476758.7505672,False,False,False,False,,False,,,SIDE_DISPATCH|RAW_SEED_ATTEMPT|PRE_TIMING_SEED|TIMED_SEED|SEED_ELIGIBILITY|SOLVER_FAILED,SOLVER_FAILED_NO_FINAL_INPUT,OPTIMIZER_FALSE_WITHOUT_REASON,,,0.0,0.0,0.0,-1790476687.350675,-1790476687.350675,-1790476687.350675,0,0,0,-1,1,1790476758.7505672,,,,,True,0,,,,,,,,1790476758.616026,1790476758.6159062,1790476758.616468,1790476758.615847,,1790476758.6160989,,1790476758.623264,,,,,,
20260927_103759_1243248,u2e1,1,372,SIDE_PLUS,1790476758.610567,71.2598922252655,1790476758.7505672,False,False,False,False,,False,,,SIDE_DISPATCH|RAW_SEED_ATTEMPT|PRE_TIMING_SEED|TIMED_SEED|SEED_ELIGIBILITY|SOLVER_FAILED,SOLVER_FAILED_NO_FINAL_INPUT,OPTIMIZER_FALSE_WITHOUT_REASON,,,0.0,0.0,0.0,-1790476687.350675,-1790476687.350675,-1790476687.350675,0,0,0,-1,1,1790476758.7505672,,,,,True,0,,,,,,,,1790476758.6252992,1790476758.6249661,1790476758.6258206,1790476758.6243887,,1790476758.6255875,,1790476758.6336,,,,,,
20260927_103759_1243248,u2e1,1,373,NOMINAL,1790476758.645551,71.29487586021423,1790476758.7855508,True,False,True,True,254.0,True,71.47753,71.673217,NOMINAL_CONTEXT|FINAL_INPUT|JOINT_SEED|COMPARATOR_WIN|SELECTED|COMMITTED,,,,,0.0,0.0,0.0,-1790476687.350675,-1790476687.350675,73.43487572669983,0,0,0,-1,1,1790476758.7855508,,6.227748297370678e+18,6.227748297370678e+18,1.0,False,0,1790476758.6602743,1790476758.6586819,1790476758.658021,1790476758.6580722,1790476758.6589148,1790476758.6484308,,,,,,,,,,,,,,,
20260927_103759_1243248,u2e1,1,374,SIDE_MINUS,1790476758.645551,71.29487586021423,1790476758.7855508,True,False,False,False,,False,,,SIDE_DISPATCH|RAW_SEED_ATTEMPT|PRE_TIMING_SEED|TIMED_SEED|SEED_ELIGIBILITY|SOLVER_OK|FINAL_INPUT|COMPARATOR_LOSS,,,,,0.0,0.0,0.0,-1790476687.350675,-1790476687.350675,73.43487572669983,0,0,0,-1,1,1790476758.7855508,6.194574633711146e+18,6.194574633711146e+18,6.194574633711146e+18,1.0,False,0,,,1790476758.6581135,,,,1790476758.6588902,1790476758.6487856,1790476758.6485877,1790476758.6490815,1790476758.6484957,1790476758.6511953,1790476758.6488638,,,,,,,,
20260927_103759_1243248,u2e1,1,375,SIDE_PLUS,1790476758.645551,71.29487586021423,1790476758.7855508,False,False,False,False,,False,,,SIDE_DISPATCH|RAW_SEED_ATTEMPT|PRE_TIMING_SEED|TIMED_SEED|SEED_ELIGIBILITY|SOLVER_FAILED,SOLVER_FAILED_NO_FINAL_INPUT,OPTIMIZER_FALSE_WITHOUT_REASON,,,0.0,0.0,0.0,-1790476687.350675,-1790476687.350675,-1790476687.350675,0,0,0,-1,1,1790476758.7855508,,,,,True,0,,,,,,,,1790476758.6517863,1790476758.6516824,1790476758.6521502,1790476758.6514666,,1790476758.6518466,,1790476758.6570187,,,,,,
20260927_103759_1243248,u2e1,1,376,NOMINAL,1790476758.9052224,71.55454730987549,1790476759.0452223,True,False,True,True,255.0,True,71.706145,71.969562,NOMINAL_CONTEXT|FINAL_INPUT|JOINT_SEED|COMPARATOR_WIN|SELECTED|COMMITTED,,,,,0.0,0.0,0.0,-1790476687.350675,-1790476687.350675,73.69454717636108,0,0,0,-1,1,1790476759.0452223,,1.2767053001517015e+19,1.2767053001517015e+19,1.0,False,0,1790476758.9215024,1790476758.9207027,1790476758.920295,1790476758.92034,1790476758.9207826,1790476758.9076777,,,,,,,,,,,,,,,
20260927_103759_1243248,u2e1,1,377,SIDE_MINUS,1790476758.9052224,71.55454730987549,1790476759.0452223,False,False,False,False,,False,,,SIDE_DISPATCH|RAW_SEED_ATTEMPT|PRE_TIMING_SEED|TIMED_SEED|SEED_ELIGIBILITY|SOLVER_FAILED,SOLVER_FAILED_NO_FINAL_INPUT,OPTIMIZER_FALSE_WITHOUT_REASON,,,0.0,0.0,0.0,-1790476687.350675,-1790476687.350675,-1790476687.350675,0,0,0,-1,1,1790476759.0452223,,,,,True,0,,,,,,,,1790476758.907986,1790476758.9078557,1790476758.9082818,1790476758.9077408,,1790476758.9080515,,1790476758.9148579,,,,,,
20260927_103759_1243248,u2e1,1,378,SIDE_PLUS,1790476758.9052224,71.55454730987549,1790476759.0452223,False,False,False,False,,False,,,SIDE_DISPATCH|RAW_SEED_ATTEMPT|PRE_TIMING_SEED|TIMED_SEED|SEED_ELIGIBILITY|SOLVER_FAILED,SOLVER_FAILED_NO_FINAL_INPUT,OPTIMIZER_FALSE_WITHOUT_REASON,,,0.0,0.0,0.0,-1790476687.350675,-1790476687.350675,-1790476687.350675,0,0,0,-1,1,1790476759.0452223,,,,,True,0,,,,,,,,1790476758.915374,1790476758.9152415,1790476758.915664,1790476758.915113,,1790476758.9154723,,1790476758.9198146,,,,,,
20260927_103759_1243248,u2e1,1,379,NOMINAL,1790476759.1675668,71.81689167022705,1790476759.3075666,False,False,False,False,,False,,,NOMINAL_CONTEXT|FINAL_INPUT_FAILED|JOINT_SEED,FINAL_INPUT_FAILED,,,,0.0,0.0,0.0,-1790476687.350675,-1790476687.350675,-1790476687.350675,0,0,0,10,3,1790476759.3075666,,,,,False,0,,,,1790476759.184532,,1790476759.1728911,,,,,,,,1790476759.1845026,,,,,,,
20260927_103759_1243248,u2e1,1,380,SIDE_MINUS,1790476759.1675668,71.81689167022705,1790476759.3075666,False,False,False,False,,False,,,SIDE_DISPATCH|RAW_SEED_ATTEMPT|PRE_TIMING_SEED|TIMED_SEED|SEED_ELIGIBILITY|SOLVER_FAILED,SOLVER_FAILED_NO_FINAL_INPUT,OPTIMIZER_FALSE_WITHOUT_REASON,,,0.0,0.0,0.0,-1790476687.350675,-1790476687.350675,-1790476687.350675,0,0,0,10,3,1790476759.3075666,,,,,True,0,,,,,,,,1790476759.1734831,1790476759.1733317,1790476759.1737325,1790476759.1729517,,1790476759.173562,,1790476759.1780322,,,,,,
20260927_103759_1243248,u2e1,1,381,SIDE_PLUS,1790476759.1675668,71.81689167022705,1790476759.3075666,False,False,False,False,,False,,,SIDE_DISPATCH|RAW_SEED_ATTEMPT|PRE_TIMING_SEED|TIMED_SEED|SEED_ELIGIBILITY|SOLVER_FAILED,SOLVER_FAILED_NO_FINAL_INPUT,OPTIMIZER_FALSE_WITHOUT_REASON,,,0.0,0.0,0.0,-1790476687.350675,-1790476687.350675,-1790476687.350675,0,0,0,10,3,1790476759.3075666,,,,,True,0,,,,,,,,1790476759.178739,1790476759.1785767,1790476759.1790211,1790476759.1783266,,1790476759.1788056,,1790476759.1839004,,,,,,
20260927_103759_1243248,u2e1,1,382,NOMINAL,1790476759.1958835,71.84520840644836,1790476759.3358834,True,False,True,True,256.0,True,72.004863,72.236148,NOMINAL_CONTEXT|FINAL_INPUT|JOINT_SEED|COMPARATOR_WIN|SELECTED|COMMITTED,,,,,0.0,0.0,0.0,-1790476687.350675,-1790476687.350675,73.98520827293396,0,0,0,10,3,1790476759.3358834,,2.156497691768822e+18,2.156497691768822e+18,1.0,False,0,1790476759.213285,1790476759.2123704,1790476759.2120085,1790476759.2120895,1790476759.2124445,1790476759.1981368,,,,,,,,,,,,,,,
20260927_103759_1243248,u2e1,1,383,SIDE_MINUS,1790476759.1958835,71.84520840644836,1790476759.3358834,False,False,False,False,,False,,,SIDE_DISPATCH|RAW_SEED_ATTEMPT|PRE_TIMING_SEED|TIMED_SEED|SEED_ELIGIBILITY|SOLVER_FAILED,SOLVER_FAILED_NO_FINAL_INPUT,OPTIMIZER_FALSE_WITHOUT_REASON,,,0.0,0.0,0.0,-1790476687.350675,-1790476687.350675,-1790476687.350675,0,0,0,10,3,1790476759.3358834,,,,,True,0,,,,,,,,1790476759.1985838,1790476759.1984034,1790476759.198925,1790476759.1981878,,1790476759.1986616,,1790476759.2039957,,,,,,
20260927_103759_1243248,u2e1,1,384,SIDE_PLUS,1790476759.1958835,71.84520840644836,1790476759.3358834,False,False,False,False,,False,,,SIDE_DISPATCH|RAW_SEED_ATTEMPT|PRE_TIMING_SEED|TIMED_SEED|SEED_ELIGIBILITY|SOLVER_FAILED,SOLVER_FAILED_NO_FINAL_INPUT,OPTIMIZER_FALSE_WITHOUT_REASON,,,0.0,0.0,0.0,-1790476687.350675,-1790476687.350675,-1790476687.350675,0,0,0,10,3,1790476759.3358834,,,,,True,0,,,,,,,,1790476759.2045386,1790476759.2044513,1790476759.2048812,1790476759.204368,,1790476759.2046614,,1790476759.211394,,,,,,
20260927_103759_1243248,u2e1,1,385,NOMINAL,1790476759.4540904,72.1034152507782,1790476759.5940902,False,False,False,False,,False,,,NOMINAL_CONTEXT|FINAL_INPUT_FAILED|JOINT_SEED,FINAL_INPUT_FAILED,,,,0.0,0.0,0.0,-1790476687.350675,-1790476687.350675,-1790476687.350675,0,0,0,10,3,1790476759.5940902,,,,,False,0,,,,1790476759.4669251,,1790476759.4582503,,,,,,,,1790476759.466896,,,,,,,
20260927_103759_1243248,u2e1,1,386,SIDE_MINUS,1790476759.4540904,72.1034152507782,1790476759.5940902,True,False,False,False,,False,,,SIDE_DISPATCH|RAW_SEED_ATTEMPT|PRE_TIMING_SEED|TIMED_SEED|SEED_ELIGIBILITY|PRE_LOS|POST_LOS|SOLVER_OK|FINAL_INPUT|COMPARATOR_LOSS,,,,K2_GATE_REJECT_CANDIDATE,0.3333333333333333,0.0,0.2954026421427304,73.84932327270508,74.08520817756653,74.2434151172638,0,0,1,10,3,1790476759.5940902,9.961814649350538e+17,9.961814649350538e+17,9.961814649350538e+17,1.0,False,0,,,1790476759.4669645,,,,1790476759.4673786,1790476759.4591558,1790476759.4584286,1790476759.4595635,1790476759.4583204,1790476759.461013,1790476759.4592302,,,,,,,,
20260927_103759_1243248,u2e1,1,387,SIDE_PLUS,1790476759.4540904,72.1034152507782,1790476759.5940902,False,False,False,False,,False,,,SIDE_DISPATCH|RAW_SEED_ATTEMPT|PRE_TIMING_SEED|TIMED_SEED|SEED_ELIGIBILITY|SOLVER_FAILED,SOLVER_FAILED_NO_FINAL_INPUT,OPTIMIZER_FALSE_WITHOUT_REASON,,,0.0,0.0,0.0,-1790476687.350675,-1790476687.350675,-1790476687.350675,0,0,0,10,3,1790476759.5940902,,,,,True,0,,,,,,,,1790476759.4615273,1790476759.4613214,1790476759.4617665,1790476759.4611957,,1790476759.4616103,,1790476759.4662144,,,,,,
20260927_103759_1243248,u2e1,1,388,NOMINAL,1790476759.4784572,72.12778210639954,1790476759.618457,False,False,False,False,,False,,,NOMINAL_CONTEXT|FINAL_INPUT_FAILED|JOINT_SEED,FINAL_INPUT_FAILED,,,,0.0,0.0,0.0,-1790476687.350675,-1790476687.350675,-1790476687.350675,0,0,0,10,3,1790476759.618457,,,,,False,0,,,,1790476759.4957027,,1790476759.4827094,,,,,,,,1790476759.4956698,,,,,,,
20260927_103759_1243248,u2e1,1,389,SIDE_MINUS,1790476759.4784572,72.12778210639954,1790476759.618457,True,False,True,True,257.0,True,72.276188,72.536313,SIDE_DISPATCH|RAW_SEED_ATTEMPT|PRE_TIMING_SEED|TIMED_SEED|SEED_ELIGIBILITY|PRE_LOS|POST_LOS|SOLVER_OK|FINAL_INPUT|COMPARATOR_WIN|SELECTED|COMMITTED,,,,,0.6666666666666666,0.0,0.2196871909006168,73.84932327270508,74.08520817756653,74.26778197288513,0,0,1,10,3,1790476759.618457,1.6125251969264515e+19,1.6125251969264515e+19,1.6125251969264515e+19,1.0,False,0,1790476759.497072,1790476759.4962947,1790476759.4957497,,1790476759.4964523,,,1790476759.483591,1790476759.4829047,1790476759.4842079,1790476759.4827623,1790476759.4866416,1790476759.4838078,,,,,,,,
20260927_103759_1243248,u2e1,1,390,SIDE_PLUS,1790476759.4784572,72.12778210639954,1790476759.618457,False,False,False,False,,False,,,SIDE_DISPATCH|RAW_SEED_ATTEMPT|PRE_TIMING_SEED|TIMED_SEED|SEED_ELIGIBILITY|SOLVER_FAILED,SOLVER_FAILED_NO_FINAL_INPUT,OPTIMIZER_FALSE_WITHOUT_REASON,,,0.0,0.0,0.0,-1790476687.350675,-1790476687.350675,-1790476687.350675,0,0,0,10,3,1790476759.618457,,,,,True,0,,,,,,,,1790476759.487268,1790476759.487135,1790476759.4875813,1790476759.4870393,,1790476759.4873364,,1790476759.4949493,,,,,,
20260927_103759_1243248,u2e1,1,391,NOMINAL,1790476759.7481563,72.39748120307922,1790476759.8881562,False,False,False,False,,False,,,NOMINAL_CONTEXT|FINAL_INPUT_FAILED|JOINT_SEED,FINAL_INPUT_FAILED,,,,0.0,0.0,0.0,-1790476687.350675,-1790476687.350675,-1790476687.350675,0,0,0,10,3,1790476759.8881562,,,,,False,0,,,,1790476759.7643092,,1790476759.7544627,,,,,,,,1790476759.7642646,,,,,,,
20260927_103759_1243248,u2e1,1,392,SIDE_MINUS,1790476759.7481563,72.39748120307922,1790476759.8881562,False,False,False,False,,False,,,SIDE_DISPATCH|RAW_SEED_ATTEMPT|PRE_TIMING_SEED|TIMED_SEED|SEED_ELIGIBILITY|SOLVER_FAILED,SOLVER_FAILED_NO_FINAL_INPUT,OPTIMIZER_FALSE_WITHOUT_REASON,,,0.0,0.0,0.0,-1790476687.350675,-1790476687.350675,-1790476687.350675,0,0,0,10,3,1790476759.8881562,,,,,True,0,,,,,,,,1790476759.75533,1790476759.754651,1790476759.7558823,1790476759.7545638,,1790476759.7556615,,1790476759.760422,,,,,,
20260927_103759_1243248,u2e1,1,393,SIDE_PLUS,1790476759.7481563,72.39748120307922,1790476759.8881562,True,False,True,True,258.0,True,72.570106,73.96807,SIDE_DISPATCH|RAW_SEED_ATTEMPT|PRE_TIMING_SEED|TIMED_SEED|SEED_ELIGIBILITY|PRE_LOS|POST_LOS|SOLVER_OK|FINAL_INPUT|COMPARATOR_WIN|SELECTED|COMMITTED,,,,,0.8333333333333333,0.1666666666666666,0.1398268295783692,73.84932327270508,74.3677818775177,74.53748106956482,0,0,1,10,3,1790476759.8881562,1.364050185709798e+19,1.364050185709798e+19,1.364050185709798e+19,1.0,False,0,1790476759.7675965,1790476759.7647624,1790476759.7643778,,1790476759.7648323,,,1790476759.7610579,1790476759.760925,1790476759.762148,1790476759.7607768,1790476759.7638474,1790476759.7619205,,,,,,,,
20260927_103759_1243248,u2e1,1,394,NOMINAL,1790476760.024894,72.67421889305115,1790476760.164894,False,False,False,False,,False,,,NOMINAL_CONTEXT|FINAL_INPUT_FAILED|JOINT_SEED,FINAL_INPUT_FAILED,,,,0.0,0.0,0.0,-1790476687.350675,-1790476687.350675,-1790476687.350675,0,0,0,10,3,1790476760.1648939,,,,,False,0,,,,1790476760.1733172,,1790476760.0296645,,,,,,,,1790476760.1732867,,,,,,,
20260927_103759_1243248,u2e1,1,395,SIDE_PLUS,1790476760.024894,72.67421889305115,1790476760.164894,False,False,False,False,,False,,,SIDE_DISPATCH|RAW_SEED_ATTEMPT|RAW_SEED_ATTEMPT|RAW_SEED_ATTEMPT|RAW_SEED_ATTEMPT|PREINIT_REJECT,PREINIT_REJECT,NO_STATIC_FEASIBLE_SIDE,,,0.0,0.0,0.0,-1790476687.350675,-1790476687.350675,-1790476687.350675,0,0,0,10,3,1790476760.1648939,,,,,False,0,,,,,,,,,1790476760.1353812,,1790476760.0297256,,,,,,,1790476760.1679354,,,
20260927_103759_1243248,u2e1,1,396,SIDE_MINUS,1790476760.024894,72.67421889305115,1790476760.164894,False,False,False,False,,False,,,SIDE_DISPATCH|RAW_SEED_ATTEMPT|PRE_TIMING_SEED|TIMED_SEED|SEED_ELIGIBILITY|SOLVER_FAILED,SOLVER_FAILED_NO_FINAL_INPUT,OPTIMIZER_FALSE_WITHOUT_REASON,,,0.0,0.0,0.0,-1790476687.350675,-1790476687.350675,-1790476687.350675,0,0,0,10,3,1790476760.1648939,,,,,True,0,,,,,,,,1790476760.1683083,1790476760.1681483,1790476760.1686447,1790476760.168045,,1790476760.168393,,1790476760.1727173,,,,,,
20260927_103759_1243248,u2e1,1,397,NOMINAL,1790476760.1762018,72.82552671432495,1790476760.3270862,False,False,False,False,,False,,,NOMINAL_CONTEXT|FINAL_INPUT_FAILED|JOINT_SEED,FINAL_INPUT_FAILED,,,,0.0,0.0,0.0,-1790476687.350675,-1790476687.350675,-1790476687.350675,0,0,0,10,3,1790476760.3270862,,,,,False,0,,,,1790476760.3117328,,1790476760.1808665,,,,,,,,1790476760.3116899,,,,,,,
20260927_103759_1243248,u2e1,1,398,SIDE_PLUS,1790476760.1762018,72.82552671432495,1790476760.3270862,False,False,False,False,,False,,,SIDE_DISPATCH|RAW_SEED_ATTEMPT|RAW_SEED_ATTEMPT|RAW_SEED_ATTEMPT|RAW_SEED_ATTEMPT|PREINIT_REJECT,PREINIT_REJECT,NO_STATIC_FEASIBLE_SIDE,,,0.0,0.0,0.0,-1790476687.350675,-1790476687.350675,-1790476687.350675,0,0,0,10,3,1790476760.3270862,,,,,False,0,,,,,,,,,1790476760.2747674,,1790476760.1809223,,,,,,,1790476760.3059328,,,
20260927_103759_1243248,u2e1,1,399,SIDE_MINUS,1790476760.1762018,72.82552671432495,1790476760.3270862,False,False,False,False,,False,,,SIDE_DISPATCH|RAW_SEED_ATTEMPT|PRE_TIMING_SEED|TIMED_SEED|SEED_ELIGIBILITY|SOLVER_FAILED,SOLVER_FAILED_NO_FINAL_INPUT,OPTIMIZER_FALSE_WITHOUT_REASON,,,0.0,0.0,0.0,-1790476687.350675,-1790476687.350675,-1790476687.350675,0,0,0,10,3,1790476760.3270862,,,,,True,0,,,,,,,,1790476760.3062139,1790476760.306106,1790476760.306507,1790476760.3060005,,1790476760.3062608,,1790476760.311007,,,,,,
20260927_103759_1243248,u2e1,1,400,NOMINAL,1790476760.3120124,72.96133732795715,1790476760.4713817,False,False,False,False,,False,,,NOMINAL_CONTEXT|FINAL_INPUT_FAILED|JOINT_SEED,FINAL_INPUT_FAILED,,,,0.0,0.0,0.0,-1790476687.350675,-1790476687.350675,-1790476687.350675,0,0,0,10,3,1790476760.4713817,,,,,False,0,,,,1790476760.4403286,,1790476760.3168154,,,,,,,,1790476760.4403002,,,,,,,
20260927_103759_1243248,u2e1,1,401,SIDE_PLUS,1790476760.3120124,72.96133732795715,1790476760.4713817,False,False,False,False,,False,,,SIDE_DISPATCH|RAW_SEED_ATTEMPT|RAW_SEED_ATTEMPT|RAW_SEED_ATTEMPT|RAW_SEED_ATTEMPT|PREINIT_REJECT,PREINIT_REJECT,NO_STATIC_FEASIBLE_SIDE,,,0.0,0.0,0.0,-1790476687.350675,-1790476687.350675,-1790476687.350675,0,0,0,10,3,1790476760.4713817,,,,,False,0,,,,,,,,,1790476760.4039507,,1790476760.3169444,,,,,,,1790476760.433658,,,
20260927_103759_1243248,u2e1,1,402,SIDE_MINUS,1790476760.3120124,72.96133732795715,1790476760.4713817,False,False,False,False,,False,,,SIDE_DISPATCH|RAW_SEED_ATTEMPT|PRE_TIMING_SEED|TIMED_SEED|SEED_ELIGIBILITY|SOLVER_FAILED,SOLVER_FAILED_NO_FINAL_INPUT,OPTIMIZER_FALSE_WITHOUT_REASON,,,0.0,0.0,0.0,-1790476687.350675,-1790476687.350675,-1790476687.350675,0,0,0,10,3,1790476760.4713817,,,,,True,0,,,,,,,,1790476760.434252,1790476760.4339514,1790476760.4346807,1790476760.433804,,1790476760.4344847,,1790476760.439865,,,,,,
20260927_103759_1243248,u2e1,1,403,NOMINAL,1790476760.4405255,73.08985042572021,1790476760.6068,False,False,False,False,,False,,,NOMINAL_CONTEXT|FINAL_INPUT_FAILED|JOINT_SEED,FINAL_INPUT_FAILED,,,,0.0,0.0,0.0,-1790476687.350675,-1790476687.350675,-1790476687.350675,0,0,0,10,3,1790476760.6068,,,,,False,0,,,,1790476760.5586555,,1790476760.4460943,,,,,,,,1790476760.55862,,,,,,,
20260927_103759_1243248,u2e1,1,404,SIDE_MINUS,1790476760.4405255,73.08985042572021,1790476760.6068,False,False,False,False,,False,,,SIDE_DISPATCH|RAW_SEED_ATTEMPT|RAW_SEED_ATTEMPT|RAW_SEED_ATTEMPT|RAW_SEED_ATTEMPT|PREINIT_REJECT,PREINIT_REJECT,NO_STATIC_FEASIBLE_SIDE,,,0.0,0.0,0.0,-1790476687.350675,-1790476687.350675,-1790476687.350675,0,0,0,10,3,1790476760.6068,,,,,False,0,,,,,,,,,1790476760.446566,,1790476760.4461482,,,,,,,1790476760.4470792,,,
20260927_103759_1243248,u2e1,1,405,SIDE_PLUS,1790476760.4405255,73.08985042572021,1790476760.6068,False,False,False,False,,False,,,SIDE_DISPATCH|RAW_SEED_ATTEMPT|RAW_SEED_ATTEMPT|RAW_SEED_ATTEMPT|RAW_SEED_ATTEMPT|PREINIT_REJECT,PREINIT_REJECT,NO_STATIC_FEASIBLE_SIDE,,,0.0,0.0,0.0,-1790476687.350675,-1790476687.350675,-1790476687.350675,0,0,0,10,3,1790476760.6068,,,,,False,0,,,,,,,,,1790476760.5304105,,1790476760.4471943,,,,,,,1790476760.558106,,,
20260927_103759_1243248,u2e1,1,406,NOMINAL,1790476760.6944067,73.34373164176941,1790476760.8344066,False,False,False,False,,False,,,NOMINAL_CONTEXT|FINAL_INPUT|JOINT_SEED|PREFLIGHT_REJECT,PREFLIGHT_REJECT,static map t=0.333333 occupancy=1 pos=30.8224 1.49941 1.42323,,,0.0,0.0,0.0,-1790476687.350675,-1790476687.350675,-1790476687.350675,1,0,0,10,3,1790476760.8344066,,4.2774273647687987e+18,,,False,1,,,1790476760.7055407,1790476760.705586,,1790476760.7009559,,,,,,,,,,1790476760.7057621,,,,,
20260927_103759_1243248,u2e1,1,407,SIDE_MINUS,1790476760.6944067,73.34373164176941,1790476760.8344066,False,False,False,False,,False,,,SIDE_DISPATCH|RAW_SEED_ATTEMPT|RAW_SEED_ATTEMPT|RAW_SEED_ATTEMPT|RAW_SEED_ATTEMPT|PREINIT_REJECT,PREINIT_REJECT,NO_STATIC_FEASIBLE_SIDE,,,0.0,0.0,0.0,-1790476687.350675,-1790476687.350675,-1790476687.350675,0,0,0,10,3,1790476760.8344066,,,,,False,0,,,,,,,,,1790476760.70184,,1790476760.7010102,,,,,,,1790476760.702638,,,
20260927_103759_1243248,u2e1,1,408,SIDE_PLUS,1790476760.6944067,73.34373164176941,1790476760.8344066,False,False,False,False,,False,,,SIDE_DISPATCH|RAW_SEED_ATTEMPT|RAW_SEED_ATTEMPT|RAW_SEED_ATTEMPT|RAW_SEED_ATTEMPT|PREINIT_REJECT,PREINIT_REJECT,NO_STATIC_FEASIBLE_SIDE,,,0.0,0.0,0.0,-1790476687.350675,-1790476687.350675,-1790476687.350675,0,0,0,10,3,1790476760.8344066,,,,,False,0,,,,,,,,,1790476760.7033112,,1790476760.7028103,,,,,,,1790476760.7045922,,,
20260927_103759_1243248,u2e1,1,409,NOMINAL,1790476760.7059093,73.35523414611816,1790476760.845909,False,False,False,False,,False,,,NOMINAL_CONTEXT|FINAL_INPUT|JOINT_SEED|PREFLIGHT_REJECT,PREFLIGHT_REJECT,static map t=0.3 occupancy=1 pos=30.8069 1.49648 1.42215,,,0.0,0.0,0.0,-1790476687.350675,-1790476687.350675,-1790476687.350675,1,0,0,10,3,1790476760.845909,,5.594419714734693e+18,,,False,1,,,1790476760.7138548,1790476760.7139118,,1790476760.7112377,,,,,,,,,,1790476760.7140381,,,,,
20260927_103759_1243248,u2e1,1,410,SIDE_MINUS,1790476760.7059093,73.35523414611816,1790476760.845909,False,False,False,False,,False,,,SIDE_DISPATCH|RAW_SEED_ATTEMPT|RAW_SEED_ATTEMPT|RAW_SEED_ATTEMPT|RAW_SEED_ATTEMPT|PREINIT_REJECT,PREINIT_REJECT,NO_STATIC_FEASIBLE_SIDE,,,0.0,0.0,0.0,-1790476687.350675,-1790476687.350675,-1790476687.350675,0,0,0,10,3,1790476760.845909,,,,,False,0,,,,,,,,,1790476760.7115736,,1790476760.7112947,,,,,,,1790476760.712226,,,
20260927_103759_1243248,u2e1,1,411,SIDE_PLUS,1790476760.7059093,73.35523414611816,1790476760.845909,False,False,False,False,,False,,,SIDE_DISPATCH|RAW_SEED_ATTEMPT|RAW_SEED_ATTEMPT|RAW_SEED_ATTEMPT|RAW_SEED_ATTEMPT|PREINIT_REJECT,PREINIT_REJECT,NO_STATIC_FEASIBLE_SIDE,,,0.0,0.0,0.0,-1790476687.350675,-1790476687.350675,-1790476687.350675,0,0,0,10,3,1790476760.845909,,,,,False,0,,,,,,,,,1790476760.7129483,,1790476760.7125375,,,,,,,1790476760.71344,,,
20260927_103759_1243248,u2e1,1,412,NOMINAL,1790476760.714228,73.3635528087616,1790476760.8542278,False,False,False,False,,False,,,NOMINAL_CONTEXT|FINAL_INPUT|JOINT_SEED|PREFLIGHT_REJECT,PREFLIGHT_REJECT,static map t=0.3 occupancy=1 pos=30.8154 1.50246 1.42256,,,0.0,0.0,0.0,-1790476687.350675,-1790476687.350675,-1790476687.350675,1,0,0,10,3,1790476760.8542278,,1.1219739540439523e+19,,,False,1,,,1790476760.7219343,1790476760.7223063,,1790476760.7192798,,,,,,,,,,1790476760.7224028,,,,,
20260927_103759_1243248,u2e1,1,413,SIDE_MINUS,1790476760.714228,73.3635528087616,1790476760.8542278,False,False,False,False,,False,,,SIDE_DISPATCH|RAW_SEED_ATTEMPT|RAW_SEED_ATTEMPT|RAW_SEED_ATTEMPT|RAW_SEED_ATTEMPT|PREINIT_REJECT,PREINIT_REJECT,NO_STATIC_FEASIBLE_SIDE,,,0.0,0.0,0.0,-1790476687.350675,-1790476687.350675,-1790476687.350675,0,0,0,10,3,1790476760.8542278,,,,,False,0,,,,,,,,,1790476760.719691,,1790476760.7193358,,,,,,,1790476760.7199554,,,
20260927_103759_1243248,u2e1,1,414,SIDE_PLUS,1790476760.714228,73.3635528087616,1790476760.8542278,False,False,False,False,,False,,,SIDE_DISPATCH|RAW_SEED_ATTEMPT|RAW_SEED_ATTEMPT|RAW_SEED_ATTEMPT|RAW_SEED_ATTEMPT|PREINIT_REJECT,PREINIT_REJECT,NO_STATIC_FEASIBLE_SIDE,,,0.0,0.0,0.0,-1790476687.350675,-1790476687.350675,-1790476687.350675,0,0,0,10,3,1790476760.8542278,,,,,False,0,,,,,,,,,1790476760.7205918,,1790476760.720029,,,,,,,1790476760.7212055,,,
20260927_103759_1243248,u2e1,1,415,NOMINAL,1790476760.7227242,73.37204909324646,1790476760.8562984,False,False,False,False,,False,,,NOMINAL_CONTEXT|FINAL_INPUT|JOINT_SEED|PREFLIGHT_REJECT,PREFLIGHT_REJECT,static map t=0.3 occupancy=1 pos=30.8119  1.5139 1.42249,,,0.0,0.0,0.0,-1790476687.350675,-1790476687.350675,-1790476687.350675,1,0,0,10,3,1790476760.8562984,,1.3076951704202258e+19,,,False,1,,,1790476760.7377305,1790476760.7378712,,1790476760.7348073,,,,,,,,,,1790476760.738051,,,,,
20260927_103759_1243248,u2e1,1,416,SIDE_MINUS,1790476760.7227242,73.37204909324646,1790476760.8562984,False,False,False,False,,False,,,SIDE_DISPATCH|RAW_SEED_ATTEMPT|RAW_SEED_ATTEMPT|RAW_SEED_ATTEMPT|RAW_SEED_ATTEMPT|PREINIT_REJECT,PREINIT_REJECT,NO_STATIC_FEASIBLE_SIDE,,,0.0,0.0,0.0,-1790476687.350675,-1790476687.350675,-1790476687.350675,0,0,0,10,3,1790476760.8562984,,,,,False,0,,,,,,,,,1790476760.7352586,,1790476760.7348764,,,,,,,1790476760.7357144,,,
20260927_103759_1243248,u2e1,1,417,SIDE_PLUS,1790476760.7227242,73.37204909324646,1790476760.8562984,False,False,False,False,,False,,,SIDE_DISPATCH|RAW_SEED_ATTEMPT|RAW_SEED_ATTEMPT|RAW_SEED_ATTEMPT|RAW_SEED_ATTEMPT|PREINIT_REJECT,PREINIT_REJECT,NO_STATIC_FEASIBLE_SIDE,,,0.0,0.0,0.0,-1790476687.350675,-1790476687.350675,-1790476687.350675,0,0,0,10,3,1790476760.8562984,,,,,False,0,,,,,,,,,1790476760.7362826,,1790476760.735857,,,,,,,1790476760.7366514,,,
20260927_103759_1243248,u2e1,1,418,NOMINAL,1790476760.738322,73.38764691352844,1790476760.8562984,False,False,False,False,,False,,,NOMINAL_CONTEXT|FINAL_INPUT|JOINT_SEED|PREFLIGHT_REJECT,PREFLIGHT_REJECT,static map t=0.3 occupancy=1 pos=30.8119  1.5139 1.42249,,,0.0,0.0,0.0,-1790476687.350675,-1790476687.350675,-1790476687.350675,1,0,0,10,3,1790476760.8562984,,1.3076951704202258e+19,,,False,1,,,1790476760.7520978,1790476760.7521784,,1790476760.7489798,,,,,,,,,,1790476760.7523475,,,,,
20260927_103759_1243248,u2e1,1,419,SIDE_MINUS,1790476760.738322,73.38764691352844,1790476760.8562984,False,False,False,False,,False,,,SIDE_DISPATCH|RAW_SEED_ATTEMPT|RAW_SEED_ATTEMPT|RAW_SEED_ATTEMPT|RAW_SEED_ATTEMPT|PREINIT_REJECT,PREINIT_REJECT,NO_STATIC_FEASIBLE_SIDE,,,0.0,0.0,0.0,-1790476687.350675,-1790476687.350675,-1790476687.350675,0,0,0,10,3,1790476760.8562984,,,,,False,0,,,,,,,,,1790476760.7496812,,1790476760.7490737,,,,,,,1790476760.7504408,,,
20260927_103759_1243248,u2e1,1,420,SIDE_PLUS,1790476760.738322,73.38764691352844,1790476760.8562984,False,False,False,False,,False,,,SIDE_DISPATCH|RAW_SEED_ATTEMPT|RAW_SEED_ATTEMPT|RAW_SEED_ATTEMPT|RAW_SEED_ATTEMPT|PREINIT_REJECT,PREINIT_REJECT,NO_STATIC_FEASIBLE_SIDE,,,0.0,0.0,0.0,-1790476687.350675,-1790476687.350675,-1790476687.350675,0,0,0,10,3,1790476760.8562984,,,,,False,0,,,,,,,,,1790476760.7512093,,1790476760.7505965,,,,,,,1790476760.751594,,,
20260927_103759_1243248,u2e1,1,421,NOMINAL,1790476760.752674,73.40199899673462,1790476760.892674,False,False,False,False,,False,,,NOMINAL_CONTEXT|FINAL_INPUT|JOINT_SEED|PREFLIGHT_REJECT,PREFLIGHT_REJECT,static map t=0.266667 occupancy=1 pos=30.8168  1.5234 1.42274,,,0.0,0.0,0.0,-1790476687.350675,-1790476687.350675,-1790476687.350675,1,0,0,10,3,1790476760.892674,,1.5414478620980597e+19,,,False,1,,,1790476760.7676058,1790476760.7676766,,1790476760.764913,,,,,,,,,,1790476760.7678316,,,,,
20260927_103759_1243248,u2e1,1,422,SIDE_MINUS,1790476760.752674,73.40199899673462,1790476760.892674,False,False,False,False,,False,,,SIDE_DISPATCH|RAW_SEED_ATTEMPT|RAW_SEED_ATTEMPT|RAW_SEED_ATTEMPT|RAW_SEED_ATTEMPT|PREINIT_REJECT,PREINIT_REJECT,NO_STATIC_FEASIBLE_SIDE,,,0.0,0.0,0.0,-1790476687.350675,-1790476687.350675,-1790476687.350675,0,0,0,10,3,1790476760.892674,,,,,False,0,,,,,,,,,1790476760.7655406,,1790476760.7649932,,,,,,,1790476760.7660599,,,
20260927_103759_1243248,u2e1,1,423,SIDE_PLUS,1790476760.752674,73.40199899673462,1790476760.892674,False,False,False,False,,False,,,SIDE_DISPATCH|RAW_SEED_ATTEMPT|RAW_SEED_ATTEMPT|RAW_SEED_ATTEMPT|RAW_SEED_ATTEMPT|PREINIT_REJECT,PREINIT_REJECT,NO_STATIC_FEASIBLE_SIDE,,,0.0,0.0,0.0,-1790476687.350675,-1790476687.350675,-1790476687.350675,0,0,0,10,3,1790476760.892674,,,,,False,0,,,,,,,,,1790476760.7665071,,1790476760.766115,,,,,,,1790476760.7669883,,,
20260927_103759_1243248,u2e1,1,424,NOMINAL,1790476760.7682142,73.41753911972046,1790476760.908214,False,False,False,False,,False,,,NOMINAL_CONTEXT|FINAL_INPUT|JOINT_SEED|PREFLIGHT_REJECT,PREFLIGHT_REJECT,static map t=0.233333 occupancy=1 pos=30.8058 1.51674 1.42188,,,0.0,0.0,0.0,-1790476687.350675,-1790476687.350675,-1790476687.350675,1,0,0,10,3,1790476760.908214,,1.2028709982790547e+19,,,False,1,,,1790476760.7821891,1790476760.782254,,1790476760.7793117,,,,,,,,,,1790476760.7823472,,,,,
20260927_103759_1243248,u2e1,1,425,SIDE_MINUS,1790476760.7682142,73.41753911972046,1790476760.908214,False,False,False,False,,False,,,SIDE_DISPATCH|RAW_SEED_ATTEMPT|RAW_SEED_ATTEMPT|RAW_SEED_ATTEMPT|RAW_SEED_ATTEMPT|PREINIT_REJECT,PREINIT_REJECT,NO_STATIC_FEASIBLE_SIDE,,,0.0,0.0,0.0,-1790476687.350675,-1790476687.350675,-1790476687.350675,0,0,0,10,3,1790476760.908214,,,,,False,0,,,,,,,,,1790476760.7798448,,1790476760.7793725,,,,,,,1790476760.7803407,,,
20260927_103759_1243248,u2e1,1,426,SIDE_PLUS,1790476760.7682142,73.41753911972046,1790476760.908214,False,False,False,False,,False,,,SIDE_DISPATCH|RAW_SEED_ATTEMPT|RAW_SEED_ATTEMPT|RAW_SEED_ATTEMPT|RAW_SEED_ATTEMPT|PREINIT_REJECT,PREINIT_REJECT,NO_STATIC_FEASIBLE_SIDE,,,0.0,0.0,0.0,-1790476687.350675,-1790476687.350675,-1790476687.350675,0,0,0,10,3,1790476760.908214,,,,,False,0,,,,,,,,,1790476760.780813,,1790476760.78043,,,,,,,1790476760.781435,,,
20260927_103759_1243248,u2e1,1,427,NOMINAL,1790476760.7825477,73.43187260627747,1790476760.9225476,False,False,False,False,,False,,,NOMINAL_CONTEXT|FINAL_INPUT|JOINT_SEED|PREFLIGHT_REJECT,PREFLIGHT_REJECT,static map t=0.233333 occupancy=1 pos=30.8202 1.52712 1.42257,,,0.0,0.0,0.0,-1790476687.350675,-1790476687.350675,-1790476687.350675,1,0,0,10,3,1790476760.9225476,,4.326991265485398e+18,,,False,1,,,1790476760.795355,1790476760.7954104,,1790476760.792889,,,,,,,,,,1790476760.7955587,,,,,
20260927_103759_1243248,u2e1,1,428,SIDE_MINUS,1790476760.7825477,73.43187260627747,1790476760.9225476,False,False,False,False,,False,,,SIDE_DISPATCH|RAW_SEED_ATTEMPT|RAW_SEED_ATTEMPT|RAW_SEED_ATTEMPT|RAW_SEED_ATTEMPT|PREINIT_REJECT,PREINIT_REJECT,NO_STATIC_FEASIBLE_SIDE,,,0.0,0.0,0.0,-1790476687.350675,-1790476687.350675,-1790476687.350675,0,0,0,10,3,1790476760.9225476,,,,,False,0,,,,,,,,,1790476760.7936351,,1790476760.7929988,,,,,,,1790476760.794152,,,
20260927_103759_1243248,u2e1,1,429,SIDE_PLUS,1790476760.7825477,73.43187260627747,1790476760.9225476,False,False,False,False,,False,,,SIDE_DISPATCH|RAW_SEED_ATTEMPT|RAW_SEED_ATTEMPT|RAW_SEED_ATTEMPT|RAW_SEED_ATTEMPT|PREINIT_REJECT,PREINIT_REJECT,NO_STATIC_FEASIBLE_SIDE,,,0.0,0.0,0.0,-1790476687.350675,-1790476687.350675,-1790476687.350675,0,0,0,10,3,1790476760.9225476,,,,,False,0,,,,,,,,,1790476760.7945514,,1790476760.7942464,,,,,,,1790476760.7948434,,,
20260927_103759_1243248,u2e1,1,430,NOMINAL,1790476760.795827,73.44515180587769,1790476760.9358268,False,False,False,False,,False,,,NOMINAL_CONTEXT|FINAL_INPUT|JOINT_SEED|PREFLIGHT_REJECT,PREFLIGHT_REJECT,static map t=0.2 occupancy=1 pos=30.8045 1.51456 1.42162,,,0.0,0.0,0.0,-1790476687.350675,-1790476687.350675,-1790476687.350675,1,0,0,10,3,1790476760.9358268,,4.2337503891804913e+18,,,False,1,,,1790476760.811713,1790476760.811767,,1790476760.8093143,,,,,,,,,,1790476760.8119068,,,,,
20260927_103759_1243248,u2e1,1,431,SIDE_MINUS,1790476760.795827,73.44515180587769,1790476760.9358268,False,False,False,False,,False,,,SIDE_DISPATCH|RAW_SEED_ATTEMPT|RAW_SEED_ATTEMPT|RAW_SEED_ATTEMPT|RAW_SEED_ATTEMPT|PREINIT_REJECT,PREINIT_REJECT,NO_STATIC_FEASIBLE_SIDE,,,0.0,0.0,0.0,-1790476687.350675,-1790476687.350675,-1790476687.350675,0,0,0,10,3,1790476760.9358268,,,,,False,0,,,,,,,,,1790476760.8098905,,1790476760.8093922,,,,,,,1790476760.810296,,,
20260927_103759_1243248,u2e1,1,432,SIDE_PLUS,1790476760.795827,73.44515180587769,1790476760.9358268,False,False,False,False,,False,,,SIDE_DISPATCH|RAW_SEED_ATTEMPT|RAW_SEED_ATTEMPT|RAW_SEED_ATTEMPT|RAW_SEED_ATTEMPT|PREINIT_REJECT,PREINIT_REJECT,NO_STATIC_FEASIBLE_SIDE,,,0.0,0.0,0.0,-1790476687.350675,-1790476687.350675,-1790476687.350675,0,0,0,10,3,1790476760.9358268,,,,,False,0,,,,,,,,,1790476760.8108332,,1790476760.8104537,,,,,,,1790476760.8111537,,,
20260927_103759_1243248,u2e1,1,433,NOMINAL,1790476760.8123107,73.46163558959961,1790476760.9523106,False,False,False,False,,False,,,NOMINAL_CONTEXT|FINAL_INPUT|JOINT_SEED|PREFLIGHT_REJECT,PREFLIGHT_REJECT,static map t=0.2 occupancy=1 pos=30.8212 1.52993 1.42238,,,0.0,0.0,0.0,-1790476687.350675,-1790476687.350675,-1790476687.350675,1,0,0,10,3,1790476760.9523106,,1.1928703703085714e+18,,,False,1,,,1790476760.834207,1790476760.8342788,,1790476760.8301246,,,,,,,,,,1790476760.8344502,,,,,
20260927_103759_1243248,u2e1,1,434,SIDE_MINUS,1790476760.8123107,73.46163558959961,1790476760.9523106,False,False,False,False,,False,,,SIDE_DISPATCH|RAW_SEED_ATTEMPT|RAW_SEED_ATTEMPT|RAW_SEED_ATTEMPT|RAW_SEED_ATTEMPT|PREINIT_REJECT,PREINIT_REJECT,NO_STATIC_FEASIBLE_SIDE,,,0.0,0.0,0.0,-1790476687.350675,-1790476687.350675,-1790476687.350675,0,0,0,10,3,1790476760.9523106,,,,,False,0,,,,,,,,,1790476760.830623,,1790476760.8301888,,,,,,,1790476760.8310237,,,
20260927_103759_1243248,u2e1,1,435,SIDE_PLUS,1790476760.8123107,73.46163558959961,1790476760.9523106,False,False,False,False,,False,,,SIDE_DISPATCH|RAW_SEED_ATTEMPT|RAW_SEED_ATTEMPT|RAW_SEED_ATTEMPT|RAW_SEED_ATTEMPT|PREINIT_REJECT,PREINIT_REJECT,NO_STATIC_FEASIBLE_SIDE,,,0.0,0.0,0.0,-1790476687.350675,-1790476687.350675,-1790476687.350675,0,0,0,10,3,1790476760.9523106,,,,,False,0,,,,,,,,,1790476760.8317769,,1790476760.8310678,,,,,,,1790476760.8326633,,,
20260927_103759_1243248,u2e1,1,436,NOMINAL,1790476760.834611,73.4839358329773,1790476760.9746108,False,False,False,False,,False,,,NOMINAL_CONTEXT|FINAL_INPUT|JOINT_SEED|PREFLIGHT_REJECT,PREFLIGHT_REJECT,static map t=0.166667 occupancy=1 pos= 30.812 1.52583 1.42192,,,0.0,0.0,0.0,-1790476687.350675,-1790476687.350675,-1790476687.350675,1,0,0,10,3,1790476760.9746108,,1.3653395213730775e+19,,,False,1,,,1790476760.863461,1790476760.8637042,,1790476760.8589017,,,,,,,,,,1790476760.8639193,,,,,
20260927_103759_1243248,u2e1,1,437,SIDE_MINUS,1790476760.834611,73.4839358329773,1790476760.9746108,False,False,False,False,,False,,,SIDE_DISPATCH|RAW_SEED_ATTEMPT|RAW_SEED_ATTEMPT|RAW_SEED_ATTEMPT|RAW_SEED_ATTEMPT|PREINIT_REJECT,PREINIT_REJECT,NO_STATIC_FEASIBLE_SIDE,,,0.0,0.0,0.0,-1790476687.350675,-1790476687.350675,-1790476687.350675,0,0,0,10,3,1790476760.9746108,,,,,False,0,,,,,,,,,1790476760.8596864,,1790476760.8591614,,,,,,,1790476760.861026,,,
20260927_103759_1243248,u2e1,1,438,SIDE_PLUS,1790476760.834611,73.4839358329773,1790476760.9746108,False,False,False,False,,False,,,SIDE_DISPATCH|RAW_SEED_ATTEMPT|RAW_SEED_ATTEMPT|RAW_SEED_ATTEMPT|RAW_SEED_ATTEMPT|PREINIT_REJECT,PREINIT_REJECT,NO_STATIC_FEASIBLE_SIDE,,,0.0,0.0,0.0,-1790476687.350675,-1790476687.350675,-1790476687.350675,0,0,0,10,3,1790476760.9746108,,,,,False,0,,,,,,,,,1790476760.862189,,1790476760.861117,,,,,,,1790476760.8629003,,,
20260927_103759_1243248,u2e1,1,439,NOMINAL,1790476760.8643155,73.51364040374756,1790476761.0043154,False,False,False,False,,False,,,NOMINAL_CONTEXT|FINAL_INPUT|JOINT_SEED|PREFLIGHT_REJECT,PREFLIGHT_REJECT,static map t=0.133333 occupancy=1 pos=30.8123 1.52459 1.42172,,,0.0,0.0,0.0,-1790476687.350675,-1790476687.350675,-1790476687.350675,1,0,0,10,3,1790476761.0043154,,1.7741744063213298e+19,,,False,1,,,1790476760.8987508,1790476760.8988702,,1790476760.8960872,,,,,,,,,,1790476760.89913,,,,,
20260927_103759_1243248,u2e1,1,440,SIDE_MINUS,1790476760.8643155,73.51364040374756,1790476761.0043154,False,False,False,False,,False,,,SIDE_DISPATCH|RAW_SEED_ATTEMPT|RAW_SEED_ATTEMPT|RAW_SEED_ATTEMPT|RAW_SEED_ATTEMPT|PREINIT_REJECT,PREINIT_REJECT,NO_STATIC_FEASIBLE_SIDE,,,0.0,0.0,0.0,-1790476687.350675,-1790476687.350675,-1790476687.350675,0,0,0,10,3,1790476761.0043154,,,,,False,0,,,,,,,,,1790476760.8967152,,1790476760.896169,,,,,,,1790476760.8971877,,,
20260927_103759_1243248,u2e1,1,441,SIDE_PLUS,1790476760.8643155,73.51364040374756,1790476761.0043154,False,False,False,False,,False,,,SIDE_DISPATCH|RAW_SEED_ATTEMPT|RAW_SEED_ATTEMPT|RAW_SEED_ATTEMPT|RAW_SEED_ATTEMPT|PREINIT_REJECT,PREINIT_REJECT,NO_STATIC_FEASIBLE_SIDE,,,0.0,0.0,0.0,-1790476687.350675,-1790476687.350675,-1790476687.350675,0,0,0,10,3,1790476761.0043154,,,,,False,0,,,,,,,,,1790476760.8978014,,1790476760.8972812,,,,,,,1790476760.8982143,,,
20260927_103759_1243248,u2e1,1,442,NOMINAL,1790476760.9002018,73.54952669143677,1790476761.010031,False,False,False,False,,False,,,NOMINAL_CONTEXT|FINAL_INPUT|JOINT_SEED|HANDOFF_REJECT,HANDOFF_REJECT,MISSED_FROZEN_ACTIVATION,,,0.0,0.0,0.0,-1790476687.350675,-1790476687.350675,-1790476687.350675,1,0,0,10,3,1790476761.010031,,1.8125788937721606e+19,,,False,1,,,1790476760.9165516,1790476760.9166255,,1790476760.914343,,,,,,,,,,,1790476760.9167597,,,,
20260927_103759_1243248,u2e1,1,443,SIDE_MINUS,1790476760.9002018,73.54952669143677,1790476761.010031,False,False,False,False,,False,,,SIDE_DISPATCH|RAW_SEED_ATTEMPT|RAW_SEED_ATTEMPT|RAW_SEED_ATTEMPT|RAW_SEED_ATTEMPT|PREINIT_REJECT,PREINIT_REJECT,NO_STATIC_FEASIBLE_SIDE,,,0.0,0.0,0.0,-1790476687.350675,-1790476687.350675,-1790476687.350675,0,0,0,10,3,1790476761.010031,,,,,False,0,,,,,,,,,1790476760.9149985,,1790476760.9144244,,,,,,,1790476760.9154956,,,
20260927_103759_1243248,u2e1,1,444,SIDE_PLUS,1790476760.9002018,73.54952669143677,1790476761.010031,False,False,False,False,,False,,,SIDE_DISPATCH|RAW_SEED_ATTEMPT|RAW_SEED_ATTEMPT|RAW_SEED_ATTEMPT|RAW_SEED_ATTEMPT|PREINIT_REJECT,PREINIT_REJECT,NO_STATIC_FEASIBLE_SIDE,,,0.0,0.0,0.0,-1790476687.350675,-1790476687.350675,-1790476687.350675,0,0,0,10,3,1790476761.010031,,,,,False,0,,,,,,,,,1790476760.9159384,,1790476760.9156148,,,,,,,1790476760.916205,,,
20260927_103759_1243248,u2e1,1,445,NOMINAL,1790476760.917015,73.56633996963501,1790476761.017015,False,False,False,False,,False,,,NOMINAL_CONTEXT|FINAL_INPUT|JOINT_SEED|HANDOFF_REJECT,HANDOFF_REJECT,MISSED_FROZEN_ACTIVATION,,,0.0,0.0,0.0,-1790476687.350675,-1790476687.350675,-1790476687.350675,1,0,0,10,3,1790476761.017015,,1.7039390092970975e+19,,,False,1,,,1790476760.94884,1790476760.9489646,,1790476760.9460876,,,,,,,,,,,1790476760.949081,,,,
20260927_103759_1243248,u2e1,1,446,SIDE_MINUS,1790476760.917015,73.56633996963501,1790476761.017015,False,False,False,False,,False,,,SIDE_DISPATCH|RAW_SEED_ATTEMPT|RAW_SEED_ATTEMPT|RAW_SEED_ATTEMPT|RAW_SEED_ATTEMPT|PREINIT_REJECT,PREINIT_REJECT,NO_STATIC_FEASIBLE_SIDE,,,0.0,0.0,0.0,-1790476687.350675,-1790476687.350675,-1790476687.350675,0,0,0,10,3,1790476761.017015,,,,,False,0,,,,,,,,,1790476760.9468496,,1790476760.9462304,,,,,,,1790476760.947327,,,
20260927_103759_1243248,u2e1,1,447,SIDE_PLUS,1790476760.917015,73.56633996963501,1790476761.017015,False,False,False,False,,False,,,SIDE_DISPATCH|RAW_SEED_ATTEMPT|RAW_SEED_ATTEMPT|RAW_SEED_ATTEMPT|RAW_SEED_ATTEMPT|PREINIT_REJECT,PREINIT_REJECT,NO_STATIC_FEASIBLE_SIDE,,,0.0,0.0,0.0,-1790476687.350675,-1790476687.350675,-1790476687.350675,0,0,0,10,3,1790476761.017015,,,,,False,0,,,,,,,,,1790476760.9478347,,1790476760.9474125,,,,,,,1790476760.9484673,,,
20260927_103759_1243248,u2e1,1,448,NOMINAL,1790476760.9493482,73.59867310523987,1790476761.049348,False,False,False,False,,False,,,NOMINAL_CONTEXT|FINAL_INPUT|JOINT_SEED|HANDOFF_REJECT,HANDOFF_REJECT,MISSED_FROZEN_ACTIVATION,,,0.0,0.0,0.0,-1790476687.350675,-1790476687.350675,-1790476687.350675,1,0,0,10,3,1790476761.049348,,1.1152293075448535e+19,,,False,1,,,1790476760.953024,1790476760.953138,,1790476760.9504497,,,,,,,,,,,1790476760.9534712,,,,
20260927_103759_1243248,u2e1,1,449,SIDE_MINUS,1790476760.9493482,73.59867310523987,1790476761.049348,False,False,False,False,,False,,,SIDE_DISPATCH|RAW_SEED_ATTEMPT|RAW_SEED_ATTEMPT|RAW_SEED_ATTEMPT|RAW_SEED_ATTEMPT|PREINIT_REJECT,PREINIT_REJECT,NO_STATIC_FEASIBLE_SIDE,,,0.0,0.0,0.0,-1790476687.350675,-1790476687.350675,-1790476687.350675,0,0,0,10,3,1790476761.049348,,,,,False,0,,,,,,,,,1790476760.9510953,,1790476760.950522,,,,,,,1790476760.9515476,,,
20260927_103759_1243248,u2e1,1,450,SIDE_PLUS,1790476760.9493482,73.59867310523987,1790476761.049348,False,False,False,False,,False,,,SIDE_DISPATCH|RAW_SEED_ATTEMPT|RAW_SEED_ATTEMPT|RAW_SEED_ATTEMPT|RAW_SEED_ATTEMPT|PREINIT_REJECT,PREINIT_REJECT,NO_STATIC_FEASIBLE_SIDE,,,0.0,0.0,0.0,-1790476687.350675,-1790476687.350675,-1790476687.350675,0,0,0,10,3,1790476761.049348,,,,,False,0,,,,,,,,,1790476760.9519334,,1790476760.9516287,,,,,,,1790476760.9524393,,,
20260927_103759_1243248,u2e1,1,451,NOMINAL,1790476760.9545069,73.60383176803589,1790476761.0545068,False,False,False,False,,False,,,NOMINAL_CONTEXT|FINAL_INPUT|JOINT_SEED|HANDOFF_REJECT,HANDOFF_REJECT,MISSED_FROZEN_ACTIVATION,,,0.0,0.0,0.0,-1790476687.350675,-1790476687.350675,-1790476687.350675,1,0,0,10,3,1790476761.0545068,,6.837344562424066e+18,,,False,1,,,1790476760.9577942,1790476760.9578843,,1790476760.9552934,,,,,,,,,,,1790476760.9580688,,,,
20260927_103759_1243248,u2e1,1,452,SIDE_MINUS,1790476760.9545069,73.60383176803589,1790476761.0545068,False,False,False,False,,False,,,SIDE_DISPATCH|RAW_SEED_ATTEMPT|RAW_SEED_ATTEMPT|RAW_SEED_ATTEMPT|RAW_SEED_ATTEMPT|PREINIT_REJECT,PREINIT_REJECT,NO_STATIC_FEASIBLE_SIDE,,,0.0,0.0,0.0,-1790476687.350675,-1790476687.350675,-1790476687.350675,0,0,0,10,3,1790476761.0545068,,,,,False,0,,,,,,,,,1790476760.955891,,1790476760.9554083,,,,,,,1790476760.9564075,,,
20260927_103759_1243248,u2e1,1,453,SIDE_PLUS,1790476760.9545069,73.60383176803589,1790476761.0545068,False,False,False,False,,False,,,SIDE_DISPATCH|RAW_SEED_ATTEMPT|RAW_SEED_ATTEMPT|RAW_SEED_ATTEMPT|RAW_SEED_ATTEMPT|PREINIT_REJECT,PREINIT_REJECT,NO_STATIC_FEASIBLE_SIDE,,,0.0,0.0,0.0,-1790476687.350675,-1790476687.350675,-1790476687.350675,0,0,0,10,3,1790476761.0545068,,,,,False,0,,,,,,,,,1790476760.9567616,,1790476760.9564798,,,,,,,1790476760.957075,,,
20260927_103759_1243248,u2e1,1,454,NOMINAL,1790476760.958301,73.60762596130371,1790476761.058301,False,False,False,False,,False,,,NOMINAL_CONTEXT|FINAL_INPUT|JOINT_SEED|HANDOFF_REJECT,HANDOFF_REJECT,MISSED_FROZEN_ACTIVATION,,,0.0,0.0,0.0,-1790476687.350675,-1790476687.350675,-1790476687.350675,1,0,0,10,3,1790476761.058301,,1.3491742957176508e+19,,,False,1,,,1790476760.96151,1790476760.9615562,,1790476760.9592674,,,,,,,,,,,1790476760.9616108,,,,
20260927_103759_1243248,u2e1,1,455,SIDE_MINUS,1790476760.958301,73.60762596130371,1790476761.058301,False,False,False,False,,False,,,SIDE_DISPATCH|RAW_SEED_ATTEMPT|RAW_SEED_ATTEMPT|RAW_SEED_ATTEMPT|RAW_SEED_ATTEMPT|PREINIT_REJECT,PREINIT_REJECT,NO_STATIC_FEASIBLE_SIDE,,,0.0,0.0,0.0,-1790476687.350675,-1790476687.350675,-1790476687.350675,0,0,0,10,3,1790476761.058301,,,,,False,0,,,,,,,,,1790476760.9599855,,1790476760.959333,,,,,,,1790476760.9603662,,,
20260927_103759_1243248,u2e1,1,456,SIDE_PLUS,1790476760.958301,73.60762596130371,1790476761.058301,False,False,False,False,,False,,,SIDE_DISPATCH|RAW_SEED_ATTEMPT|RAW_SEED_ATTEMPT|RAW_SEED_ATTEMPT|RAW_SEED_ATTEMPT|PREINIT_REJECT,PREINIT_REJECT,NO_STATIC_FEASIBLE_SIDE,,,0.0,0.0,0.0,-1790476687.350675,-1790476687.350675,-1790476687.350675,0,0,0,10,3,1790476761.058301,,,,,False,0,,,,,,,,,1790476760.960771,,1790476760.9604733,,,,,,,1790476760.9612164,,,
20260927_103759_1243248,u2e1,1,457,NOMINAL,1790476760.9616966,73.61102151870728,1790476761.0616963,False,False,False,False,,False,,,NOMINAL_CONTEXT|FINAL_INPUT|JOINT_SEED|HANDOFF_REJECT,HANDOFF_REJECT,MISSED_FROZEN_ACTIVATION,,,0.0,0.0,0.0,-1790476687.350675,-1790476687.350675,-1790476687.350675,1,0,0,10,3,1790476761.0616965,,4.304122216027388e+18,,,False,1,,,1790476760.9641776,1790476760.96423,,1790476760.9620628,,,,,,,,,,,1790476760.9642835,,,,
20260927_103759_1243248,u2e1,1,458,SIDE_MINUS,1790476760.9616966,73.61102151870728,1790476761.0616963,False,False,False,False,,False,,,SIDE_DISPATCH|RAW_SEED_ATTEMPT|RAW_SEED_ATTEMPT|RAW_SEED_ATTEMPT|RAW_SEED_ATTEMPT|PREINIT_REJECT,PREINIT_REJECT,NO_STATIC_FEASIBLE_SIDE,,,0.0,0.0,0.0,-1790476687.350675,-1790476687.350675,-1790476687.350675,0,0,0,10,3,1790476761.0616965,,,,,False,0,,,,,,,,,1790476760.9624233,,1790476760.9620976,,,,,,,1790476760.9629054,,,
20260927_103759_1243248,u2e1,1,459,SIDE_PLUS,1790476760.9616966,73.61102151870728,1790476761.0616963,False,False,False,False,,False,,,SIDE_DISPATCH|RAW_SEED_ATTEMPT|RAW_SEED_ATTEMPT|RAW_SEED_ATTEMPT|RAW_SEED_ATTEMPT|PREINIT_REJECT,PREINIT_REJECT,NO_STATIC_FEASIBLE_SIDE,,,0.0,0.0,0.0,-1790476687.350675,-1790476687.350675,-1790476687.350675,0,0,0,10,3,1790476761.0616965,,,,,False,0,,,,,,,,,1790476760.9633849,,1790476760.962994,,,,,,,1790476760.9637868,,,
20260927_103759_1243248,u2e1,1,460,NOMINAL,1790476760.9654665,73.61479115486145,1790476761.0654662,False,False,False,False,,False,,,NOMINAL_CONTEXT|FINAL_INPUT|JOINT_SEED|HANDOFF_REJECT,HANDOFF_REJECT,MISSED_FROZEN_ACTIVATION,,,0.0,0.0,0.0,-1790476687.350675,-1790476687.350675,-1790476687.350675,1,0,0,10,3,1790476761.0654662,,1.540636054936176e+19,,,False,1,,,1790476760.968065,1790476760.9681094,,1790476760.9661293,,,,,,,,,,,1790476760.9682117,,,,
20260927_103759_1243248,u2e1,1,461,SIDE_MINUS,1790476760.9654665,73.61479115486145,1790476761.0654662,False,False,False,False,,False,,,SIDE_DISPATCH|RAW_SEED_ATTEMPT|RAW_SEED_ATTEMPT|RAW_SEED_ATTEMPT|RAW_SEED_ATTEMPT|PREINIT_REJECT,PREINIT_REJECT,NO_STATIC_FEASIBLE_SIDE,,,0.0,0.0,0.0,-1790476687.350675,-1790476687.350675,-1790476687.350675,0,0,0,10,3,1790476761.0654662,,,,,False,0,,,,,,,,,1790476760.9666116,,1790476760.9662032,,,,,,,1790476760.9670236,,,
20260927_103759_1243248,u2e1,1,462,SIDE_PLUS,1790476760.9654665,73.61479115486145,1790476761.0654662,False,False,False,False,,False,,,SIDE_DISPATCH|RAW_SEED_ATTEMPT|RAW_SEED_ATTEMPT|RAW_SEED_ATTEMPT|RAW_SEED_ATTEMPT|PREINIT_REJECT,PREINIT_REJECT,NO_STATIC_FEASIBLE_SIDE,,,0.0,0.0,0.0,-1790476687.350675,-1790476687.350675,-1790476687.350675,0,0,0,10,3,1790476761.0654662,,,,,False,0,,,,,,,,,1790476760.9674842,,1790476760.9670963,,,,,,,1790476760.9677782,,,
20260927_103759_1243248,u2e1,1,463,NOMINAL,1790476760.968363,73.61768794059753,1790476761.068363,False,False,False,False,,False,,,NOMINAL_CONTEXT|FINAL_INPUT|JOINT_SEED|HANDOFF_REJECT,HANDOFF_REJECT,MISSED_FROZEN_ACTIVATION,,,0.0,0.0,0.0,-1790476687.350675,-1790476687.350675,-1790476687.350675,1,0,0,10,3,1790476761.068363,,1.5194550028169343e+19,,,False,1,,,1790476760.9715536,1790476760.9716082,,1790476760.9688535,,,,,,,,,,,1790476760.9717464,,,,
20260927_103759_1243248,u2e1,1,464,SIDE_MINUS,1790476760.968363,73.61768794059753,1790476761.068363,False,False,False,False,,False,,,SIDE_DISPATCH|RAW_SEED_ATTEMPT|RAW_SEED_ATTEMPT|RAW_SEED_ATTEMPT|RAW_SEED_ATTEMPT|PREINIT_REJECT,PREINIT_REJECT,NO_STATIC_FEASIBLE_SIDE,,,0.0,0.0,0.0,-1790476687.350675,-1790476687.350675,-1790476687.350675,0,0,0,10,3,1790476761.068363,,,,,False,0,,,,,,,,,1790476760.9699798,,1790476760.9689083,,,,,,,1790476760.9703176,,,
20260927_103759_1243248,u2e1,1,465,SIDE_PLUS,1790476760.968363,73.61768794059753,1790476761.068363,False,False,False,False,,False,,,SIDE_DISPATCH|RAW_SEED_ATTEMPT|RAW_SEED_ATTEMPT|RAW_SEED_ATTEMPT|RAW_SEED_ATTEMPT|PREINIT_REJECT,PREINIT_REJECT,NO_STATIC_FEASIBLE_SIDE,,,0.0,0.0,0.0,-1790476687.350675,-1790476687.350675,-1790476687.350675,0,0,0,10,3,1790476761.068363,,,,,False,0,,,,,,,,,1790476760.970675,,1790476760.9703584,,,,,,,1790476760.9710302,,,
20260927_103759_1243248,u2e1,1,466,NOMINAL,1790476760.971859,73.6211838722229,1790476761.071859,False,False,False,False,,False,,,NOMINAL_CONTEXT|FINAL_INPUT|JOINT_SEED|HANDOFF_REJECT,HANDOFF_REJECT,MISSED_FROZEN_ACTIVATION,,,0.0,0.0,0.0,-1790476687.350675,-1790476687.350675,-1790476687.350675,1,0,0,10,3,1790476761.071859,,1.2709564030993302e+19,,,False,1,,,1790476760.9750793,1790476760.975123,,1790476760.9725127,,,,,,,,,,,1790476760.9751813,,,,
20260927_103759_1243248,u2e1,1,467,SIDE_MINUS,1790476760.971859,73.6211838722229,1790476761.071859,False,False,False,False,,False,,,SIDE_DISPATCH|RAW_SEED_ATTEMPT|RAW_SEED_ATTEMPT|RAW_SEED_ATTEMPT|RAW_SEED_ATTEMPT|PREINIT_REJECT,PREINIT_REJECT,NO_STATIC_FEASIBLE_SIDE,,,0.0,0.0,0.0,-1790476687.350675,-1790476687.350675,-1790476687.350675,0,0,0,10,3,1790476761.071859,,,,,False,0,,,,,,,,,1790476760.973249,,1790476760.9725564,,,,,,,1790476760.9737067,,,
20260927_103759_1243248,u2e1,1,468,SIDE_PLUS,1790476760.971859,73.6211838722229,1790476761.071859,False,False,False,False,,False,,,SIDE_DISPATCH|RAW_SEED_ATTEMPT|RAW_SEED_ATTEMPT|RAW_SEED_ATTEMPT|RAW_SEED_ATTEMPT|PREINIT_REJECT,PREINIT_REJECT,NO_STATIC_FEASIBLE_SIDE,,,0.0,0.0,0.0,-1790476687.350675,-1790476687.350675,-1790476687.350675,0,0,0,10,3,1790476761.071859,,,,,False,0,,,,,,,,,1790476760.9741971,,1790476760.9737978,,,,,,,1790476760.9745507,,,
20260927_103759_1243248,u2e1,1,469,NOMINAL,1790476760.9753897,73.62471437454224,1790476761.0753894,False,False,False,False,,False,,,NOMINAL_CONTEXT|FINAL_INPUT|JOINT_SEED|HANDOFF_REJECT,HANDOFF_REJECT,MISSED_FROZEN_ACTIVATION,,,0.0,0.0,0.0,-1790476687.350675,-1790476687.350675,-1790476687.350675,1,0,0,10,3,1790476761.0753894,,7.551537970311978e+16,,,False,1,,,1790476760.9761455,1790476760.9761782,,1790476760.975866,,,,,,,,,,,1790476760.9762251,,,1790476760.975935,
20260927_103759_1243248,u2e1,1,470,NOMINAL,1790476760.9762986,73.62562346458435,1790476761.0762985,False,False,False,False,,False,,,NOMINAL_CONTEXT|FINAL_INPUT|JOINT_SEED|HANDOFF_REJECT,HANDOFF_REJECT,MISSED_FROZEN_ACTIVATION,,,0.0,0.0,0.0,-1790476687.350675,-1790476687.350675,-1790476687.350675,1,0,0,10,3,1790476761.0762985,,7.590164417944308e+18,,,False,1,,,1790476760.9769661,1790476760.9769971,,1790476760.976704,,,,,,,,,,,1790476760.9770436,,,1790476760.9767742,
20260927_103759_1243248,u2e1,1,471,NOMINAL,1790476760.977173,73.62649822235107,1790476761.0771732,False,False,False,False,,False,,,NOMINAL_CONTEXT|FINAL_INPUT|JOINT_SEED|HANDOFF_REJECT,HANDOFF_REJECT,MISSED_FROZEN_ACTIVATION,,,0.0,0.0,0.0,-1790476687.350675,-1790476687.350675,-1790476687.350675,1,0,0,10,3,1790476761.0771732,,2.9233053481835295e+18,,,False,1,,,1790476760.9790876,1790476760.9791298,,1790476760.9785957,,,,,,,,,,,1790476760.9793868,,,1790476760.9786909,
20260927_103759_1243248,u2e1,1,472,NOMINAL,1790476760.986838,73.63616275787354,1790476761.0868378,False,False,False,False,,False,,,NOMINAL_CONTEXT|FINAL_INPUT|JOINT_SEED|HANDOFF_REJECT,HANDOFF_REJECT,MISSED_FROZEN_ACTIVATION,,,0.0,0.0,0.0,-1790476687.350675,-1790476687.350675,-1790476687.350675,1,0,0,10,3,1790476761.0868378,,9.729429151763628e+18,,,False,1,,,1790476760.9882798,1790476760.9883115,,1790476760.987988,,,,,,,,,,,1790476760.9883623,,,1790476760.988065,
20260927_103759_1243248,u2e1,1,473,NOMINAL,1790476760.9884946,73.63781952857971,1790476761.0884943,False,False,False,False,,False,,,NOMINAL_CONTEXT|FINAL_INPUT|JOINT_SEED|HANDOFF_REJECT,HANDOFF_REJECT,MISSED_FROZEN_ACTIVATION,,,0.0,0.0,0.0,-1790476687.350675,-1790476687.350675,-1790476687.350675,1,0,0,10,3,1790476761.0884945,,2.9456085184345743e+18,,,False,1,,,1790476760.9942155,1790476760.994259,,1790476760.9936125,,,,,,,,,,,1790476760.994323,,,1790476760.993799,
20260927_103759_1243248,u2e1,1,474,NOMINAL,1790476760.9944763,73.64380121231079,1790476761.0944762,False,False,False,False,,False,,,NOMINAL_CONTEXT|FINAL_INPUT|JOINT_SEED|HANDOFF_REJECT,HANDOFF_REJECT,MISSED_FROZEN_ACTIVATION,,,0.0,0.0,0.0,-1790476687.350675,-1790476687.350675,-1790476687.350675,1,0,0,10,3,1790476761.0944762,,4.197504863022069e+18,,,False,1,,,1790476760.9956124,1790476760.9957004,,1790476760.9951127,,,,,,,,,,,1790476760.9961307,,,1790476760.9952264,
20260927_103759_1243248,u2e1,1,475,NOMINAL,1790476760.9999907,73.64931559562683,1790476761.0999906,False,False,False,False,,False,,,NOMINAL_CONTEXT|FINAL_INPUT_FAILED|JOINT_SEED,FINAL_INPUT_FAILED,,,,0.0,0.0,0.0,-1790476687.350675,-1790476687.350675,-1790476687.350675,0,0,0,10,3,1790476761.0999906,,,,,False,0,,,,1790476761.0096967,,1790476761.0061038,,,,,,,,1790476761.0096655,,,,,,,
20260927_103759_1243248,u2e1,1,476,SIDE_MINUS,1790476760.9999907,73.64931559562683,1790476761.0999906,False,False,False,False,,False,,,SIDE_DISPATCH|RAW_SEED_ATTEMPT|RAW_SEED_ATTEMPT|RAW_SEED_ATTEMPT|RAW_SEED_ATTEMPT|PREINIT_REJECT,PREINIT_REJECT,NO_STATIC_FEASIBLE_SIDE,,,0.0,0.0,0.0,-1790476687.350675,-1790476687.350675,-1790476687.350675,0,0,0,10,3,1790476761.0999906,,,,,False,0,,,,,,,,,1790476761.007736,,1790476761.0061643,,,,,,,1790476761.0081112,,,
20260927_103759_1243248,u2e1,1,477,SIDE_PLUS,1790476760.9999907,73.64931559562683,1790476761.0999906,False,False,False,False,,False,,,SIDE_DISPATCH|RAW_SEED_ATTEMPT|RAW_SEED_ATTEMPT|RAW_SEED_ATTEMPT|RAW_SEED_ATTEMPT|PREINIT_REJECT,PREINIT_REJECT,NO_STATIC_FEASIBLE_SIDE,,,0.0,0.0,0.0,-1790476687.350675,-1790476687.350675,-1790476687.350675,0,0,0,10,3,1790476761.0999906,,,,,False,0,,,,,,,,,1790476761.0085351,,1790476761.008162,,,,,,,1790476761.0089157,,,
20260927_103759_1243248,u2e1,1,478,NOMINAL,1790476761.0099704,73.65929532051086,1790476761.1099703,False,False,False,False,,False,,,NOMINAL_CONTEXT|FINAL_INPUT_FAILED|JOINT_SEED,FINAL_INPUT_FAILED,,,,0.0,0.0,0.0,-1790476687.350675,-1790476687.350675,-1790476687.350675,0,0,0,10,3,1790476761.1099703,,,,,False,0,,,,1790476761.0166612,,1790476761.0148635,,,,,,,,1790476761.0165846,,,,,,,
20260927_103759_1243248,u2e1,1,479,SIDE_MINUS,1790476761.0099704,73.65929532051086,1790476761.1099703,False,False,False,False,,False,,,SIDE_DISPATCH|RAW_SEED_ATTEMPT|RAW_SEED_ATTEMPT|RAW_SEED_ATTEMPT|RAW_SEED_ATTEMPT|PREINIT_REJECT,PREINIT_REJECT,NO_STATIC_FEASIBLE_SIDE,,,0.0,0.0,0.0,-1790476687.350675,-1790476687.350675,-1790476687.350675,0,0,0,10,3,1790476761.1099703,,,,,False,0,,,,,,,,,1790476761.015228,,1790476761.0149114,,,,,,,1790476761.0154278,,,
20260927_103759_1243248,u2e1,1,480,SIDE_PLUS,1790476761.0099704,73.65929532051086,1790476761.1099703,False,False,False,False,,False,,,SIDE_DISPATCH|RAW_SEED_ATTEMPT|RAW_SEED_ATTEMPT|RAW_SEED_ATTEMPT|RAW_SEED_ATTEMPT|PREINIT_REJECT,PREINIT_REJECT,NO_STATIC_FEASIBLE_SIDE,,,0.0,0.0,0.0,-1790476687.350675,-1790476687.350675,-1790476687.350675,0,0,0,10,3,1790476761.1099703,,,,,False,0,,,,,,,,,1790476761.0157976,,1790476761.0154555,,,,,,,1790476761.0160592,,,
20260927_103759_1243248,u2e1,1,481,NOMINAL,1790476761.0170052,73.66633009910583,1790476761.117005,False,False,False,False,,False,,,NOMINAL_CONTEXT|FINAL_INPUT_FAILED|JOINT_SEED,FINAL_INPUT_FAILED,,,,0.0,0.0,0.0,-1790476687.350675,-1790476687.350675,-1790476687.350675,0,0,0,10,3,1790476761.117005,,,,,False,0,,,,1790476761.0261886,,1790476761.0223002,,,,,,,,1790476761.0261524,,,,,,,
20260927_103759_1243248,u2e1,1,482,SIDE_MINUS,1790476761.0170052,73.66633009910583,1790476761.117005,False,False,False,False,,False,,,SIDE_DISPATCH|RAW_SEED_ATTEMPT|RAW_SEED_ATTEMPT|RAW_SEED_ATTEMPT|RAW_SEED_ATTEMPT|PREINIT_REJECT,PREINIT_REJECT,NO_STATIC_FEASIBLE_SIDE,,,0.0,0.0,0.0,-1790476687.350675,-1790476687.350675,-1790476687.350675,0,0,0,10,3,1790476761.117005,,,,,False,0,,,,,,,,,1790476761.02326,,1790476761.0223475,,,,,,,1790476761.0236356,,,
20260927_103759_1243248,u2e1,1,483,SIDE_PLUS,1790476761.0170052,73.66633009910583,1790476761.117005,False,False,False,False,,False,,,SIDE_DISPATCH|RAW_SEED_ATTEMPT|RAW_SEED_ATTEMPT|RAW_SEED_ATTEMPT|RAW_SEED_ATTEMPT|PREINIT_REJECT,PREINIT_REJECT,NO_STATIC_FEASIBLE_SIDE,,,0.0,0.0,0.0,-1790476687.350675,-1790476687.350675,-1790476687.350675,0,0,0,10,3,1790476761.117005,,,,,False,0,,,,,,,,,1790476761.02463,,1790476761.0236814,,,,,,,1790476761.025552,,,
20260927_103759_1243248,u2e1,1,484,NOMINAL,1790476761.0268795,73.6762044429779,1790476761.1268797,False,False,False,False,,False,,,NOMINAL_CONTEXT|FINAL_INPUT_FAILED|JOINT_SEED,FINAL_INPUT_FAILED,,,,0.0,0.0,0.0,-1790476687.350675,-1790476687.350675,-1790476687.350675,0,0,0,10,3,1790476761.1268795,,,,,False,0,,,,1790476761.1636293,,1790476761.033746,,,,,,,,1790476761.163589,,,,,,,
20260927_103759_1243248,u2e1,1,485,SIDE_MINUS,1790476761.0268795,73.6762044429779,1790476761.1268797,False,False,False,False,,False,,,SIDE_DISPATCH|RAW_SEED_ATTEMPT|RAW_SEED_ATTEMPT|RAW_SEED_ATTEMPT|RAW_SEED_ATTEMPT|PREINIT_REJECT,PREINIT_REJECT,NO_STATIC_FEASIBLE_SIDE,,,0.0,0.0,0.0,-1790476687.350675,-1790476687.350675,-1790476687.350675,0,0,0,10,3,1790476761.1268795,,,,,False,0,,,,,,,,,1790476761.0342526,,1790476761.033841,,,,,,,1790476761.0346835,,,
20260927_103759_1243248,u2e1,1,486,SIDE_PLUS,1790476761.0268795,73.6762044429779,1790476761.1268797,False,False,False,False,,False,,,SIDE_DISPATCH|RAW_SEED_ATTEMPT|RAW_SEED_ATTEMPT|RAW_SEED_ATTEMPT|RAW_SEED_ATTEMPT|PRE_TIMING_SEED|TIMED_SEED|SEED_ELIGIBILITY|SOLVER_FAILED|FINAL_INPUT_FAILED|JOINT_SEED,FINAL_INPUT_FAILED,,DYNAMICS_MODEL_MISMATCH_TRUST_EXHAUSTED,,0.0,0.0,0.0,-1790476687.350675,-1790476687.350675,-1790476687.350675,0,1,0,10,3,1790476761.1268795,,,,,True,0,,,,1790476761.1636841,,,,1790476761.0366483,1790476761.0357912,1790476761.0382137,1790476761.0350783,,1790476761.0369792,1790476761.1636648,1790476761.162986,,,,,,
20260927_103759_1243248,u2e1,1,487,NOMINAL,1790476761.1640997,73.81342458724976,1790476761.313798,True,False,True,True,259.0,True,74.0037,74.136087,NOMINAL_CONTEXT|FINAL_INPUT|JOINT_SEED|COMPARATOR_WIN|SELECTED|COMMITTED,,,,,0.0,0.0,0.0,-1790476687.350675,-1790476687.350675,75.96312284469604,1,0,0,-1,1,1790476761.313798,,1.679503734445455e+19,1.679503734445455e+19,1.0,False,1,1790476761.1740942,1790476761.1730793,1790476761.17274,1790476761.1727908,1790476761.1731272,1790476761.170083,,,,,,,,,,,,,,,
20260927_103759_1243248,u2e1,1,488,SIDE_MINUS,1790476761.1640997,73.81342458724976,1790476761.313798,False,False,False,False,,False,,,SIDE_DISPATCH|RAW_SEED_ATTEMPT|RAW_SEED_ATTEMPT|RAW_SEED_ATTEMPT|RAW_SEED_ATTEMPT|PREINIT_REJECT,PREINIT_REJECT,NO_STATIC_FEASIBLE_SIDE,,,0.0,0.0,0.0,-1790476687.350675,-1790476687.350675,-1790476687.350675,0,0,0,-1,1,1790476761.313798,,,,,False,0,,,,,,,,,1790476761.1708107,,1790476761.1702101,,,,,,,1790476761.171466,,,
20260927_103759_1243248,u2e1,1,489,SIDE_PLUS,1790476761.1640997,73.81342458724976,1790476761.313798,False,False,False,False,,False,,,SIDE_DISPATCH|RAW_SEED_ATTEMPT|RAW_SEED_ATTEMPT|RAW_SEED_ATTEMPT|RAW_SEED_ATTEMPT|PREINIT_REJECT,PREINIT_REJECT,NO_STATIC_FEASIBLE_SIDE,,,0.0,0.0,0.0,-1790476687.350675,-1790476687.350675,-1790476687.350675,0,0,0,-1,1,1790476761.313798,,,,,False,0,,,,,,,,,1790476761.171902,,1790476761.1715553,,,,,,,1790476761.1721823,,,
20260927_103759_1243248,u3e1,2,137,NOMINAL,1790476720.475147,33.12447190284729,1790476720.6333294,False,False,False,False,,False,,,NOMINAL_CONTEXT|FINAL_INPUT|JOINT_SEED|HANDOFF_REJECT,HANDOFF_REJECT,MISSED_FROZEN_ACTIVATION,,,0.0,0.0,0.0,-1790476687.350675,-1790476687.350675,-1790476687.350675,0,0,0,6,2,1790476720.6333294,,8.754839003969445e+17,,,False,0,,,1790476720.7470858,1790476720.7471435,,1790476720.4766304,,,,,,,,,,,1790476720.7476985,,,,
20260927_103759_1243248,u3e1,2,138,SIDE_MINUS,1790476720.475147,33.12447190284729,1790476720.6333294,False,True,False,False,,False,,,SIDE_DISPATCH|RAW_SEED_ATTEMPT|PRE_TIMING_SEED|TIMED_SEED|SEED_ELIGIBILITY|PRE_LOS|POST_LOS|SOLVER_OK|FINAL_INPUT|JOINT_SEED|HANDOFF_REJECT,HANDOFF_REJECT,MISSED_FROZEN_ACTIVATION,,,0.0,0.0,0.0,-1790476687.350675,-1790476687.350675,-1790476687.350675,0,0,1,6,2,1790476720.6333294,6.012106130230925e+18,6.012106130230925e+18,,,False,0,,,1790476720.7473161,1790476720.7473533,,,,1790476720.4769573,1790476720.4767902,1790476720.4773962,1790476720.4766865,1790476720.4789329,1790476720.4770403,,,,1790476720.7477632,,,,
20260927_103759_1243248,u3e1,2,139,SIDE_PLUS,1790476720.475147,33.12447190284729,1790476720.6333294,False,False,False,False,,False,,,SIDE_DISPATCH|RAW_SEED_ATTEMPT|RAW_SEED_ATTEMPT|RAW_SEED_ATTEMPT|RAW_SEED_ATTEMPT|PRE_TIMING_SEED|TIMED_SEED|SEED_ELIGIBILITY|SOLVER_FAILED|FINAL_INPUT_FAILED|JOINT_SEED,FINAL_INPUT_FAILED,,DYNAMICS_MODEL_MISMATCH_TRUST_EXHAUSTED,,0.0,0.0,0.0,-1790476687.350675,-1790476687.350675,-1790476687.350675,0,1,1,6,2,1790476720.6333294,,,,,True,0,,,,1790476720.7472012,,,,1790476720.5897233,1790476720.5606434,1790476720.5904546,1790476720.4793897,,1790476720.5899894,1790476720.7471833,1790476720.7459073,,,,,,
20260927_103759_1243248,u3e1,2,140,NOMINAL,1790476720.7585616,33.40788650512695,1790476720.9382002,True,False,False,False,,False,,,NOMINAL_CONTEXT|FINAL_INPUT|JOINT_SEED|COMPARATOR_WIN,,,,,0.0,0.0,0.0,-1790476687.350675,-1790476687.350675,35.58752512931824,0,0,0,6,2,1790476720.9382002,,9.889400955511566e+18,9.889400955511566e+18,1.0,False,0,,1790476720.8193448,1790476720.8186173,1790476720.8187034,,1790476720.7617204,,,,,,,,,,,,,,,
20260927_103759_1243248,u3e1,2,141,SIDE_MINUS,1790476720.7585616,33.40788650512695,1790476720.9382002,True,True,False,False,,False,,,SIDE_DISPATCH|RAW_SEED_ATTEMPT|PRE_TIMING_SEED|TIMED_SEED|SEED_ELIGIBILITY|PRE_LOS|POST_LOS|SOLVER_OK|FINAL_INPUT|JOINT_SEED|COMPARATOR_LOSS,,,,,0.0,0.0,0.0,-1790476687.350675,-1790476687.350675,35.58752512931824,0,0,1,6,2,1790476720.9382002,2.921783066465374e+18,2.921783066465374e+18,2.921783066465374e+18,1.0,False,0,,,1790476720.8189633,1790476720.8189962,,,1790476720.81986,1790476720.7622774,1790476720.762099,1790476720.7628605,1790476720.761804,1790476720.7644386,1790476720.7623494,,,,,,,,
20260927_103759_1243248,u3e1,2,142,SIDE_PLUS,1790476720.7585616,33.40788650512695,1790476720.9382002,True,True,True,True,120.0,True,33.602143,33.835331,SIDE_DISPATCH|RAW_SEED_ATTEMPT|RAW_SEED_ATTEMPT|RAW_SEED_ATTEMPT|RAW_SEED_ATTEMPT|PRE_TIMING_SEED|TIMED_SEED|SEED_ELIGIBILITY|SOLVER_OK|FINAL_INPUT|JOINT_SEED|COMPARATOR_WIN|SELECTED|COMMITTED,,,,,0.0,0.0,0.0,-1790476687.350675,-1790476687.350675,35.58752512931824,0,1,0,6,2,1790476720.9382002,1.4424292393882665e+19,1.4424292393882665e+19,1.4424292393882665e+19,1.0,False,0,1790476720.8205638,1790476720.8196836,1790476720.8187454,1790476720.8188586,1790476720.8199718,,,1790476720.7671,1790476720.765362,1790476720.7680085,1790476720.7647018,1790476720.8172588,1790476720.7674665,,,,,,,,
20260927_103759_1243248,u3e1,2,143,NOMINAL,1790476721.0141644,33.66348934173584,1790476721.1921237,True,False,False,False,,False,,,NOMINAL_CONTEXT|FINAL_INPUT|JOINT_SEED|COMPARATOR_WIN,,,,,1.0,0.2222222222222222,3.2396534078157084,34.849323987960815,35.687525033950806,35.84144854545593,0,0,0,6,2,1790476721.1921237,,1.0589845719944325e+19,1.0589845719944325e+19,1.0,False,0,,1790476721.0351,1790476721.0328438,1790476721.0331786,,1790476721.0163803,,,,,,,,,,,,,,,
20260927_103759_1243248,u3e1,2,144,SIDE_MINUS,1790476721.0141644,33.66348934173584,1790476721.1921237,True,True,True,True,121.0,True,33.871051,34.102271,SIDE_DISPATCH|RAW_SEED_ATTEMPT|PRE_TIMING_SEED|TIMED_SEED|SEED_ELIGIBILITY|PRE_LOS|POST_LOS|SOLVER_OK|FINAL_INPUT|JOINT_SEED|COMPARATOR_WIN|SELECTED|COMMITTED,,,,C3_HIGHER,1.0,0.5555555555555556,1.0360934164166542,34.849323987960815,35.687525033950806,35.84144854545593,0,0,1,6,2,1790476721.1921237,6.958005995604128e+18,6.958005995604128e+18,6.958005995604128e+18,1.0,False,0,1790476721.0401504,1790476721.037592,1790476721.03361,1790476721.0337427,1790476721.0380983,,,1790476721.0168676,1790476721.0165615,1790476721.0171506,1790476721.0164351,1790476721.0191145,1790476721.0169451,,,,,,,,
20260927_103759_1243248,u3e1,2,145,SIDE_PLUS,1790476721.0141644,33.66348934173584,1790476721.1921237,False,True,False,False,,False,,,SIDE_DISPATCH|RAW_SEED_ATTEMPT|PRE_TIMING_SEED|TIMED_SEED|SEED_ELIGIBILITY|PRE_LOS|POST_LOS|SOLVER_OK|FINAL_INPUT|JOINT_SEED|PREFLIGHT_REJECT,PREFLIGHT_REJECT,static map t=1.16667 occupancy=1 pos=-1.43182  2.39834  1.49974,,,0.0,0.0,0.0,-1790476687.350675,-1790476687.350675,-1790476687.350675,0,0,1,6,2,1790476721.1921237,6.825260268746646e+18,6.825260268746646e+18,,,False,0,,,1790476721.0335422,1790476721.0335798,,,,1790476721.0210052,1790476721.0200882,1790476721.0218108,1790476721.0199463,1790476721.0250545,1790476721.0210812,,,1790476721.035929,,,,,
20260927_103759_1243248,u3e1,2,146,NOMINAL,1790476721.3048646,33.95418953895569,1790476721.477752,True,False,False,False,,False,,,NOMINAL_CONTEXT|FINAL_INPUT|JOINT_SEED|COMPARATOR_WIN,,,,,1.0,0.1818181818181818,3.804623163057133,34.849323987960815,35.9414484500885,36.12707686424256,0,0,0,6,2,1790476721.477752,,1.4324652990087107e+19,1.4324652990087107e+19,1.0,False,0,,1790476721.3140752,1790476721.313365,1790476721.313543,,1790476721.3066895,,,,,,,,,,,,,,,
20260927_103759_1243248,u3e1,2,147,SIDE_MINUS,1790476721.3048646,33.95418953895569,1790476721.477752,True,True,True,True,122.0,True,34.135511,34.636492,SIDE_DISPATCH|RAW_SEED_ATTEMPT|PRE_TIMING_SEED|TIMED_SEED|SEED_ELIGIBILITY|PRE_LOS|POST_LOS|SOLVER_OK|FINAL_INPUT|JOINT_SEED|COMPARATOR_WIN|SELECTED|COMMITTED,,,,C3_HIGHER,1.0,0.6363636363636364,1.4231867192600478,34.849323987960815,35.9414484500885,36.12707686424256,0,0,1,6,2,1790476721.477752,1.5437143374531797e+19,1.5437143374531797e+19,1.5437143374531797e+19,1.0,False,0,1790476721.315403,1790476721.314677,1790476721.313657,1790476721.313685,1790476721.3148432,,,1790476721.3069308,1790476721.3068075,1790476721.3072612,1790476721.306746,1790476721.3100977,1790476721.3069928,,,,,,,,
20260927_103759_1243248,u3e1,2,148,SIDE_PLUS,1790476721.3048646,33.95418953895569,1790476721.477752,True,True,False,False,,False,,,SIDE_DISPATCH|RAW_SEED_ATTEMPT|PRE_TIMING_SEED|TIMED_SEED|SEED_ELIGIBILITY|PRE_LOS|POST_LOS|SOLVER_OK|FINAL_INPUT|JOINT_SEED|COMPARATOR_WIN,,,,D3_LOWER,1.0,0.1818181818181818,3.475126866161565,34.849323987960815,35.9414484500885,36.12707686424256,0,0,1,6,2,1790476721.477752,1.0319689568355766e+19,1.0319689568355766e+19,1.0319689568355766e+19,1.0,False,0,,1790476721.314439,1790476721.3135931,1790476721.3136256,,,,1790476721.310676,1790476721.310494,1790476721.3109765,1790476721.3103883,1790476721.3127835,1790476721.3107474,,,,,,,,
20260927_103759_1243248,u3e1,2,149,NOMINAL,1790476721.8433244,34.49264931678772,1790476722.0101378,True,False,False,False,,False,,,NOMINAL_CONTEXT|FINAL_INPUT|JOINT_SEED|COMPARATOR_WIN,,,,,1.0,0.4285714285714285,3.4833007534798863,34.849323987960815,36.22707676887512,36.659462690353394,0,0,0,6,2,1790476722.0101378,,1.590888917925276e+19,1.590888917925276e+19,1.0,False,0,,1790476721.8555522,1790476721.8544922,1790476721.8545454,,1790476721.8457205,,,,,,,,,,,,,,,
20260927_103759_1243248,u3e1,2,150,SIDE_MINUS,1790476721.8433244,34.49264931678772,1790476722.0101378,True,True,True,True,123.0,True,34.677241,34.935525,SIDE_DISPATCH|RAW_SEED_ATTEMPT|PRE_TIMING_SEED|TIMED_SEED|SEED_ELIGIBILITY|SOLVER_OK|FINAL_INPUT|JOINT_SEED|COMPARATOR_WIN|SELECTED|COMMITTED,,,,D3_LOWER,1.0,0.4285714285714285,3.469581063049469,34.849323987960815,36.22707676887512,36.659462690353394,0,0,0,6,2,1790476722.0101378,5.648918313928259e+18,5.648918313928259e+18,5.648918313928259e+18,1.0,False,0,1790476721.858128,1790476721.856233,1790476721.8548985,1790476721.8549335,1790476721.8563824,,,1790476721.846116,1790476721.8460379,1790476721.8463807,1790476721.8459392,1790476721.8481421,1790476721.8461642,,,,,,,,
20260927_103759_1243248,u3e1,2,151,SIDE_PLUS,1790476721.8433244,34.49264931678772,1790476722.0101378,True,True,False,False,,False,,,SIDE_DISPATCH|RAW_SEED_ATTEMPT|PRE_TIMING_SEED|TIMED_SEED|SEED_ELIGIBILITY|PRE_LOS|POST_LOS|SOLVER_OK|FINAL_INPUT|JOINT_SEED|COMPARATOR_LOSS,,,,OPPONENT_C3_HIGHER,1.0,0.3571428571428571,3.277265400165829,34.849323987960815,36.22707676887512,36.659462690353394,0,0,1,6,2,1790476722.0101378,4.857276971196104e+18,4.857276971196104e+18,4.857276971196104e+18,1.0,False,0,,,1790476721.854592,1790476721.85486,,,1790476721.8559399,1790476721.8488867,1790476721.8487377,1790476721.8497803,1790476721.8486156,1790476721.8531106,1790476721.8490624,,,,,,,,
20260927_103759_1243248,u3e1,2,152,NOMINAL,1790476722.122595,34.77191996574402,1790476722.2845068,True,False,False,False,,False,,,NOMINAL_CONTEXT|FINAL_INPUT|JOINT_SEED|COMPARATOR_WIN,,,,,1.0,0.375,3.959033781468803,34.93383169174194,36.5493233203888,36.93383169174194,0,0,0,6,2,1790476722.2845068,,1.2036821063000064e+19,1.2036821063000064e+19,1.0,False,0,,1790476722.135354,1790476722.134296,1790476722.1343536,,1790476722.12517,,,,,,,,,,,,,,,
20260927_103759_1243248,u3e1,2,153,SIDE_MINUS,1790476722.122595,34.77191996574402,1790476722.2845068,True,True,False,False,,False,,,SIDE_DISPATCH|RAW_SEED_ATTEMPT|PRE_TIMING_SEED|TIMED_SEED|SEED_ELIGIBILITY|SOLVER_OK|FINAL_INPUT|JOINT_SEED|COMPARATOR_LOSS,,,,OPPONENT_D3_LOWER,1.0,0.375,3.898902449712117,34.93383169174194,36.5493233203888,36.93383169174194,0,0,0,6,2,1790476722.2845068,1.3118370407158819e+19,1.3118370407158819e+19,1.3118370407158819e+19,1.0,False,0,,,1790476722.1345222,1790476722.1345582,,,1790476722.1359813,1790476722.1256304,1790476722.1253433,1790476722.1264105,1790476722.125237,1790476722.1287043,1790476722.1257086,,,,,,,,
20260927_103759_1243248,u3e1,2,154,SIDE_PLUS,1790476722.122595,34.77191996574402,1790476722.2845068,True,True,True,True,124.0,True,34.971546,35.203324,SIDE_DISPATCH|RAW_SEED_ATTEMPT|PRE_TIMING_SEED|TIMED_SEED|SEED_ELIGIBILITY|PRE_LOS|POST_LOS|SOLVER_OK|FINAL_INPUT|JOINT_SEED|COMPARATOR_WIN|SELECTED|COMMITTED,,,,D3_LOWER,1.0,0.375,3.6667737030830088,34.93383169174194,36.5493233203888,36.93383169174194,0,0,1,6,2,1790476722.2845068,5.674661928632548e+18,5.674661928632548e+18,5.674661928632548e+18,1.0,False,0,1790476722.1367502,1790476722.1356938,1790476722.1343906,1790476722.1344795,1790476722.1361372,,,1790476722.1302357,1790476722.1298568,1790476722.1306264,1790476722.1296382,1790476722.1334488,1790476722.1304033,,,,,,,,
20260927_103759_1243248,u3e1,2,155,NOMINAL,1790476722.4120874,35.06141233444214,1790476722.5692832,False,False,False,False,,False,,,NOMINAL_CONTEXT|FINAL_INPUT_FAILED|JOINT_SEED,FINAL_INPUT_FAILED,,,,0.0,0.0,0.0,-1790476687.350675,-1790476687.350675,-1790476687.350675,0,0,0,6,2,1790476722.5692832,,,,,False,0,,,,1790476722.4286904,,1790476722.4201639,,,,,,,,1790476722.4286559,,,,,,,
20260927_103759_1243248,u3e1,2,156,SIDE_MINUS,1790476722.4120874,35.06141233444214,1790476722.5692832,True,True,False,False,,False,,,SIDE_DISPATCH|RAW_SEED_ATTEMPT|PRE_TIMING_SEED|TIMED_SEED|SEED_ELIGIBILITY|SOLVER_OK|FINAL_INPUT|JOINT_SEED|COMPARATOR_LOSS,,,,OPPONENT_D3_LOWER,1.0,0.2307692307692307,3.995877515167082,35.218608140945435,36.5493233203888,37.21860814094544,0,0,0,6,2,1790476722.5692832,5.60940785411821e+18,5.60940785411821e+18,5.60940785411821e+18,1.0,False,0,,,1790476722.4287846,1790476722.4288158,,,1790476722.4324875,1790476722.420393,1790476722.420276,1790476722.4206982,1790476722.4202242,1790476722.4235282,1790476722.4204645,,,,,,,,
20260927_103759_1243248,u3e1,2,157,SIDE_PLUS,1790476722.4120874,35.06141233444214,1790476722.5692832,True,True,True,True,125.0,True,35.236046,35.435914,SIDE_DISPATCH|RAW_SEED_ATTEMPT|PRE_TIMING_SEED|TIMED_SEED|SEED_ELIGIBILITY|PRE_LOS|POST_LOS|SOLVER_OK|FINAL_INPUT|JOINT_SEED|COMPARATOR_WIN|SELECTED|COMMITTED,,,,,1.0,0.2307692307692307,3.7486083429373407,35.218608140945435,36.5493233203888,37.21860814094544,0,0,1,6,2,1790476722.5692832,4.408423057435486e+18,4.408423057435486e+18,4.408423057435486e+18,1.0,False,0,1790476722.4379842,1790476722.4322565,1790476722.4287226,1790476722.4287548,1790476722.4372637,,,1790476722.4239295,1790476722.4238453,1790476722.4240913,1790476722.423777,1790476722.4279492,1790476722.4239736,,,,,,,,
20260927_103759_1243248,u3e1,2,158,NOMINAL,1790476722.664488,35.31381297111511,1790476722.8186138,True,False,True,True,126.0,True,35.478072,35.736556,NOMINAL_CONTEXT|FINAL_INPUT|JOINT_SEED|COMPARATOR_WIN|SELECTED|COMMITTED,,,,,1.0,0.1,3.4472977936666265,35.46793866157532,36.54932379722595,37.46793866157532,0,0,0,6,2,1790476722.8186138,,1.3978014779116968e+19,1.3978014779116968e+19,1.0,False,0,1790476722.6838384,1790476722.6830974,1790476722.6822383,1790476722.682303,1790476722.6834023,1790476722.668731,,,,,,,,,,,,,,,
20260927_103759_1243248,u3e1,2,159,SIDE_MINUS,1790476722.664488,35.31381297111511,1790476722.8186138,False,True,False,False,,False,,,SIDE_DISPATCH|RAW_SEED_ATTEMPT|PRE_TIMING_SEED|TIMED_SEED|SEED_ELIGIBILITY|PRE_LOS|POST_LOS|SOLVER_OK|FINAL_INPUT|JOINT_SEED|PREFLIGHT_REJECT,PREFLIGHT_REJECT,DYNAMICS_FAIL,,,0.0,0.0,0.0,-1790476687.350675,-1790476687.350675,-1790476687.350675,0,0,1,6,2,1790476722.8186138,1.4076014745116178e+19,1.4076014745116178e+19,,,False,0,,,1790476722.6824872,1790476722.6825476,,,,1790476722.6692083,1790476722.6690133,1790476722.6698458,1790476722.6688035,1790476722.6749244,1790476722.669305,,,1790476722.6833477,,,,,
20260927_103759_1243248,u3e1,2,160,SIDE_PLUS,1790476722.664488,35.31381297111511,1790476722.8186138,False,True,False,False,,False,,,SIDE_DISPATCH|RAW_SEED_ATTEMPT|PRE_TIMING_SEED|TIMED_SEED|SEED_ELIGIBILITY|PRE_LOS|POST_LOS|SOLVER_OK|FINAL_INPUT|JOINT_SEED|PREFLIGHT_REJECT,PREFLIGHT_REJECT,DYNAMICS_FAIL,,,0.0,0.0,0.0,-1790476687.350675,-1790476687.350675,-1790476687.350675,0,0,1,6,2,1790476722.8186138,4.684154033404635e+18,4.684154033404635e+18,,,False,0,,,1790476722.6823447,1790476722.6823914,,,,1790476722.6756907,1790476722.6755283,1790476722.676049,1790476722.6753435,1790476722.68072,1790476722.6757708,,,1790476722.6832855,,,,,
20260927_103759_1243248,u3e1,2,161,NOMINAL,1790476722.9422064,35.59153127670288,1790476723.0931845,True,False,True,True,127.0,True,35.769578,36.035876,NOMINAL_CONTEXT|FINAL_INPUT|JOINT_SEED|COMPARATOR_WIN|SELECTED|COMMITTED,,,,,1.0,0.125,2.5576044108621607,35.74250936508179,36.54932403564453,37.74250936508179,0,0,0,6,2,1790476723.0931845,,1.746459371077524e+19,1.746459371077524e+19,1.0,False,0,1790476722.9666977,1790476722.964154,1790476722.9630992,1790476722.963258,1790476722.9648952,1790476722.9452753,,,,,,,,,,,,,,,
20260927_103759_1243248,u3e1,2,162,SIDE_MINUS,1790476722.9422064,35.59153127670288,1790476723.0931845,False,True,False,False,,False,,,SIDE_DISPATCH|RAW_SEED_ATTEMPT|PRE_TIMING_SEED|TIMED_SEED|SEED_ELIGIBILITY|PRE_LOS|POST_LOS|SOLVER_OK|FINAL_INPUT|JOINT_SEED|PREFLIGHT_REJECT,PREFLIGHT_REJECT,DYNAMICS_FAIL,,,0.0,0.0,0.0,-1790476687.350675,-1790476687.350675,-1790476687.350675,0,0,1,6,2,1790476723.0931845,1.9331685389514668e+18,1.9331685389514668e+18,,,False,0,,,1790476722.9633965,1790476722.9634328,,,,1790476722.946102,1790476722.9457676,1790476722.946564,1790476722.945502,1790476722.9516482,1790476722.9462283,,,1790476722.9646802,,,,,
20260927_103759_1243248,u3e1,2,163,SIDE_PLUS,1790476722.9422064,35.59153127670288,1790476723.0931845,False,True,False,False,,False,,,SIDE_DISPATCH|RAW_SEED_ATTEMPT|PRE_TIMING_SEED|TIMED_SEED|SEED_ELIGIBILITY|PRE_LOS|POST_LOS|SOLVER_OK|FINAL_INPUT|JOINT_SEED|PREFLIGHT_REJECT,PREFLIGHT_REJECT,DYNAMICS_FAIL,,,0.0,0.0,0.0,-1790476687.350675,-1790476687.350675,-1790476687.350675,0,0,1,6,2,1790476723.0931845,4.565852222381101e+17,4.565852222381101e+17,,,False,0,,,1790476722.9633102,1790476722.9633589,,,,1790476722.9530156,1790476722.9527276,1790476722.9539282,1790476722.952285,1790476722.9602103,1790476722.9531977,,,1790476722.964432,,,,,
20260927_103759_1243248,u3e1,2,164,NOMINAL,1790476723.232949,35.88227391242981,1790476723.3814788,True,False,True,True,128.0,True,36.074247,36.271317,NOMINAL_CONTEXT|FINAL_INPUT|JOINT_SEED|COMPARATOR_WIN|SELECTED|COMMITTED,,,,,1.0,0.3333333333333333,0.8327005487307751,36.03080368041992,36.54932451248169,38.03080368041992,0,0,0,6,2,1790476723.3814788,,2.3732427924802314e+18,2.3732427924802314e+18,1.0,False,0,1790476723.2604136,1790476723.259263,1790476723.2579637,1790476723.2586446,1790476723.259781,1790476723.2367218,,,,,,,,,,,,,,,
20260927_103759_1243248,u3e1,2,165,SIDE_MINUS,1790476723.232949,35.88227391242981,1790476723.3814788,False,True,False,False,,False,,,SIDE_DISPATCH|RAW_SEED_ATTEMPT|PRE_TIMING_SEED|TIMED_SEED|SEED_ELIGIBILITY|PRE_LOS|POST_LOS|SOLVER_OK|FINAL_INPUT|JOINT_SEED|PREFLIGHT_REJECT,PREFLIGHT_REJECT,DYNAMICS_FAIL,,,0.0,0.0,0.0,-1790476687.350675,-1790476687.350675,-1790476687.350675,0,0,1,6,2,1790476723.3814788,1.3995014469701706e+19,1.3995014469701706e+19,,,False,0,,,1790476723.258793,1790476723.2588422,,,,1790476723.2371562,1790476723.2369366,1790476723.2387378,1790476723.236791,1790476723.2479813,1790476723.238438,,,1790476723.259445,,,,,
20260927_103759_1243248,u3e1,2,166,SIDE_PLUS,1790476723.232949,35.88227391242981,1790476723.3814788,False,True,False,False,,False,,,SIDE_DISPATCH|RAW_SEED_ATTEMPT|PRE_TIMING_SEED|TIMED_SEED|SEED_ELIGIBILITY|PRE_LOS|POST_LOS|SOLVER_OK|FINAL_INPUT|JOINT_SEED|PREFLIGHT_REJECT,PREFLIGHT_REJECT,DYNAMICS_FAIL,,,0.0,0.0,0.0,-1790476687.350675,-1790476687.350675,-1790476687.350675,0,0,1,6,2,1790476723.3814788,1.7326403554374756e+19,1.7326403554374756e+19,,,False,0,,,1790476723.2587025,1790476723.2587514,,,,1790476723.2511346,1790476723.250802,1790476723.2517877,1790476723.249018,1790476723.2564237,1790476723.2512863,,,1790476723.259385,,,,,
20260927_103759_1243248,u3e1,2,167,NOMINAL,1790476723.4969814,36.14630627632141,1790476723.643473,True,False,False,False,,False,,,NOMINAL_CONTEXT|FINAL_INPUT|JOINT_SEED|COMPARATOR_WIN,,,,,1.0,0.6666666666666666,0.0700962117259908,36.292797565460205,36.54932475090027,38.292797565460205,0,0,0,6,2,1790476723.6434727,,7.471778872299159e+18,7.471778872299159e+18,1.0,False,0,,1790476723.5164175,1790476723.5157871,1790476723.5158434,,1790476723.5011442,,,,,,,,,,,,,,,
20260927_103759_1243248,u3e1,2,168,SIDE_MINUS,1790476723.4969814,36.14630627632141,1790476723.643473,False,True,False,False,,False,,,SIDE_DISPATCH|RAW_SEED_ATTEMPT|PRE_TIMING_SEED|TIMED_SEED|SEED_ELIGIBILITY|PRE_LOS|POST_LOS|SOLVER_OK|FINAL_INPUT|JOINT_SEED|PREFLIGHT_REJECT,PREFLIGHT_REJECT,DYNAMICS_FAIL,,,0.0,0.0,0.0,-1790476687.350675,-1790476687.350675,-1790476687.350675,0,0,1,6,2,1790476723.6434727,1.1342522436039165e+18,1.1342522436039165e+18,,,False,0,,,1790476723.515973,1790476723.5160205,,,,1790476723.5018656,1790476723.5016966,1790476723.5023043,1790476723.501216,1790476723.5097015,1790476723.5020053,,,1790476723.5168443,,,,,
20260927_103759_1243248,u3e1,2,169,SIDE_PLUS,1790476723.4969814,36.14630627632141,1790476723.643473,True,True,True,True,129.0,True,36.307855,36.570138,SIDE_DISPATCH|RAW_SEED_ATTEMPT|PRE_TIMING_SEED|TIMED_SEED|SEED_ELIGIBILITY|PRE_LOS|POST_LOS|SOLVER_OK|FINAL_INPUT|JOINT_SEED|COMPARATOR_WIN|SELECTED|COMMITTED,,,,D3_LOWER,1.0,0.6666666666666666,0.0700956160664046,36.292797565460205,36.54932475090027,38.292797565460205,0,0,1,6,2,1790476723.6434727,9.924582715821593e+18,9.924582715821593e+18,9.924582715821593e+18,1.0,False,0,1790476723.517678,1790476723.516732,1790476723.5158932,1790476723.5159345,1790476723.5171006,,,1790476723.510588,1790476723.5102851,1790476723.5111387,1790476723.510168,1790476723.5148644,1790476723.5107102,,,,,,,,
20260927_103759_1243248,u3e2,2,329,NOMINAL,1790476755.1824946,67.83181953430176,1790476755.3224945,False,False,False,False,,False,,,NOMINAL_CONTEXT|FINAL_INPUT_FAILED|JOINT_SEED,FINAL_INPUT_FAILED,,,,0.0,0.0,0.0,-1790476687.350675,-1790476687.350675,-1790476687.350675,0,0,0,-1,1,1790476755.3224945,,,,,False,0,,,,1790476755.2007883,,1790476755.1886578,,,,,,,,1790476755.2007594,,,,,,,
20260927_103759_1243248,u3e2,2,330,SIDE_MINUS,1790476755.1824946,67.83181953430176,1790476755.3224945,True,True,True,True,245.0,True,68.006077,68.335453,SIDE_DISPATCH|RAW_SEED_ATTEMPT|PRE_TIMING_SEED|TIMED_SEED|SEED_ELIGIBILITY|SOLVER_FAILED|FINAL_INPUT|JOINT_SEED|COMPARATOR_WIN|SELECTED|COMMITTED,,,,,0.0,0.0,0.0,-1790476687.350675,-1790476687.350675,69.97181940078735,1,0,0,-1,1,1790476755.3224945,,7.055448567494261e+18,7.055448567494261e+18,1.0,True,1,1790476755.2020915,1790476755.2014947,1790476755.200918,1790476755.200952,1790476755.2015247,,,1790476755.1902592,1790476755.1889687,1790476755.190888,1790476755.188721,,1790476755.190467,,1790476755.1964328,,,,,,
20260927_103759_1243248,u3e2,2,331,SIDE_PLUS,1790476755.1824946,67.83181953430176,1790476755.3224945,True,False,False,False,,False,,,SIDE_DISPATCH|RAW_SEED_ATTEMPT|PRE_TIMING_SEED|TIMED_SEED|SEED_ELIGIBILITY|SOLVER_OK|FINAL_INPUT|COMPARATOR_WIN,,,,,0.0,0.0,0.0,-1790476687.350675,-1790476687.350675,69.97181940078735,0,0,0,-1,1,1790476755.3224945,1.208711303980391e+19,1.208711303980391e+19,1.208711303980391e+19,1.0,False,0,,1790476755.2013497,1790476755.2008774,,,,,1790476755.1974585,1790476755.1972964,1790476755.1979775,1790476755.1972146,1790476755.2001228,1790476755.1975286,,,,,,,,
20260927_103759_1243248,u3e2,2,332,NOMINAL,1790476755.4785638,68.1278886795044,1790476755.6185637,False,False,False,False,,False,,,NOMINAL_CONTEXT|FINAL_INPUT_FAILED|JOINT_SEED,FINAL_INPUT_FAILED,,,,0.0,0.0,0.0,-1790476687.350675,-1790476687.350675,-1790476687.350675,0,0,0,10,2,1790476755.6185637,,,,,False,0,,,,1790476755.4943283,,1790476755.4843967,,,,,,,,1790476755.494295,,,,,,,
20260927_103759_1243248,u3e2,2,333,SIDE_MINUS,1790476755.4785638,68.1278886795044,1790476755.6185637,False,True,False,False,,False,,,SIDE_DISPATCH|RAW_SEED_ATTEMPT|PRE_TIMING_SEED|TIMED_SEED|SEED_ELIGIBILITY|PRE_LOS|POST_LOS|SOLVER_OK|FINAL_INPUT|JOINT_SEED|PREFLIGHT_REJECT,PREFLIGHT_REJECT,DYNAMICS_FAIL,,,0.0,0.0,0.0,-1790476687.350675,-1790476687.350675,-1790476687.350675,0,0,1,10,2,1790476755.6185637,9.230721922684928e+18,9.230721922684928e+18,,,False,0,,,1790476755.4943707,1790476755.4944098,,,,1790476755.4847507,1790476755.4846017,1790476755.485001,1790476755.484457,1790476755.490982,1790476755.484837,,,1790476755.4946413,,,,,
20260927_103759_1243248,u3e2,2,334,SIDE_PLUS,1790476755.4785638,68.1278886795044,1790476755.6185637,False,False,False,False,,False,,,SIDE_DISPATCH|RAW_SEED_ATTEMPT|RAW_SEED_ATTEMPT|RAW_SEED_ATTEMPT|RAW_SEED_ATTEMPT|PREINIT_REJECT,PREINIT_REJECT,NO_STATIC_FEASIBLE_SIDE,,,0.0,0.0,0.0,-1790476687.350675,-1790476687.350675,-1790476687.350675,0,0,0,10,2,1790476755.6185637,,,,,False,0,,,,,,,,,1790476755.4927433,,1790476755.491633,,,,,,,1790476755.493129,,,
20260927_103759_1243248,u3e2,2,335,NOMINAL,1790476755.505806,68.1551308631897,1790476755.6458058,False,False,False,False,,False,,,NOMINAL_CONTEXT|FINAL_INPUT_FAILED|JOINT_SEED,FINAL_INPUT_FAILED,,,,0.0,0.0,0.0,-1790476687.350675,-1790476687.350675,-1790476687.350675,0,0,0,10,2,1790476755.6458058,,,,,False,0,,,,1790476755.5201077,,1790476755.51393,,,,,,,,1790476755.5200787,,,,,,,
20260927_103759_1243248,u3e2,2,336,SIDE_MINUS,1790476755.505806,68.1551308631897,1790476755.6458058,False,True,False,False,,False,,,SIDE_DISPATCH|RAW_SEED_ATTEMPT|PRE_TIMING_SEED|TIMED_SEED|SEED_ELIGIBILITY|PRE_LOS|POST_LOS|SOLVER_OK|FINAL_INPUT|JOINT_SEED|PREFLIGHT_REJECT,PREFLIGHT_REJECT,DYNAMICS_FAIL,,,0.0,0.0,0.0,-1790476687.350675,-1790476687.350675,-1790476687.350675,0,0,1,10,2,1790476755.6458058,8.422870719466941e+18,8.422870719466941e+18,,,False,0,,,1790476755.5201504,1790476755.5204017,,,,1790476755.5142496,1790476755.514099,1790476755.5147889,1790476755.5139923,1790476755.5182323,1790476755.5143394,,,1790476755.520698,,,,,
20260927_103759_1243248,u3e2,2,337,SIDE_PLUS,1790476755.505806,68.1551308631897,1790476755.6458058,False,False,False,False,,False,,,SIDE_DISPATCH|RAW_SEED_ATTEMPT|RAW_SEED_ATTEMPT|RAW_SEED_ATTEMPT|RAW_SEED_ATTEMPT|PREINIT_REJECT,PREINIT_REJECT,NO_STATIC_FEASIBLE_SIDE,,,0.0,0.0,0.0,-1790476687.350675,-1790476687.350675,-1790476687.350675,0,0,0,10,2,1790476755.6458058,,,,,False,0,,,,,,,,,1790476755.5190165,,1790476755.5185044,,,,,,,1790476755.519486,,,
20260927_103759_1243248,u3e2,2,338,NOMINAL,1790476755.5319352,68.18126010894775,1790476755.671935,False,False,False,False,,False,,,NOMINAL_CONTEXT|FINAL_INPUT_FAILED|JOINT_SEED,FINAL_INPUT_FAILED,,,,0.0,0.0,0.0,-1790476687.350675,-1790476687.350675,-1790476687.350675,0,0,0,10,2,1790476755.671935,,,,,False,0,,,,1790476755.5442185,,1790476755.5372012,,,,,,,,1790476755.5441384,,,,,,,
20260927_103759_1243248,u3e2,2,339,SIDE_MINUS,1790476755.5319352,68.18126010894775,1790476755.671935,False,True,False,False,,False,,,SIDE_DISPATCH|RAW_SEED_ATTEMPT|PRE_TIMING_SEED|TIMED_SEED|SEED_ELIGIBILITY|PRE_LOS|POST_LOS|SOLVER_OK|FINAL_INPUT|JOINT_SEED|PREFLIGHT_REJECT,PREFLIGHT_REJECT,DYNAMICS_FAIL,,,0.0,0.0,0.0,-1790476687.350675,-1790476687.350675,-1790476687.350675,0,0,1,10,2,1790476755.671935,6.15374324416081e+18,6.15374324416081e+18,,,False,0,,,1790476755.5442593,1790476755.5443008,,,,1790476755.5377426,1790476755.537582,1790476755.5379794,1790476755.5374153,1790476755.542234,1790476755.5378332,,,1790476755.5445154,,,,,
20260927_103759_1243248,u3e2,2,340,SIDE_PLUS,1790476755.5319352,68.18126010894775,1790476755.671935,False,False,False,False,,False,,,SIDE_DISPATCH|RAW_SEED_ATTEMPT|RAW_SEED_ATTEMPT|RAW_SEED_ATTEMPT|RAW_SEED_ATTEMPT|PREINIT_REJECT,PREINIT_REJECT,NO_STATIC_FEASIBLE_SIDE,,,0.0,0.0,0.0,-1790476687.350675,-1790476687.350675,-1790476687.350675,0,0,0,10,2,1790476755.671935,,,,,False,0,,,,,,,,,1790476755.5432098,,1790476755.5426488,,,,,,,1790476755.5436702,,,
20260927_103759_1243248,u3e2,2,341,NOMINAL,1790476755.5557144,68.2050392627716,1790476755.6957142,False,False,False,False,,False,,,NOMINAL_CONTEXT|FINAL_INPUT_FAILED|JOINT_SEED,FINAL_INPUT_FAILED,,,,0.0,0.0,0.0,-1790476687.350675,-1790476687.350675,-1790476687.350675,0,0,0,10,2,1790476755.6957142,,,,,False,0,,,,1790476755.5697565,,1790476755.5618005,,,,,,,,1790476755.5697248,,,,,,,
20260927_103759_1243248,u3e2,2,342,SIDE_MINUS,1790476755.5557144,68.2050392627716,1790476755.6957142,True,True,True,True,246.0,True,68.368693,68.535254,SIDE_DISPATCH|RAW_SEED_ATTEMPT|PRE_TIMING_SEED|TIMED_SEED|SEED_ELIGIBILITY|SOLVER_FAILED|FINAL_INPUT|JOINT_SEED|COMPARATOR_WIN|SELECTED|COMMITTED,,,,,0.0,0.0,0.0,-1790476687.350675,-1790476687.350675,70.3450391292572,1,0,1,10,2,1790476755.6957142,,1.7947744646950814e+19,1.7947744646950814e+19,1.0,True,1,1790476755.5713391,1790476755.5703206,1790476755.569794,1790476755.569912,1790476755.5705616,,,1790476755.5620697,1790476755.5619667,1790476755.5623684,1790476755.5618792,,1790476755.5621867,,1790476755.5677533,,,,,,
20260927_103759_1243248,u3e2,2,343,SIDE_PLUS,1790476755.5557144,68.2050392627716,1790476755.6957142,False,False,False,False,,False,,,SIDE_DISPATCH|RAW_SEED_ATTEMPT|RAW_SEED_ATTEMPT|RAW_SEED_ATTEMPT|RAW_SEED_ATTEMPT|PREINIT_REJECT,PREINIT_REJECT,NO_STATIC_FEASIBLE_SIDE,,,0.0,0.0,0.0,-1790476687.350675,-1790476687.350675,-1790476687.350675,0,0,0,10,2,1790476755.6957142,,,,,False,0,,,,,,,,,1790476755.568988,,1790476755.5682294,,,,,,,1790476755.5694132,,,
20260927_103759_1243248,u3e2,2,344,NOMINAL,1790476755.7326057,68.38193035125732,1790476755.872605,False,False,False,False,,False,,,NOMINAL_CONTEXT|FINAL_INPUT_FAILED|JOINT_SEED,FINAL_INPUT_FAILED,,,,0.0,0.0,0.0,-1790476687.350675,-1790476687.350675,-1790476687.350675,0,0,0,10,2,1790476755.8726053,,,,,False,0,,,,1790476755.7444973,,1790476755.7376635,,,,,,,,1790476755.744464,,,,,,,
20260927_103759_1243248,u3e2,2,345,SIDE_MINUS,1790476755.7326057,68.38193035125732,1790476755.872605,False,True,False,False,,False,,,SIDE_DISPATCH|RAW_SEED_ATTEMPT|PRE_TIMING_SEED|TIMED_SEED|SEED_ELIGIBILITY|PRE_LOS|POST_LOS|SOLVER_OK|FINAL_INPUT|JOINT_SEED|PREFLIGHT_REJECT,PREFLIGHT_REJECT,DYNAMICS_FAIL,,,0.0,0.0,0.0,-1790476687.350675,-1790476687.350675,-1790476687.350675,0,0,1,10,2,1790476755.8726053,1.851230536811795e+18,1.851230536811795e+18,,,False,0,,,1790476755.7445445,1790476755.7445838,,,,1790476755.7381747,1790476755.7379522,1790476755.7385364,1790476755.7377553,1790476755.7424352,1790476755.7382631,,,1790476755.7448802,,,,,
20260927_103759_1243248,u3e2,2,346,SIDE_PLUS,1790476755.7326057,68.38193035125732,1790476755.872605,False,False,False,False,,False,,,SIDE_DISPATCH|RAW_SEED_ATTEMPT|RAW_SEED_ATTEMPT|RAW_SEED_ATTEMPT|RAW_SEED_ATTEMPT|PREINIT_REJECT,PREINIT_REJECT,NO_STATIC_FEASIBLE_SIDE,,,0.0,0.0,0.0,-1790476687.350675,-1790476687.350675,-1790476687.350675,0,0,0,10,2,1790476755.8726053,,,,,False,0,,,,,,,,,1790476755.7433934,,1790476755.7428658,,,,,,,1790476755.743728,,,
20260927_103759_1243248,u3e2,2,347,NOMINAL,1790476755.7555754,68.4049003124237,1790476755.8955753,False,False,False,False,,False,,,NOMINAL_CONTEXT|FINAL_INPUT_FAILED|JOINT_SEED,FINAL_INPUT_FAILED,,,,0.0,0.0,0.0,-1790476687.350675,-1790476687.350675,-1790476687.350675,0,0,0,10,2,1790476755.8955753,,,,,False,0,,,,1790476755.764919,,1790476755.7604852,,,,,,,,1790476755.7648797,,,,,,,
20260927_103759_1243248,u3e2,2,348,SIDE_MINUS,1790476755.7555754,68.4049003124237,1790476755.8955753,True,True,True,True,247.0,True,68.569152,68.802698,SIDE_DISPATCH|RAW_SEED_ATTEMPT|PRE_TIMING_SEED|TIMED_SEED|SEED_ELIGIBILITY|PRE_LOS|POST_LOS|SOLVER_OK|FINAL_INPUT|JOINT_SEED|COMPARATOR_WIN|SELECTED|COMMITTED,,,,,0.0,0.0,0.0,-1790476687.350675,-1790476687.350675,70.5449001789093,0,0,1,10,2,1790476755.8955753,5.331446604369651e+18,5.331446604369651e+18,5.331446604369651e+18,1.0,False,0,1790476755.7659059,1790476755.7655256,1790476755.7649553,1790476755.7649915,1790476755.7656016,,,1790476755.76091,1790476755.7606988,1790476755.761213,1790476755.7605557,1790476755.763238,1790476755.760998,,,,,,,,
20260927_103759_1243248,u3e2,2,349,SIDE_PLUS,1790476755.7555754,68.4049003124237,1790476755.8955753,False,False,False,False,,False,,,SIDE_DISPATCH|RAW_SEED_ATTEMPT|RAW_SEED_ATTEMPT|RAW_SEED_ATTEMPT|RAW_SEED_ATTEMPT|PREINIT_REJECT,PREINIT_REJECT,NO_STATIC_FEASIBLE_SIDE,,,0.0,0.0,0.0,-1790476687.350675,-1790476687.350675,-1790476687.350675,0,0,0,10,2,1790476755.8955753,,,,,False,0,,,,,,,,,1790476755.764176,,1790476755.7635345,,,,,,,1790476755.7644272,,,
20260927_103759_1243248,u3e2,2,350,NOMINAL,1790476756.009614,68.65893888473511,1790476756.149614,False,False,False,False,,False,,,NOMINAL_CONTEXT|FINAL_INPUT_FAILED|JOINT_SEED,FINAL_INPUT_FAILED,,,,0.0,0.0,0.0,-1790476687.350675,-1790476687.350675,-1790476687.350675,0,0,0,10,2,1790476756.1496139,,,,,False,0,,,,1790476756.0275931,,1790476756.0144823,,,,,,,,1790476756.0275614,,,,,,,
20260927_103759_1243248,u3e2,2,351,SIDE_MINUS,1790476756.009614,68.65893888473511,1790476756.149614,True,True,True,True,248.0,True,68.835511,69.20245,SIDE_DISPATCH|RAW_SEED_ATTEMPT|PRE_TIMING_SEED|TIMED_SEED|SEED_ELIGIBILITY|SOLVER_FAILED|FINAL_INPUT|JOINT_SEED|COMPARATOR_WIN|SELECTED|COMMITTED,,,,C3_HIGHER,1.0,1.0,0.0,70.44932341575623,70.64490008354187,70.7989387512207,1,0,1,10,2,1790476756.1496139,,1.0819015386228052e+19,1.0819015386228052e+19,1.0,True,1,1790476756.0304058,1790476756.0288272,1790476756.0277057,1790476756.0277398,1790476756.0289552,,,1790476756.0147023,1790476756.0146217,1790476756.014881,1790476756.01455,,1790476756.0147471,,1790476756.0197165,,,,,,
20260927_103759_1243248,u3e2,2,352,SIDE_PLUS,1790476756.009614,68.65893888473511,1790476756.149614,True,True,False,False,,False,,,SIDE_DISPATCH|RAW_SEED_ATTEMPT|PRE_TIMING_SEED|TIMED_SEED|SEED_ELIGIBILITY|SOLVER_FAILED|FINAL_INPUT|JOINT_SEED|COMPARATOR_WIN,,,,,1.0,0.0,0.3291526638486322,70.44932341575623,70.64490008354187,70.7989387512207,1,0,1,10,2,1790476756.1496139,,1.7534970838562902e+19,1.7534970838562902e+19,1.0,True,1,,1790476756.0284336,1790476756.0276377,1790476756.0276716,,,,1790476756.0204947,1790476756.0203192,1790476756.0208528,1790476756.0201497,,1790476756.020564,,1790476756.0266716,,,,,,
20260927_103759_1243248,u3e2,2,353,NOMINAL,1790476756.3058262,68.9551510810852,1790476756.445826,False,False,False,False,,False,,,NOMINAL_CONTEXT|FINAL_INPUT_FAILED|JOINT_SEED,FINAL_INPUT_FAILED,,,,0.0,0.0,0.0,-1790476687.350675,-1790476687.350675,-1790476687.350675,0,0,0,10,2,1790476756.445826,,,,,False,0,,,,1790476756.4117115,,1790476756.3114831,,,,,,,,1790476756.4116707,,,,,,,
20260927_103759_1243248,u3e2,2,354,SIDE_MINUS,1790476756.3058262,68.9551510810852,1790476756.445826,False,True,False,False,,False,,,SIDE_DISPATCH|RAW_SEED_ATTEMPT|PRE_TIMING_SEED|TIMED_SEED|SEED_ELIGIBILITY|PRE_LOS|POST_LOS|SOLVER_OK|FINAL_INPUT|JOINT_SEED|HANDOFF_REJECT,HANDOFF_REJECT,MISSED_FROZEN_ACTIVATION,,,0.0,0.0,0.0,-1790476687.350675,-1790476687.350675,-1790476687.350675,0,0,1,10,2,1790476756.445826,1.5621106850027997e+19,1.5621106850027997e+19,,,False,0,,,1790476756.4117582,1790476756.4117944,,,,1790476756.3117611,1790476756.3116748,1790476756.3122802,1790476756.3115742,1790476756.3141534,1790476756.3118098,,,,1790476756.4120784,,,,
20260927_103759_1243248,u3e2,2,355,SIDE_PLUS,1790476756.3058262,68.9551510810852,1790476756.445826,False,False,False,False,,False,,,SIDE_DISPATCH|RAW_SEED_ATTEMPT|RAW_SEED_ATTEMPT|RAW_SEED_ATTEMPT|RAW_SEED_ATTEMPT|PREINIT_REJECT,PREINIT_REJECT,NO_STATIC_FEASIBLE_SIDE,,,0.0,0.0,0.0,-1790476687.350675,-1790476687.350675,-1790476687.350675,0,0,0,10,2,1790476756.445826,,,,,False,0,,,,,,,,,1790476756.3877904,,1790476756.3146873,,,,,,,1790476756.4111304,,,
20260927_103759_1243248,u3e2,2,356,NOMINAL,1790476756.4231205,69.07244515419006,1790476756.56977,False,False,False,False,,False,,,NOMINAL_CONTEXT|FINAL_INPUT_FAILED|JOINT_SEED,FINAL_INPUT_FAILED,,,,0.0,0.0,0.0,-1790476687.350675,-1790476687.350675,-1790476687.350675,0,0,0,10,2,1790476756.5697699,,,,,False,0,,,,1790476756.4405367,,1790476756.4285302,,,,,,,,1790476756.4405015,,,,,,,
20260927_103759_1243248,u3e2,2,357,SIDE_MINUS,1790476756.4231205,69.07244515419006,1790476756.56977,False,True,False,False,,False,,,SIDE_DISPATCH|RAW_SEED_ATTEMPT|PRE_TIMING_SEED|TIMED_SEED|SEED_ELIGIBILITY|PRE_LOS|POST_LOS|SOLVER_OK|FINAL_INPUT|JOINT_SEED|PREFLIGHT_REJECT,PREFLIGHT_REJECT,DYNAMICS_FAIL,,,0.0,0.0,0.0,-1790476687.350675,-1790476687.350675,-1790476687.350675,0,0,1,10,2,1790476756.5697699,6.76776331400279e+18,6.76776331400279e+18,,,False,0,,,1790476756.440648,1790476756.4406815,,,,1790476756.4288263,1790476756.428686,1790476756.4290512,1790476756.428595,1790476756.4308622,1790476756.428907,,,1790476756.4416096,,,,,
20260927_103759_1243248,u3e2,2,358,SIDE_PLUS,1790476756.4231205,69.07244515419006,1790476756.56977,True,True,True,True,249.0,True,69.235355,70.114705,SIDE_DISPATCH|RAW_SEED_ATTEMPT|PRE_TIMING_SEED|TIMED_SEED|SEED_ELIGIBILITY|SOLVER_FAILED|FINAL_INPUT|JOINT_SEED|COMPARATOR_WIN|SELECTED|COMMITTED,,,,,1.0,0.0,0.8016133131655019,70.44932341575623,70.89893865585327,71.21909475326538,1,0,1,10,2,1790476756.5697699,,8.708901952552049e+18,8.708901952552049e+18,1.0,True,1,1790476756.4427145,1790476756.4413147,1790476756.4405794,1790476756.440613,1790476756.4418297,,,1790476756.4316273,1790476756.4314785,1790476756.432367,1790476756.4313421,,1790476756.4317012,,1790476756.4395874,,,,,,
20260927_103759_1243248,u3e2,2,359,NOMINAL,1790476756.5923102,69.24163508415222,1790476756.7364376,False,False,False,False,,False,,,NOMINAL_CONTEXT|FINAL_INPUT|JOINT_SEED|HANDOFF_REJECT,HANDOFF_REJECT,MISSED_FROZEN_ACTIVATION,,,0.0,0.0,0.0,-1790476687.350675,-1790476687.350675,-1790476687.350675,0,0,0,10,2,1790476756.7364376,,1.168496452085985e+19,,,False,0,,,1790476756.7123964,1790476756.712455,,1790476756.5953875,,,,,,,,,,,1790476756.7128541,,,,
20260927_103759_1243248,u3e2,2,360,SIDE_MINUS,1790476756.5923102,69.24163508415222,1790476756.7364376,False,True,False,False,,False,,,SIDE_DISPATCH|RAW_SEED_ATTEMPT|PRE_TIMING_SEED|TIMED_SEED|SEED_ELIGIBILITY|PRE_LOS|POST_LOS|SOLVER_OK|FINAL_INPUT|JOINT_SEED|HANDOFF_REJECT,HANDOFF_REJECT,MISSED_FROZEN_ACTIVATION,,,0.0,0.0,0.0,-1790476687.350675,-1790476687.350675,-1790476687.350675,0,0,1,10,2,1790476756.7364376,1.2467223255220259e+19,1.2467223255220259e+19,,,False,0,,,1790476756.7124932,1790476756.7125466,,,,1790476756.5957499,1790476756.5955896,1790476756.5960324,1790476756.5954485,1790476756.5997453,1790476756.5958302,,,,1790476756.7129765,,,,
20260927_103759_1243248,u3e2,2,361,SIDE_PLUS,1790476756.5923102,69.24163508415222,1790476756.7364376,False,False,False,False,,False,,,SIDE_DISPATCH|RAW_SEED_ATTEMPT|RAW_SEED_ATTEMPT|RAW_SEED_ATTEMPT|RAW_SEED_ATTEMPT|PREINIT_REJECT,PREINIT_REJECT,NO_STATIC_FEASIBLE_SIDE,,,0.0,0.0,0.0,-1790476687.350675,-1790476687.350675,-1790476687.350675,0,0,0,10,2,1790476756.7364376,,,,,False,0,,,,,,,,,1790476756.6871014,,1790476756.6000967,,,,,,,1790476756.7117946,,,
20260927_103759_1243248,u3e2,2,362,NOMINAL,1790476756.713353,69.3626778125763,1790476756.865165,False,False,False,False,,False,,,NOMINAL_CONTEXT|FINAL_INPUT_FAILED|JOINT_SEED,FINAL_INPUT_FAILED,,,,0.0,0.0,0.0,-1790476687.350675,-1790476687.350675,-1790476687.350675,0,0,0,10,2,1790476756.865165,,,,,False,0,,,,1790476756.8151402,,1790476756.7186604,,,,,,,,1790476756.8150973,,,,,,,
20260927_103759_1243248,u3e2,2,363,SIDE_MINUS,1790476756.713353,69.3626778125763,1790476756.865165,False,True,False,False,,False,,,SIDE_DISPATCH|RAW_SEED_ATTEMPT|PRE_TIMING_SEED|TIMED_SEED|SEED_ELIGIBILITY|PRE_LOS|POST_LOS|SOLVER_OK|FINAL_INPUT|JOINT_SEED|HANDOFF_REJECT,HANDOFF_REJECT,MISSED_FROZEN_ACTIVATION,,,0.0,0.0,0.0,-1790476687.350675,-1790476687.350675,-1790476687.350675,0,0,1,10,2,1790476756.865165,1.671205780862967e+19,1.671205780862967e+19,,,False,0,,,1790476756.8151765,1790476756.8152153,,,,1790476756.7190118,1790476756.7188604,1790476756.7193933,1790476756.7187696,1790476756.722205,1790476756.7191346,,,,1790476756.8154917,,,,
20260927_103759_1243248,u3e2,2,364,SIDE_PLUS,1790476756.713353,69.3626778125763,1790476756.865165,False,False,False,False,,False,,,SIDE_DISPATCH|RAW_SEED_ATTEMPT|RAW_SEED_ATTEMPT|RAW_SEED_ATTEMPT|RAW_SEED_ATTEMPT|PREINIT_REJECT,PREINIT_REJECT,NO_STATIC_FEASIBLE_SIDE,,,0.0,0.0,0.0,-1790476687.350675,-1790476687.350675,-1790476687.350675,0,0,0,10,2,1790476756.865165,,,,,False,0,,,,,,,,,1790476756.7914286,,1790476756.7225587,,,,,,,1790476756.8144128,,,
20260927_103759_1243248,u3e2,2,365,NOMINAL,1790476756.815899,69.46522355079651,1790476756.9727652,False,False,False,False,,False,,,NOMINAL_CONTEXT|FINAL_INPUT|JOINT_SEED|HANDOFF_REJECT,HANDOFF_REJECT,MISSED_FROZEN_ACTIVATION,,,0.0,0.0,0.0,-1790476687.350675,-1790476687.350675,-1790476687.350675,0,0,0,10,2,1790476756.9727652,,2.068751625901192e+18,,,False,0,,,1790476756.9359643,1790476756.936029,,1790476756.819521,,,,,,,,,,,1790476756.9363859,,,,
20260927_103759_1243248,u3e2,2,366,SIDE_MINUS,1790476756.815899,69.46522355079651,1790476756.9727652,False,True,False,False,,False,,,SIDE_DISPATCH|RAW_SEED_ATTEMPT|PRE_TIMING_SEED|TIMED_SEED|SEED_ELIGIBILITY|PRE_LOS|POST_LOS|SOLVER_OK|FINAL_INPUT|JOINT_SEED|HANDOFF_REJECT,HANDOFF_REJECT,MISSED_FROZEN_ACTIVATION,,,0.0,0.0,0.0,-1790476687.350675,-1790476687.350675,-1790476687.350675,0,0,1,10,2,1790476756.9727652,7.095439494552656e+18,7.095439494552656e+18,,,False,0,,,1790476756.9360626,1790476756.9361,,,,1790476756.8198824,1790476756.8197422,1790476756.820216,1790476756.8196378,1790476756.82286,1790476756.8199532,,,,1790476756.9364312,,,,
20260927_103759_1243248,u3e2,2,367,SIDE_PLUS,1790476756.815899,69.46522355079651,1790476756.9727652,False,False,False,False,,False,,,SIDE_DISPATCH|RAW_SEED_ATTEMPT|RAW_SEED_ATTEMPT|RAW_SEED_ATTEMPT|RAW_SEED_ATTEMPT|PREINIT_REJECT,PREINIT_REJECT,NO_STATIC_FEASIBLE_SIDE,,,0.0,0.0,0.0,-1790476687.350675,-1790476687.350675,-1790476687.350675,0,0,0,10,2,1790476756.9727652,,,,,False,0,,,,,,,,,1790476756.9103167,,1790476756.8231525,,,,,,,1790476756.93535,,,
20260927_103759_1243248,u3e2,2,368,NOMINAL,1790476756.947714,69.5970389842987,1790476757.1109698,False,False,False,False,,False,,,NOMINAL_CONTEXT|FINAL_INPUT|JOINT_SEED|HANDOFF_REJECT,HANDOFF_REJECT,MISSED_FROZEN_ACTIVATION,,,0.0,0.0,0.0,-1790476687.350675,-1790476687.350675,-1790476687.350675,0,0,0,10,2,1790476757.1109698,,1.269939907789805e+19,,,False,0,,,1790476757.056682,1790476757.0567405,,1790476756.9509292,,,,,,,,,,,1790476757.0570648,,,,
20260927_103759_1243248,u3e2,2,369,SIDE_MINUS,1790476756.947714,69.5970389842987,1790476757.1109698,False,True,False,False,,False,,,SIDE_DISPATCH|RAW_SEED_ATTEMPT|PRE_TIMING_SEED|TIMED_SEED|SEED_ELIGIBILITY|PRE_LOS|POST_LOS|SOLVER_OK|FINAL_INPUT|JOINT_SEED|HANDOFF_REJECT,HANDOFF_REJECT,MISSED_FROZEN_ACTIVATION,,,0.0,0.0,0.0,-1790476687.350675,-1790476687.350675,-1790476687.350675,0,0,1,10,2,1790476757.1109698,1.731723704006021e+19,1.731723704006021e+19,,,False,0,,,1790476757.0567873,1790476757.0568206,,,,1790476756.9512198,1790476756.951112,1790476756.9514127,1790476756.9509935,1790476756.9537687,1790476756.9512699,,,,1790476757.0572283,,,,
20260927_103759_1243248,u3e2,2,370,SIDE_PLUS,1790476756.947714,69.5970389842987,1790476757.1109698,False,False,False,False,,False,,,SIDE_DISPATCH|RAW_SEED_ATTEMPT|RAW_SEED_ATTEMPT|RAW_SEED_ATTEMPT|RAW_SEED_ATTEMPT|PREINIT_REJECT,PREINIT_REJECT,NO_STATIC_FEASIBLE_SIDE,,,0.0,0.0,0.0,-1790476687.350675,-1790476687.350675,-1790476687.350675,0,0,0,10,2,1790476757.1109698,,,,,False,0,,,,,,,,,1790476757.029587,,1790476756.9541228,,,,,,,1790476757.056216,,,
20260927_103759_1243248,u3e2,2,371,NOMINAL,1790476757.0574253,69.70675015449524,1790476757.2253168,False,False,False,False,,False,,,NOMINAL_CONTEXT|FINAL_INPUT|JOINT_SEED|HANDOFF_REJECT,HANDOFF_REJECT,MISSED_FROZEN_ACTIVATION,,,0.0,0.0,0.0,-1790476687.350675,-1790476687.350675,-1790476687.350675,0,0,0,10,2,1790476757.2253168,,1.1715973512879673e+19,,,False,0,,,1790476757.1664197,1790476757.1666303,,1790476757.0601313,,,,,,,,,,,1790476757.167047,,,,
20260927_103759_1243248,u3e2,2,372,SIDE_MINUS,1790476757.0574253,69.70675015449524,1790476757.2253168,False,True,False,False,,False,,,SIDE_DISPATCH|RAW_SEED_ATTEMPT|PRE_TIMING_SEED|TIMED_SEED|SEED_ELIGIBILITY|PRE_LOS|POST_LOS|SOLVER_OK|FINAL_INPUT|JOINT_SEED|HANDOFF_REJECT,HANDOFF_REJECT,MISSED_FROZEN_ACTIVATION,,,0.0,0.0,0.0,-1790476687.350675,-1790476687.350675,-1790476687.350675,0,0,1,10,2,1790476757.2253168,6.730807941475294e+18,6.730807941475294e+18,,,False,0,,,1790476757.1666934,1790476757.1667879,,,,1790476757.0604818,1790476757.0603638,1790476757.060743,1790476757.0601795,1790476757.0637698,1790476757.0605376,,,,1790476757.1671054,,,,
20260927_103759_1243248,u3e2,2,373,SIDE_PLUS,1790476757.0574253,69.70675015449524,1790476757.2253168,False,False,False,False,,False,,,SIDE_DISPATCH|RAW_SEED_ATTEMPT|RAW_SEED_ATTEMPT|RAW_SEED_ATTEMPT|RAW_SEED_ATTEMPT|PREINIT_REJECT,PREINIT_REJECT,NO_STATIC_FEASIBLE_SIDE,,,0.0,0.0,0.0,-1790476687.350675,-1790476687.350675,-1790476687.350675,0,0,0,10,2,1790476757.2253168,,,,,False,0,,,,,,,,,1790476757.1388433,,1790476757.0639746,,,,,,,1790476757.16584,,,
20260927_103759_1243248,u3e2,2,374,NOMINAL,1790476757.1672275,69.81655263900757,1790476757.339307,False,False,False,False,,False,,,NOMINAL_CONTEXT|FINAL_INPUT|JOINT_SEED|HANDOFF_REJECT,HANDOFF_REJECT,MISSED_FROZEN_ACTIVATION,,,0.0,0.0,0.0,-1790476687.350675,-1790476687.350675,-1790476687.350675,0,0,0,10,2,1790476757.339307,,6.311600614916996e+18,,,False,0,,,1790476757.279511,1790476757.27957,,1790476757.1706045,,,,,,,,,,,1790476757.2798622,,,,
20260927_103759_1243248,u3e2,2,375,SIDE_MINUS,1790476757.1672275,69.81655263900757,1790476757.339307,False,True,False,False,,False,,,SIDE_DISPATCH|RAW_SEED_ATTEMPT|PRE_TIMING_SEED|TIMED_SEED|SEED_ELIGIBILITY|SOLVER_FAILED|FINAL_INPUT|JOINT_SEED|HANDOFF_REJECT,HANDOFF_REJECT,MISSED_FROZEN_ACTIVATION,,,0.0,0.0,0.0,-1790476687.350675,-1790476687.350675,-1790476687.350675,1,0,1,10,2,1790476757.339307,,1.5068508941971749e+19,,,True,1,,,1790476757.2796068,1790476757.2796402,,,,1790476757.1710598,1790476757.1708353,1790476757.171355,1790476757.1706727,,1790476757.171144,,1790476757.1766458,,1790476757.2799194,,,,
20260927_103759_1243248,u3e2,2,376,SIDE_PLUS,1790476757.1672275,69.81655263900757,1790476757.339307,False,False,False,False,,False,,,SIDE_DISPATCH|RAW_SEED_ATTEMPT|RAW_SEED_ATTEMPT|RAW_SEED_ATTEMPT|RAW_SEED_ATTEMPT|PREINIT_REJECT,PREINIT_REJECT,NO_STATIC_FEASIBLE_SIDE,,,0.0,0.0,0.0,-1790476687.350675,-1790476687.350675,-1790476687.350675,0,0,0,10,2,1790476757.339307,,,,,False,0,,,,,,,,,1790476757.253972,,1790476757.1771076,,,,,,,1790476757.2789512,,,
20260927_103759_1243248,u3e2,2,377,NOMINAL,1790476757.2908633,69.94018816947937,1790476757.4670131,True,False,True,True,250.0,True,70.138195,70.368911,NOMINAL_CONTEXT|FINAL_INPUT|JOINT_SEED|COMPARATOR_WIN|SELECTED|COMMITTED,,,,,1.0,0.0,2.709419748079758,70.44932341575623,71.31909465789795,72.11633801460266,0,0,0,10,2,1790476757.4670131,,1.5534734077245345e+18,1.5534734077245345e+18,1.0,False,0,1790476757.3066702,1790476757.3055894,1790476757.3047316,1790476757.304783,1790476757.306113,1790476757.2942698,,,,,,,,,,,,,,,
20260927_103759_1243248,u3e2,2,378,SIDE_MINUS,1790476757.2908633,69.94018816947937,1790476757.4670131,False,True,False,False,,False,,,SIDE_DISPATCH|RAW_SEED_ATTEMPT|PRE_TIMING_SEED|TIMED_SEED|SEED_ELIGIBILITY|PRE_LOS|POST_LOS|SOLVER_OK|FINAL_INPUT|JOINT_SEED|PREFLIGHT_REJECT,PREFLIGHT_REJECT,DYNAMICS_FAIL,,,0.0,0.0,0.0,-1790476687.350675,-1790476687.350675,-1790476687.350675,0,0,1,10,2,1790476757.4670131,2.332845954177441e+18,2.332845954177441e+18,,,False,0,,,1790476757.304899,1790476757.3049362,,,,1790476757.2947235,1790476757.2945688,1790476757.295117,1790476757.2943325,1790476757.2994099,1790476757.2948043,,,1790476757.3059244,,,,,
20260927_103759_1243248,u3e2,2,379,SIDE_PLUS,1790476757.2908633,69.94018816947937,1790476757.4670131,False,False,False,False,,False,,,SIDE_DISPATCH|RAW_SEED_ATTEMPT|PRE_TIMING_SEED|TIMED_SEED|SEED_ELIGIBILITY|PRE_LOS|POST_LOS|SOLVER_OK|FINAL_INPUT|JOINT_SEED|PREFLIGHT_REJECT,PREFLIGHT_REJECT,DYNAMICS_FAIL,,,0.0,0.0,0.0,-1790476687.350675,-1790476687.350675,-1790476687.350675,0,0,1,10,2,1790476757.4670131,2.9635610465340483e+18,2.9635610465340483e+18,,,False,0,,,1790476757.304826,1790476757.304866,,,,1790476757.2999458,1790476757.2998025,1790476757.3002582,1790476757.2996893,1790476757.3037267,1790476757.3000154,,,1790476757.305799,,,,,
20260927_103759_1243248,u3e2,2,380,NOMINAL,1790476757.553428,70.20275282859802,1790476757.7237473,True,False,True,True,251.0,True,70.403234,70.636261,NOMINAL_CONTEXT|FINAL_INPUT|JOINT_SEED|COMPARATOR_WIN|SELECTED|COMMITTED,,,,,1.0,0.0,2.878970774506474,70.44932341575623,71.44932389259338,72.37307214736938,0,0,0,10,2,1790476757.7237473,,7.884907952259082e+18,7.884907952259082e+18,1.0,False,0,1790476757.5730767,1790476757.5711474,1790476757.5702176,1790476757.5702844,1790476757.5713568,1790476757.5572102,,,,,,,,,,,,,,,
20260927_103759_1243248,u3e2,2,381,SIDE_MINUS,1790476757.553428,70.20275282859802,1790476757.7237473,False,True,False,False,,False,,,SIDE_DISPATCH|RAW_SEED_ATTEMPT|PRE_TIMING_SEED|TIMED_SEED|SEED_ELIGIBILITY|PRE_LOS|POST_LOS|SOLVER_OK|FINAL_INPUT|JOINT_SEED|PREFLIGHT_REJECT,PREFLIGHT_REJECT,DYNAMICS_FAIL,,,0.0,0.0,0.0,-1790476687.350675,-1790476687.350675,-1790476687.350675,0,0,1,10,2,1790476757.7237473,1.4926032842294843e+19,1.4926032842294843e+19,,,False,0,,,1790476757.5704143,1790476757.5704563,,,,1790476757.5576136,1790476757.5575073,1790476757.5578752,1790476757.5573997,1790476757.5628176,1790476757.5576649,,,1790476757.5713203,,,,,
20260927_103759_1243248,u3e2,2,382,SIDE_PLUS,1790476757.553428,70.20275282859802,1790476757.7237473,False,True,False,False,,False,,,SIDE_DISPATCH|RAW_SEED_ATTEMPT|PRE_TIMING_SEED|TIMED_SEED|SEED_ELIGIBILITY|PRE_LOS|POST_LOS|SOLVER_OK|FINAL_INPUT|JOINT_SEED|PREFLIGHT_REJECT,PREFLIGHT_REJECT,DYNAMICS_FAIL,,,0.0,0.0,0.0,-1790476687.350675,-1790476687.350675,-1790476687.350675,0,0,1,10,2,1790476757.7237473,2.6961081156391736e+18,2.6961081156391736e+18,,,False,0,,,1790476757.5703304,1790476757.570377,,,,1790476757.5632899,1790476757.563199,1790476757.5635667,1790476757.5630965,1790476757.5684962,1790476757.5633423,,,1790476757.5712717,,,,,
20260927_103759_1243248,u3e2,2,383,NOMINAL,1790476757.8480382,70.49736309051514,1790476758.01343,False,False,False,False,,False,,,NOMINAL_CONTEXT|FINAL_INPUT_FAILED|JOINT_SEED,FINAL_INPUT_FAILED,,,,0.0,0.0,0.0,-1790476687.350675,-1790476687.350675,-1790476687.350675,0,0,0,14,2,1790476758.01343,,,,,False,0,,,,1790476757.8715708,,1790476757.8586671,,,,,,,,1790476757.8715332,,,,,,,
20260927_103759_1243248,u3e2,2,384,SIDE_MINUS,1790476757.8480382,70.49736309051514,1790476758.01343,True,True,False,False,,False,,,SIDE_DISPATCH|RAW_SEED_ATTEMPT|PRE_TIMING_SEED|TIMED_SEED|SEED_ELIGIBILITY|SOLVER_FAILED|FINAL_INPUT|JOINT_SEED|COMPARATOR_LOSS,,,,OPPONENT_C3_HIGHER,1.0,0.0,3.770643544562152,70.6627550125122,71.54932403564453,72.6627550125122,1,0,1,14,2,1790476758.01343,,4.595764701806039e+17,4.595764701806039e+17,1.0,True,1,,,1790476757.8716807,1790476757.8717868,,,1790476757.8723345,1790476757.8600483,1790476757.8590782,1790476757.8616025,1790476757.858746,,1790476757.8603914,,1790476757.86716,,,,,,
20260927_103759_1243248,u3e2,2,385,SIDE_PLUS,1790476757.8480382,70.49736309051514,1790476758.01343,True,True,True,True,252.0,True,70.674754,70.907617,SIDE_DISPATCH|RAW_SEED_ATTEMPT|PRE_TIMING_SEED|TIMED_SEED|SEED_ELIGIBILITY|SOLVER_OK|FINAL_INPUT|JOINT_SEED|COMPARATOR_WIN|SELECTED|COMMITTED,,,,,1.0,0.125,2.5848820051405434,70.6627550125122,71.54932403564453,72.6627550125122,0,0,0,14,2,1790476758.01343,6.805206043530071e+18,6.805206043530071e+18,6.805206043530071e+18,1.0,False,0,1790476757.8728724,1790476757.872153,1790476757.8716078,1790476757.8716457,1790476757.8723795,,,1790476757.8678045,1790476757.8676875,1790476757.8680894,1790476757.867517,1790476757.8709288,1790476757.8678703,,,,,,,,
20260927_103759_1243248,u3e2,2,386,NOMINAL,1790476758.1124463,70.76177144050598,1790476758.273953,False,False,False,False,,False,,,NOMINAL_CONTEXT|FINAL_INPUT_FAILED|JOINT_SEED,FINAL_INPUT_FAILED,,,,0.0,0.0,0.0,-1790476687.350675,-1790476687.350675,-1790476687.350675,0,0,0,14,2,1790476758.273953,,,,,False,0,,,,1790476758.1301239,,1790476758.1180673,,,,,,,,1790476758.1300821,,,,,,,
20260927_103759_1243248,u3e2,2,387,SIDE_MINUS,1790476758.1124463,70.76177144050598,1790476758.273953,True,True,False,False,,False,,,SIDE_DISPATCH|RAW_SEED_ATTEMPT|PRE_TIMING_SEED|TIMED_SEED|SEED_ELIGIBILITY|SOLVER_FAILED|FINAL_INPUT|JOINT_SEED|COMPARATOR_LOSS,,,,OPPONENT_C3_HIGHER,1.0,0.0,1.856672273655246,70.92327785491943,71.54932427406311,72.92327785491943,1,0,1,14,2,1790476758.273953,,7.428687544419403e+18,7.428687544419403e+18,1.0,True,1,,,1790476758.130236,1790476758.130271,,,1790476758.1310728,1790476758.1183574,1790476758.1182652,1790476758.1186106,1790476758.1181734,,1790476758.1184044,,1790476758.1233292,,,,,,
20260927_103759_1243248,u3e2,2,388,SIDE_PLUS,1790476758.1124463,70.76177144050598,1790476758.273953,True,True,True,True,253.0,True,70.936273,71.47753,SIDE_DISPATCH|RAW_SEED_ATTEMPT|PRE_TIMING_SEED|TIMED_SEED|SEED_ELIGIBILITY|SOLVER_FAILED|FINAL_INPUT|JOINT_SEED|COMPARATOR_WIN|SELECTED|COMMITTED,,,,,1.0,0.1666666666666666,1.629718831149782,70.92327785491943,71.54932427406311,72.92327785491943,1,0,1,14,2,1790476758.273953,,1.4504819212031818e+19,1.4504819212031818e+19,1.0,True,1,1790476758.1321318,1790476758.1307693,1790476758.1301606,1790476758.1301966,1790476758.131193,,,1790476758.1239715,1790476758.1238081,1790476758.1243253,1790476758.123723,,1790476758.1241033,,1790476758.129022,,,,,,
20260927_103759_1243248,u3e2,2,389,NOMINAL,1790476758.659066,71.30839085578918,1790476758.8164804,False,False,False,False,,False,,,NOMINAL_CONTEXT|FINAL_INPUT_FAILED|JOINT_SEED,FINAL_INPUT_FAILED,,,,0.0,0.0,0.0,-1790476687.350675,-1790476687.350675,-1790476687.350675,0,0,0,37,2,1790476758.8164804,,,,,False,0,,,,1790476758.6701012,,1790476758.6633625,,,,,,,,1790476758.6697485,,,,,,,
20260927_103759_1243248,u3e2,2,390,SIDE_MINUS,1790476758.659066,71.30839085578918,1790476758.8164804,True,True,False,False,,False,,,SIDE_DISPATCH|RAW_SEED_ATTEMPT|PRE_TIMING_SEED|TIMED_SEED|SEED_ELIGIBILITY|PRE_LOS|POST_LOS|SOLVER_OK|FINAL_INPUT|JOINT_SEED|COMPARATOR_LOSS,,,,K2_BASELINE_UNAVAILABLE,0.0,0.0,0.0,71.46580529212952,71.54932475090027,73.46580529212952,0,0,1,37,2,1790476758.8164804,4.5232794073061084e+18,4.5232794073061084e+18,4.5232794073061084e+18,1.0,False,0,,,1790476758.6702504,1790476758.6702802,,,1790476758.6716182,1790476758.6635664,1790476758.6634815,1790476758.6638365,1790476758.6634226,1790476758.664921,1790476758.6636732,,,,,,,,
20260927_103759_1243248,u3e2,2,391,SIDE_PLUS,1790476758.659066,71.30839085578918,1790476758.8164804,True,True,False,False,,False,,,SIDE_DISPATCH|RAW_SEED_ATTEMPT|PRE_TIMING_SEED|TIMED_SEED|SEED_ELIGIBILITY|SOLVER_OK|FINAL_INPUT|JOINT_SEED|COMPARATOR_LOSS,,,,K2_BASELINE_UNAVAILABLE,0.0,0.0,0.0,71.46580529212952,71.54932475090027,73.46580529212952,0,0,0,37,2,1790476758.8164804,1.5614533780961346e+19,1.5614533780961346e+19,1.5614533780961346e+19,1.0,False,0,,,1790476758.670181,1790476758.670222,,,1790476758.6709363,1790476758.6669793,1790476758.6668668,1790476758.6675088,1790476758.6666713,1790476758.66897,1790476758.6671646,,,,,,,,
20260927_103759_1243248,u3e2,2,392,NOMINAL,1790476758.6824734,71.33179831504822,1790476758.835421,True,False,True,True,254.0,True,71.502162,71.735581,NOMINAL_CONTEXT|FINAL_INPUT|JOINT_SEED|COMPARATOR_WIN|SELECTED|COMMITTED,,,,,0.0,0.0,0.0,71.48474597930908,71.54932475090027,73.48474597930908,0,0,0,37,2,1790476758.835421,,1.2463717908943065e+19,1.2463717908943065e+19,1.0,False,0,1790476758.694112,1790476758.692343,1790476758.6914682,1790476758.691738,1790476758.6934898,1790476758.684399,,,,,,,,,,,,,,,
20260927_103759_1243248,u3e2,2,393,SIDE_MINUS,1790476758.6824734,71.33179831504822,1790476758.835421,True,True,False,False,,False,,,SIDE_DISPATCH|RAW_SEED_ATTEMPT|PRE_TIMING_SEED|TIMED_SEED|SEED_ELIGIBILITY|PRE_LOS|POST_LOS|SOLVER_OK|FINAL_INPUT|JOINT_SEED|COMPARATOR_LOSS,,,,K2_BASELINE_UNAVAILABLE,0.0,0.0,0.0,71.48474597930908,71.54932475090027,73.48474597930908,0,0,1,37,2,1790476758.835421,1.8906320685425024e+17,1.8906320685425024e+17,1.8906320685425024e+17,1.0,False,0,,,1790476758.691845,1790476758.6918747,,,1790476758.6934092,1790476758.6846852,1790476758.6845794,1790476758.6852663,1790476758.6844642,1790476758.6869068,1790476758.684806,,,,,,,,
20260927_103759_1243248,u3e2,2,394,SIDE_PLUS,1790476758.6824734,71.33179831504822,1790476758.835421,True,True,False,False,,False,,,SIDE_DISPATCH|RAW_SEED_ATTEMPT|PRE_TIMING_SEED|TIMED_SEED|SEED_ELIGIBILITY|SOLVER_OK|FINAL_INPUT|JOINT_SEED|COMPARATOR_LOSS,,,,K2_BASELINE_UNAVAILABLE,0.0,0.0,0.0,71.48474597930908,71.54932475090027,73.48474597930908,0,0,0,37,2,1790476758.835421,6.450274061051284e+18,6.450274061051284e+18,6.450274061051284e+18,1.0,False,0,,,1790476758.6917756,1790476758.6918116,,,1790476758.692905,1790476758.6874003,1790476758.6872776,1790476758.6877577,1790476758.6871707,1790476758.6909614,1790476758.6874835,,,,,,,,
20260927_103759_1243248,u3e3,2,395,NOMINAL,1790476758.940019,71.58934378623962,1790476759.0890307,True,False,False,False,,False,,,NOMINAL_CONTEXT|FINAL_INPUT|JOINT_SEED|COMPARATOR_WIN,,,,,1.0,0.3333333333333333,0.8300898259555943,73.04932355880737,73.58474588394165,73.73835563659668,0,0,0,37,2,1790476759.0890307,,1.1813092711278922e+19,1.1813092711278922e+19,1.0,False,0,,1790476758.947194,1790476758.9466214,1790476758.9466662,,1790476758.9424355,,,,,,,,,,,,,,,
20260927_103759_1243248,u3e3,2,396,SIDE_MINUS,1790476758.940019,71.58934378623962,1790476759.0890307,True,True,False,False,,False,,,SIDE_DISPATCH|RAW_SEED_ATTEMPT|PRE_TIMING_SEED|TIMED_SEED|SEED_ELIGIBILITY|PRE_LOS|POST_LOS|SOLVER_OK|FINAL_INPUT|JOINT_SEED|COMPARATOR_LOSS,,,,OPPONENT_D3_LOWER,1.0,0.3333333333333333,0.832269610262744,73.04932355880737,73.58474588394165,73.73835563659668,0,0,1,37,2,1790476759.0890307,2.956033522489669e+18,2.956033522489669e+18,2.956033522489669e+18,1.0,False,0,,,1790476758.946757,1790476758.9467824,,,1790476758.9475253,1790476758.9428685,1790476758.9427085,1790476758.943161,1790476758.942503,1790476758.9440947,1790476758.942929,,,,,,,,
20260927_103759_1243248,u3e3,2,397,SIDE_PLUS,1790476758.940019,71.58934378623962,1790476759.0890307,True,True,True,True,255.0,True,71.770117,72.004863,SIDE_DISPATCH|RAW_SEED_ATTEMPT|PRE_TIMING_SEED|TIMED_SEED|SEED_ELIGIBILITY|SOLVER_OK|FINAL_INPUT|JOINT_SEED|COMPARATOR_WIN|SELECTED|COMMITTED,,,,D3_LOWER,1.0,0.3333333333333333,0.8288369447368282,73.04932355880737,73.58474588394165,73.73835563659668,0,0,0,37,2,1790476759.0890307,1.8522721760416627e+18,1.8522721760416627e+18,1.8522721760416627e+18,1.0,False,0,1790476758.9481823,1790476758.9473424,1790476758.946704,1790476758.94673,1790476758.9476388,,,1790476758.944681,1790476758.944519,1790476758.9451973,1790476758.9444046,1790476758.946129,1790476758.944868,,,,,,,,
20260927_103759_1243248,u3e3,2,398,NOMINAL,1790476759.2276292,71.87695407867432,1790476759.3725982,False,False,False,False,,False,,,NOMINAL_CONTEXT|FINAL_INPUT_FAILED|JOINT_SEED,FINAL_INPUT_FAILED,,,,0.0,0.0,0.0,-1790476687.350675,-1790476687.350675,-1790476687.350675,0,0,0,37,2,1790476759.3725982,,,,,False,0,,,,1790476759.2461748,,1790476759.2322814,,,,,,,,1790476759.2451055,,,,,,,
20260927_103759_1243248,u3e3,2,399,SIDE_MINUS,1790476759.2276292,71.87695407867432,1790476759.3725982,True,True,True,True,256.0,True,72.036059,72.276188,SIDE_DISPATCH|RAW_SEED_ATTEMPT|PRE_TIMING_SEED|TIMED_SEED|SEED_ELIGIBILITY|PRE_LOS|POST_LOS|SOLVER_OK|FINAL_INPUT|JOINT_SEED|COMPARATOR_WIN|SELECTED|COMMITTED,,,,C3_HIGHER,1.0,0.375,1.488214042621098,73.04932355880737,73.83835554122925,74.02192306518555,0,0,1,37,2,1790476759.3725982,5.423166838311563e+18,5.423166838311563e+18,5.423166838311563e+18,1.0,False,0,1790476759.2486517,1790476759.2476993,1790476759.2462735,1790476759.2463002,1790476759.247876,,,1790476759.2324693,1790476759.232393,1790476759.2326994,1790476759.2323306,1790476759.2351055,1790476759.2325075,,,,,,,,
20260927_103759_1243248,u3e3,2,400,SIDE_PLUS,1790476759.2276292,71.87695407867432,1790476759.3725982,True,True,False,False,,False,,,SIDE_DISPATCH|RAW_SEED_ATTEMPT|PRE_TIMING_SEED|TIMED_SEED|SEED_ELIGIBILITY|SOLVER_FAILED|FINAL_INPUT|JOINT_SEED|COMPARATOR_WIN,,,,,1.0,0.0,2.682309095093602,73.04932355880737,73.83835554122925,74.02192306518555,1,0,0,37,2,1790476759.3725982,,2.498226511888223e+18,2.498226511888223e+18,1.0,True,1,,1790476759.2471433,1790476759.2462173,1790476759.2462459,,,,1790476759.235601,1790476759.2354755,1790476759.2364843,1790476759.2354023,,1790476759.2356603,,1790476759.244542,,,,,,
20260927_103759_1243248,u3e3,2,401,NOMINAL,1790476759.5045128,72.15383768081665,1790476759.6473165,True,False,False,False,,False,,,NOMINAL_CONTEXT|FINAL_INPUT|JOINT_SEED|COMPARATOR_WIN,,,,,0.9090909090909092,0.1818181818181818,2.8277314375656024,73.04932355880737,74.12192296981812,74.29664134979248,0,0,0,37,2,1790476759.6473165,,1.4254495443502678e+19,1.4254495443502678e+19,1.0,False,0,,1790476759.51752,1790476759.5166245,1790476759.5166893,,1790476759.5068996,,,,,,,,,,,,,,,
20260927_103759_1243248,u3e3,2,402,SIDE_MINUS,1790476759.5045128,72.15383768081665,1790476759.6473165,True,True,True,True,257.0,True,72.305451,72.536313,SIDE_DISPATCH|RAW_SEED_ATTEMPT|PRE_TIMING_SEED|TIMED_SEED|SEED_ELIGIBILITY|PRE_LOS|POST_LOS|SOLVER_OK|FINAL_INPUT|JOINT_SEED|COMPARATOR_WIN|SELECTED|COMMITTED,,,,D3_LOWER,0.9090909090909092,0.1818181818181818,2.812941605487897,73.04932355880737,74.12192296981812,74.29664134979248,0,0,1,37,2,1790476759.6473165,1.5548853236083233e+19,1.5548853236083233e+19,1.5548853236083233e+19,1.0,False,0,1790476759.5189831,1790476759.5182958,1790476759.516781,1790476759.5168066,1790476759.5184808,,,1790476759.507475,1790476759.507199,1790476759.5077422,1790476759.5069578,1790476759.5110476,1790476759.5075357,,,,,,,,
20260927_103759_1243248,u3e3,2,403,SIDE_PLUS,1790476759.5045128,72.15383768081665,1790476759.6473165,True,True,False,False,,False,,,SIDE_DISPATCH|RAW_SEED_ATTEMPT|PRE_TIMING_SEED|TIMED_SEED|SEED_ELIGIBILITY|SOLVER_FAILED|FINAL_INPUT|JOINT_SEED|COMPARATOR_LOSS,,,,OPPONENT_C3_HIGHER,0.9090909090909092,0.0,2.59929856417376,73.04932355880737,74.12192296981812,74.29664134979248,1,0,0,37,2,1790476759.6473165,,9.659240469152651e+18,9.659240469152651e+18,1.0,True,1,,,1790476759.5167289,1790476759.5167546,,,1790476759.517818,1790476759.5114548,1790476759.5113363,1790476759.5117164,1790476759.5112765,,1790476759.5115144,,1790476759.515875,,,,,,
20260927_103759_1243248,u3e3,2,404,NOMINAL,1790476759.7614694,72.41079425811768,1790476759.901579,True,False,False,False,,False,,,NOMINAL_CONTEXT|FINAL_INPUT|JOINT_SEED|COMPARATOR_WIN,,,,,0.8571428571428571,0.1428571428571428,3.0707651799130637,73.04932355880737,74.39664125442505,74.55090355873108,0,0,0,37,2,1790476759.9015787,,3.0805642368310733e+18,3.0805642368310733e+18,1.0,False,0,,1790476759.7717836,1790476759.7706256,1790476759.7709646,,1790476759.763904,,,,,,,,,,,,,,,
20260927_103759_1243248,u3e3,2,405,SIDE_MINUS,1790476759.7614694,72.41079425811768,1790476759.901579,True,True,True,True,258.0,True,72.570106,72.803205,SIDE_DISPATCH|RAW_SEED_ATTEMPT|PRE_TIMING_SEED|TIMED_SEED|SEED_ELIGIBILITY|PRE_LOS|POST_LOS|SOLVER_OK|FINAL_INPUT|JOINT_SEED|COMPARATOR_WIN|SELECTED|COMMITTED,,,,D3_LOWER,0.8571428571428571,0.1428571428571428,3.0550598099735846,73.04932355880737,74.39664125442505,74.55090355873108,0,0,1,37,2,1790476759.9015787,7.835753294854286e+18,7.835753294854286e+18,7.835753294854286e+18,1.0,False,0,1790476759.7749798,1790476759.7738562,1790476759.771062,1790476759.7710898,1790476759.7740943,,,1790476759.7640998,1790476759.7640216,1790476759.7644534,1790476759.7639534,1790476759.7665696,1790476759.7642004,,,,,,,,
20260927_103759_1243248,u3e3,2,406,SIDE_PLUS,1790476759.7614694,72.41079425811768,1790476759.901579,True,True,False,False,,False,,,SIDE_DISPATCH|RAW_SEED_ATTEMPT|PRE_TIMING_SEED|TIMED_SEED|SEED_ELIGIBILITY|SOLVER_OK|FINAL_INPUT|JOINT_SEED|COMPARATOR_WIN,,,,D3_LOWER,0.8571428571428571,0.1428571428571428,3.069293271509552,73.04932355880737,74.39664125442505,74.55090355873108,0,0,0,37,2,1790476759.9015787,1.524221844973832e+19,1.524221844973832e+19,1.524221844973832e+19,1.0,False,0,,1790476759.7735538,1790476759.7710037,1790476759.7710357,,,,1790476759.767213,1790476759.767073,1790476759.7678778,1790476759.7669983,1790476759.7698543,1790476759.7676804,,,,,,,,
20260927_103759_1243248,u3e3,2,407,NOMINAL,1790476760.035645,72.68496990203857,1790476760.1756449,False,False,False,False,,False,,,NOMINAL_CONTEXT|FINAL_INPUT_FAILED|JOINT_SEED,FINAL_INPUT_FAILED,,,,0.0,0.0,0.0,-1790476687.350675,-1790476687.350675,-1790476687.350675,0,0,0,37,2,1790476760.1756449,,,,,False,0,,,,1790476760.0580413,,1790476760.0417333,,,,,,,,1790476760.0577796,,,,,,,
20260927_103759_1243248,u3e3,2,408,SIDE_MINUS,1790476760.035645,72.68496990203857,1790476760.1756449,True,True,False,False,,False,,,SIDE_DISPATCH|RAW_SEED_ATTEMPT|PRE_TIMING_SEED|TIMED_SEED|SEED_ELIGIBILITY|SOLVER_FAILED|FINAL_INPUT|JOINT_SEED|COMPARATOR_LOSS,,,,,0.0,0.0,0.0,-1790476687.350675,-1790476687.350675,74.82496976852417,1,0,1,37,2,1790476760.1756449,,1.8337016118575553e+19,1.8337016118575553e+19,1.0,True,1,,,1790476760.0584056,1790476760.0584378,,,1790476760.0588384,1790476760.0422525,1790476760.042081,1790476760.0431416,1790476760.041783,,1790476760.0425675,,1790476760.0482242,,,,,,
20260927_103759_1243248,u3e3,2,409,SIDE_PLUS,1790476760.035645,72.68496990203857,1790476760.1756449,True,True,True,True,259.0,True,72.835517,73.107612,SIDE_DISPATCH|RAW_SEED_ATTEMPT|PRE_TIMING_SEED|TIMED_SEED|SEED_ELIGIBILITY|SOLVER_FAILED|FINAL_INPUT|JOINT_SEED|COMPARATOR_WIN|SELECTED|COMMITTED,,,,,0.0,0.0,0.0,-1790476687.350675,-1790476687.350675,74.82496976852417,1,0,0,37,2,1790476760.1756449,,1.3025736870275727e+18,1.3025736870275727e+18,1.0,True,1,1790476760.059397,1790476760.0586739,1790476760.0583375,1790476760.058373,1790476760.0588624,,,1790476760.0506005,1790476760.0503612,1790476760.0511923,1790476760.0486658,,1790476760.0507784,,1790476760.0569177,,,,,,
20260927_103759_1243248,u3e3,2,410,NOMINAL,1790476760.3152127,72.96453762054443,1790476760.4552126,False,False,False,False,,False,,,NOMINAL_CONTEXT|FINAL_INPUT_FAILED|JOINT_SEED,FINAL_INPUT_FAILED,,,,0.0,0.0,0.0,-1790476687.350675,-1790476687.350675,-1790476687.350675,0,0,0,37,2,1790476760.4552126,,,,,False,0,,,,1790476760.330193,,1790476760.319868,,,,,,,,1790476760.3301578,,,,,,,
20260927_103759_1243248,u3e3,2,411,SIDE_MINUS,1790476760.3152127,72.96453762054443,1790476760.4552126,True,True,False,False,,False,,,SIDE_DISPATCH|RAW_SEED_ATTEMPT|PRE_TIMING_SEED|TIMED_SEED|SEED_ELIGIBILITY|SOLVER_FAILED|FINAL_INPUT|JOINT_SEED|COMPARATOR_LOSS,,,,,0.0,0.0,0.0,-1790476687.350675,-1790476687.350675,75.10453748703003,1,0,1,37,2,1790476760.4552126,,1.1647188877770525e+19,1.1647188877770525e+19,1.0,True,1,,,1790476760.3303082,1790476760.3303425,,,1790476760.3307369,1790476760.3201108,1790476760.320027,1790476760.3202982,1790476760.319921,,1790476760.320158,,1790476760.3247035,,,,,,
20260927_103759_1243248,u3e3,2,412,SIDE_PLUS,1790476760.3152127,72.96453762054443,1790476760.4552126,True,True,True,True,260.0,True,73.135845,73.96807,SIDE_DISPATCH|RAW_SEED_ATTEMPT|PRE_TIMING_SEED|TIMED_SEED|SEED_ELIGIBILITY|SOLVER_FAILED|FINAL_INPUT|JOINT_SEED|COMPARATOR_WIN|SELECTED|COMMITTED,,,,,0.0,0.0,0.0,-1790476687.350675,-1790476687.350675,75.10453748703003,1,0,0,37,2,1790476760.4552126,,6.369709889176829e+18,6.369709889176829e+18,1.0,True,1,1790476760.3313787,1790476760.3305244,1790476760.3302364,1790476760.330275,1790476760.330773,,,1790476760.3251793,1790476760.3250463,1790476760.3253872,1790476760.324968,,1790476760.3252404,,1790476760.329349,,,,,,
20260927_103759_1243248,u3e3,2,413,NOMINAL,1790476760.596559,73.24588394165039,1790476760.736559,False,False,False,False,,False,,,NOMINAL_CONTEXT|FINAL_INPUT_FAILED|JOINT_SEED,FINAL_INPUT_FAILED,,,,0.0,0.0,0.0,-1790476687.350675,-1790476687.350675,-1790476687.350675,0,0,0,37,2,1790476760.736559,,,,,False,0,,,,1790476760.6133993,,1790476760.6013143,,,,,,,,1790476760.6133628,,,,,,,
20260927_103759_1243248,u3e3,2,414,SIDE_MINUS,1790476760.596559,73.24588394165039,1790476760.736559,False,True,False,False,,False,,,SIDE_DISPATCH|RAW_SEED_ATTEMPT|PRE_TIMING_SEED|TIMED_SEED|SEED_ELIGIBILITY|SOLVER_FAILED|FINAL_INPUT|JOINT_SEED|CERTIFICATE_REJECT,CERTIFICATE_REJECT,,,,0.0,0.0,0.0,-1790476687.350675,-1790476687.350675,-1790476687.350675,1,0,1,37,2,1790476760.736559,,9.59889669275666e+18,,,True,1,,,1790476760.61351,1790476760.6135445,,,,1790476760.601736,1790476760.6014407,1790476760.6020684,1790476760.6013799,,1790476760.601809,,1790476760.6071098,,,,,,1790476760.6138294
20260927_103759_1243248,u3e3,2,415,SIDE_PLUS,1790476760.596559,73.24588394165039,1790476760.736559,False,True,False,False,,False,,,SIDE_DISPATCH|RAW_SEED_ATTEMPT|PRE_TIMING_SEED|TIMED_SEED|SEED_ELIGIBILITY|SOLVER_FAILED|FINAL_INPUT|JOINT_SEED|CERTIFICATE_REJECT,CERTIFICATE_REJECT,,,,0.0,0.0,0.0,-1790476687.350675,-1790476687.350675,-1790476687.350675,1,0,1,37,2,1790476760.736559,,1.6564158459213476e+19,,,True,1,,,1790476760.6134417,1790476760.6134775,,,,1790476760.6076715,1790476760.6075575,1790476760.6079328,1790476760.6074207,,1790476760.6077206,,1790476760.6123555,,,,,,1790476760.6136806
20260927_103759_1243248,u3e3,2,416,NOMINAL,1790476760.6253166,73.27464151382446,1790476760.7653165,False,False,False,False,,False,,,NOMINAL_CONTEXT|FINAL_INPUT_FAILED|JOINT_SEED,FINAL_INPUT_FAILED,,,,0.0,0.0,0.0,-1790476687.350675,-1790476687.350675,-1790476687.350675,0,0,0,37,2,1790476760.7653165,,,,,False,0,,,,1790476760.6434233,,1790476760.6322055,,,,,,,,1790476760.6433902,,,,,,,
20260927_103759_1243248,u3e3,2,417,SIDE_MINUS,1790476760.6253166,73.27464151382446,1790476760.7653165,False,True,False,False,,False,,,SIDE_DISPATCH|RAW_SEED_ATTEMPT|PRE_TIMING_SEED|TIMED_SEED|SEED_ELIGIBILITY|SOLVER_FAILED|FINAL_INPUT|JOINT_SEED|CERTIFICATE_REJECT,CERTIFICATE_REJECT,,,,0.0,0.0,0.0,-1790476687.350675,-1790476687.350675,-1790476687.350675,1,0,1,37,2,1790476760.7653165,,8.054174621481394e+18,,,True,1,,,1790476760.6435325,1790476760.643561,,,,1790476760.6326418,1790476760.632558,1790476760.6332896,1790476760.6324656,,1790476760.632708,,1790476760.6362066,,,,,,1790476760.643886
20260927_103759_1243248,u3e3,2,418,SIDE_PLUS,1790476760.6253166,73.27464151382446,1790476760.7653165,False,True,False,False,,False,,,SIDE_DISPATCH|RAW_SEED_ATTEMPT|PRE_TIMING_SEED|TIMED_SEED|SEED_ELIGIBILITY|PRE_LOS|POST_LOS|SOLVER_OK|FINAL_INPUT|JOINT_SEED|PREFLIGHT_REJECT,PREFLIGHT_REJECT,DYNAMICS_FAIL,,,0.0,0.0,0.0,-1790476687.350675,-1790476687.350675,-1790476687.350675,0,0,1,37,2,1790476760.7653165,7.687015021321393e+18,7.687015021321393e+18,,,False,0,,,1790476760.6434603,1790476760.643497,,,,1790476760.6366844,1790476760.636592,1790476760.6369946,1790476760.6364884,1790476760.6424491,1790476760.6368392,,,1790476760.6438115,,,,,
20260927_103759_1243248,u3e3,2,419,NOMINAL,1790476760.6550865,73.3044114112854,1790476760.7950864,False,False,False,False,,False,,,NOMINAL_CONTEXT|FINAL_INPUT_FAILED|JOINT_SEED,FINAL_INPUT_FAILED,,,,0.0,0.0,0.0,-1790476687.350675,-1790476687.350675,-1790476687.350675,0,0,0,37,2,1790476760.7950864,,,,,False,0,,,,1790476760.67756,,1790476760.6646044,,,,,,,,1790476760.6775265,,,,,,,
20260927_103759_1243248,u3e3,2,420,SIDE_MINUS,1790476760.6550865,73.3044114112854,1790476760.7950864,False,True,False,False,,False,,,SIDE_DISPATCH|RAW_SEED_ATTEMPT|PRE_TIMING_SEED|TIMED_SEED|SEED_ELIGIBILITY|SOLVER_FAILED|FINAL_INPUT|JOINT_SEED|CERTIFICATE_REJECT,CERTIFICATE_REJECT,,,,0.0,0.0,0.0,-1790476687.350675,-1790476687.350675,-1790476687.350675,1,0,1,37,2,1790476760.7950864,,5.700188077863392e+18,,,True,1,,,1790476760.6781034,1790476760.6781545,,,,1790476760.6648111,1790476760.664727,1790476760.6653614,1790476760.6646588,,1790476760.6649597,,1790476760.6709585,,,,,,1790476760.678493
20260927_103759_1243248,u3e3,2,421,SIDE_PLUS,1790476760.6550865,73.3044114112854,1790476760.7950864,False,True,False,False,,False,,,SIDE_DISPATCH|RAW_SEED_ATTEMPT|PRE_TIMING_SEED|TIMED_SEED|SEED_ELIGIBILITY|SOLVER_FAILED|FINAL_INPUT|JOINT_SEED|CERTIFICATE_REJECT,CERTIFICATE_REJECT,,,,0.0,0.0,0.0,-1790476687.350675,-1790476687.350675,-1790476687.350675,1,0,1,37,2,1790476760.7950864,,1.3223205529316473e+19,,,True,1,,,1790476760.6776178,1790476760.6776638,,,,1790476760.6713898,1790476760.6712825,1790476760.6716497,1790476760.6712084,,1790476760.6714416,,1790476760.676744,,,,,,1790476760.678323
20260927_103759_1243248,u3e3,2,422,NOMINAL,1790476760.6917095,73.34103441238403,1790476760.8317094,False,False,False,False,,False,,,NOMINAL_CONTEXT|FINAL_INPUT_FAILED|JOINT_SEED,FINAL_INPUT_FAILED,,,,0.0,0.0,0.0,-1790476687.350675,-1790476687.350675,-1790476687.350675,0,0,0,37,2,1790476760.8317094,,,,,False,0,,,,1790476760.7065947,,1790476760.6966221,,,,,,,,1790476760.7065043,,,,,,,
20260927_103759_1243248,u3e3,2,423,SIDE_MINUS,1790476760.6917095,73.34103441238403,1790476760.8317094,False,True,False,False,,False,,,SIDE_DISPATCH|RAW_SEED_ATTEMPT|PRE_TIMING_SEED|TIMED_SEED|SEED_ELIGIBILITY|SOLVER_FAILED|FINAL_INPUT|JOINT_SEED|CERTIFICATE_REJECT,CERTIFICATE_REJECT,,,,0.0,0.0,0.0,-1790476687.350675,-1790476687.350675,-1790476687.350675,1,0,1,37,2,1790476760.8317094,,6.984311341071535e+18,,,True,1,,,1790476760.7067015,1790476760.7067277,,,,1790476760.697145,1790476760.6969807,1790476760.6973546,1790476760.6966774,,1790476760.6972153,,1790476760.7006,,,,,,1790476760.706994
20260927_103759_1243248,u3e3,2,424,SIDE_PLUS,1790476760.6917095,73.34103441238403,1790476760.8317094,False,True,False,False,,False,,,SIDE_DISPATCH|RAW_SEED_ATTEMPT|PRE_TIMING_SEED|TIMED_SEED|SEED_ELIGIBILITY|PRE_LOS|POST_LOS|SOLVER_OK|FINAL_INPUT|JOINT_SEED|PREFLIGHT_REJECT,PREFLIGHT_REJECT,DYNAMICS_FAIL,,,0.0,0.0,0.0,-1790476687.350675,-1790476687.350675,-1790476687.350675,0,0,1,37,2,1790476760.8317094,7.249179020857092e+18,7.249179020857092e+18,,,False,0,,,1790476760.7066314,1790476760.7066674,,,,1790476760.7019203,1790476760.701725,1790476760.702182,1790476760.7015707,1790476760.705849,1790476760.7020054,,,1790476760.7068622,,,,,
20260927_103759_1243248,u3e3,2,425,NOMINAL,1790476760.717817,73.36714196205139,1790476760.857817,False,False,False,False,,False,,,NOMINAL_CONTEXT|FINAL_INPUT_FAILED|JOINT_SEED,FINAL_INPUT_FAILED,,,,0.0,0.0,0.0,-1790476687.350675,-1790476687.350675,-1790476687.350675,0,0,0,37,2,1790476760.857817,,,,,False,0,,,,1790476760.7348201,,1790476760.7262359,,,,,,,,1790476760.7347834,,,,,,,
20260927_103759_1243248,u3e3,2,426,SIDE_MINUS,1790476760.717817,73.36714196205139,1790476760.857817,False,True,False,False,,False,,,SIDE_DISPATCH|RAW_SEED_ATTEMPT|PRE_TIMING_SEED|TIMED_SEED|SEED_ELIGIBILITY|SOLVER_FAILED|FINAL_INPUT|JOINT_SEED|CERTIFICATE_REJECT,CERTIFICATE_REJECT,,,,0.0,0.0,0.0,-1790476687.350675,-1790476687.350675,-1790476687.350675,1,0,1,37,2,1790476760.857817,,1.4582661597878055e+19,,,True,1,,,1790476760.7349274,1790476760.734955,,,,1790476760.7264934,1790476760.7263603,1790476760.7267501,1790476760.7262952,,1790476760.726549,,1790476760.729992,,,,,,1790476760.735144
20260927_103759_1243248,u3e3,2,427,SIDE_PLUS,1790476760.717817,73.36714196205139,1790476760.857817,False,True,False,False,,False,,,SIDE_DISPATCH|RAW_SEED_ATTEMPT|PRE_TIMING_SEED|TIMED_SEED|SEED_ELIGIBILITY|PRE_LOS|POST_LOS|SOLVER_OK|FINAL_INPUT|JOINT_SEED|PREFLIGHT_REJECT,PREFLIGHT_REJECT,DYNAMICS_FAIL,,,0.0,0.0,0.0,-1790476687.350675,-1790476687.350675,-1790476687.350675,0,0,1,37,2,1790476760.857817,1.2611942674013385e+19,1.2611942674013385e+19,,,False,0,,,1790476760.734849,1790476760.734893,,,,1790476760.7306085,1790476760.7303774,1790476760.730902,1790476760.730283,1790476760.7340438,1790476760.73069,,,1790476760.7350285,,,,,
20260927_103759_1243248,u3e3,2,428,NOMINAL,1790476760.7457857,73.39511036872864,1790476760.885785,False,False,False,False,,False,,,NOMINAL_CONTEXT|FINAL_INPUT_FAILED|JOINT_SEED,FINAL_INPUT_FAILED,,,,0.0,0.0,0.0,-1790476687.350675,-1790476687.350675,-1790476687.350675,0,0,0,37,2,1790476760.8857853,,,,,False,0,,,,1790476760.7638967,,1790476760.7509012,,,,,,,,1790476760.7638645,,,,,,,
20260927_103759_1243248,u3e3,2,429,SIDE_MINUS,1790476760.7457857,73.39511036872864,1790476760.885785,False,True,False,False,,False,,,SIDE_DISPATCH|RAW_SEED_ATTEMPT|PRE_TIMING_SEED|TIMED_SEED|SEED_ELIGIBILITY|SOLVER_FAILED|FINAL_INPUT|JOINT_SEED|CERTIFICATE_REJECT,CERTIFICATE_REJECT,,,,0.0,0.0,0.0,-1790476687.350675,-1790476687.350675,-1790476687.350675,1,0,1,37,2,1790476760.8857853,,1.3320326908364378e+19,,,True,1,,,1790476760.7640417,1790476760.7640755,,,,1790476760.7536914,1790476760.7534919,1790476760.753971,1790476760.7509859,,1790476760.7537937,,1790476760.7573593,,,,,,1790476760.7644892
20260927_103759_1243248,u3e3,2,430,SIDE_PLUS,1790476760.7457857,73.39511036872864,1790476760.885785,False,True,False,False,,False,,,SIDE_DISPATCH|RAW_SEED_ATTEMPT|PRE_TIMING_SEED|TIMED_SEED|SEED_ELIGIBILITY|SOLVER_FAILED|FINAL_INPUT|JOINT_SEED|CERTIFICATE_REJECT,CERTIFICATE_REJECT,,,,0.0,0.0,0.0,-1790476687.350675,-1790476687.350675,-1790476687.350675,1,0,1,37,2,1790476760.8857853,,9.620860299585812e+18,,,True,1,,,1790476760.7639337,1790476760.7639964,,,,1790476760.757835,1790476760.7576778,1790476760.7582088,1790476760.7576032,,1790476760.757968,,1790476760.7630856,,,,,,1790476760.7643938
20260927_103759_1243248,u3e3,2,431,NOMINAL,1790476760.7755203,73.42484521865845,1790476760.9155202,False,False,False,False,,False,,,NOMINAL_CONTEXT|FINAL_INPUT_FAILED|JOINT_SEED,FINAL_INPUT_FAILED,,,,0.0,0.0,0.0,-1790476687.350675,-1790476687.350675,-1790476687.350675,0,0,0,37,2,1790476760.9155202,,,,,False,0,,,,1790476760.79516,,1790476760.781925,,,,,,,,1790476760.795087,,,,,,,
20260927_103759_1243248,u3e3,2,432,SIDE_MINUS,1790476760.7755203,73.42484521865845,1790476760.9155202,False,True,False,False,,False,,,SIDE_DISPATCH|RAW_SEED_ATTEMPT|PRE_TIMING_SEED|TIMED_SEED|SEED_ELIGIBILITY|SOLVER_FAILED|FINAL_INPUT|JOINT_SEED|CERTIFICATE_REJECT,CERTIFICATE_REJECT,,,,0.0,0.0,0.0,-1790476687.350675,-1790476687.350675,-1790476687.350675,1,0,1,37,2,1790476760.9155202,,6.403438259472114e+18,,,True,1,,,1790476760.7952726,1790476760.7952988,,,,1790476760.7824502,1790476760.7823443,1790476760.7826428,1790476760.781971,,1790476760.7825077,,1790476760.7871149,,,,,,1790476760.7955916
20260927_103759_1243248,u3e3,2,433,SIDE_PLUS,1790476760.7755203,73.42484521865845,1790476760.9155202,False,True,False,False,,False,,,SIDE_DISPATCH|RAW_SEED_ATTEMPT|PRE_TIMING_SEED|TIMED_SEED|SEED_ELIGIBILITY|SOLVER_FAILED|FINAL_INPUT|JOINT_SEED|CERTIFICATE_REJECT,CERTIFICATE_REJECT,,,,0.0,0.0,0.0,-1790476687.350675,-1790476687.350675,-1790476687.350675,1,0,1,37,2,1790476760.9155202,,3.0977408883038807e+18,,,True,1,,,1790476760.7951977,1790476760.795237,,,,1790476760.7878034,1790476760.7875826,1790476760.7881317,1790476760.7874222,,1790476760.787885,,1790476760.7944763,,,,,,1790476760.7954268
20260927_103759_1243248,u3e3,2,434,NOMINAL,1790476760.8092363,73.4585611820221,1790476760.9492362,False,False,False,False,,False,,,NOMINAL_CONTEXT|FINAL_INPUT_FAILED|JOINT_SEED,FINAL_INPUT_FAILED,,,,0.0,0.0,0.0,-1790476687.350675,-1790476687.350675,-1790476687.350675,0,0,0,37,2,1790476760.9492362,,,,,False,0,,,,1790476760.8307755,,1790476760.814589,,,,,,,,1790476760.8307374,,,,,,,
20260927_103759_1243248,u3e3,2,435,SIDE_MINUS,1790476760.8092363,73.4585611820221,1790476760.9492362,False,True,False,False,,False,,,SIDE_DISPATCH|RAW_SEED_ATTEMPT|PRE_TIMING_SEED|TIMED_SEED|SEED_ELIGIBILITY|SOLVER_FAILED|FINAL_INPUT|JOINT_SEED|CERTIFICATE_REJECT,CERTIFICATE_REJECT,,,,0.0,0.0,0.0,-1790476687.350675,-1790476687.350675,-1790476687.350675,1,0,1,37,2,1790476760.9492362,,1.144148755401748e+19,,,True,1,,,1790476760.8310082,1790476760.8310442,,,,1790476760.8152077,1790476760.8149514,1790476760.8156455,1790476760.8146565,,1790476760.815281,,1790476760.8201635,,,,,,1790476760.8313258
20260927_103759_1243248,u3e3,2,436,SIDE_PLUS,1790476760.8092363,73.4585611820221,1790476760.9492362,False,True,False,False,,False,,,SIDE_DISPATCH|RAW_SEED_ATTEMPT|PRE_TIMING_SEED|TIMED_SEED|SEED_ELIGIBILITY|SOLVER_FAILED|FINAL_INPUT|JOINT_SEED|CERTIFICATE_REJECT,CERTIFICATE_REJECT,,,,0.0,0.0,0.0,-1790476687.350675,-1790476687.350675,-1790476687.350675,1,0,1,37,2,1790476760.9492362,,1.4864450935204936e+19,,,True,1,,,1790476760.8308058,1790476760.8309076,,,,1790476760.8217857,1790476760.82161,1790476760.8232086,1790476760.8212705,,1790476760.8218644,,1790476760.8298812,,,,,,1790476760.8311965
20260927_103759_1243248,u3e3,2,437,NOMINAL,1790476760.842524,73.49184894561768,1790476760.982524,False,False,False,False,,False,,,NOMINAL_CONTEXT|FINAL_INPUT_FAILED|JOINT_SEED,FINAL_INPUT_FAILED,,,,0.0,0.0,0.0,-1790476687.350675,-1790476687.350675,-1790476687.350675,0,0,0,37,2,1790476760.982524,,,,,False,0,,,,1790476760.8736353,,1790476760.853794,,,,,,,,1790476760.873583,,,,,,,
20260927_103759_1243248,u3e3,2,438,SIDE_MINUS,1790476760.842524,73.49184894561768,1790476760.982524,False,True,False,False,,False,,,SIDE_DISPATCH|RAW_SEED_ATTEMPT|PRE_TIMING_SEED|TIMED_SEED|SEED_ELIGIBILITY|SOLVER_FAILED|FINAL_INPUT|JOINT_SEED|CERTIFICATE_REJECT,CERTIFICATE_REJECT,,,,0.0,0.0,0.0,-1790476687.350675,-1790476687.350675,-1790476687.350675,1,0,1,37,2,1790476760.982524,,2.624071832919084e+18,,,True,1,,,1790476760.8737428,1790476760.873774,,,,1790476760.8541954,1790476760.8540285,1790476760.8544095,1790476760.8538542,,1790476760.8542717,,1790476760.8647404,,,,,,1790476760.87412
20260927_103759_1243248,u3e3,2,439,SIDE_PLUS,1790476760.842524,73.49184894561768,1790476760.982524,False,True,False,False,,False,,,SIDE_DISPATCH|RAW_SEED_ATTEMPT|PRE_TIMING_SEED|TIMED_SEED|SEED_ELIGIBILITY|SOLVER_FAILED|FINAL_INPUT|JOINT_SEED|CERTIFICATE_REJECT,CERTIFICATE_REJECT,,,,0.0,0.0,0.0,-1790476687.350675,-1790476687.350675,-1790476687.350675,1,0,1,37,2,1790476760.982524,,3.6670566015697024e+17,,,True,1,,,1790476760.8736732,1790476760.8737078,,,,1790476760.8658915,1790476760.8652353,1790476760.866546,1790476760.8651364,,1790476760.8660982,,1790476760.872233,,,,,,1790476760.8739493
20260927_103759_1243248,u3e3,2,440,NOMINAL,1790476760.885294,73.5346188545227,1790476761.0252938,False,False,False,False,,False,,,NOMINAL_CONTEXT|FINAL_INPUT_FAILED|JOINT_SEED,FINAL_INPUT_FAILED,,,,0.0,0.0,0.0,-1790476687.350675,-1790476687.350675,-1790476687.350675,0,0,0,37,2,1790476761.0252938,,,,,False,0,,,,1790476760.902574,,1790476760.8913152,,,,,,,,1790476760.9025323,,,,,,,
20260927_103759_1243248,u3e3,2,441,SIDE_MINUS,1790476760.885294,73.5346188545227,1790476761.0252938,False,True,False,False,,False,,,SIDE_DISPATCH|RAW_SEED_ATTEMPT|PRE_TIMING_SEED|TIMED_SEED|SEED_ELIGIBILITY|SOLVER_FAILED|FINAL_INPUT|JOINT_SEED|CERTIFICATE_REJECT,CERTIFICATE_REJECT,,,,0.0,0.0,0.0,-1790476687.350675,-1790476687.350675,-1790476687.350675,1,0,1,37,2,1790476761.0252938,,2.5139392438382085e+18,,,True,1,,,1790476760.902664,1790476760.9026911,,,,1790476760.8917294,1790476760.8914888,1790476760.8920033,1790476760.8913672,,1790476760.8918068,,1790476760.8960402,,,,,,1790476760.9028394
20260927_103759_1243248,u3e3,2,442,SIDE_PLUS,1790476760.885294,73.5346188545227,1790476761.0252938,False,True,False,False,,False,,,SIDE_DISPATCH|RAW_SEED_ATTEMPT|PRE_TIMING_SEED|TIMED_SEED|SEED_ELIGIBILITY|SOLVER_FAILED|FINAL_INPUT|JOINT_SEED|CERTIFICATE_REJECT,CERTIFICATE_REJECT,,,,0.0,0.0,0.0,-1790476687.350675,-1790476687.350675,-1790476687.350675,1,0,1,37,2,1790476761.0252938,,1.5321136191520561e+19,,,True,1,,,1790476760.9026074,1790476760.9026375,,,,1790476760.896824,1790476760.8967426,1790476760.8978903,1790476760.8966398,,1790476760.8970835,,1790476760.9014206,,,,,,1790476760.9027877
20260927_103759_1243248,u3e3,2,443,NOMINAL,1790476760.9139888,73.56331372261047,1790476761.0539887,False,False,False,False,,False,,,NOMINAL_CONTEXT|FINAL_INPUT_FAILED|JOINT_SEED,FINAL_INPUT_FAILED,,,,0.0,0.0,0.0,-1790476687.350675,-1790476687.350675,-1790476687.350675,0,0,0,37,2,1790476761.0539887,,,,,False,0,,,,1790476760.9344885,,1790476760.9185371,,,,,,,,1790476760.9344552,,,,,,,
20260927_103759_1243248,u3e3,2,444,SIDE_MINUS,1790476760.9139888,73.56331372261047,1790476761.0539887,False,True,False,False,,False,,,SIDE_DISPATCH|RAW_SEED_ATTEMPT|PRE_TIMING_SEED|TIMED_SEED|SEED_ELIGIBILITY|SOLVER_FAILED|FINAL_INPUT|JOINT_SEED|CERTIFICATE_REJECT,CERTIFICATE_REJECT,,,,0.0,0.0,0.0,-1790476687.350675,-1790476687.350675,-1790476687.350675,1,0,1,37,2,1790476761.0539887,,5.830364791970218e+18,,,True,1,,,1790476760.9345963,1790476760.9346232,,,,1790476760.91885,1790476760.9187248,1790476760.9191394,1790476760.9185953,,1790476760.9188967,,1790476760.9244182,,,,,,1790476760.9350624
20260927_103759_1243248,u3e3,2,445,SIDE_PLUS,1790476760.9139888,73.56331372261047,1790476761.0539887,False,True,False,False,,False,,,SIDE_DISPATCH|RAW_SEED_ATTEMPT|PRE_TIMING_SEED|TIMED_SEED|SEED_ELIGIBILITY|SOLVER_FAILED|FINAL_INPUT|JOINT_SEED|CERTIFICATE_REJECT,CERTIFICATE_REJECT,,,,0.0,0.0,0.0,-1790476687.350675,-1790476687.350675,-1790476687.350675,1,0,1,37,2,1790476761.0539887,,1.5423585748658074e+19,,,True,1,,,1790476760.9345295,1790476760.934563,,,,1790476760.928669,1790476760.9284658,1790476760.928894,1790476760.9281816,,1790476760.9287503,,1790476760.9335816,,,,,,1790476760.9349284
20260927_103759_1243248,u3e3,2,446,NOMINAL,1790476760.9459012,73.59522604942322,1790476761.085901,False,False,False,False,,False,,,NOMINAL_CONTEXT|FINAL_INPUT_FAILED|JOINT_SEED,FINAL_INPUT_FAILED,,,,0.0,0.0,0.0,-1790476687.350675,-1790476687.350675,-1790476687.350675,0,0,0,37,2,1790476761.085901,,,,,False,0,,,,1790476760.9618428,,1790476760.9515438,,,,,,,,1790476760.9618168,,,,,,,
20260927_103759_1243248,u3e3,2,447,SIDE_MINUS,1790476760.9459012,73.59522604942322,1790476761.085901,False,True,False,False,,False,,,SIDE_DISPATCH|RAW_SEED_ATTEMPT|PRE_TIMING_SEED|TIMED_SEED|SEED_ELIGIBILITY|SOLVER_FAILED|FINAL_INPUT|JOINT_SEED|CERTIFICATE_REJECT,CERTIFICATE_REJECT,,,,0.0,0.0,0.0,-1790476687.350675,-1790476687.350675,-1790476687.350675,1,0,1,37,2,1790476761.085901,,9.584713041230147e+17,,,True,1,,,1790476760.9619386,1790476760.9619656,,,,1790476760.9524155,1790476760.9523077,1790476760.9527533,1790476760.9516673,,1790476760.9524906,,1790476760.9569466,,,,,,1790476760.9620717
20260927_103759_1243248,u3e3,2,448,SIDE_PLUS,1790476760.9459012,73.59522604942322,1790476761.085901,False,True,False,False,,False,,,SIDE_DISPATCH|RAW_SEED_ATTEMPT|PRE_TIMING_SEED|TIMED_SEED|SEED_ELIGIBILITY|PRE_LOS|POST_LOS|SOLVER_OK|FINAL_INPUT|JOINT_SEED|PREFLIGHT_REJECT,PREFLIGHT_REJECT,DYNAMICS_FAIL,,,0.0,0.0,0.0,-1790476687.350675,-1790476687.350675,-1790476687.350675,0,0,1,37,2,1790476761.085901,1.4750585525013117e+19,1.4750585525013117e+19,,,False,0,,,1790476760.9618707,1790476760.9619052,,,,1790476760.957451,1790476760.957236,1790476760.9576585,1790476760.9571655,1790476760.9613843,1790476760.957527,,,1790476760.962024,,,,,
20260927_103759_1243248,u3e3,2,449,NOMINAL,1790476760.97763,73.62695479393005,1790476761.1176298,False,False,False,False,,False,,,NOMINAL_CONTEXT|FINAL_INPUT_FAILED|JOINT_SEED,FINAL_INPUT_FAILED,,,,0.0,0.0,0.0,-1790476687.350675,-1790476687.350675,-1790476687.350675,0,0,0,37,2,1790476761.1176298,,,,,False,0,,,,1790476760.9942946,,1790476760.9826133,,,,,,,,1790476760.9942656,,,,,,,
20260927_103759_1243248,u3e3,2,450,SIDE_MINUS,1790476760.97763,73.62695479393005,1790476761.1176298,False,True,False,False,,False,,,SIDE_DISPATCH|RAW_SEED_ATTEMPT|PRE_TIMING_SEED|TIMED_SEED|SEED_ELIGIBILITY|SOLVER_FAILED|FINAL_INPUT|JOINT_SEED|CERTIFICATE_REJECT,CERTIFICATE_REJECT,,,,0.0,0.0,0.0,-1790476687.350675,-1790476687.350675,-1790476687.350675,1,0,1,37,2,1790476761.1176298,,1.7131537593491667e+19,,,True,1,,,1790476760.9944,1790476760.9944296,,,,1790476760.9829555,1790476760.98279,1790476760.9834101,1790476760.982677,,1790476760.9831583,,1790476760.9871306,,,,,,1790476760.9945638
20260927_103759_1243248,u3e3,2,451,SIDE_PLUS,1790476760.97763,73.62695479393005,1790476761.1176298,False,True,False,False,,False,,,SIDE_DISPATCH|RAW_SEED_ATTEMPT|PRE_TIMING_SEED|TIMED_SEED|SEED_ELIGIBILITY|SOLVER_FAILED|FINAL_INPUT|JOINT_SEED|CERTIFICATE_REJECT,CERTIFICATE_REJECT,,,,0.0,0.0,0.0,-1790476687.350675,-1790476687.350675,-1790476687.350675,1,0,1,37,2,1790476761.1176298,,1.5825738277739407e+19,,,True,1,,,1790476760.9943311,1790476760.9943674,,,,1790476760.9878736,1790476760.9877617,1790476760.9882119,1790476760.9875596,,1790476760.9879916,,1790476760.993638,,,,,,1790476760.994512
20260927_103759_1243248,u3e3,2,452,NOMINAL,1790476761.0068853,73.65621018409729,1790476761.1468852,False,False,False,False,,False,,,NOMINAL_CONTEXT|FINAL_INPUT|JOINT_SEED|CERTIFICATE_REJECT,CERTIFICATE_REJECT,,,,0.0,0.0,0.0,-1790476687.350675,-1790476687.350675,-1790476687.350675,0,0,0,37,2,1790476761.1468852,,8.451228203934421e+18,,,False,0,,,1790476761.0234933,1790476761.0235395,,1790476761.0088058,,,,,,,,,,,,,,,1790476761.0237603
20260927_103759_1243248,u3e3,2,453,SIDE_MINUS,1790476761.0068853,73.65621018409729,1790476761.1468852,False,True,False,False,,False,,,SIDE_DISPATCH|RAW_SEED_ATTEMPT|PRE_TIMING_SEED|TIMED_SEED|SEED_ELIGIBILITY|SOLVER_FAILED|FINAL_INPUT|JOINT_SEED|CERTIFICATE_REJECT,CERTIFICATE_REJECT,,,,0.0,0.0,0.0,-1790476687.350675,-1790476687.350675,-1790476687.350675,1,0,1,37,2,1790476761.1468852,,1.8354137620311919e+19,,,True,1,,,1790476761.023644,1790476761.0236738,,,,1790476761.009003,1790476761.008924,1790476761.0093248,1790476761.0088625,,1790476761.0090413,,1790476761.0125546,,,,,,1790476761.0238612
20260927_103759_1243248,u3e3,2,454,SIDE_PLUS,1790476761.0068853,73.65621018409729,1790476761.1468852,False,True,False,False,,False,,,SIDE_DISPATCH|RAW_SEED_ATTEMPT|PRE_TIMING_SEED|TIMED_SEED|SEED_ELIGIBILITY|SOLVER_FAILED|FINAL_INPUT|JOINT_SEED|CERTIFICATE_REJECT,CERTIFICATE_REJECT,,,,0.0,0.0,0.0,-1790476687.350675,-1790476687.350675,-1790476687.350675,1,0,1,37,2,1790476761.1468852,,5.109258469459571e+18,,,True,1,,,1790476761.0235772,1790476761.023612,,,,1790476761.0153022,1790476761.0152075,1790476761.0165079,1790476761.015103,,1790476761.0153515,,1790476761.022304,,,,,,1790476761.0238152
20260927_103759_1243248,u3e3,2,455,NOMINAL,1790476761.0375836,73.68690848350525,1790476761.1775837,False,False,False,False,,False,,,NOMINAL_CONTEXT|FINAL_INPUT_FAILED|JOINT_SEED,FINAL_INPUT_FAILED,,,,0.0,0.0,0.0,-1790476687.350675,-1790476687.350675,-1790476687.350675,0,0,0,37,2,1790476761.1775835,,,,,False,0,,,,1790476761.0523088,,1790476761.0419457,,,,,,,,1790476761.0522792,,,,,,,
20260927_103759_1243248,u3e3,2,456,SIDE_MINUS,1790476761.0375836,73.68690848350525,1790476761.1775837,False,True,False,False,,False,,,SIDE_DISPATCH|RAW_SEED_ATTEMPT|PRE_TIMING_SEED|TIMED_SEED|SEED_ELIGIBILITY|SOLVER_FAILED|FINAL_INPUT|JOINT_SEED|CERTIFICATE_REJECT,CERTIFICATE_REJECT,,,,0.0,0.0,0.0,-1790476687.350675,-1790476687.350675,-1790476687.350675,1,0,1,37,2,1790476761.1775835,,1.8312618606849804e+19,,,True,1,,,1790476761.052418,1790476761.0524483,,,,1790476761.0421412,1790476761.042062,1790476761.0423722,1790476761.0419996,,1790476761.042179,,1790476761.0457382,,,,,,1790476761.052585
20260927_103759_1243248,u3e3,2,457,SIDE_PLUS,1790476761.0375836,73.68690848350525,1790476761.1775837,False,True,False,False,,False,,,SIDE_DISPATCH|RAW_SEED_ATTEMPT|PRE_TIMING_SEED|TIMED_SEED|SEED_ELIGIBILITY|PRE_LOS|POST_LOS|SOLVER_OK|FINAL_INPUT|JOINT_SEED|PREFLIGHT_REJECT,PREFLIGHT_REJECT,DYNAMICS_FAIL,,,0.0,0.0,0.0,-1790476687.350675,-1790476687.350675,-1790476687.350675,0,0,1,37,2,1790476761.1775835,5.465039837811091e+18,5.465039837811091e+18,,,False,0,,,1790476761.0523462,1790476761.0523834,,,,1790476761.0465243,1790476761.0464036,1790476761.0468647,1790476761.0462039,1790476761.051608,1790476761.0466409,,,1790476761.0525122,,,,,
20260927_103759_1243248,u3e3,2,458,NOMINAL,1790476761.0638273,73.71315217018127,1790476761.2038271,False,False,False,False,,False,,,NOMINAL_CONTEXT|FINAL_INPUT_FAILED|JOINT_SEED,FINAL_INPUT_FAILED,,,,0.0,0.0,0.0,-1790476687.350675,-1790476687.350675,-1790476687.350675,0,0,0,37,2,1790476761.2038271,,,,,False,0,,,,1790476761.0800982,,1790476761.0690835,,,,,,,,1790476761.0800674,,,,,,,
20260927_103759_1243248,u3e3,2,459,SIDE_MINUS,1790476761.0638273,73.71315217018127,1790476761.2038271,False,True,False,False,,False,,,SIDE_DISPATCH|RAW_SEED_ATTEMPT|PRE_TIMING_SEED|TIMED_SEED|SEED_ELIGIBILITY|SOLVER_FAILED|FINAL_INPUT|JOINT_SEED|CERTIFICATE_REJECT,CERTIFICATE_REJECT,,,,0.0,0.0,0.0,-1790476687.350675,-1790476687.350675,-1790476687.350675,1,0,1,37,2,1790476761.2038271,,1.2191439954882075e+19,,,True,1,,,1790476761.0802112,1790476761.0802562,,,,1790476761.0697465,1790476761.069299,1790476761.0701778,1790476761.069157,,1790476761.0698164,,1790476761.0741973,,,,,,1790476761.0804625
20260927_103759_1243248,u3e3,2,460,SIDE_PLUS,1790476761.0638273,73.71315217018127,1790476761.2038271,False,True,False,False,,False,,,SIDE_DISPATCH|RAW_SEED_ATTEMPT|PRE_TIMING_SEED|TIMED_SEED|SEED_ELIGIBILITY|PRE_LOS|POST_LOS|SOLVER_OK|FINAL_INPUT|JOINT_SEED|PREFLIGHT_REJECT,PREFLIGHT_REJECT,DYNAMICS_FAIL,,,0.0,0.0,0.0,-1790476687.350675,-1790476687.350675,-1790476687.350675,0,0,1,37,2,1790476761.2038271,1.831492311661046e+19,1.831492311661046e+19,,,False,0,,,1790476761.0801373,1790476761.0801737,,,,1790476761.0748649,1790476761.0747075,1790476761.0750995,1790476761.0745401,1790476761.0791755,1790476761.0749419,,,1790476761.0803914,,,,,
20260927_103759_1243248,u3e3,2,461,NOMINAL,1790476761.092408,73.74173283576965,1790476761.2324078,False,False,False,False,,False,,,NOMINAL_CONTEXT|FINAL_INPUT_FAILED|JOINT_SEED,FINAL_INPUT_FAILED,,,,0.0,0.0,0.0,-1790476687.350675,-1790476687.350675,-1790476687.350675,0,0,0,37,2,1790476761.2324078,,,,,False,0,,,,1790476761.1102734,,1790476761.0974157,,,,,,,,1790476761.1102343,,,,,,,
20260927_103759_1243248,u3e3,2,462,SIDE_MINUS,1790476761.092408,73.74173283576965,1790476761.2324078,False,True,False,False,,False,,,SIDE_DISPATCH|RAW_SEED_ATTEMPT|PRE_TIMING_SEED|TIMED_SEED|SEED_ELIGIBILITY|SOLVER_FAILED|FINAL_INPUT|JOINT_SEED|CERTIFICATE_REJECT,CERTIFICATE_REJECT,,,,0.0,0.0,0.0,-1790476687.350675,-1790476687.350675,-1790476687.350675,1,0,1,37,2,1790476761.2324078,,1.0993901986430697e+19,,,True,1,,,1790476761.110377,1790476761.1104052,,,,1790476761.0977583,1790476761.0976112,1790476761.0980449,1790476761.0974774,,1790476761.0978308,,1790476761.103057,,,,,,1790476761.110553
20260927_103759_1243248,u3e3,2,463,SIDE_PLUS,1790476761.092408,73.74173283576965,1790476761.2324078,False,True,False,False,,False,,,SIDE_DISPATCH|RAW_SEED_ATTEMPT|PRE_TIMING_SEED|TIMED_SEED|SEED_ELIGIBILITY|PRE_LOS|POST_LOS|SOLVER_OK|FINAL_INPUT|JOINT_SEED|CERTIFICATE_REJECT,CERTIFICATE_REJECT,,,,0.0,0.0,0.0,-1790476687.350675,-1790476687.350675,-1790476687.350675,0,0,1,37,2,1790476761.2324078,4.74228398554649e+18,4.74228398554649e+18,,,False,0,,,1790476761.1103044,1790476761.110341,,,,1790476761.1045904,1790476761.1043901,1790476761.1048834,1790476761.1042762,1790476761.1094573,1790476761.1046755,,,,,,,,1790476761.1104991
20260927_103759_1243248,u3e3,2,464,NOMINAL,1790476761.1216102,73.77093505859375,1790476761.26161,False,False,False,False,,False,,,NOMINAL_CONTEXT|FINAL_INPUT_FAILED|JOINT_SEED,FINAL_INPUT_FAILED,,,,0.0,0.0,0.0,-1790476687.350675,-1790476687.350675,-1790476687.350675,0,0,0,37,2,1790476761.26161,,,,,False,0,,,,1790476761.1406002,,1790476761.1265144,,,,,,,,1790476761.1405685,,,,,,,
20260927_103759_1243248,u3e3,2,465,SIDE_MINUS,1790476761.1216102,73.77093505859375,1790476761.26161,False,True,False,False,,False,,,SIDE_DISPATCH|RAW_SEED_ATTEMPT|PRE_TIMING_SEED|TIMED_SEED|SEED_ELIGIBILITY|SOLVER_FAILED|FINAL_INPUT|JOINT_SEED|CERTIFICATE_REJECT,CERTIFICATE_REJECT,,,,0.0,0.0,0.0,-1790476687.350675,-1790476687.350675,-1790476687.350675,1,0,1,37,2,1790476761.26161,,1.4399767049199352e+19,,,True,1,,,1790476761.1407096,1790476761.140739,,,,1790476761.1268494,1790476761.126742,1790476761.1274483,1790476761.1266186,,1790476761.1268923,,1790476761.131808,,,,,,1790476761.140959
20260927_103759_1243248,u3e3,2,466,SIDE_PLUS,1790476761.1216102,73.77093505859375,1790476761.26161,False,True,False,False,,False,,,SIDE_DISPATCH|RAW_SEED_ATTEMPT|PRE_TIMING_SEED|TIMED_SEED|SEED_ELIGIBILITY|SOLVER_FAILED|FINAL_INPUT|JOINT_SEED|CERTIFICATE_REJECT,CERTIFICATE_REJECT,,,,0.0,0.0,0.0,-1790476687.350675,-1790476687.350675,-1790476687.350675,1,0,1,37,2,1790476761.26161,,1.05567845060353e+19,,,True,1,,,1790476761.14064,1790476761.1406765,,,,1790476761.132685,1790476761.1324544,1790476761.1330118,1790476761.132252,,1790476761.1327717,,1790476761.1396315,,,,,,1790476761.1408353
20260927_103759_1243248,u3e3,2,467,NOMINAL,1790476761.1523488,73.80167365074158,1790476761.2923486,False,False,False,False,,False,,,NOMINAL_CONTEXT|FINAL_INPUT|JOINT_SEED|CERTIFICATE_REJECT,CERTIFICATE_REJECT,,,,0.0,0.0,0.0,-1790476687.350675,-1790476687.350675,-1790476687.350675,0,0,0,37,2,1790476761.2923486,,3.7619633523850336e+17,,,False,0,,,1790476761.1657825,1790476761.1658368,,1790476761.154575,,,,,,,,,,,,,,,1790476761.1660726
20260927_103759_1243248,u3e3,2,468,SIDE_MINUS,1790476761.1523488,73.80167365074158,1790476761.2923486,False,True,False,False,,False,,,SIDE_DISPATCH|RAW_SEED_ATTEMPT|PRE_TIMING_SEED|TIMED_SEED|SEED_ELIGIBILITY|SOLVER_FAILED|FINAL_INPUT|JOINT_SEED|CERTIFICATE_REJECT,CERTIFICATE_REJECT,,,,0.0,0.0,0.0,-1790476687.350675,-1790476687.350675,-1790476687.350675,1,0,1,37,2,1790476761.2923486,,5.386873758530759e+18,,,True,1,,,1790476761.1659274,1790476761.1659558,,,,1790476761.1548824,1790476761.1547766,1790476761.1551943,1790476761.1546507,,1790476761.1549258,,1790476761.160136,,,,,,1790476761.1664238
20260927_103759_1243248,u3e3,2,469,SIDE_PLUS,1790476761.1523488,73.80167365074158,1790476761.2923486,False,True,False,False,,False,,,SIDE_DISPATCH|RAW_SEED_ATTEMPT|PRE_TIMING_SEED|TIMED_SEED|SEED_ELIGIBILITY|SOLVER_FAILED|FINAL_INPUT|JOINT_SEED|CERTIFICATE_REJECT,CERTIFICATE_REJECT,,,,0.0,0.0,0.0,-1790476687.350675,-1790476687.350675,-1790476687.350675,1,0,1,37,2,1790476761.2923486,,7.955595657308459e+18,,,True,1,,,1790476761.1658688,1790476761.1658976,,,,1790476761.1607769,1790476761.1606777,1790476761.1613474,1790476761.1605275,,1790476761.1608396,,1790476761.1647873,,,,,,1790476761.1662564
20260927_103759_1243248,u3e3,2,470,NOMINAL,1790476761.177471,73.82679581642151,1790476761.3174708,False,False,False,False,,False,,,NOMINAL_CONTEXT|FINAL_INPUT_FAILED|JOINT_SEED,FINAL_INPUT_FAILED,,,,0.0,0.0,0.0,-1790476687.350675,-1790476687.350675,-1790476687.350675,0,0,0,37,2,1790476761.3174708,,,,,False,0,,,,1790476761.1925488,,1790476761.1818252,,,,,,,,1790476761.1925178,,,,,,,
20260927_103759_1243248,u3e3,2,471,SIDE_MINUS,1790476761.177471,73.82679581642151,1790476761.3174708,True,True,False,False,,False,,,SIDE_DISPATCH|RAW_SEED_ATTEMPT|PRE_TIMING_SEED|TIMED_SEED|SEED_ELIGIBILITY|SOLVER_FAILED|FINAL_INPUT|JOINT_SEED|COMPARATOR_LOSS,,,,,0.0,0.0,0.0,-1790476687.350675,-1790476687.350675,75.9667956829071,1,0,1,37,2,1790476761.3174708,,1.1864298384469062e+19,1.1864298384469062e+19,1.0,True,1,,,1790476761.1927395,1790476761.1927686,,,1790476761.193424,1790476761.1822402,1790476761.1820552,1790476761.1825948,1790476761.1818762,,1790476761.182316,,1790476761.1863682,,,,,,
20260927_103759_1243248,u3e3,2,472,SIDE_PLUS,1790476761.177471,73.82679581642151,1790476761.3174708,True,True,True,True,261.0,True,74.0037,74.202682,SIDE_DISPATCH|RAW_SEED_ATTEMPT|PRE_TIMING_SEED|TIMED_SEED|SEED_ELIGIBILITY|SOLVER_FAILED|FINAL_INPUT|JOINT_SEED|COMPARATOR_WIN|SELECTED|COMMITTED,,,,,0.0,0.0,0.0,-1790476687.350675,-1790476687.350675,75.9667956829071,1,0,1,37,2,1790476761.3174708,,7.234012323050717e+18,7.234012323050717e+18,1.0,True,1,1790476761.1939788,1790476761.1929798,1790476761.1926756,1790476761.1927116,1790476761.1934733,,,1790476761.1870208,1790476761.186888,1790476761.187408,1790476761.1867871,,1790476761.1871688,,1790476761.1908786,,,,,,
20260927_103759_1243248,u3e3,2,473,NOMINAL,1790476761.4215212,74.07084608078003,1790476761.561521,True,False,True,True,262.0,True,74.236389,74.484141,FINAL_INPUT|JOINT_SEED|COMPARATOR_WIN|SELECTED|COMMITTED,,,,,1.0,1.0,0.0,74.21084594726562,76.06679558753967,76.21084594726562,0,0,0,-1,0,1790476761.561521,,1.6450508187255448e+19,1.6450508187255448e+19,1.0,False,0,1790476761.4278474,1790476761.4261785,1790476761.4247305,1790476761.4249992,1790476761.4262667,,,,,,,,,,,,,,,,
