run,episode,drone,candidate,kind,batch,batch_s,activation,hard_safe,seed_eligible,selected,committed,trajectory_id,executed,execution_begin,execution_end,stages,first_reject,reject_reason,solver_reason,comparator_reason,K2,C3,D3,comparison_begin,comparison_end,checked_until,fallback,stage,common_K3_loss_seconds,common_self_loss_seconds,sustained_recovery_time,sustained_K3_recovery_time,common_window_covered,begin,end,duration,actual_geometric_side,side_start,side_at_loss,side_end,production_frame_side_start,production_frame_side_end,axis_crossings,min_shadow_clearance,min_all_los_clearance,shadow_exit_time,first_binary_recovery_time,first_persistent_recovery_time,persistent_02,persistent_05,first_persistent_K3_recovery_time,K3_loss_seconds,self_loss_seconds,LOS_loss_seconds,fov_loss_seconds,max_v,max_a,max_j,pvaj_strict_ok,body_static_clearance,body_dynamic_clearance,gain,geometry_good,cert_recovery
20260927_103759_1243248,u1e1,0,22,NOMINAL,1790476692.941643,5.590967893600464,1790476693.0816429,True,False,True,True,22.0,True,5.769445,6.004971,FINAL_INPUT|JOINT_SEED|COMPARATOR_WIN|SELECTED|COMMITTED,,,,,0.0,0.0,0.0,-1790476687.350675,-1790476687.350675,7.73096776008606,0,FINAL_INPUT,0.86,0.86,,,True,5.73096776008606,9.40255,4.459948125684642,+1.463365->-2.312419,1.4633651401897922,0.8221253944276192,-2.312418875399661,0.0,0.0,1,-0.3790400711314637,-0.3790400711314637,8.850967760085993,8.850967760085993,8.850967760085993,8.850967760085993,8.850967760085993,8.850967760085993,0.8,0.8,0.8,0.0,1.0986611943693845,0.2960301706437903,0.9781841041759232,True,1.0069406577139275,5.473675848790839,,False,False
20260927_103759_1243248,u1e1,0,23,NOMINAL,1790476693.2250202,5.874345064163208,1790476693.36502,True,False,True,True,23.0,True,6.037346,6.281597,FINAL_INPUT|JOINT_SEED|COMPARATOR_WIN|SELECTED|COMMITTED,,,,,0.0,0.0,0.0,-1790476687.350675,-1790476687.350675,8.014344930648804,0,FINAL_INPUT,0.85,0.85,,,True,6.014344930648804,9.40255,4.261146650358829,+1.424802->-2.389159,1.4248024054208406,0.8147627952658429,-2.389159154681749,0.0,0.0,1,-0.3769229482966091,-0.3769229482966091,8.834344930648744,8.834344930648744,8.834344930648744,8.834344930648744,8.834344930648744,8.834344930648744,0.8,0.8,0.8,0.0,1.1433423740179585,0.3091902508837487,1.08494678490734,True,1.0087485659579,5.486256578198529,,False,False
20260927_103759_1243248,u1e1,0,24,NOMINAL,1790476693.5079944,6.157319307327271,1790476693.6479945,True,False,True,True,24.0,True,6.315377,6.536298,NOMINAL_CONTEXT|FINAL_INPUT|JOINT_SEED|COMPARATOR_WIN|SELECTED|COMMITTED,,,,,0.0,0.0,0.0,-1790476687.350675,-1790476687.350675,8.297319173812866,0,FINAL_INPUT,0.87,0.87,8.807319173812813,8.807319173812813,True,6.297319173812866,9.40255,4.029229352800075,+1.390926->-2.579129,1.390925756623728,0.7701961314673019,-2.5791287404067704,1.4866289144160858,0.4726582883596655,1,-0.3743812314071043,-0.3743812314071043,8.807319173812813,8.807319173812813,8.807319173812813,8.807319173812813,8.807319173812813,8.807319173812813,0.8,0.8,0.8,0.0,1.2289457212670425,0.3459125465030583,1.2405984130693548,True,1.0059000994440748,5.567304099233171,-0.0047691738128126104,False,False
20260927_103759_1243248,u1e1,0,25,SIDE_PLUS,1790476693.5079944,6.157319307327271,1790476693.6479945,True,True,False,False,,False,,,SIDE_DISPATCH|RAW_SEED_ATTEMPT|PRE_TIMING_SEED|TIMED_SEED|SEED_ELIGIBILITY|PRE_LOS|POST_LOS|SOLVER_OK|FINAL_INPUT|JOINT_SEED|COMPARATOR_LOSS,,,,,0.0,0.0,0.0,-1790476687.350675,-1790476687.350675,8.297319173812866,0,FINAL_INPUT,0.84,0.84,8.807319173812813,8.807319173812813,True,6.297319173812866,9.40255,3.974153258280923,+1.390926->-2.627272,1.390925756623728,0.8073404258090351,-2.627272396342688,1.4866289144160858,0.4735706504664216,1,-0.3779758027244295,-0.3779758027244295,8.807319173812813,8.807319173812813,8.807319173812813,8.807319173812813,8.807319173812813,8.807319173812813,0.8,0.8,0.8,0.0,1.2700564957176654,0.4257719214384029,1.6481759787761572,True,1.0260823046785663,5.567304099233171,-0.0047691738128126104,False,False
20260927_103759_1243248,u1e1,0,26,SIDE_MINUS,1790476693.5079944,6.157319307327271,1790476693.6479945,True,True,False,False,,False,,,SIDE_DISPATCH|RAW_SEED_ATTEMPT|PRE_TIMING_SEED|TIMED_SEED|SEED_ELIGIBILITY|SOLVER_OK|FINAL_INPUT|JOINT_SEED|COMPARATOR_LOSS,,,,,0.0,0.0,0.0,-1790476687.350675,-1790476687.350675,8.297319173812866,0,FINAL_INPUT,0.87,0.87,8.807319173812813,8.807319173812813,True,6.297319173812866,9.40255,4.018041759916383,+1.390926->-2.585853,1.390925756623728,0.7681423504544692,-2.585852785453217,1.4866289144160858,0.4719367135240563,1,-0.3744069582602804,-0.3744069582602804,8.807319173812813,8.807319173812813,8.807319173812813,8.807319173812813,8.807319173812813,8.807319173812813,0.8,0.8,0.8,0.0,1.2365070685679187,0.3629697821299167,1.3595750995614917,True,1.0031289521900912,5.567304099233171,-0.0047691738128126104,False,False
20260927_103759_1243248,u1e1,0,27,NOMINAL,1790476693.7632046,6.412529468536377,1790476693.9032044,True,False,False,False,,False,,,NOMINAL_CONTEXT|FINAL_INPUT|JOINT_SEED|COMPARATOR_WIN,,,,,1.0,0.4,0.7830333849112053,7.949323654174805,8.397319078445435,8.552529335021973,0,FINAL_INPUT,0.86,0.86,8.802529335021925,8.802529335021925,True,6.552529335021973,9.40255,3.96828124340398,+1.366765->-2.624306,1.3667646930430968,0.7677344204711491,-2.624305812826357,1.4313527151083665,0.4215898345558564,1,-0.3771654905126707,-0.3771654905126707,8.802529335021925,8.802529335021925,8.802529335021925,8.802529335021925,8.802529335021925,8.802529335021925,0.79,0.79,0.79,0.0,1.2582900524151597,0.3544896062566762,1.253784008382138,True,1.0045437197619769,5.701649746473135,2.066497807540202e-05,False,False
20260927_103759_1243248,u1e1,0,28,SIDE_PLUS,1790476693.7632046,6.412529468536377,1790476693.9032044,True,True,True,True,25.0,True,6.569491,6.835735,SIDE_DISPATCH|RAW_SEED_ATTEMPT|PRE_TIMING_SEED|TIMED_SEED|SEED_ELIGIBILITY|PRE_LOS|POST_LOS|SOLVER_OK|FINAL_INPUT|JOINT_SEED|COMPARATOR_WIN|SELECTED|COMMITTED,,,,D3_LOWER,1.0,0.4,0.7405357091261728,7.949323654174805,8.397319078445435,8.552529335021973,0,FINAL_INPUT,0.84,0.84,8.812529335021924,8.812529335021924,True,6.552529335021973,9.40255,3.931964724892472,+1.366765->-2.646827,1.3667646930430968,0.8123811357774283,-2.646826528846195,1.4313527151083665,0.4429179385106873,1,-0.3778585439908833,-0.3778585439908833,8.812529335021924,8.812529335021924,8.812529335021924,8.812529335021924,8.812529335021924,8.812529335021924,0.8,0.8,0.8,0.0,1.3014863679920452,0.4411807369255006,1.6949840647725043,True,1.015857689536396,5.701649746473135,-0.009979335021924385,False,False
20260927_103759_1243248,u1e1,0,29,SIDE_MINUS,1790476693.7632046,6.412529468536377,1790476693.9032044,True,True,False,False,,False,,,SIDE_DISPATCH|RAW_SEED_ATTEMPT|PRE_TIMING_SEED|TIMED_SEED|SEED_ELIGIBILITY|SOLVER_OK|FINAL_INPUT|JOINT_SEED|COMPARATOR_LOSS,,,,OPPONENT_D3_LOWER,1.0,0.4,0.7818378750560493,7.949323654174805,8.397319078445435,8.552529335021973,0,FINAL_INPUT,0.86,0.86,8.802529335021925,8.802529335021925,True,6.552529335021973,9.40255,3.9553841680459367,+1.366765->-2.629781,1.3667646930430968,0.7676431936022815,-2.629780851634973,1.4313527151083665,0.4223120395722927,1,-0.3778391377954258,-0.3778391377954258,8.802529335021925,8.802529335021925,8.802529335021925,8.802529335021925,8.802529335021925,8.802529335021925,0.79,0.79,0.79,0.0,1.2673371939012577,0.3763428663645116,1.3954843220677204,True,1.0034723107080044,5.701649746473135,2.066497807540202e-05,False,False
20260927_103759_1243248,u1e1,0,30,NOMINAL,1790476694.0555573,6.7048821449279785,1790476694.195557,True,False,False,False,,False,,,NOMINAL_CONTEXT|FINAL_INPUT|JOINT_SEED|COMPARATOR_WIN,,,,,0.75,0.25,2.0731628739213344,7.949323654174805,8.652529239654541,8.844882011413574,0,FINAL_INPUT,0.85,0.85,,,True,6.844882011413574,9.40255,4.004259773446916,+1.343639->-2.539790,1.3436386756869858,0.8033771010961449,-2.539790136234534,1.3660183571688105,0.4939864790917272,1,-0.3790307374156175,-0.3790307374156175,8.824882011413532,8.824882011413532,8.824882011413532,8.824882011413532,8.824882011413532,8.824882011413532,0.8,0.8,0.8,0.0,1.2208212066432942,0.3108660272216945,1.103781133494517,True,1.0131865472320327,5.913752778004492,,False,False
20260927_103759_1243248,u1e1,0,31,SIDE_PLUS,1790476694.0555573,6.7048821449279785,1790476694.195557,True,True,True,True,26.0,True,6.875762,7.135432,SIDE_DISPATCH|RAW_SEED_ATTEMPT|PRE_TIMING_SEED|TIMED_SEED|SEED_ELIGIBILITY|PRE_LOS|POST_LOS|SOLVER_OK|FINAL_INPUT|JOINT_SEED|COMPARATOR_WIN|SELECTED|COMMITTED,,,,D3_LOWER,0.75,0.25,2.0236580493661225,7.949323654174805,8.652529239654541,8.844882011413574,0,FINAL_INPUT,0.85,0.85,,,True,6.844882011413574,9.40255,3.9660848630734256,+1.343639->-2.556781,1.3436386756869858,0.8350216015895564,-2.556780668636073,1.3660183571688105,0.5327125187801425,1,-0.3793453667041733,-0.3793453667041733,8.834882011413532,8.834882011413532,8.834882011413532,8.834882011413532,8.834882011413532,8.834882011413532,0.8,0.8,0.8,0.0,1.2608130921605691,0.3959699982635307,1.5341724214647685,True,1.0163027346035232,5.913752778004492,,False,False
20260927_103759_1243248,u1e1,0,32,SIDE_MINUS,1790476694.0555573,6.7048821449279785,1790476694.195557,True,True,False,False,,False,,,SIDE_DISPATCH|RAW_SEED_ATTEMPT|PRE_TIMING_SEED|TIMED_SEED|SEED_ELIGIBILITY|SOLVER_OK|FINAL_INPUT|JOINT_SEED|COMPARATOR_LOSS,,,,OPPONENT_D3_LOWER,0.75,0.25,2.050400275899408,7.949323654174805,8.652529239654541,8.844882011413574,0,FINAL_INPUT,0.86,0.86,,,True,6.844882011413574,9.40255,4.013318896224516,+1.343639->-2.513469,1.3436386756869858,0.8117033968975514,-2.5134689716536736,1.3660183571688105,0.5098473975138292,1,-0.3735881544882662,-0.3735881544882662,8.834882011413532,8.834882011413532,8.834882011413532,8.834882011413532,8.834882011413532,8.834882011413532,0.8,0.8,0.8,0.0,1.2332428914024751,0.3405706259529153,1.2751909899920224,True,1.012832218797873,5.913752778004492,,False,False
20260927_103759_1243248,u1e1,0,34,SIDE_PLUS,1790476694.3478253,6.997150182723999,1790476694.4878252,True,True,True,True,27.0,True,7.171969,7.369829,SIDE_DISPATCH|RAW_SEED_ATTEMPT|PRE_TIMING_SEED|TIMED_SEED|SEED_ELIGIBILITY|PRE_LOS|POST_LOS|SOLVER_OK|FINAL_INPUT|JOINT_SEED|COMPARATOR_WIN|SELECTED|COMMITTED,,,,,0.6000000000000001,0.2,2.8054014061152017,7.949323654174805,8.944881916046143,9.137150049209597,0,FINAL_INPUT,0.86,0.86,,,True,7.137150049209595,9.40255,3.9177533292591766,+1.321448->-2.527818,1.3214476081271995,0.8413704149267284,-2.5278179132617344,1.3063039278207424,0.5801813821357081,1,-0.375908975332814,-0.375908975332814,8.847150049209558,8.847150049209558,8.847150049209558,8.847150049209558,8.847150049209558,8.847150049209558,0.8,0.8,0.8,0.0,1.26920158548878,0.4097151548976919,1.6427091923795067,True,1.0163071849622431,6.169726956421255,,False,False
20260927_103759_1243248,u1e1,0,35,SIDE_MINUS,1790476694.3478253,6.997150182723999,1790476694.4878252,True,True,False,False,,False,,,SIDE_DISPATCH|RAW_SEED_ATTEMPT|PRE_TIMING_SEED|TIMED_SEED|SEED_ELIGIBILITY|SOLVER_OK|FINAL_INPUT|JOINT_SEED|COMPARATOR_LOSS,,,,OPPONENT_D3_LOWER,0.6000000000000001,0.2,2.837931824138594,7.949323654174805,8.944881916046143,9.137150049209597,0,FINAL_INPUT,0.86,0.86,,,True,7.137150049209595,9.40255,3.94807227593217,+1.321448->-2.510945,1.3214476081271995,0.8228809933955706,-2.5109453773695667,1.3063039278207424,0.5351220554370303,1,-0.374234124444804,-0.374234124444804,8.837150049209558,8.837150049209558,8.837150049209558,8.837150049209558,8.837150049209558,8.837150049209558,0.8,0.8,0.8,0.0,1.2357731501692857,0.3458889811975653,1.3492333952259836,True,1.0161634634595682,6.169726956421255,,False,False
20260927_103759_1243248,u1e1,0,37,SIDE_PLUS,1790476694.6052516,7.2545764446258545,1790476694.7452514,True,True,False,False,,False,,,SIDE_DISPATCH|RAW_SEED_ATTEMPT|PRE_TIMING_SEED|TIMED_SEED|SEED_ELIGIBILITY|SOLVER_FAILED|FINAL_INPUT|JOINT_SEED|COMPARATOR_WIN,,,,,0.0,0.0,0.0,-1790476687.350675,-1790476687.350675,9.39457631111145,1,FINAL_INPUT,1.02,1.02,,,True,7.39457631111145,9.40255,4.8531565151852245,+1.274213->-1.834164,1.2742127779527568,0.8888590751229632,-1.8341640052905637,1.1653451169619686,0.7421528367978846,1,-0.3778953031367839,-0.3778953031367839,9.024576311111415,9.024576311111415,9.024576311111415,9.024576311111415,,9.024576311111415,0.8,0.8,0.8,0.0,1.3240576216187778,0.7027235144405658,2.584085109393252,True,1.0205358049564373,6.413102668886044,,False,False
20260927_103759_1243248,u1e1,0,38,SIDE_MINUS,1790476694.6052516,7.2545764446258545,1790476694.7452514,True,True,True,True,28.0,True,7.404016,7.673391,SIDE_DISPATCH|RAW_SEED_ATTEMPT|PRE_TIMING_SEED|TIMED_SEED|SEED_ELIGIBILITY|SOLVER_FAILED|FINAL_INPUT|JOINT_SEED|COMPARATOR_WIN|SELECTED|COMMITTED,,,,,0.0,0.0,0.0,-1790476687.350675,-1790476687.350675,9.39457631111145,1,FINAL_INPUT,0.77,0.77,8.714576311111422,8.714576311111422,True,7.39457631111145,9.40255,4.8531565151852245,+1.274213->-1.950429,1.2742127779527568,0.7453854163692377,-1.9504285868160007,1.1653451169619686,-0.8222131090925545,1,-0.3766700146463404,-0.3766700146463404,8.714576311111422,8.714576311111422,8.714576311111422,8.714576311111422,8.714576311111422,8.714576311111422,0.71,0.71,0.71,0.0,1.4381942351300954,1.1695570250960443,4.566000089316203,True,0.7207850393680464,6.132177362637255,0.08797368888857804,True,True
20260927_103759_1243248,u1e1,0,40,SIDE_PLUS,1790476694.8854327,7.534757614135742,1790476695.0254326,True,True,False,False,,False,,,SIDE_DISPATCH|RAW_SEED_ATTEMPT|PRE_TIMING_SEED|TIMED_SEED|SEED_ELIGIBILITY|SOLVER_FAILED|FINAL_INPUT|JOINT_SEED|COMPARATOR_WIN,,,,,0.0,0.0,0.0,-1790476687.350675,-1790476687.350675,9.674757480621338,1,FINAL_INPUT,1.01,1.01,,,True,7.674757480621338,9.40255,5.0514270877483725,+1.140287->-1.697274,1.1402874932952014,0.7764640809904803,-1.697273662225518,0.9795023030242844,0.3624866773510606,1,-0.3775750746725487,-0.3775750746725487,8.97475748062131,8.97475748062131,8.97475748062131,8.97475748062131,,8.97475748062131,0.8,0.8,0.8,0.0,1.406750286329553,0.9195637207379004,4.904136682773801,True,1.050617002674464,6.662666423528672,,False,False
20260927_103759_1243248,u1e1,0,41,SIDE_MINUS,1790476694.8854327,7.534757614135742,1790476695.0254326,True,True,True,True,29.0,True,7.719919,7.83672,SIDE_DISPATCH|RAW_SEED_ATTEMPT|PRE_TIMING_SEED|TIMED_SEED|SEED_ELIGIBILITY|SOLVER_FAILED|FINAL_INPUT|JOINT_SEED|COMPARATOR_WIN|SELECTED|COMMITTED,,,,,0.0,0.0,0.0,-1790476687.350675,-1790476687.350675,9.674757480621338,1,FINAL_INPUT,0.85,0.85,8.804757480621314,8.804757480621314,True,7.674757480621338,9.40255,5.0514270877483725,+1.140287->-1.337280,1.1402874932952014,0.7574809464812702,-1.33728007026128,0.9795023030242844,-0.6149771678703155,1,-0.3737951403977455,-0.3737951403977455,8.804757480621314,8.804757480621314,8.804757480621314,8.804757480621314,8.804757480621314,8.804757480621314,0.8,0.8,0.8,0.0,1.0415083804554457,1.052919239884117,2.991111497047229,True,1.0052278286707472,6.008582167807065,-0.0022074806213137066,False,True
20260927_103759_1243248,u1e1,0,42,NOMINAL,1790476695.045847,7.69517183303833,1790476695.1858468,True,False,False,False,,False,,,NOMINAL_CONTEXT|FINAL_INPUT|JOINT_SEED|COMPARATOR_WIN,,,,,1.0,0.3333333333333333,2.486730825765561,7.849324941635132,8.949323892593384,9.835171699523926,0,FINAL_INPUT,0.8300000000000001,0.8300000000000001,8.785171699523906,8.785171699523906,True,7.835171699523926,9.40255,3.3776145822965424,+0.986367->-2.105740,0.9863674256355748,0.7571923889167909,-2.1057400734579903,0.9064728770717724,-0.69838639924563,1,-0.376957862554992,-0.376957862554992,8.785171699523906,8.785171699523906,8.785171699523906,8.785171699523906,8.785171699523906,8.785171699523906,0.78,0.78,0.78,0.0,1.495159077210941,0.9735039463912764,3.473811625378403,True,0.9423682712963491,6.420743449505878,0.017378300476094566,False,True
20260927_103759_1243248,u1e1,0,43,SIDE_PLUS,1790476695.045847,7.69517183303833,1790476695.1858468,True,True,False,False,,False,,,SIDE_DISPATCH|RAW_SEED_ATTEMPT|PRE_TIMING_SEED|TIMED_SEED|SEED_ELIGIBILITY|SOLVER_OK|FINAL_INPUT|JOINT_SEED|COMPARATOR_WIN,,,,D3_LOWER,1.0,0.3333333333333333,2.4799334761226484,7.849324941635132,8.949323892593384,9.835171699523926,0,FINAL_INPUT,0.8200000000000001,0.8200000000000001,8.775171699523906,8.775171699523906,True,7.835171699523926,9.40255,3.1871777896605744,+0.986367->-2.161435,0.9863674256355748,0.7572016486820509,-2.161434601133169,0.9064728770717724,-0.7617444821153844,1,-0.3764894860649758,-0.3764894860649758,8.775171699523906,8.775171699523906,8.775171699523906,8.775171699523906,8.775171699523906,8.775171699523906,0.77,0.77,0.77,0.0,1.665656619397733,1.0074606623512012,4.981371174446534,True,0.8828317286552221,6.409131145157706,0.027378300476094353,True,True
20260927_103759_1243248,u1e1,0,44,SIDE_MINUS,1790476695.045847,7.69517183303833,1790476695.1858468,True,True,True,True,30.0,True,7.8739,7.969268,SIDE_DISPATCH|RAW_SEED_ATTEMPT|PRE_TIMING_SEED|TIMED_SEED|SEED_ELIGIBILITY|PRE_LOS|POST_LOS|SOLVER_OK|FINAL_INPUT|JOINT_SEED|COMPARATOR_WIN|SELECTED|COMMITTED,,,,D3_LOWER,1.0,0.3333333333333333,2.4617389395349347,7.849324941635132,8.949323892593384,9.835171699523926,0,FINAL_INPUT,0.81,0.81,8.765171699523906,8.765171699523906,True,7.835171699523926,9.40255,3.306158464536284,+0.986367->-2.096653,0.9863674256355748,0.7567977199337964,-2.096653263534096,0.9064728770717724,-0.7956623786685316,1,-0.3754336219404196,-0.3754336219404196,8.765171699523906,8.765171699523906,8.765171699523906,8.765171699523906,8.765171699523906,8.765171699523906,0.76,0.76,0.76,0.0,1.5357837509853522,0.9735039463912764,3.5831689601457724,True,0.8440941653164227,6.336048074114038,0.03737830047609414,True,True
20260927_103759_1243248,u1e1,0,45,NOMINAL,1790476695.1955357,7.844860553741455,1790476695.3355355,True,False,True,True,31.0,True,8.006185,8.201885,NOMINAL_CONTEXT|FINAL_INPUT|JOINT_SEED|COMPARATOR_WIN|SELECTED|COMMITTED,,,,,1.0,0.2222222222222222,2.302800331123002,7.984860420227051,8.949323892593384,9.98486042022705,0,FINAL_INPUT,0.8,0.8,8.784860420227034,8.784860420227034,True,7.984860420227051,9.40255,3.520251815696044,+0.797487->-2.070830,0.79748696193511,0.7568059321880027,-2.0708304885346527,0.757970330273652,-0.7001669555762003,1,-0.3773756463140996,-0.3773756463140996,8.784860420227034,8.784860420227034,8.784860420227034,8.784860420227034,8.784860420227034,8.784860420227034,0.78,0.78,0.78,0.0,1.451737508393198,0.8254414049744112,3.186363570887795,True,1.0083115969503595,6.451057625844588,0.01768957977296637,False,True
20260927_103759_1243248,u1e1,0,46,SIDE_PLUS,1790476695.1955357,7.844860553741455,1790476695.3355355,False,True,False,False,,False,,,SIDE_DISPATCH|RAW_SEED_ATTEMPT|PRE_TIMING_SEED|TIMED_SEED|SEED_ELIGIBILITY|PRE_LOS|POST_LOS|SOLVER_OK|FINAL_INPUT|JOINT_SEED|PREFLIGHT_REJECT,PREFLIGHT_REJECT,DYNAMICS_FAIL,,,0.0,0.0,0.0,-1790476687.350675,-1790476687.350675,-1790476687.350675,0,FINAL_INPUT,1.12,1.12,,,True,7.984860420227051,9.40255,3.283766314065453,+0.797487->-1.508095,0.79748696193511,0.756876525922811,-1.5080947344785618,0.757970330273652,3.4468510003002333,1,-0.3783076437953396,-0.3783076437953396,,,,,,,0.8,0.8,0.8,0.0,5.647404106146849,12.357629250718556,64.24512629865052,False,1.0736070265037954,6.842682342360567,,False,False
20260927_103759_1243248,u1e1,0,47,SIDE_MINUS,1790476695.1955357,7.844860553741455,1790476695.3355355,True,True,False,False,,False,,,SIDE_DISPATCH|RAW_SEED_ATTEMPT|PRE_TIMING_SEED|TIMED_SEED|SEED_ELIGIBILITY|SOLVER_FAILED|FINAL_INPUT|JOINT_SEED|COMPARATOR_LOSS,,,,OPPONENT_C3_HIGHER,1.0,0.1111111111111111,2.36889436644957,7.984860420227051,8.949323892593384,9.98486042022705,1,FINAL_INPUT,0.81,0.81,8.794860420227034,8.794860420227034,True,7.984860420227051,9.40255,5.02764814107617,+0.797487->-1.518508,0.79748696193511,0.7568065642540883,-1.518507702611675,0.757970330273652,-0.5615450720270997,1,-0.3785000622038849,-0.3785000622038849,8.794860420227034,8.794860420227034,8.794860420227034,8.794860420227034,8.794860420227034,8.794860420227034,0.79,0.79,0.79,0.0,1.0350059735099009,0.8254414049744112,2.34288151832308,True,1.0736070265037954,6.1825457778463,0.007689579772966582,False,True
20260927_103759_1243248,u1e1,0,48,NOMINAL,1790476695.4387937,8.088118553161621,1790476695.5787935,True,False,True,True,32.0,True,8.235771,8.50483,NOMINAL_CONTEXT|FINAL_INPUT|JOINT_SEED|COMPARATOR_WIN|SELECTED|COMMITTED,,,,,1.0,0.2857142857142857,1.5565227697965531,8.228118419647217,8.949323892593384,10.228118419647217,0,FINAL_INPUT,0.56,0.56,8.788118419647205,8.788118419647205,True,8.228118419647217,9.40255,3.55613927659317,+0.311652->-2.053504,0.3116522819878112,0.3116522819878112,-2.053504207142177,0.2746095715275751,-1.042524395232213,1,-0.3737839340069168,-0.3737839340069168,8.788118419647205,8.788118419647205,8.788118419647205,8.788118419647205,8.788118419647205,8.788118419647205,0.56,0.56,0.56,0.0,1.4287654987412384,0.6467310041280242,2.971994750991527,True,1.049421445214588,6.471299515273925,0.014431580352795237,False,True
20260927_103759_1243248,u1e1,0,49,SIDE_PLUS,1790476695.4387937,8.088118553161621,1790476695.5787935,False,True,False,False,,False,,,SIDE_DISPATCH|RAW_SEED_ATTEMPT|PRE_TIMING_SEED|TIMED_SEED|SEED_ELIGIBILITY|PRE_LOS|POST_LOS|SOLVER_OK|FINAL_INPUT|JOINT_SEED|PREFLIGHT_REJECT,PREFLIGHT_REJECT,DYNAMICS_FAIL,,,0.0,0.0,0.0,-1790476687.350675,-1790476687.350675,-1790476687.350675,0,FINAL_INPUT,0.88,0.88,,,True,8.228118419647217,9.40255,3.250007767641771,+0.311652->-0.875917,0.3116522819878112,0.3116522819878112,-0.8759167904008529,0.2746095715275751,6.951067809543963,3,-0.3788677685141667,-0.3788677685141667,,,,,,,0.58,0.58,0.58,0.0,11.424378353598616,30.82465419433539,157.83590530614313,False,1.0912292262985412,6.898651339124009,,False,False
20260927_103759_1243248,u1e1,0,50,SIDE_MINUS,1790476695.4387937,8.088118553161621,1790476695.5787935,False,True,False,False,,False,,,SIDE_DISPATCH|RAW_SEED_ATTEMPT|PRE_TIMING_SEED|TIMED_SEED|SEED_ELIGIBILITY|PRE_LOS|POST_LOS|SOLVER_OK|FINAL_INPUT|JOINT_SEED|PREFLIGHT_REJECT,PREFLIGHT_REJECT,DYNAMICS_FAIL,,,0.0,0.0,0.0,-1790476687.350675,-1790476687.350675,-1790476687.350675,0,FINAL_INPUT,0.55,0.55,,,True,8.228118419647217,9.40255,3.415519561138261,+0.311652->-3.388524,0.3116522819878112,0.3116522819878112,-3.3885237631246232,0.2746095715275751,-12.451485475215016,1,-0.3793740983765744,-0.567709281598376,8.51811841964721,8.51811841964721,,,,,0.36,0.36,0.36,0.0,21.33619933714972,58.35252606387486,255.8316174650112,False,-0.0949711603867755,3.719372180744092,,False,False
20260927_103759_1243248,u1e1,0,51,NOMINAL,1790476695.716669,8.365994215011597,1790476695.8566692,True,False,False,False,,False,,,NOMINAL_CONTEXT|FINAL_INPUT|JOINT_SEED|COMPARATOR_WIN,,,,,1.0,0.5,0.4077833619980873,8.505994081497192,8.949323892593384,10.505994081497192,0,FINAL_INPUT,0.28,0.28,8.785994081497186,8.785994081497186,True,8.505994081497192,9.40255,3.466979592956425,-0.403144->-2.031917,-0.4031441879515304,-0.4031441879515304,-2.031916722126996,-0.4552854151542572,-1.5022231956109764,0,-0.240965484821272,-0.240965484821272,8.785994081497186,8.785994081497186,8.785994081497186,8.785994081497186,8.785994081497186,8.785994081497186,0.28,0.28,0.28,0.0,1.4278045265500796,0.6423261379776192,2.95691158569292,True,1.071560511235472,6.475960660585985,0.016555918502813682,False,True
20260927_103759_1243248,u1e1,0,52,SIDE_PLUS,1790476695.716669,8.365994215011597,1790476695.8566692,False,True,False,False,,False,,,SIDE_DISPATCH|RAW_SEED_ATTEMPT|PRE_TIMING_SEED|TIMED_SEED|SEED_ELIGIBILITY|PRE_LOS|POST_LOS|SOLVER_OK|FINAL_INPUT|JOINT_SEED|PREFLIGHT_REJECT,PREFLIGHT_REJECT,DYNAMICS_FAIL,,,0.0,0.0,0.0,-1790476687.350675,-1790476687.350675,-1790476687.350675,0,FINAL_INPUT,0.6,0.6,,,True,8.505994081497192,9.40255,3.1615097026240524,-0.403144->+7.457765,-0.4031441879515304,-0.4031441879515304,7.457764691156903,-0.4552854151542572,3.139227127419544,1,-0.240965484821272,-0.240965484821272,8.925994081497183,9.295994081497176,,,,,0.3,0.3,0.3,0.0,17.11414344959668,50.81049138659232,265.4382164839635,False,-0.1484789490441828,4.807754594283642,,False,False
20260927_103759_1243248,u1e1,0,53,SIDE_MINUS,1790476695.716669,8.365994215011597,1790476695.8566692,True,True,True,True,33.0,True,8.536334,8.937712,SIDE_DISPATCH|RAW_SEED_ATTEMPT|PRE_TIMING_SEED|TIMED_SEED|SEED_ELIGIBILITY|SOLVER_FAILED|FINAL_INPUT|JOINT_SEED|COMPARATOR_WIN|SELECTED|COMMITTED,,,,D3_LOWER,1.0,0.5,0.4076332739262828,8.505994081497192,8.949323892593384,10.505994081497192,1,FINAL_INPUT,0.28,0.28,8.785994081497186,8.785994081497186,True,8.505994081497192,9.40255,4.906940627521829,-0.403144->-2.061122,-0.4031441879515304,-0.4031441879515304,-2.061121932393683,-0.4552854151542572,-1.53664988561424,0,-0.240965484821272,-0.240965484821272,8.785994081497186,8.785994081497186,8.785994081497186,8.785994081497186,8.785994081497186,8.785994081497186,0.28,0.28,0.28,0.0,1.2891172967130442,0.7945209731206655,3.283885677375425,True,1.047900472361579,6.47617699024268,0.016555918502813682,False,True
20260927_103759_1243248,u1e1,0,54,NOMINAL,1790476696.0129504,8.662275314331055,1790476696.1529503,False,False,False,False,,False,,,NOMINAL_CONTEXT|FINAL_INPUT|JOINT_SEED|HANDOFF_REJECT,HANDOFF_REJECT,MISSED_FROZEN_ACTIVATION,,,0.0,0.0,0.0,-1790476687.350675,-1790476687.350675,-1790476687.350675,0,FINAL_INPUT,0.0,0.0,8.80227518081665,8.80227518081665,True,8.80227518081665,9.40255,3.397217392335074,-1.205887->-2.049470,-1.205886933922056,-1.205886933922056,-2.049469904153079,0.5762539407751338,0.1499682091599516,0,0.0336776460144596,0.0336776460144596,8.80227518081665,8.80227518081665,8.80227518081665,8.80227518081665,8.80227518081665,8.80227518081665,0.0,0.0,0.0,0.0,1.421493290309672,0.6198415306957218,2.831243899204376,True,1.0543572897114877,6.4705555480526105,0.000274819183349706,False,False
20260927_103759_1243248,u1e1,0,55,SIDE_PLUS,1790476696.0129504,8.662275314331055,1790476696.1529503,False,True,False,False,,False,,,SIDE_DISPATCH|RAW_SEED_ATTEMPT|PRE_TIMING_SEED|TIMED_SEED|SEED_ELIGIBILITY|PRE_LOS|POST_LOS|SOLVER_OK|FINAL_INPUT|JOINT_SEED|HANDOFF_REJECT,HANDOFF_REJECT,MISSED_FROZEN_ACTIVATION,,,0.0,0.0,0.0,-1790476687.350675,-1790476687.350675,-1790476687.350675,0,FINAL_INPUT,0.0,0.0,8.80227518081665,8.80227518081665,True,8.80227518081665,9.40255,3.290118179572094,-1.205887->-2.086543,-1.205886933922056,-1.205886933922056,-2.0865432421380774,0.5762539407751338,-0.0740272059640038,0,0.0336776460144596,0.0336776460144596,8.80227518081665,8.80227518081665,8.80227518081665,8.80227518081665,8.80227518081665,8.80227518081665,0.0,0.0,0.0,0.0,3.083245646704321,6.384207685145404,35.352262787024245,False,0.8131356788135551,6.300983100458511,0.000274819183349706,False,False
20260927_103759_1243248,u1e1,0,57,NOMINAL,1790476696.140674,8.789999008178711,1790476696.2883213,True,False,False,False,,False,,,NOMINAL_CONTEXT|FINAL_INPUT|JOINT_SEED|COMPARATOR_WIN,,,,,1.0,0.25,0.6575354903756384,10.249323606491089,10.60599398612976,10.93764615058899,0,FINAL_INPUT,0.0,0.0,,,True,8.93764615058899,9.40255,3.233871639137877,-1.503370->-2.052752,-1.5033701182937529,-1.5033701182937529,-2.0527521573352367,0.5040485654490813,0.1835035187652859,0,0.1558532419537841,0.1558532419537841,8.93764615058899,8.93764615058899,8.93764615058899,8.93764615058899,,8.93764615058899,0.0,0.0,0.0,0.0,1.430094257165796,0.6395169938731159,2.9868761780924915,True,1.05116914183694,6.472455535156027,,False,False
20260927_103759_1243248,u1e1,0,58,SIDE_PLUS,1790476696.140674,8.789999008178711,1790476696.2883213,False,True,False,False,,False,,,SIDE_DISPATCH|RAW_SEED_ATTEMPT|PRE_TIMING_SEED|TIMED_SEED|SEED_ELIGIBILITY|PRE_LOS|POST_LOS|SOLVER_OK|FINAL_INPUT|JOINT_SEED|PREFLIGHT_REJECT,PREFLIGHT_REJECT,DYNAMICS_FAIL,,,0.0,0.0,0.0,-1790476687.350675,-1790476687.350675,-1790476687.350675,0,FINAL_INPUT,0.0,0.0,,,True,8.93764615058899,9.40255,3.143592593931471,-1.503370->-2.098258,-1.5033701182937529,-1.5033701182937529,-2.098257501432724,0.5040485654490813,-0.1439611285304757,0,0.1558532419537841,0.1558532419537841,8.93764615058899,8.93764615058899,8.93764615058899,8.93764615058899,,8.93764615058899,0.0,0.0,0.0,0.0,3.856585103170904,10.880224393576547,56.517789979973394,False,0.6991661392278026,6.220740832844376,,False,False
20260927_103759_1243248,u1e1,0,59,SIDE_MINUS,1790476696.140674,8.789999008178711,1790476696.2883213,True,True,True,True,34.0,True,8.969267,9.203437,SIDE_DISPATCH|RAW_SEED_ATTEMPT|PRE_TIMING_SEED|TIMED_SEED|SEED_ELIGIBILITY|SOLVER_OK|FINAL_INPUT|JOINT_SEED|COMPARATOR_WIN|SELECTED|COMMITTED,,,,D3_LOWER,1.0,0.25,0.6109814643302547,10.249323606491089,10.60599398612976,10.93764615058899,0,FINAL_INPUT,0.0,0.0,,,True,8.93764615058899,9.40255,3.246912975058683,-1.503370->-2.051877,-1.5033701182937529,-1.5033701182937529,-2.051877132460778,0.5040485654490813,0.1855923132792915,0,0.1558532419537841,0.1558532419537841,8.93764615058899,8.93764615058899,8.93764615058899,8.93764615058899,,8.93764615058899,0.0,0.0,0.0,0.0,1.4333463166887992,0.6670806514979958,3.198247587498816,True,1.0536191691519765,6.473866948967824,,False,False
20260927_103759_1243248,u1e2,0,48,NOMINAL,1790476695.4387937,8.088118553161621,1790476695.5787935,True,False,True,True,32.0,True,8.235771,8.50483,NOMINAL_CONTEXT|FINAL_INPUT|JOINT_SEED|COMPARATOR_WIN|SELECTED|COMMITTED,,,,,1.0,0.2857142857142857,1.5565227697965531,8.228118419647217,8.949323892593384,10.228118419647217,0,FINAL_INPUT,2.03,2.03,,,False,8.228118419647217,11.784257696240386,3.55613927659317,+1.847704->-1.744576,1.8477036506561964,0.6672277552022189,-1.7445762024964264,2.859674403478916,-1.2192989845476738,1,-0.629362609321242,-0.629362609321242,11.758118419647142,11.758118419647142,,,,,1.28,1.28,1.28,0.0,1.4287654987412384,0.6467310041280242,2.971994750991527,True,0.425723178403226,4.854076921389724,,False,False
20260927_103759_1243248,u1e2,0,49,SIDE_PLUS,1790476695.4387937,8.088118553161621,1790476695.5787935,False,True,False,False,,False,,,SIDE_DISPATCH|RAW_SEED_ATTEMPT|PRE_TIMING_SEED|TIMED_SEED|SEED_ELIGIBILITY|PRE_LOS|POST_LOS|SOLVER_OK|FINAL_INPUT|JOINT_SEED|PREFLIGHT_REJECT,PREFLIGHT_REJECT,DYNAMICS_FAIL,,,0.0,0.0,0.0,-1790476687.350675,-1790476687.350675,-1790476687.350675,0,FINAL_INPUT,2.45,2.45,,,False,8.228118419647217,11.478126187288987,3.250007767641771,+1.847704->-1.386080,1.8477036506561964,1.9725175539981217,-1.3860802892787314,2.859674403478916,-1.224216828794927,1,-0.6295213301524817,-0.6295213301524817,10.478118419647169,10.478118419647169,,,,,0.87,0.87,0.87,0.0,11.424378353598616,30.82465419433539,157.83590530614313,False,0.6592597911361173,5.021101931655956,,False,False
20260927_103759_1243248,u1e2,0,50,SIDE_MINUS,1790476695.4387937,8.088118553161621,1790476695.5787935,False,True,False,False,,False,,,SIDE_DISPATCH|RAW_SEED_ATTEMPT|PRE_TIMING_SEED|TIMED_SEED|SEED_ELIGIBILITY|PRE_LOS|POST_LOS|SOLVER_OK|FINAL_INPUT|JOINT_SEED|PREFLIGHT_REJECT,PREFLIGHT_REJECT,DYNAMICS_FAIL,,,0.0,0.0,0.0,-1790476687.350675,-1790476687.350675,-1790476687.350675,0,FINAL_INPUT,1.99,1.99,,,False,8.228118419647217,11.643637980785478,3.415519561138261,+1.847704->-1.550172,1.8477036506561964,4.944557165816907,-1.5501719195540051,2.859674403478916,-1.2197906731283754,3,-0.6298650709771884,-0.6298650709771884,10.478118419647169,10.478118419647169,10.478118419647169,10.478118419647169,10.478118419647169,10.478118419647169,0.52,0.52,0.52,0.0,21.33619933714972,58.35252606387486,255.8316174650112,False,-0.0949711603867755,3.3747877318531456,,False,False
20260927_103759_1243248,u1e2,0,51,NOMINAL,1790476695.716669,8.365994215011597,1790476695.8566692,True,False,False,False,,False,,,NOMINAL_CONTEXT|FINAL_INPUT|JOINT_SEED|COMPARATOR_WIN,,,,,1.0,0.5,0.4077833619980873,8.505994081497192,8.949323892593384,10.505994081497192,0,FINAL_INPUT,1.71,1.71,,,False,8.505994081497192,11.972973674453618,3.466979592956425,+1.751286->-2.087420,1.7512863792421691,0.7088250704781044,-2.0874203828760454,2.422646890621033,-1.8420008241595416,1,-0.6282730433116281,-0.6282730433116281,11.755994081497125,11.755994081497125,,11.755994081497125,,,1.27,1.27,1.27,0.0,1.4278045265500796,0.6423261379776192,2.95691158569292,True,0.4165616942445895,4.856352627826264,,False,False
20260927_103759_1243248,u1e2,0,52,SIDE_PLUS,1790476695.716669,8.365994215011597,1790476695.8566692,False,True,False,False,,False,,,SIDE_DISPATCH|RAW_SEED_ATTEMPT|PRE_TIMING_SEED|TIMED_SEED|SEED_ELIGIBILITY|PRE_LOS|POST_LOS|SOLVER_OK|FINAL_INPUT|JOINT_SEED|PREFLIGHT_REJECT,PREFLIGHT_REJECT,DYNAMICS_FAIL,,,0.0,0.0,0.0,-1790476687.350675,-1790476687.350675,-1790476687.350675,0,FINAL_INPUT,2.53,2.53,,,False,8.505994081497192,11.667503784121244,3.1615097026240524,+1.751286->-1.791890,1.7512863792421691,-0.1128250072593292,-1.7918897887473744,2.422646890621033,-1.8469189812646645,3,-0.6250388437313528,-0.6250388437313528,10.48599408149715,10.48599408149715,,,,,1.06,1.06,0.93,0.41,17.11414344959668,50.81049138659232,265.4382164839635,False,-0.1484789490441828,3.3892996398310213,,False,False
20260927_103759_1243248,u1e2,0,53,SIDE_MINUS,1790476695.716669,8.365994215011597,1790476695.8566692,True,True,True,True,33.0,True,8.536334,8.937712,SIDE_DISPATCH|RAW_SEED_ATTEMPT|PRE_TIMING_SEED|TIMED_SEED|SEED_ELIGIBILITY|SOLVER_FAILED|FINAL_INPUT|JOINT_SEED|COMPARATOR_WIN|SELECTED|COMMITTED,,,,D3_LOWER,1.0,0.5,0.4076332739262828,8.505994081497192,8.949323892593384,10.505994081497192,1,FINAL_INPUT,1.99,1.99,,,True,8.505994081497192,12.535609,4.906940627521829,+1.751286->-1.692809,1.7512863792421691,0.7629558927742445,-1.692809485318144,2.422646890621033,-1.2544331385262475,1,-0.6266129325470284,-0.6266129325470284,12.045994081497115,12.045994081497115,12.045994081497115,12.045994081497115,,12.045994081497115,1.45,1.45,1.45,0.0,1.2891172967130442,0.7945209731206655,3.283885677375425,True,0.4743503892206904,4.481266706089473,,False,False
20260927_103759_1243248,u1e2,0,54,NOMINAL,1790476696.0129504,8.662275314331055,1790476696.1529503,False,False,False,False,,False,,,NOMINAL_CONTEXT|FINAL_INPUT|JOINT_SEED|HANDOFF_REJECT,HANDOFF_REJECT,MISSED_FROZEN_ACTIVATION,,,0.0,0.0,0.0,-1790476687.350675,-1790476687.350675,-1790476687.350675,0,FINAL_INPUT,1.41,1.41,,,False,8.80227518081665,12.199492573151725,3.397217392335074,+1.637001->-2.461061,1.6370008036682682,0.725667132740222,-2.4610614832634696,1.9439854172646505,-0.2758707748293394,1,-0.6286658360228744,-0.6286658360228744,11.752275180816588,11.752275180816588,11.752275180816588,11.752275180816588,,11.752275180816588,1.27,1.27,1.27,0.0,1.421493290309672,0.6198415306957218,2.831243899204376,True,0.4171610786565457,4.866769320167364,,False,False
20260927_103759_1243248,u1e2,0,55,SIDE_PLUS,1790476696.0129504,8.662275314331055,1790476696.1529503,False,True,False,False,,False,,,SIDE_DISPATCH|RAW_SEED_ATTEMPT|PRE_TIMING_SEED|TIMED_SEED|SEED_ELIGIBILITY|PRE_LOS|POST_LOS|SOLVER_OK|FINAL_INPUT|JOINT_SEED|HANDOFF_REJECT,HANDOFF_REJECT,MISSED_FROZEN_ACTIVATION,,,0.0,0.0,0.0,-1790476687.350675,-1790476687.350675,-1790476687.350675,0,FINAL_INPUT,0.86,0.86,,,False,8.80227518081665,12.092393360388744,3.290118179572094,+1.637001->-2.438229,1.6370008036682682,1.430856288296929,-2.438228938397455,1.9439854172646505,-0.2788005336438972,1,-0.6255728522823396,-0.6255728522823396,10.482275180816616,10.482275180816616,10.482275180816616,10.482275180816616,,10.482275180816616,0.86,0.86,0.86,0.0,3.083245646704321,6.384207685145404,35.352262787024245,False,0.3482530165145081,4.958868669117385,,False,False
20260927_103759_1243248,u1e2,0,57,NOMINAL,1790476696.140674,8.789999008178711,1790476696.2883213,True,False,False,False,,False,,,NOMINAL_CONTEXT|FINAL_INPUT|JOINT_SEED|COMPARATOR_WIN,,,,,1.0,0.25,0.6575354903756384,10.249323606491089,10.60599398612976,10.93764615058899,0,FINAL_INPUT,1.41,1.41,,,False,8.93764615058899,12.171517789726868,3.233871639137877,+1.583607->-2.463142,1.5836067485191505,0.7053196612616698,-2.463141559317904,1.827103369709164,-0.2345897621966732,1,-0.6253854618795167,-0.6253854618795167,11.73764615058893,11.73764615058893,11.73764615058893,11.73764615058893,,11.73764615058893,1.25,1.25,1.25,0.0,1.430094257165796,0.6395169938731159,2.9868761780924915,True,0.4118337751277403,4.880164110093989,,False,False
20260927_103759_1243248,u1e2,0,58,SIDE_PLUS,1790476696.140674,8.789999008178711,1790476696.2883213,False,True,False,False,,False,,,SIDE_DISPATCH|RAW_SEED_ATTEMPT|PRE_TIMING_SEED|TIMED_SEED|SEED_ELIGIBILITY|PRE_LOS|POST_LOS|SOLVER_OK|FINAL_INPUT|JOINT_SEED|PREFLIGHT_REJECT,PREFLIGHT_REJECT,DYNAMICS_FAIL,,,0.0,0.0,0.0,-1790476687.350675,-1790476687.350675,-1790476687.350675,0,FINAL_INPUT,1.54,1.54,,,False,8.93764615058899,12.08123874452046,3.143592593931471,+1.583607->-2.422773,1.5836067485191505,1.076017732584734,-2.4227729397896844,1.827103369709164,-0.2347006191717317,1,-0.6283243505613144,-0.6283243505613144,10.487646150588956,10.487646150588956,10.487646150588956,10.487646150588956,10.487646150588956,10.487646150588956,0.75,0.75,0.75,0.0,3.856585103170904,10.880224393576547,56.517789979973394,False,-0.1608378015401192,4.970042492930061,,False,False
20260927_103759_1243248,u1e2,0,59,SIDE_MINUS,1790476696.140674,8.789999008178711,1790476696.2883213,True,True,True,True,34.0,True,8.969267,9.203437,SIDE_DISPATCH|RAW_SEED_ATTEMPT|PRE_TIMING_SEED|TIMED_SEED|SEED_ELIGIBILITY|SOLVER_OK|FINAL_INPUT|JOINT_SEED|COMPARATOR_WIN|SELECTED|COMMITTED,,,,D3_LOWER,1.0,0.25,0.6109814643302547,10.249323606491089,10.60599398612976,10.93764615058899,0,FINAL_INPUT,1.4,1.4,,,False,8.93764615058899,12.184559125647672,3.246912975058683,+1.583607->-2.461336,1.5836067485191505,0.7296164319697801,-2.461336002086082,1.827103369709164,-0.2333776364456827,1,-0.6261322240659435,-0.6261322240659435,11.74764615058893,11.74764615058893,11.74764615058893,11.74764615058893,,11.74764615058893,1.26,1.26,1.26,0.0,1.4333463166887992,0.6670806514979958,3.198247587498816,True,0.4206006028790447,4.87230296058214,,False,False
20260927_103759_1243248,u1e2,0,60,NOMINAL,1790476696.292932,8.942256927490234,1790476696.4371874,False,False,False,False,,False,,,NOMINAL_CONTEXT|FINAL_INPUT|JOINT_SEED|HANDOFF_REJECT,HANDOFF_REJECT,MISSED_FROZEN_ACTIVATION,,,0.0,0.0,0.0,-1790476687.350675,-1790476687.350675,-1790476687.350675,0,FINAL_INPUT,1.41,1.41,11.796512327194156,11.796512327194156,True,9.086512327194214,12.535609,3.5275123654541405,+1.524541->-2.671841,1.5245414674243118,0.802802503382109,-2.6718410902052567,1.7321242178657197,-0.3553640421337782,1,-0.626575161279084,-0.626575161279084,11.796512327194156,11.796512327194156,11.796512327194156,11.796512327194156,11.796512327194156,11.796512327194156,1.31,1.31,1.31,0.0,1.2993051448391084,0.4296097712200481,1.8291722761443368,True,0.4474268277283507,4.775707857546673,0.13909667280584337,True,False
20260927_103759_1243248,u1e2,0,61,SIDE_PLUS,1790476696.292932,8.942256927490234,1790476696.4371874,False,True,False,False,,False,,,SIDE_DISPATCH|RAW_SEED_ATTEMPT|PRE_TIMING_SEED|TIMED_SEED|SEED_ELIGIBILITY|PRE_LOS|POST_LOS|SOLVER_OK|FINAL_INPUT|JOINT_SEED|HANDOFF_REJECT,HANDOFF_REJECT,MISSED_FROZEN_ACTIVATION,,,0.0,0.0,0.0,-1790476687.350675,-1790476687.350675,-1790476687.350675,0,FINAL_INPUT,1.45,1.45,11.896512327194154,11.896512327194154,True,9.086512327194214,12.384779029705715,3.2982667025115004,+1.524541->-2.754121,1.5245414674243118,0.916744427074923,-2.7541208085896245,1.7321242178657197,-0.3878384448147197,1,-0.6278398986065162,-0.6278398986065162,10.526512327194183,10.526512327194183,10.526512327194183,10.526512327194183,,10.526512327194183,0.96,0.96,0.96,0.0,3.393433017567794,7.598545140278077,40.46048960141723,False,0.1885070626197729,5.0076224136466605,0.0390966728058455,True,False
20260927_103759_1243248,u1e2,0,63,NOMINAL,1790476696.4186783,9.068003177642822,1790476696.5699923,True,False,False,False,,False,,,NOMINAL_CONTEXT|FINAL_INPUT|JOINT_SEED|COMPARATOR_WIN,,,,,1.0,0.25,2.479234930702693,10.249323606491089,11.037646055221558,11.219317197799684,0,FINAL_INPUT,1.41,1.41,11.799317197799628,11.799317197799628,True,9.219317197799684,12.535609,3.419886301786207,+1.470685->-2.652542,1.4706847841330293,0.8036851625122396,-2.6525422151328093,1.6444341349540574,-0.3700361068473535,1,-0.6293988698833258,-0.6293988698833258,11.799317197799628,11.799317197799628,11.799317197799628,11.799317197799628,11.799317197799628,11.799317197799628,1.32,1.32,1.32,0.0,1.2855576375981146,0.418369219811846,1.825233228609743,True,0.4413706443584917,4.759234603470508,0.13629180220037185,True,False
20260927_103759_1243248,u1e2,0,64,SIDE_PLUS,1790476696.4186783,9.068003177642822,1790476696.5699923,False,True,False,False,,False,,,SIDE_DISPATCH|RAW_SEED_ATTEMPT|PRE_TIMING_SEED|TIMED_SEED|SEED_ELIGIBILITY|PRE_LOS|POST_LOS|SOLVER_OK|FINAL_INPUT|JOINT_SEED|PREFLIGHT_REJECT,PREFLIGHT_REJECT,DYNAMICS_FAIL,,,0.0,0.0,0.0,-1790476687.350675,-1790476687.350675,-1790476687.350675,0,FINAL_INPUT,1.67,1.67,11.939317197799625,11.939317197799625,True,9.219317197799684,12.40378246679462,3.1844652689949373,+1.470685->-2.756442,1.4706847841330293,0.5590016388495411,-2.7564416455312943,1.6444341349540574,-0.4140407284134003,1,-0.6241005320197393,-0.6241005320197393,10.73931719779965,10.73931719779965,10.73931719779965,10.73931719779965,,10.73931719779965,1.08,1.08,1.08,0.0,4.211701541167857,11.175857456177646,59.32953496536008,False,0.03625392390995,5.016989329172137,-0.003708197799625168,False,False
20260927_103759_1243248,u1e2,0,65,SIDE_MINUS,1790476696.4186783,9.068003177642822,1790476696.5699923,True,True,True,True,35.0,True,9.236273,9.369059,SIDE_DISPATCH|RAW_SEED_ATTEMPT|PRE_TIMING_SEED|TIMED_SEED|SEED_ELIGIBILITY|SOLVER_OK|FINAL_INPUT|JOINT_SEED|COMPARATOR_WIN|SELECTED|COMMITTED,,,,D3_LOWER,1.0,0.25,2.4594699108593567,10.249323606491089,11.037646055221558,11.219317197799684,0,FINAL_INPUT,1.4,1.4,11.789317197799628,11.789317197799628,True,9.219317197799684,12.535609,3.35875843519368,+1.470685->-2.703897,1.4706847841330293,0.8105736603742357,-2.70389736210664,1.6444341349540574,-0.3955745590091042,1,-0.6281080018134096,-0.6281080018134096,11.789317197799628,11.789317197799628,11.789317197799628,11.789317197799628,11.789317197799628,11.789317197799628,1.31,1.31,1.31,0.0,1.3362295077444784,0.5146523786079681,2.3423904028894063,True,0.4484319217080883,4.788286642882282,0.14629180220037163,True,False
20260927_103759_1243248,u1e2,0,66,NOMINAL,1790476696.573877,9.223201990127563,1790476696.7218852,True,False,True,True,36.0,True,9.404179,9.636129,NOMINAL_CONTEXT|FINAL_INPUT|JOINT_SEED|COMPARATOR_WIN|SELECTED|COMMITTED,,,,,1.0,0.1818181818181818,4.577374025871242,10.249323606491089,11.319317102432253,11.371210098266602,0,FINAL_INPUT,1.45,1.45,11.861210098266548,11.861210098266548,True,9.371210098266602,12.535609,3.666750052333424,+1.411628->-2.555127,1.4116284231388998,0.8387004878735412,-2.5551269290711205,1.546546696508828,-0.3635735641411949,1,-0.6258561755296145,-0.6258561755296145,11.861210098266548,11.861210098266548,11.861210098266548,11.861210098266548,11.861210098266548,11.861210098266548,1.38,1.38,1.38,0.0,1.2038334475335373,0.2732735711416549,1.0726415887010172,True,0.4619648847612785,4.706968761486852,0.07439890173345098,True,False
20260927_103759_1243248,u1e2,0,67,SIDE_PLUS,1790476696.573877,9.223201990127563,1790476696.7218852,False,True,False,False,,False,,,SIDE_DISPATCH|RAW_SEED_ATTEMPT|PRE_TIMING_SEED|TIMED_SEED|SEED_ELIGIBILITY|PRE_LOS|POST_LOS|SOLVER_OK|FINAL_INPUT|JOINT_SEED|PREFLIGHT_REJECT,PREFLIGHT_REJECT,DYNAMICS_FAIL,,,0.0,0.0,0.0,-1790476687.350675,-1790476687.350675,-1790476687.350675,0,FINAL_INPUT,1.93,1.93,,,True,9.371210098266602,12.535609,3.5015684405612624,+1.411628->-2.643494,1.4116284231388998,0.6095937561823885,-2.643493576828887,1.546546696508828,-0.3126719437074743,1,-0.625946263307422,-0.625946263307422,12.101210098266543,12.101210098266543,12.101210098266543,12.101210098266543,,12.101210098266543,1.46,1.46,1.46,0.0,3.0247703981238363,5.939670470316283,29.940783764562237,False,0.2873802317866456,5.011464765401068,,False,False
20260927_103759_1243248,u1e2,0,69,NOMINAL,1790476696.863296,9.51262092590332,1790476697.0074227,True,False,False,False,,False,,,NOMINAL_CONTEXT|FINAL_INPUT|JOINT_SEED|COMPARATOR_WIN,,,,,1.0,0.1538461538461538,5.810770688577248,10.249323606491089,11.47121000289917,11.656747579574583,0,FINAL_INPUT,1.46,1.46,11.866747579574538,11.866747579574538,True,9.656747579574583,12.535609,3.683660929783712,+1.294141->-2.514178,1.2941413420032468,0.8399867339688722,-2.514177628428956,1.3539570864035892,-0.3457234103273205,1,-0.6290119690733676,-0.6290119690733676,11.866747579574538,11.866747579574538,11.866747579574538,11.866747579574538,11.866747579574538,11.866747579574538,1.38,1.38,1.38,0.0,1.1599307637251213,0.2449830718838036,1.0606778539398825,True,0.4599915891309667,4.673902259155473,0.06886142042546162,True,False
20260927_103759_1243248,u1e2,0,70,SIDE_PLUS,1790476696.863296,9.51262092590332,1790476697.0074227,False,True,False,False,,False,,,SIDE_DISPATCH|RAW_SEED_ATTEMPT|PRE_TIMING_SEED|TIMED_SEED|SEED_ELIGIBILITY|PRE_LOS|POST_LOS|SOLVER_OK|FINAL_INPUT|JOINT_SEED|PREFLIGHT_REJECT,PREFLIGHT_REJECT,DYNAMICS_FAIL,,,0.0,0.0,0.0,-1790476687.350675,-1790476687.350675,-1790476687.350675,0,FINAL_INPUT,1.93,1.93,,,True,9.656747579574583,12.535609,3.5520277066705277,+1.294141->-2.341644,1.2941413420032468,0.6739200327686015,-2.3416440955668727,1.3539570864035892,0.2285997339946079,1,-0.6251072317373699,-0.6251072317373699,12.25674757957453,12.25674757957453,,12.25674757957453,,,1.45,1.45,1.45,0.0,3.031002091978711,5.624233165985959,28.55309425641218,False,0.3651221717466423,5.117244855156628,,False,False
20260927_103759_1243248,u1e2,0,71,SIDE_MINUS,1790476696.863296,9.51262092590332,1790476697.0074227,True,True,True,True,37.0,True,9.671399,9.941563,SIDE_DISPATCH|RAW_SEED_ATTEMPT|PRE_TIMING_SEED|TIMED_SEED|SEED_ELIGIBILITY|SOLVER_OK|FINAL_INPUT|JOINT_SEED|COMPARATOR_WIN|SELECTED|COMMITTED,,,,D3_LOWER,1.0,0.1538461538461538,5.789463905231932,10.249323606491089,11.47121000289917,11.656747579574583,0,FINAL_INPUT,1.45,1.45,11.866747579574538,11.866747579574538,True,9.656747579574583,12.535609,3.6457577407569977,+1.294141->-2.541137,1.2941413420032468,0.8431824145750303,-2.5411370991269706,1.3539570864035892,-0.3529918577110684,1,-0.6267230412611294,-0.6267230412611294,11.866747579574538,11.866747579574538,11.866747579574538,11.866747579574538,11.866747579574538,11.866747579574538,1.38,1.38,1.38,0.0,1.1859315127954428,0.3028105916764684,1.329985950770478,True,0.4618449995980747,4.684825452300365,0.06886142042546162,True,False
20260927_103759_1243248,u1e2,0,73,SIDE_PLUS,1790476697.142484,9.791808843612673,1790476697.2838635,True,True,True,True,38.0,True,9.970604,10.202681,SIDE_DISPATCH|RAW_SEED_ATTEMPT|PRE_TIMING_SEED|TIMED_SEED|SEED_ELIGIBILITY|PRE_LOS|POST_LOS|SOLVER_OK|FINAL_INPUT|JOINT_SEED|COMPARATOR_WIN|SELECTED|COMMITTED,,,,,1.0,0.1875,6.337756520084942,10.249323606491089,11.756747484207152,11.933188438415527,0,FINAL_INPUT,1.77,1.77,,,True,9.933188438415527,12.535609,3.5998861709175234,+1.176733->-2.219861,1.1767330810600427,0.924465209293941,-2.219861362369945,1.1833350837191638,0.3833174634578708,1,-0.6295684182286974,-0.6295684182286974,12.253188438415478,12.253188438415478,,12.253188438415478,,,1.46,1.46,1.46,0.0,2.3242370986486884,2.6284641006740888,14.772835581114034,True,0.5032885886594034,5.04406983200256,,False,False
20260927_103759_1243248,u1e2,0,74,SIDE_MINUS,1790476697.142484,9.791808843612673,1790476697.2838635,True,True,False,False,,False,,,SIDE_DISPATCH|RAW_SEED_ATTEMPT|PRE_TIMING_SEED|TIMED_SEED|SEED_ELIGIBILITY|SOLVER_OK|FINAL_INPUT|JOINT_SEED|COMPARATOR_LOSS,,,,OPPONENT_C3_HIGHER,1.0,0.125,7.049498945910405,10.249323606491089,11.756747484207152,11.933188438415527,0,FINAL_INPUT,1.47,1.47,11.883188438415486,11.883188438415486,True,9.933188438415527,12.535609,3.6968478330549184,+1.176733->-2.463270,1.1767330810600427,0.8425491231990984,-2.4632703723920617,1.1833350837191638,-0.3173379235096746,1,-0.6271055675184483,-0.6271055675184483,11.883188438415486,11.883188438415486,11.883188438415486,11.883188438415486,11.883188438415486,11.883188438415486,1.4,1.4,1.4,0.0,1.143674456256676,0.2793285223492238,1.3037907210984874,True,0.4594048370823307,4.643451765037537,0.05242056158451369,True,False
20260927_103759_1243248,u1e2,0,75,NOMINAL,1790476697.4236934,10.073018312454224,1790476697.5636933,True,False,True,True,39.0,True,10.235858,10.435385,NOMINAL_CONTEXT|FINAL_INPUT|JOINT_SEED|COMPARATOR_WIN|SELECTED|COMMITTED,,,,,1.0,0.1666666666666666,6.83639599675442,10.249323606491089,12.033188343048096,12.21301817893982,0,FINAL_INPUT,1.49,1.49,,,True,10.21301817893982,12.535609,3.734327960457648,+1.044220->-2.274659,1.044219765397831,0.9098556321436108,-2.2746591328623214,1.0237232333535045,-0.3128328440068235,1,-0.6258838737830095,-0.6258838737830095,11.953018178939782,11.953018178939782,11.953018178939782,11.953018178939782,11.953018178939782,11.953018178939782,1.46,1.46,1.46,0.0,1.1904989725530215,0.934920710134368,3.7604638464262594,True,0.5009182338991143,4.613082588591375,,False,False
20260927_103759_1243248,u1e2,0,76,SIDE_PLUS,1790476697.4236934,10.073018312454224,1790476697.5636933,True,True,False,False,,False,,,SIDE_DISPATCH|RAW_SEED_ATTEMPT|PRE_TIMING_SEED|TIMED_SEED|SEED_ELIGIBILITY|SOLVER_OK|FINAL_INPUT|JOINT_SEED|COMPARATOR_LOSS,,,,OPPONENT_D3_LOWER,1.0,0.1666666666666666,6.908874188018476,10.249323606491089,12.033188343048096,12.21301817893982,0,FINAL_INPUT,1.51,1.51,,,True,10.21301817893982,12.535609,3.625194657162568,+1.044220->-2.319123,1.044219765397831,0.9111468847803704,-2.319123259725416,1.0237232333535045,-0.3033857069340259,1,-0.6293964533897818,-0.6293964533897818,11.973018178939782,11.973018178939782,11.973018178939782,11.973018178939782,11.973018178939782,11.973018178939782,1.46,1.46,1.46,0.0,1.2973309140227538,0.934920710134368,3.214787126122288,True,0.5012046541239896,4.64352393685722,,False,False
20260927_103759_1243248,u1e2,0,77,SIDE_MINUS,1790476697.4236934,10.073018312454224,1790476697.5636933,True,True,False,False,,False,,,SIDE_DISPATCH|RAW_SEED_ATTEMPT|PRE_TIMING_SEED|TIMED_SEED|SEED_ELIGIBILITY|SOLVER_OK|FINAL_INPUT|JOINT_SEED|COMPARATOR_LOSS,,,,OPPONENT_D3_LOWER,1.0,0.1666666666666666,6.882844136087272,10.249323606491089,12.033188343048096,12.21301817893982,0,FINAL_INPUT,1.5,1.5,,,True,10.21301817893982,12.535609,3.709022567718367,+1.044220->-2.270076,1.044219765397831,0.91018070499836,-2.2700755798109604,1.0237232333535045,-0.2961829173368294,1,-0.6282310055694672,-0.6282310055694672,11.963018178939782,11.963018178939782,11.963018178939782,11.963018178939782,11.963018178939782,11.963018178939782,1.46,1.46,1.46,0.0,1.2193071157463204,0.9349207101343684,3.611906130493491,True,0.5009633386292671,4.613438500016173,,False,False
20260927_103759_1243248,u1e2,0,78,NOMINAL,1790476697.674817,10.32414197921753,1790476697.814817,True,False,True,True,40.0,True,10.478223,10.736478,NOMINAL_CONTEXT|FINAL_INPUT|JOINT_SEED|COMPARATOR_WIN|SELECTED|COMMITTED,,,,,1.0,0.0666666666666666,6.447443547104165,10.464141845703123,12.049323320388794,12.464141845703123,0,FINAL_INPUT,1.45,1.45,11.914141845703094,11.914141845703094,True,10.464141845703123,12.535609,3.677327107581911,+0.916739->-2.115936,0.9167387479004188,0.9098321538532296,-2.1159359864345557,0.9141018856716034,-0.6302522816862828,1,-0.6249209662734266,-0.6249209662734266,11.914141845703094,11.914141845703094,11.914141845703094,11.914141845703094,11.914141845703094,11.914141845703094,1.43,1.43,1.43,0.0,1.2373235793944353,0.6511382279579097,3.077780463225489,True,0.5036305100974137,4.408544062087206,0.021467154296905377,False,True
20260927_103759_1243248,u1e2,0,79,SIDE_PLUS,1790476697.674817,10.32414197921753,1790476697.814817,False,True,False,False,,False,,,SIDE_DISPATCH|RAW_SEED_ATTEMPT|PRE_TIMING_SEED|TIMED_SEED|SEED_ELIGIBILITY|PRE_LOS|POST_LOS|SOLVER_OK|FINAL_INPUT|JOINT_SEED|PREFLIGHT_REJECT,PREFLIGHT_REJECT,DYNAMICS_FAIL,,,0.0,0.0,0.0,-1790476687.350675,-1790476687.350675,-1790476687.350675,0,FINAL_INPUT,1.78,1.78,,,True,10.464141845703123,12.535609,3.4976449572674286,+0.916739->-1.400561,0.9167387479004188,0.9098456910536898,-1.4005606981389591,0.9141018856716034,0.9544764512111972,1,-0.6279743314509579,-0.6279743314509579,12.52414184570308,12.52414184570308,,,,,1.46,1.46,1.46,0.0,3.374541765741717,5.475018893839887,22.799868239529328,False,0.5036305100974137,4.916547942661736,,False,False
20260927_103759_1243248,u1e2,0,80,SIDE_MINUS,1790476697.674817,10.32414197921753,1790476697.814817,False,True,False,False,,False,,,SIDE_DISPATCH|RAW_SEED_ATTEMPT|PRE_TIMING_SEED|TIMED_SEED|SEED_ELIGIBILITY|PRE_LOS|POST_LOS|SOLVER_OK|FINAL_INPUT|JOINT_SEED|PREFLIGHT_REJECT,PREFLIGHT_REJECT,DYNAMICS_FAIL,,,0.0,0.0,0.0,-1790476687.350675,-1790476687.350675,-1790476687.350675,0,FINAL_INPUT,1.47,1.47,,,True,10.464141845703123,12.535609,3.6097029989220335,+0.916739->+0.487588,0.9167387479004188,0.9096585009136106,0.4875882868398601,0.9141018856716034,1.8678243403742785,2,-0.6167777300553607,-0.6167777300553607,10.844141845703115,10.844141845703115,10.844141845703115,10.844141845703115,,10.844141845703115,1.15,1.15,1.15,0.0,31.65205249356488,77.74842945300885,315.99470664788123,False,-0.3889515083222978,2.6588924982586546,,False,False
20260927_103759_1243248,u1e2,0,81,NOMINAL,1790476697.9509428,10.6002676486969,1790476698.0909426,True,False,True,True,41.0,True,10.770237,11.009677,NOMINAL_CONTEXT|FINAL_INPUT|JOINT_SEED|COMPARATOR_WIN|SELECTED|COMMITTED,,,,,1.0,0.0769230769230769,5.706037024328103,10.740267515182495,12.049323558807371,12.740267515182495,0,FINAL_INPUT,1.16,1.16,11.90026751518247,11.90026751518247,True,10.740267515182495,12.535609,3.6130665492876712,+0.722391->-2.037144,0.7223913084334556,0.7223913084334556,-2.037143890737628,0.6965650344849995,-1.025384217764945,1,-0.6283985590366878,-0.6283985590366878,11.90026751518247,11.90026751518247,11.90026751518247,11.90026751518247,11.90026751518247,11.90026751518247,1.16,1.16,1.16,0.0,1.284444080654638,0.7285762141229553,1.52878369785459,True,0.5400915683038277,4.324348211608065,0.03534148481752908,True,True
20260927_103759_1243248,u1e2,0,82,SIDE_PLUS,1790476697.9509428,10.6002676486969,1790476698.0909426,False,True,False,False,,False,,,SIDE_DISPATCH|RAW_SEED_ATTEMPT|PRE_TIMING_SEED|TIMED_SEED|SEED_ELIGIBILITY|PRE_LOS|POST_LOS|SOLVER_OK|FINAL_INPUT|JOINT_SEED|PREFLIGHT_REJECT,PREFLIGHT_REJECT,DYNAMICS_FAIL,,,0.0,0.0,0.0,-1790476687.350675,-1790476687.350675,-1790476687.350675,0,FINAL_INPUT,1.44,1.44,,,True,10.740267515182495,12.535609,3.3473518492971763,+0.722391->-0.453909,0.7223913084334556,0.7223913084334556,-0.4539088354064881,0.6965650344849995,2.989036729538745,1,-0.6247538119716263,-0.6247538119716263,11.590267515182475,11.590267515182475,,,,,1.14,1.14,1.14,0.0,8.256917377290598,20.58967446271688,101.47894365457137,False,0.5400915683038277,5.1535309931041,,False,False
20260927_103759_1243248,u1e2,0,83,SIDE_MINUS,1790476697.9509428,10.6002676486969,1790476698.0909426,False,True,False,False,,False,,,SIDE_DISPATCH|RAW_SEED_ATTEMPT|PRE_TIMING_SEED|TIMED_SEED|SEED_ELIGIBILITY|PRE_LOS|POST_LOS|SOLVER_OK|FINAL_INPUT|JOINT_SEED|PREFLIGHT_REJECT,PREFLIGHT_REJECT,DYNAMICS_FAIL,,,0.0,0.0,0.0,-1790476687.350675,-1790476687.350675,-1790476687.350675,0,FINAL_INPUT,1.14,1.14,,,True,10.740267515182495,12.535609,3.513105853520565,+0.722391->-3.343849,0.7223913084334556,0.7223913084334556,-3.343848747378833,0.6965650344849995,-6.648001002793627,1,-0.6144914775150782,-0.6144914775150782,11.100267515182487,11.100267515182487,11.100267515182487,11.100267515182487,,11.100267515182487,0.84,0.84,0.8300000000000001,0.0,28.507449430611835,74.5314273766317,318.98515834227686,False,0.4660493085398236,2.7181980999601043,,False,False
20260927_103759_1243248,u1e2,0,84,NOMINAL,1790476698.2187166,10.868041515350342,1790476698.3587165,True,False,True,True,42.0,True,11.036377,11.237288,NOMINAL_CONTEXT|FINAL_INPUT|JOINT_SEED|COMPARATOR_WIN|SELECTED|COMMITTED,,,,,1.0,0.1818181818181818,4.349819604745815,11.008041381835938,12.049324035644531,13.008041381835938,0,FINAL_INPUT,0.9,0.9,11.908041381835918,11.908041381835918,True,11.008041381835938,12.535609,3.542420639014693,+0.394255->-2.004986,0.394254949935774,0.394254949935774,-2.0049855311271503,0.3675015870947162,-1.274243752022682,1,-0.6285987140807509,-0.6285987140807509,11.908041381835918,11.908041381835918,11.908041381835918,11.908041381835918,11.908041381835918,11.908041381835918,0.9,0.9,0.9,0.0,1.2574592400981022,0.7189918896814156,1.2261176985693674,True,0.5906667353051365,4.319822579864309,0.027567618164081154,True,True
20260927_103759_1243248,u1e2,0,85,SIDE_PLUS,1790476698.2187166,10.868041515350342,1790476698.3587165,False,True,False,False,,False,,,SIDE_DISPATCH|RAW_SEED_ATTEMPT|PRE_TIMING_SEED|TIMED_SEED|SEED_ELIGIBILITY|PRE_LOS|POST_LOS|SOLVER_OK|FINAL_INPUT|JOINT_SEED|PREFLIGHT_REJECT,PREFLIGHT_REJECT,DYNAMICS_FAIL,,,0.0,0.0,0.0,-1790476687.350675,-1790476687.350675,-1790476687.350675,0,FINAL_INPUT,1.23,1.23,,,True,11.008041381835938,12.535609,3.230198107163584,+0.394255->+1.426176,0.394254949935774,0.394254949935774,1.4261755795345723,0.3675015870947162,7.0749052995593456,0,-0.5095259098570291,-0.5095259098570291,,,,,,,0.93,0.93,0.93,0.0,12.67986645335058,35.236599409065846,189.2620808847963,False,0.5906667353051365,4.941540064069835,,False,False
20260927_103759_1243248,u1e2,0,86,SIDE_MINUS,1790476698.2187166,10.868041515350342,1790476698.3587165,False,True,False,False,,False,,,SIDE_DISPATCH|RAW_SEED_ATTEMPT|PRE_TIMING_SEED|TIMED_SEED|SEED_ELIGIBILITY|PRE_LOS|POST_LOS|SOLVER_OK|FINAL_INPUT|JOINT_SEED|PREFLIGHT_REJECT,PREFLIGHT_REJECT,DYNAMICS_FAIL,,,0.0,0.0,0.0,-1790476687.350675,-1790476687.350675,-1790476687.350675,0,FINAL_INPUT,0.84,0.84,,,True,11.008041381835938,12.535609,3.396938089826746,+0.394255->-5.209844,0.394254949935774,0.394254949935774,-5.209843793488462,0.3675015870947162,-12.776948302110434,1,-0.6275938750524596,-0.6275938750524596,11.32804138183593,11.32804138183593,11.32804138183593,11.32804138183593,,11.32804138183593,0.54,0.54,0.47,0.0,26.006941219387382,72.96910810960111,339.4933735727687,False,0.5897429520460109,2.527075424465596,,False,False
20260927_103759_1243248,u1e2,0,87,NOMINAL,1790476698.479532,11.128856897354126,1790476698.619532,True,False,True,True,43.0,True,11.277463,11.536433,NOMINAL_CONTEXT|FINAL_INPUT|JOINT_SEED|COMPARATOR_WIN|SELECTED|COMMITTED,,,,,1.0,0.1428571428571428,2.348846175779817,11.268856763839722,12.049324035644531,13.268856763839722,0,FINAL_INPUT,0.64,0.64,11.908856763839708,11.908856763839708,True,11.268856763839722,12.535609,3.540847135694397,-0.074977->-2.002282,-0.0749768220696585,-0.0749768220696585,-2.0022824524027483,-0.0848066015968704,-1.549360834369131,0,-0.5944173006312905,-0.5944173006312905,11.908856763839708,11.908856763839708,11.908856763839708,11.908856763839708,11.908856763839708,11.908856763839708,0.64,0.64,0.64,0.0,1.2395588845077634,0.6186882432427158,1.1837294676779309,True,0.6521599519478158,4.327964875705479,0.02675223616029143,True,True
20260927_103759_1243248,u1e2,0,88,SIDE_PLUS,1790476698.479532,11.128856897354126,1790476698.619532,False,True,False,False,,False,,,SIDE_DISPATCH|RAW_SEED_ATTEMPT|PRE_TIMING_SEED|TIMED_SEED|SEED_ELIGIBILITY|PRE_LOS|POST_LOS|SOLVER_OK|FINAL_INPUT|JOINT_SEED|PREFLIGHT_REJECT,PREFLIGHT_REJECT,DYNAMICS_FAIL,,,0.0,0.0,0.0,-1790476687.350675,-1790476687.350675,-1790476687.350675,0,FINAL_INPUT,0.97,0.97,,,True,11.268856763839722,12.535609,3.1945029159157943,-0.074977->+4.143332,-0.0749768220696585,-0.0749768220696585,4.143332039819881,-0.0848066015968704,11.854100756643025,1,-0.6248456811373749,-0.6248456811373749,,,,,,,0.67,0.67,0.67,0.0,18.529772792569027,53.97812529899966,297.5836985104837,False,0.6521599519478158,4.722635843080133,,False,False
20260927_103759_1243248,u1e2,0,89,SIDE_MINUS,1790476698.479532,11.128856897354126,1790476698.619532,False,True,False,False,,False,,,SIDE_DISPATCH|RAW_SEED_ATTEMPT|PRE_TIMING_SEED|TIMED_SEED|SEED_ELIGIBILITY|PRE_LOS|POST_LOS|SOLVER_OK|FINAL_INPUT|JOINT_SEED|PREFLIGHT_REJECT,PREFLIGHT_REJECT,DYNAMICS_FAIL,,,0.0,0.0,0.0,-1790476687.350675,-1790476687.350675,-1790476687.350675,0,FINAL_INPUT,0.47,0.47,,,True,11.268856763839722,12.535609,3.3617961155224454,-0.074977->-5.813795,-0.0749768220696585,-0.0749768220696585,-5.813795198110769,-0.0848066015968704,-12.398029250352495,0,-0.5944173006312905,-0.5944173006312905,11.568856763839715,11.568856763839715,11.568856763839715,11.568856763839715,,11.568856763839715,0.3,0.3,0.3,0.0,20.01559429539638,57.534644772865306,275.3494813164298,False,0.6521599519478158,2.111040097667521,,False,False
20260927_103759_1243248,u1e2,0,90,NOMINAL,1790476698.7699206,11.419245481491089,1790476698.9099205,True,False,True,True,44.0,True,11.569497,11.836195,NOMINAL_CONTEXT|FINAL_INPUT|JOINT_SEED|COMPARATOR_WIN|SELECTED|COMMITTED,,,,,1.0,0.4,0.7058873734441447,11.559245347976685,12.04932451248169,13.559245347976685,0,FINAL_INPUT,0.35,0.35,11.909245347976675,11.909245347976675,True,11.559245347976685,12.535609,3.5103986666385603,-0.654028->-2.002953,-0.6540279757980996,-0.6540279757980996,-2.002952995793833,-0.6841106983495056,-1.8360159152315156,0,-0.3322183504209885,-0.3322183504209885,11.909245347976675,11.909245347976675,11.909245347976675,11.909245347976675,11.909245347976675,11.909245347976675,0.35,0.35,0.35,0.0,1.2296687758930451,0.3747034413705862,1.1748132041570674,True,0.7573760955221582,4.330639003696927,0.026363652023324136,True,True
20260927_103759_1243248,u1e2,0,91,SIDE_PLUS,1790476698.7699206,11.419245481491089,1790476698.9099205,False,True,False,False,,False,,,SIDE_DISPATCH|RAW_SEED_ATTEMPT|PRE_TIMING_SEED|TIMED_SEED|SEED_ELIGIBILITY|PRE_LOS|POST_LOS|SOLVER_OK|FINAL_INPUT|JOINT_SEED|PREFLIGHT_REJECT,PREFLIGHT_REJECT,DYNAMICS_FAIL,,,0.0,0.0,0.0,-1790476687.350675,-1790476687.350675,-1790476687.350675,0,FINAL_INPUT,0.66,0.66,,,True,11.559245347976685,12.535609,3.155403523445031,-0.654028->+9.763970,-0.6540279757980996,-0.6540279757980996,9.76396981362965,-0.6841106983495056,3.810880923176166,1,-0.3322183504209885,-0.3322183504209885,11.929245347976677,11.929245347976677,,,,,0.37,0.37,0.37,0.0,20.169592166115336,58.79760401531468,333.92777952951724,False,-0.053792523183605,0.7449427656369136,,False,False
20260927_103759_1243248,u1e2,0,92,SIDE_MINUS,1790476698.7699206,11.419245481491089,1790476698.9099205,False,True,False,False,,False,,,SIDE_DISPATCH|RAW_SEED_ATTEMPT|PRE_TIMING_SEED|TIMED_SEED|SEED_ELIGIBILITY|PRE_LOS|POST_LOS|SOLVER_OK|FINAL_INPUT|JOINT_SEED|PREFLIGHT_REJECT,PREFLIGHT_REJECT,DYNAMICS_FAIL,,,0.0,0.0,0.0,-1790476687.350675,-1790476687.350675,-1790476687.350675,0,FINAL_INPUT,0.24,0.24,11.79924534797668,11.79924534797668,True,11.559245347976685,12.535609,3.3219084911470347,-0.654028->-4.158776,-0.6540279757980996,-0.6540279757980996,-4.158775938866781,-0.6841106983495056,-7.041277122256666,0,-0.3322183504209885,-0.3322183504209885,11.79924534797668,11.79924534797668,11.79924534797668,11.79924534797668,11.79924534797668,11.79924534797668,0.24,0.24,0.24,0.0,11.432724736937349,34.17288246234468,166.76382323484498,False,0.7573760955221582,2.7134383206955546,0.13636365202332001,True,False
20260927_103759_1243248,u1e2,0,93,NOMINAL,1790476699.048902,11.698226928710938,1790476699.188902,True,False,True,True,45.0,True,11.877922,12.08072,NOMINAL_CONTEXT|FINAL_INPUT|JOINT_SEED|COMPARATOR_WIN|SELECTED|COMMITTED,,,,,1.0,0.6666666666666666,0.0714008872512256,11.838226795196531,12.049324750900269,13.838226795196531,0,FINAL_INPUT,0.07,0.07,11.908226795196532,11.908226795196532,True,11.838226795196531,12.535609,3.501303330531539,-1.189977->-2.001821,-1.1899768955470016,-1.1899768955470016,-2.001820726787876,-1.2350349119283954,-2.012747243552759,0,-0.0814329631374622,-0.0814329631374622,11.908226795196532,11.908226795196532,11.908226795196532,11.908226795196532,11.908226795196532,11.908226795196532,0.07,0.07,0.07,0.0,1.2226938834435417,0.2609751338423659,1.1906993539048107,True,0.9148801423099956,4.3309105348423005,0.027382204803467758,True,True
20260927_103759_1243248,u1e2,0,94,SIDE_PLUS,1790476699.048902,11.698226928710938,1790476699.188902,False,True,False,False,,False,,,SIDE_DISPATCH|RAW_SEED_ATTEMPT|PRE_TIMING_SEED|TIMED_SEED|SEED_ELIGIBILITY|PRE_LOS|POST_LOS|SOLVER_OK|FINAL_INPUT|JOINT_SEED|PREFLIGHT_REJECT,PREFLIGHT_REJECT,DYNAMICS_FAIL,,,0.0,0.0,0.0,-1790476687.350675,-1790476687.350675,-1790476687.350675,0,FINAL_INPUT,0.11,0.11,,,True,11.838226795196531,12.535609,3.160568761218461,-1.189977->+5.976671,-1.1899768955470016,-1.1899768955470016,5.97667082585412,-1.2350349119283954,3.6264126230944114,1,-0.0814329631374622,-0.0814329631374622,11.918226795196531,11.918226795196531,,11.918226795196531,,,0.08,0.08,0.08,0.0,22.673038426439515,66.98819394490299,386.4048005120677,False,0.1489444693255265,0.5171315006416328,,False,False
20260927_103759_1243248,u1e2,0,95,SIDE_MINUS,1790476699.048902,11.698226928710938,1790476699.188902,True,True,False,False,,False,,,SIDE_DISPATCH|RAW_SEED_ATTEMPT|PRE_TIMING_SEED|TIMED_SEED|SEED_ELIGIBILITY|PRE_LOS|POST_LOS|SOLVER_OK|FINAL_INPUT|JOINT_SEED|COMPARATOR_LOSS,,,,OPPONENT_D3_LOWER,1.0,0.6666666666666666,0.0714030849090955,11.838226795196531,12.049324750900269,13.838226795196531,0,FINAL_INPUT,0.07,0.07,11.908226795196532,11.908226795196532,True,11.838226795196531,12.535609,3.324458654066259,-1.189977->-1.998889,-1.1899768955470016,-1.1899768955470016,-1.9988887759406213,-1.2350349119283954,-2.01141868266581,0,-0.0814329631374622,-0.0814329631374622,11.908226795196532,11.908226795196532,11.908226795196532,11.908226795196532,11.908226795196532,11.908226795196532,0.07,0.07,0.07,0.0,1.2836901499110107,0.4932133550202889,2.481897588083487,True,0.9148801423099956,4.330215047057941,0.027382204803467758,True,True
20260927_103759_1243248,u1e3,0,134,NOMINAL,1790476709.8556633,22.504988193511963,1790476709.9956632,True,False,True,True,84.0,True,22.672782,23.568955,FINAL_INPUT|JOINT_SEED|COMPARATOR_WIN|SELECTED|COMMITTED,,,,,0.0,0.0,0.0,-1790476687.350675,-1790476687.350675,24.64498805999756,0,FINAL_INPUT,1.31,1.31,,,False,22.64498805999756,26.0370822703128,3.3920942103152423,+1.231556->-1.328262,1.23155630786054,0.7949677007795757,-1.3282624438685438,0.0,0.0,1,-0.6297336759166181,-0.6297336759166181,,,,,,,1.04,1.04,1.04,0.0,1.4188523725951243,0.7730170660427914,4.05158415624858,True,0.6586358768330374,4.475869499905628,,False,False
20260927_103759_1243248,u1e3,0,135,NOMINAL,1790476710.14392,22.7932448387146,1790476710.2839198,False,False,False,False,,False,,,NOMINAL_CONTEXT|FINAL_INPUT|JOINT_SEED|HANDOFF_REJECT,HANDOFF_REJECT,MISSED_FROZEN_ACTIVATION,,,0.0,0.0,0.0,-1790476687.350675,-1790476687.350675,-1790476687.350675,0,FINAL_INPUT,1.45,1.45,,,False,22.933244705200195,26.51733656656889,3.5840918613686936,+1.280922->-2.271038,1.2809215274560948,0.6230484568969031,-2.2710376519166826,1.5674559927857372,-0.2483326152352044,1,-0.6280158264776053,-0.6280158264776053,26.193244705200705,26.193244705200705,26.193244705200705,26.193244705200705,,26.193244705200705,1.19,1.19,1.19,0.0,1.3966886589776797,0.6421327382661279,3.032358207174032,True,0.40753316539326,4.352330851694587,,False,False
20260927_103759_1243248,u1e3,0,136,SIDE_PLUS,1790476710.14392,22.7932448387146,1790476710.2839198,False,True,False,False,,False,,,SIDE_DISPATCH|RAW_SEED_ATTEMPT|PRE_TIMING_SEED|TIMED_SEED|SEED_ELIGIBILITY|PRE_LOS|POST_LOS|SOLVER_OK|FINAL_INPUT|JOINT_SEED|HANDOFF_REJECT,HANDOFF_REJECT,MISSED_FROZEN_ACTIVATION,,,0.0,0.0,0.0,-1790476687.350675,-1790476687.350675,-1790476687.350675,0,FINAL_INPUT,1.43,1.43,,,False,22.933244705200195,26.44553383224413,3.5122891270439345,+1.280922->-2.229345,1.2809215274560948,0.6227430342902899,-2.229345202406464,1.5674559927857372,-0.2490905957686888,1,-0.6268823205581466,-0.6268823205581466,26.173244705200705,26.173244705200705,,26.173244705200705,,,1.17,1.17,1.17,0.0,1.4636927711157657,0.7551774433975367,3.645844092818221,True,0.4297717979103289,4.340935176193375,,False,False
20260927_103759_1243248,u1e3,0,138,NOMINAL,1790476710.280585,22.9299099445343,1790476710.4291785,False,False,False,False,,False,,,NOMINAL_CONTEXT|FINAL_INPUT|JOINT_SEED|HANDOFF_REJECT,HANDOFF_REJECT,MISSED_FROZEN_ACTIVATION,,,0.0,0.0,0.0,-1790476687.350675,-1790476687.350675,-1790476687.350675,0,FINAL_INPUT,1.45,1.45,,,False,23.078503370285038,26.51075301618741,3.43224964590238,+1.302162->-2.270757,1.3021618267075914,0.6236832723359222,-2.270757290056476,1.5560725213518278,-0.278014594627725,1,-0.6273715429982032,-0.6273715429982032,26.18850337028552,26.18850337028552,26.18850337028552,26.18850337028552,,26.18850337028552,1.18,1.18,1.18,0.0,1.399489485921653,0.6515847855533439,3.103509520647881,True,0.4141800975799835,4.350324185997673,,False,False
20260927_103759_1243248,u1e3,0,139,SIDE_PLUS,1790476710.280585,22.9299099445343,1790476710.4291785,False,True,False,False,,False,,,SIDE_DISPATCH|RAW_SEED_ATTEMPT|PRE_TIMING_SEED|TIMED_SEED|SEED_ELIGIBILITY|PRE_LOS|POST_LOS|SOLVER_OK|FINAL_INPUT|JOINT_SEED|HANDOFF_REJECT,HANDOFF_REJECT,MISSED_FROZEN_ACTIVATION,,,0.0,0.0,0.0,-1790476687.350675,-1790476687.350675,-1790476687.350675,0,FINAL_INPUT,1.42,1.42,,,False,23.078503370285038,26.475504876653456,3.397001506368422,+1.302162->-2.246207,1.3021618267075914,0.6481428048705494,-2.2462068956610497,1.5560725213518278,-0.2759681650659275,1,-0.6261435915358504,-0.6261435915358504,26.17850337028552,26.17850337028552,,26.17850337028552,,,1.17,1.17,1.17,0.0,1.45185740479981,0.7486236813760069,3.659981947464777,True,0.4384276171732922,4.348650785368725,,False,False
20260927_103759_1243248,u1e3,0,141,NOMINAL,1790476710.4063191,23.055644035339355,1790476710.5615084,False,False,False,False,,False,,,NOMINAL_CONTEXT|FINAL_INPUT|JOINT_SEED|HANDOFF_REJECT,HANDOFF_REJECT,MISSED_FROZEN_ACTIVATION,,,0.0,0.0,0.0,-1790476687.350675,-1790476687.350675,-1790476687.350675,0,FINAL_INPUT,1.43,1.43,26.1908333110814,26.1908333110814,True,23.210833311080933,26.687092202455965,3.476258891375032,+1.312886->-2.485908,1.3128858511503014,0.6658599509836479,-2.4859075892840017,1.5390577375698475,-0.3854075895479402,1,-0.6262025652998248,-0.6262025652998248,26.1908333110814,26.1908333110814,26.1908333110814,26.1908333110814,,26.1908333110814,1.18,1.18,1.18,0.0,1.3874909480447748,0.6067880158214071,2.752437510985387,True,0.446938811525902,4.207428664757884,0.08123368891860139,True,False
20260927_103759_1243248,u1e3,0,142,SIDE_PLUS,1790476710.4063191,23.055644035339355,1790476710.5615084,False,True,False,False,,False,,,SIDE_DISPATCH|RAW_SEED_ATTEMPT|PRE_TIMING_SEED|TIMED_SEED|SEED_ELIGIBILITY|PRE_LOS|POST_LOS|SOLVER_OK|FINAL_INPUT|JOINT_SEED|HANDOFF_REJECT,HANDOFF_REJECT,MISSED_FROZEN_ACTIVATION,,,0.0,0.0,0.0,-1790476687.350675,-1790476687.350675,-1790476687.350675,0,FINAL_INPUT,1.4,1.4,26.1808333110814,26.1808333110814,True,23.210833311080933,26.631127576639905,3.4202942655589714,+1.312886->-2.479560,1.3128858511503014,0.6878789154606056,-2.479559579797169,1.5390577375698475,-0.388021288319835,1,-0.6248529457546121,-0.6248529457546121,26.1808333110814,26.1808333110814,26.1808333110814,26.1808333110814,,26.1808333110814,1.17,1.17,1.17,0.0,1.4551305387390916,0.7304212411604817,3.459386222864468,True,0.469254566498215,4.202356965946829,0.0912336889185994,True,False
20260927_103759_1243248,u1e3,0,144,NOMINAL,1790476710.5141847,23.163509607315063,1790476710.6735094,False,False,False,False,,False,,,NOMINAL_CONTEXT|FINAL_INPUT|JOINT_SEED|HANDOFF_REJECT,HANDOFF_REJECT,MISSED_FROZEN_ACTIVATION,,,0.0,0.0,0.0,-1790476687.350675,-1790476687.350675,-1790476687.350675,0,FINAL_INPUT,1.42,1.42,26.19283425331161,26.19283425331161,True,23.32283425331116,26.71460883506976,3.3917745817586056,+1.323354->-2.493535,1.323354332115407,0.679640752656084,-2.4935348590781783,1.5180491790634565,-0.3961103931141161,1,-0.6265094102148556,-0.6265094102148556,26.19283425331161,26.19283425331161,26.19283425331161,26.19283425331161,26.19283425331161,26.19283425331161,1.19,1.19,1.19,0.0,1.3695994492137953,0.5873875809789815,2.683146312303213,True,0.4538333884654071,4.203232862146775,0.07923274668839042,True,False
20260927_103759_1243248,u1e3,0,145,SIDE_PLUS,1790476710.5141847,23.163509607315063,1790476710.6735094,False,True,False,False,,False,,,SIDE_DISPATCH|RAW_SEED_ATTEMPT|PRE_TIMING_SEED|TIMED_SEED|SEED_ELIGIBILITY|SOLVER_FAILED|FINAL_INPUT|JOINT_SEED|HANDOFF_REJECT,HANDOFF_REJECT,MISSED_FROZEN_ACTIVATION,,,0.0,0.0,0.0,-1790476687.350675,-1790476687.350675,-1790476687.350675,1,FINAL_INPUT,1.28,1.28,,,True,23.32283425331116,26.872067,4.152001095681461,+1.323354->-1.973448,1.323354332115407,1.4575261283436112,-1.973448379128136,1.5180491790634565,-0.0091811800553797,1,-0.6281158276652032,-0.6281158276652032,25.00283425331142,25.00283425331142,26.50283425331165,25.00283425331142,,26.50283425331165,1.05,1.05,1.05,0.0,1.3745190960092968,1.0572965745391345,4.978793668918751,True,0.8719732547722325,4.762160240512428,,False,False
20260927_103759_1243248,u1e3,0,147,NOMINAL,1790476710.6280866,23.277411460876465,1790476710.7918167,False,False,False,False,,False,,,NOMINAL_CONTEXT|FINAL_INPUT|JOINT_SEED|HANDOFF_REJECT,HANDOFF_REJECT,MISSED_FROZEN_ACTIVATION,,,0.0,0.0,0.0,-1790476687.350675,-1790476687.350675,-1790476687.350675,0,FINAL_INPUT,1.44,1.44,26.191141605377627,26.191141605377627,True,23.4411416053772,26.69042794046775,3.2492863350905505,+1.328623->-2.483280,1.3286228548147323,0.6600910602578605,-2.483280288949464,1.4933985802001295,-0.4063050381200755,1,-0.625678127521381,-0.625678127521381,26.191141605377627,26.191141605377627,26.191141605377627,26.191141605377627,,26.191141605377627,1.18,1.18,1.18,0.0,1.367136717276169,0.5914525586339042,2.758928768640139,True,0.4569521971891486,4.209764399423441,0.08092539462237269,True,False
20260927_103759_1243248,u1e3,0,148,SIDE_PLUS,1790476710.6280866,23.277411460876465,1790476710.7918167,False,True,False,False,,False,,,SIDE_DISPATCH|RAW_SEED_ATTEMPT|PRE_TIMING_SEED|TIMED_SEED|SEED_ELIGIBILITY|PRE_LOS|POST_LOS|SOLVER_OK|FINAL_INPUT|JOINT_SEED|HANDOFF_REJECT,HANDOFF_REJECT,MISSED_FROZEN_ACTIVATION,,,0.0,0.0,0.0,-1790476687.350675,-1790476687.350675,-1790476687.350675,0,FINAL_INPUT,1.42,1.42,26.171141605377624,26.171141605377624,True,23.4411416053772,26.59770750486818,3.156565899490981,+1.328623->-2.467332,1.3286228548147323,0.6542502101764716,-2.4673322588896776,1.4933985802001295,-0.4075170251196932,1,-0.6292508177373971,-0.6292508177373971,26.171141605377624,26.171141605377624,26.171141605377624,26.171141605377624,,26.171141605377624,1.16,1.16,1.16,0.0,1.4451885006343694,0.728085012091763,3.5227389343642,True,0.4728913115761677,4.20543697654185,0.10092539462237582,True,False
20260927_103759_1243248,u1e3,0,150,NOMINAL,1790476710.747843,23.397167921066284,1790476710.9161046,True,False,False,False,,False,,,NOMINAL_CONTEXT|FINAL_INPUT|JOINT_SEED|COMPARATOR_WIN,,,,,0.0,0.0,0.0,-1790476687.350675,-1790476687.350675,25.56542944908142,0,FINAL_INPUT,1.44,1.44,26.215429449081835,26.215429449081835,True,23.56542944908142,26.872067,3.5210479557336,+1.329284->-2.646553,1.3292839872026931,0.7262758954757953,-2.6465534844042717,1.4510785111730036,-0.4313371537429715,1,-0.6260793095886518,-0.6260793095886518,26.215429449081835,26.215429449081835,26.215429449081835,26.215429449081835,26.215429449081835,26.215429449081835,1.21,1.21,1.21,0.0,1.2940954224387289,0.4348991780584086,1.735943198108279,True,0.5278401594082895,4.051902332193672,0.05663755091816469,True,False
20260927_103759_1243248,u1e3,0,151,SIDE_PLUS,1790476710.747843,23.397167921066284,1790476710.9161046,True,True,True,True,85.0,True,23.602081,23.836,SIDE_DISPATCH|RAW_SEED_ATTEMPT|PRE_TIMING_SEED|TIMED_SEED|SEED_ELIGIBILITY|PRE_LOS|POST_LOS|SOLVER_OK|FINAL_INPUT|JOINT_SEED|COMPARATOR_WIN|SELECTED|COMMITTED,,,,,0.0,0.0,0.0,-1790476687.350675,-1790476687.350675,25.56542944908142,0,FINAL_INPUT,1.4,1.4,26.205429449081837,26.205429449081837,True,23.56542944908142,26.872067,3.4618837521373487,+1.329284->-2.698357,1.3292839872026931,0.7642777017092536,-2.6983574213483768,1.4510785111730036,-0.457018030312647,1,-0.6290155361617791,-0.6290155361617791,26.205429449081837,26.205429449081837,26.205429449081837,26.205429449081837,26.205429449081837,26.205429449081837,1.2,1.2,1.2,0.0,1.3706648615859671,0.5697229718517542,2.44239362318347,True,0.5491286868085443,4.005918331570493,0.0666375509181627,True,False
20260927_103759_1243248,u1e3,0,154,SIDE_PLUS,1790476711.0089612,23.658286094665527,1790476711.171348,False,True,False,False,,False,,,SIDE_DISPATCH|RAW_SEED_ATTEMPT|PRE_TIMING_SEED|TIMED_SEED|SEED_ELIGIBILITY|PRE_LOS|POST_LOS|SOLVER_OK|FINAL_INPUT|JOINT_SEED|PREFLIGHT_REJECT,PREFLIGHT_REJECT,DYNAMICS_FAIL,,,0.0,0.0,0.0,-1790476687.350675,-1790476687.350675,-1790476687.350675,0,FINAL_INPUT,1.78,1.78,,,True,23.8206729888916,26.872067,3.536453955344238,+1.312884->-2.445415,1.3128844090443117,0.7690054904610578,-2.44541549716268,1.3812916855158324,-0.2011091051502314,1,-0.6271680140324712,-0.6271680140324712,26.510672988892026,26.510672988892026,26.510672988892026,26.510672988892026,,26.510672988892026,1.27,1.27,1.27,0.0,2.570350346988853,4.15192530387192,24.17904805326354,False,0.4650135685649326,4.369920967547039,,False,False
20260927_103759_1243248,u1e3,0,156,NOMINAL,1790476711.0358183,23.68514323234558,1790476711.1935833,True,False,False,False,,False,,,NOMINAL_CONTEXT|FINAL_INPUT|JOINT_SEED|COMPARATOR_WIN,,,,,1.0,0.1,4.417868766705536,24.749324083328247,25.66542935371399,25.842908143997192,0,FINAL_INPUT,1.46,1.46,26.28290814399757,26.28290814399757,True,23.842908143997192,26.872067,3.661293573652761,+1.310689->-2.425398,1.3106885993121464,0.7882065524363011,-2.425397565091621,1.3752375242075296,-0.3804512058140461,1,-0.6283591665845597,-0.6283591665845597,26.28290814399757,26.28290814399757,26.28290814399757,26.28290814399757,26.28290814399757,26.28290814399757,1.27,1.27,1.27,0.0,1.212273101925089,0.3570756995405906,1.211066617266871,True,0.5070831105191915,4.247369400646892,-0.010841143997570413,False,False
20260927_103759_1243248,u1e3,0,157,SIDE_PLUS,1790476711.0358183,23.68514323234558,1790476711.1935833,True,True,True,True,86.0,True,23.881467,24.073542,SIDE_DISPATCH|RAW_SEED_ATTEMPT|PRE_TIMING_SEED|TIMED_SEED|SEED_ELIGIBILITY|SOLVER_FAILED|FINAL_INPUT|JOINT_SEED|COMPARATOR_WIN|SELECTED|COMMITTED,,,,C3_HIGHER,1.0,0.4,1.938892455603166,24.749324083328247,25.66542935371399,25.842908143997192,1,FINAL_INPUT,1.43,1.43,,,True,23.842908143997192,26.872067,4.278171500023745,+1.310689->-1.944253,1.3106885993121464,1.2311260785338194,-1.9442528162645651,1.3752375242075296,0.4186241844794389,1,-0.6265551609022323,-0.6265551609022323,25.002908143997374,25.002908143997374,,26.63290814399763,,,1.13,1.13,1.13,0.0,1.3768179099568971,1.0535229067451173,4.597428940419103,True,0.7040250925543774,5.129227689755648,,False,False
20260927_103759_1243248,u1e3,0,158,SIDE_MINUS,1790476711.0358183,23.68514323234558,1790476711.1935833,True,True,False,False,,False,,,SIDE_DISPATCH|RAW_SEED_ATTEMPT|PRE_TIMING_SEED|TIMED_SEED|SEED_ELIGIBILITY|SOLVER_OK|FINAL_INPUT|JOINT_SEED|COMPARATOR_LOSS,,,,OPPONENT_C3_HIGHER,1.0,0.1,4.380087872038549,24.749324083328247,25.66542935371399,25.842908143997192,0,FINAL_INPUT,1.45,1.45,26.28290814399757,26.28290814399757,True,23.842908143997192,26.872067,3.621306124345288,+1.310689->-2.457796,1.3106885993121464,0.7950039988100582,-2.4577959015174256,1.3752375242075296,-0.3942279831520588,1,-0.6282171833773945,-0.6282171833773945,26.28290814399757,26.28290814399757,26.28290814399757,26.28290814399757,26.28290814399757,26.28290814399757,1.27,1.27,1.27,0.0,1.2479892268043886,0.3955188890137498,1.585812640862945,True,0.5096810849351268,4.220438582421575,-0.010841143997570413,False,False
20260927_103759_1243248,u1e3,0,159,NOMINAL,1790476711.2879477,23.937272548675537,1790476711.4439464,True,False,False,False,,False,,,NOMINAL_CONTEXT|FINAL_INPUT|JOINT_SEED|COMPARATOR_WIN,,,,,1.0,0.1666666666666666,5.093657921444906,24.749324083328247,25.94290804862976,26.093271255493164,0,FINAL_INPUT,1.37,1.37,,,True,24.093271255493164,26.872067,3.2082417005981387,+1.277991->-2.491948,1.2779911238924546,0.95307115105017,-2.4919480566008225,1.2900344303794309,-0.4958364481673586,1,-0.6298891947955045,-0.6298891947955045,26.31327125549351,26.31327125549351,26.31327125549351,26.31327125549351,26.31327125549351,26.31327125549351,1.27,1.27,1.27,0.0,1.3868245674014326,0.5451098868303251,2.8961970025436403,True,0.6217223359950437,4.220658289512549,,False,False
20260927_103759_1243248,u1e3,0,160,SIDE_PLUS,1790476711.2879477,23.937272548675537,1790476711.4439464,True,True,True,True,87.0,True,24.107875,24.370073,SIDE_DISPATCH|RAW_SEED_ATTEMPT|PRE_TIMING_SEED|TIMED_SEED|SEED_ELIGIBILITY|SOLVER_OK|FINAL_INPUT|JOINT_SEED|COMPARATOR_WIN|SELECTED|COMMITTED,,,,D3_LOWER,1.0,0.1666666666666666,5.052282557651882,24.749324083328247,25.94290804862976,26.093271255493164,0,FINAL_INPUT,1.34,1.34,,,True,24.093271255493164,26.872067,3.106914808799759,+1.277991->-2.612915,1.2779911238924546,0.9627997189669774,-2.6129147079961843,1.2900344303794309,-0.5690372268866939,1,-0.6262304441915468,-0.6262304441915468,26.293271255493508,26.293271255493508,26.293271255493508,26.293271255493508,26.293271255493508,26.293271255493508,1.27,1.27,1.27,0.0,1.4879916333767385,0.6872058947034025,2.698999947634134,True,0.6322293120774756,4.10825071169075,,False,False
20260927_103759_1243248,u1e3,0,161,SIDE_MINUS,1790476711.2879477,23.937272548675537,1790476711.4439464,True,True,False,False,,False,,,SIDE_DISPATCH|RAW_SEED_ATTEMPT|PRE_TIMING_SEED|TIMED_SEED|SEED_ELIGIBILITY|SOLVER_OK|FINAL_INPUT|JOINT_SEED|COMPARATOR_LOSS,,,,OPPONENT_D3_LOWER,1.0,0.1666666666666666,5.082209287318367,24.749324083328247,25.94290804862976,26.093271255493164,0,FINAL_INPUT,1.37,1.37,,,True,24.093271255493164,26.872067,3.1874501160329936,+1.277991->-2.515826,1.2779911238924546,0.9552255525395518,-2.515825731077819,1.2900344303794309,-0.509802107985669,1,-0.6294024236884554,-0.6294024236884554,26.31327125549351,26.31327125549351,26.31327125549351,26.31327125549351,26.31327125549351,26.31327125549351,1.27,1.27,1.27,0.0,1.411236594797385,0.5707033683694076,2.8610571986185835,True,0.6237075942401828,4.1987865078042255,,False,False
20260927_103759_1243248,u1e3,0,162,NOMINAL,1790476711.5622532,24.21157813072205,1790476711.7136788,True,False,False,False,,False,,,NOMINAL_CONTEXT|FINAL_INPUT|JOINT_SEED|COMPARATOR_WIN,,,,,1.0,0.1333333333333333,6.429918785775751,24.749324083328247,26.19327116012573,26.36300373077393,0,FINAL_INPUT,1.4,1.4,,,True,24.36300373077393,26.872067,3.7171353194107257,+1.239996->-2.301319,1.2399955119354922,0.9684479109377744,-2.3013189396930627,1.211884084641231,-0.370508703890146,1,-0.6281750792881701,-0.6281750792881701,26.35300373077424,26.35300373077424,26.35300373077424,26.35300373077424,26.35300373077424,26.35300373077424,1.27,1.27,1.27,0.0,1.252708883219842,0.467107775088678,1.7049930487216391,True,0.6445648712016956,4.388265478977935,,False,False
20260927_103759_1243248,u1e3,0,163,SIDE_PLUS,1790476711.5622532,24.21157813072205,1790476711.7136788,True,True,True,True,88.0,True,24.401934,24.635601,SIDE_DISPATCH|RAW_SEED_ATTEMPT|PRE_TIMING_SEED|TIMED_SEED|SEED_ELIGIBILITY|SOLVER_OK|FINAL_INPUT|JOINT_SEED|COMPARATOR_WIN|SELECTED|COMMITTED,,,,D3_LOWER,1.0,0.1333333333333333,6.393513130139759,24.749324083328247,26.19327116012573,26.36300373077393,0,FINAL_INPUT,1.4,1.4,,,True,24.36300373077393,26.872067,3.59041003966338,+1.239996->-2.381146,1.2399955119354922,0.9762747374361168,-2.3811457499002087,1.211884084641231,-0.3995859506566324,1,-0.6293577709155839,-0.6293577709155839,26.35300373077424,26.35300373077424,26.35300373077424,26.35300373077424,26.35300373077424,26.35300373077424,1.27,1.27,1.27,0.0,1.37268228932917,0.5831296082390961,2.6774868139639523,True,0.6498227943451897,4.327886739990382,,False,False
20260927_103759_1243248,u1e3,0,164,SIDE_MINUS,1790476711.5622532,24.21157813072205,1790476711.7136788,True,True,False,False,,False,,,SIDE_DISPATCH|RAW_SEED_ATTEMPT|PRE_TIMING_SEED|TIMED_SEED|SEED_ELIGIBILITY|SOLVER_OK|FINAL_INPUT|JOINT_SEED|COMPARATOR_LOSS,,,,OPPONENT_D3_LOWER,1.0,0.1333333333333333,6.428649506948064,24.749324083328247,26.19327116012573,26.36300373077393,0,FINAL_INPUT,1.41,1.41,,,True,24.36300373077393,26.872067,3.693138453040693,+1.239996->-2.296526,1.2399955119354922,0.9738137409638042,-2.2965260026285934,1.211884084641231,-0.3515033084846699,1,-0.6291822373542374,-0.6291822373542374,26.36300373077424,26.36300373077424,26.36300373077424,26.36300373077424,26.36300373077424,26.36300373077424,1.27,1.27,1.27,0.0,1.296507144772608,0.482471320689231,2.217509052934405,True,0.6467955763860964,4.405851450567348,,False,False
20260927_103759_1243248,u1e3,0,166,SIDE_PLUS,1790476711.8470829,24.49640774726868,1790476711.9944184,True,True,False,False,,False,,,SIDE_DISPATCH|RAW_SEED_ATTEMPT|PRE_TIMING_SEED|TIMED_SEED|SEED_ELIGIBILITY|SOLVER_OK|FINAL_INPUT|JOINT_SEED|COMPARATOR_WIN,,,,,1.0,0.1111111111111111,7.052649096350624,24.749324083328247,26.46300363540649,26.64374327659607,0,FINAL_INPUT,1.43,1.43,,,True,24.64374327659607,26.872067,3.539715059864585,+1.167154->-2.320795,1.1671537542204669,0.9796704975408208,-2.3207946607993786,1.1284944254535114,-0.3146553238408774,1,-0.6286960199324871,-0.6286960199324871,26.38374327659634,26.38374327659634,26.38374327659634,26.38374327659634,,26.38374327659634,1.27,1.27,1.27,0.0,1.4124279340824075,0.6590786276132269,3.151662728916853,True,0.6532140027219309,4.412080206105945,,False,False
20260927_103759_1243248,u1e3,0,167,SIDE_MINUS,1790476711.8470829,24.49640774726868,1790476711.9944184,True,True,True,True,89.0,True,24.67139,24.871848,SIDE_DISPATCH|RAW_SEED_ATTEMPT|PRE_TIMING_SEED|TIMED_SEED|SEED_ELIGIBILITY|SOLVER_OK|FINAL_INPUT|JOINT_SEED|COMPARATOR_WIN|SELECTED|COMMITTED,,,,D3_LOWER,1.0,0.1111111111111111,7.036108137042995,24.749324083328247,26.46300363540649,26.64374327659607,0,FINAL_INPUT,1.42,1.42,,,True,24.64374327659607,26.872067,3.6368741897015138,+1.167154->-2.262733,1.1671537542204669,0.9773294300731244,-2.262732630865478,1.1284944254535114,-0.3058962956510373,1,-0.6278412139683298,-0.6278412139683298,26.37374327659634,26.37374327659634,26.37374327659634,26.37374327659634,,26.37374327659634,1.27,1.27,1.27,0.0,1.314442618656292,0.5304703538254788,2.585266611391668,True,0.6514944518702026,4.446340513533544,,False,False
20260927_103759_1243248,u1e3,0,168,NOMINAL,1790476712.099781,24.74910593032837,1790476712.2438836,True,False,False,False,,False,,,NOMINAL_CONTEXT|FINAL_INPUT|JOINT_SEED|COMPARATOR_WIN,,,,,1.0,0.0588235294117647,7.022004877616626,24.893208503723145,26.64932322502136,26.893208503723145,0,FINAL_INPUT,1.43,1.43,,,True,24.893208503723145,26.872067,3.616150563879071,+1.049345->-2.187169,1.04934456184588,0.9773367521162456,-2.187168682419037,1.0222331606792867,-0.3280967185300422,1,-0.6298886438290363,-0.6298886438290363,26.383208503723377,26.383208503723377,26.383208503723377,26.383208503723377,,26.383208503723377,1.27,1.27,1.27,0.0,1.2767667022980274,0.4849078310596849,2.408558961628417,True,0.6514651987420659,4.494800748471267,,False,False
20260927_103759_1243248,u1e3,0,169,SIDE_PLUS,1790476712.099781,24.74910593032837,1790476712.2438836,True,True,False,False,,False,,,SIDE_DISPATCH|RAW_SEED_ATTEMPT|PRE_TIMING_SEED|TIMED_SEED|SEED_ELIGIBILITY|SOLVER_OK|FINAL_INPUT|JOINT_SEED|COMPARATOR_LOSS,,,,OPPONENT_D3_LOWER,1.0,0.0588235294117647,7.079143999137853,24.893208503723145,26.64932322502136,26.893208503723145,0,FINAL_INPUT,1.44,1.44,,,True,24.893208503723145,26.872067,3.613276217776595,+1.049345->-2.187100,1.04934456184588,0.9773996569052544,-2.187099858107093,1.0222331606792867,-0.293152222185175,1,-0.6261633218390107,-0.6261633218390107,26.39320850372338,26.39320850372338,26.39320850372338,26.39320850372338,,26.39320850372338,1.27,1.27,1.27,0.0,1.2936688206565268,0.5048554439547268,2.475839151546392,True,0.6515820131180785,4.522869191918807,,False,False
20260927_103759_1243248,u1e3,0,170,SIDE_MINUS,1790476712.099781,24.74910593032837,1790476712.2438836,True,True,True,True,90.0,True,24.904939,25.168165,SIDE_DISPATCH|RAW_SEED_ATTEMPT|PRE_TIMING_SEED|TIMED_SEED|SEED_ELIGIBILITY|SOLVER_OK|FINAL_INPUT|JOINT_SEED|COMPARATOR_WIN|SELECTED|COMMITTED,,,,D3_LOWER,1.0,0.0588235294117647,6.978962343038578,24.893208503723145,26.64932322502136,26.893208503723145,0,FINAL_INPUT,1.42,1.42,,,True,24.893208503723145,26.872067,3.589553675364198,+1.049345->-2.196157,1.04934456184588,0.97729743646166,-2.196157392823269,1.0222331606792867,-0.3623654999541182,1,-0.627130906991761,-0.627130906991761,26.373208503723376,26.373208503723376,26.373208503723376,26.373208503723376,,26.373208503723376,1.27,1.27,1.27,0.0,1.2887303078811825,0.5005852386750359,2.49331307105506,True,0.6513560684719517,4.463155662611983,,False,False
20260927_103759_1243248,u1e3,0,172,SIDE_PLUS,1790476712.3899865,25.039311170578003,1790476712.530952,True,True,False,False,,False,,,SIDE_DISPATCH|RAW_SEED_ATTEMPT|PRE_TIMING_SEED|TIMED_SEED|SEED_ELIGIBILITY|SOLVER_FAILED|FINAL_INPUT|JOINT_SEED|COMPARATOR_WIN,,,,,0.0,0.0,0.0,-1790476687.350675,-1790476687.350675,27.18027687072754,1,FINAL_INPUT,1.28,1.28,,,True,25.18027687072754,26.872067,3.011826435071531,+0.834932->-2.911146,0.8349321560204008,0.8349321560204008,-2.911146047781344,0.815518458197045,0.0412359382370689,1,-0.6257891138412084,-0.6257891138412084,26.46027687072774,26.46027687072774,26.46027687072774,26.46027687072774,,26.46027687072774,1.1,1.1,1.1,0.0,1.7845740902110605,2.379729339601702,15.030672146482525,True,0.653956093832629,4.738700593843927,,False,False
20260927_103759_1243248,u1e3,0,173,SIDE_MINUS,1790476712.3899865,25.039311170578003,1790476712.530952,True,True,True,True,91.0,True,25.202846,25.43562,SIDE_DISPATCH|RAW_SEED_ATTEMPT|PRE_TIMING_SEED|TIMED_SEED|SEED_ELIGIBILITY|SOLVER_FAILED|FINAL_INPUT|JOINT_SEED|COMPARATOR_WIN|SELECTED|COMMITTED,,,,,0.0,0.0,0.0,-1790476687.350675,-1790476687.350675,27.18027687072754,1,FINAL_INPUT,1.02,1.02,26.2002768707277,26.2002768707277,True,25.18027687072754,26.872067,3.011826435071531,+0.834932->-2.172377,0.8349321560204008,0.8349321560204008,-2.172376763257415,0.815518458197045,-1.187946939624131,1,-0.6283288707984914,-0.6283288707984914,26.2002768707277,26.2002768707277,26.2002768707277,26.2002768707277,26.2002768707277,26.2002768707277,1.02,1.02,1.02,0.0,1.7212570829659195,2.076855120916979,10.540405275081737,True,0.653956093832629,3.9552676920327703,0.07179012927230133,True,True
20260927_103759_1243248,u1e3,0,175,SIDE_PLUS,1790476712.6706996,25.320024490356445,1790476712.8106997,True,True,False,False,,False,,,SIDE_DISPATCH|RAW_SEED_ATTEMPT|PRE_TIMING_SEED|TIMED_SEED|SEED_ELIGIBILITY|SOLVER_FAILED|FINAL_INPUT|JOINT_SEED|COMPARATOR_WIN,,,,,0.0,0.0,0.0,-1790476687.350675,-1790476687.350675,27.46002435684204,1,FINAL_INPUT,0.95,0.95,,,True,25.46002435684204,26.872067,4.540368855110243,+0.423252->-2.212100,0.4232521291764546,0.4232521291764546,-2.212099646161949,0.4315003183962998,-0.236978888794737,1,-0.6248002922868041,-0.6248002922868041,26.41002435684219,26.41002435684219,26.41002435684219,26.41002435684219,,26.41002435684219,0.8200000000000001,0.8200000000000001,0.8200000000000001,0.0,1.2582825713224002,2.2118719620035767,14.893592958326735,True,0.6634434914469474,5.003943083475856,,False,False
20260927_103759_1243248,u1e3,0,176,SIDE_MINUS,1790476712.6706996,25.320024490356445,1790476712.8106997,True,True,True,True,92.0,True,25.482386,25.737337,SIDE_DISPATCH|RAW_SEED_ATTEMPT|PRE_TIMING_SEED|TIMED_SEED|SEED_ELIGIBILITY|SOLVER_FAILED|FINAL_INPUT|JOINT_SEED|COMPARATOR_WIN|SELECTED|COMMITTED,,,,,0.0,0.0,0.0,-1790476687.350675,-1790476687.350675,27.46002435684204,1,FINAL_INPUT,0.85,0.85,,,True,25.46002435684204,26.872067,4.540368855110243,+0.423252->-1.711382,0.4232521291764546,0.4232521291764546,-1.7113818563485854,0.4315003183962998,-0.9169272763159924,1,-0.6265838812838295,-0.6265838812838295,26.31002435684217,26.31002435684217,26.31002435684217,26.31002435684217,26.31002435684217,26.31002435684217,0.8200000000000001,0.8200000000000001,0.8200000000000001,0.0,1.3057449241234946,1.9138175789357428,9.253284432458011,True,0.6634434914469474,4.569188804051516,,False,False
20260927_103759_1243248,u1e3,0,178,SIDE_PLUS,1790476712.949238,25.598562955856323,1790476713.089238,True,True,False,False,,False,,,SIDE_DISPATCH|RAW_SEED_ATTEMPT|PRE_TIMING_SEED|TIMED_SEED|SEED_ELIGIBILITY|SOLVER_FAILED|FINAL_INPUT|JOINT_SEED|COMPARATOR_WIN,,,,,0.0,0.0,0.0,-1790476687.350675,-1790476687.350675,27.73856282234192,1,FINAL_INPUT,0.6,0.6,,,True,25.73856282234192,26.872067,4.544355445714845,-0.193259->-1.616935,-0.1932593337604736,-0.1932593337604736,-1.6169346927021488,-0.2203565205298748,-0.926846996181537,0,-0.544394111910789,-0.544394111910789,26.338562822342013,26.338562822342013,26.338562822342013,26.338562822342013,26.338562822342013,26.338562822342013,0.54,0.54,0.54,0.0,1.5301193719550703,1.731379564038556,7.287869396253013,True,0.681540815608392,4.887262788185735,,False,False
20260927_103759_1243248,u1e3,0,179,SIDE_MINUS,1790476712.949238,25.598562955856323,1790476713.089238,True,True,True,True,93.0,True,25.769028,26.003561,SIDE_DISPATCH|RAW_SEED_ATTEMPT|PRE_TIMING_SEED|TIMED_SEED|SEED_ELIGIBILITY|SOLVER_FAILED|FINAL_INPUT|JOINT_SEED|COMPARATOR_WIN|SELECTED|COMMITTED,,,,,0.0,0.0,0.0,-1790476687.350675,-1790476687.350675,27.73856282234192,1,FINAL_INPUT,0.54,0.54,26.278562822342003,26.278562822342003,True,25.73856282234192,26.872067,4.544355445714845,-0.193259->-2.065185,-0.1932593337604736,-0.1932593337604736,-2.065184611122814,-0.2203565205298748,-1.6473687232724892,0,-0.544394111910789,-0.544394111910789,26.278562822342003,26.278562822342003,26.278562822342003,26.278562822342003,26.278562822342003,26.278562822342003,0.54,0.54,0.54,0.0,1.303436295584916,0.9249272165448305,4.183809970843869,True,0.681540815608392,4.169041575992399,-0.006495822342003521,False,True
20260927_103759_1243248,u1e3,0,180,NOMINAL,1790476713.2408755,25.89020037651062,1790476713.380875,True,False,True,True,94.0,True,26.035958,26.305203,NOMINAL_CONTEXT|FINAL_INPUT|JOINT_SEED|COMPARATOR_WIN|SELECTED|COMMITTED,,,,,1.0,0.4,0.3628392071375749,26.030200242996216,26.44932460784912,28.030200242996216,0,FINAL_INPUT,0.25,0.25,26.28020024299625,26.28020024299625,True,26.030200242996216,26.872067,3.402648302740033,-0.851529->-1.996172,-0.8515294268171718,-0.8515294268171718,-1.9961723353982368,-0.9071609339820228,-1.9303990843185543,0,-0.2547345429069369,-0.2547345429069369,26.28020024299625,26.28020024299625,26.28020024299625,26.28020024299625,26.28020024299625,26.28020024299625,0.25,0.25,0.25,0.0,1.2678670512248604,0.3525059869266773,1.218398834159334,True,0.7842068033848308,4.177287585776296,-0.00813324299625151,False,True
20260927_103759_1243248,u1e3,0,181,SIDE_MINUS,1790476713.2408755,25.89020037651062,1790476713.380875,False,True,False,False,,False,,,SIDE_DISPATCH|RAW_SEED_ATTEMPT|PRE_TIMING_SEED|TIMED_SEED|SEED_ELIGIBILITY|PRE_LOS|POST_LOS|SOLVER_OK|FINAL_INPUT|JOINT_SEED|PREFLIGHT_REJECT,PREFLIGHT_REJECT,DYNAMICS_FAIL,,,0.0,0.0,0.0,-1790476687.350675,-1790476687.350675,-1790476687.350675,0,FINAL_INPUT,0.21,0.21,26.24020024299625,26.24020024299625,True,26.030200242996216,26.872067,3.2025227334195248,-0.851529->-3.383459,-0.8515294268171718,-0.8515294268171718,-3.383458996410454,-0.9071609339820228,-4.69316241411276,0,-0.2547345429069369,-0.2547345429069369,26.24020024299625,26.24020024299625,26.24020024299625,26.24020024299625,26.24020024299625,26.24020024299625,0.21,0.21,0.21,0.0,7.184006442301904,23.34614888346128,119.93252832128516,False,0.7842068033848308,1.4918422555317905,0.03186675700375119,True,False
20260927_103759_1243248,u1e3,0,182,SIDE_PLUS,1790476713.2408755,25.89020037651062,1790476713.380875,False,True,False,False,,False,,,SIDE_DISPATCH|RAW_SEED_ATTEMPT|PRE_TIMING_SEED|TIMED_SEED|SEED_ELIGIBILITY|PRE_LOS|POST_LOS|SOLVER_OK|FINAL_INPUT|JOINT_SEED|PREFLIGHT_REJECT,PREFLIGHT_REJECT,DYNAMICS_FAIL,,,0.0,0.0,0.0,-1790476687.350675,-1790476687.350675,-1790476687.350675,0,FINAL_INPUT,0.44,0.44,,,True,26.030200242996216,26.872067,3.0090697097581964,-0.851529->+8.702392,-0.8515294268171718,-0.8515294268171718,8.70239238072378,-0.9071609339820228,3.9531717496616254,1,-0.2547345429069369,-0.2547345429069369,26.28020024299625,26.28020024299625,,,,,0.25,0.25,0.25,0.0,22.282795942312912,65.59365454566553,407.4237147380663,False,0.1483902330958851,0.738511396699713,,False,False
20260927_103759_1243248,u1e3,0,183,NOMINAL,1790476713.5378506,26.187175512313843,1790476713.6778505,True,False,True,True,95.0,True,26.335633,26.57087,FINAL_INPUT|JOINT_SEED|COMPARATOR_WIN|SELECTED|COMMITTED,,,,,1.0,1.0,0.0,26.32717537879944,26.4493248462677,28.32717537879944,0,FINAL_INPUT,0.0,0.0,,,True,26.32717537879944,26.872067,3.378899404535117,-1.442270->-1.992340,-1.4422704773990245,-1.4422704773990245,-1.9923403891655092,0.0,0.0,0,0.053345820365763,0.053345820365763,26.32717537879944,26.32717537879944,26.32717537879944,26.32717537879944,26.32717537879944,26.32717537879944,0.0,0.0,0.0,0.0,1.2546518856728253,0.2681294452894111,1.252166965492672,True,0.989711328143432,4.184178738499156,,False,False
20260927_103759_1243248,u1e4,0,425,NOMINAL,1790476742.6198618,55.2691867351532,1790476742.7638452,True,False,True,False,,False,,,NOMINAL_CONTEXT|FINAL_INPUT|JOINT_SEED|COMPARATOR_WIN|SELECTED|COMMIT_FAILED,COMMIT_FAILED,,,,0.0,0.0,0.0,-1790476687.350675,-1790476687.350675,57.41317009925842,0,FINAL_INPUT,0.64,0.64,,,True,55.41317009925842,59.082308000000005,3.9019085904003754,-0.239557->-0.911013,-0.2395571795613434,0.4455377546760946,-0.9110131872013416,0.0,0.0,2,-0.2641664332975227,-0.2641664332975227,57.70317009925797,57.70317009925797,58.5431700992578,58.5431700992578,58.5431700992578,58.5431700992578,0.58,0.58,0.58,0.0,1.27454137524217,1.355837850550112,5.647447275315095,True,0.8001407340573552,-0.1841664332975227,,False,False
20260927_103759_1243248,u1e4,0,426,SIDE_PLUS,1790476742.6198618,55.2691867351532,1790476742.7638452,True,False,False,False,,False,,,SIDE_DISPATCH|RAW_SEED_ATTEMPT|PRE_TIMING_SEED|TIMED_SEED|SEED_ELIGIBILITY|SOLVER_OK|FINAL_INPUT|COMPARATOR_LOSS,,,,,0.0,0.0,0.0,-1790476687.350675,-1790476687.350675,57.41317009925842,0,FINAL_INPUT,0.62,0.62,58.45317009925782,58.45317009925782,True,55.41317009925842,59.082308000000005,3.8684943411587622,-0.239557->-0.947705,-0.2395571795613434,0.4083843982800363,-0.9477045066368152,0.0,0.0,2,-0.2764933579480889,-0.2764933579480889,57.70317009925797,57.70317009925797,58.45317009925782,58.45317009925782,58.45317009925782,58.45317009925782,0.62,0.62,0.62,0.0,1.1715698048946903,1.253000537116952,3.3528820390214475,True,0.8001407340573552,-0.1964933579480889,0.029137900742185252,True,False
20260927_103759_1243248,u1e4,0,427,SIDE_MINUS,1790476742.6198618,55.2691867351532,1790476742.7638452,True,False,False,False,,False,,,SIDE_DISPATCH|RAW_SEED_ATTEMPT|PRE_TIMING_SEED|TIMED_SEED|SEED_ELIGIBILITY|SOLVER_OK|FINAL_INPUT|COMPARATOR_LOSS,,,,,0.0,0.0,0.0,-1790476687.350675,-1790476687.350675,57.41317009925842,0,FINAL_INPUT,0.0,0.0,57.70317009925797,57.70317009925797,True,55.41317009925842,59.082308000000005,3.803346889840781,-0.239557->-1.010760,-0.2395571795613434,-0.9273507887279112,-1.0107601586389374,0.0,0.0,0,0.4226730590305503,0.3845459559968549,57.70317009925797,57.70317009925797,57.70317009925797,57.70317009925797,57.70317009925797,57.70317009925797,0.0,0.0,0.0,0.0,1.1445085732515834,1.6459643961456514,6.643684560486287,True,0.8001407340573552,0.5043144373902518,0.779137900742036,True,False
20260927_103759_1243248,u1e4,0,428,NOMINAL,1790476742.656819,55.30614423751831,1790476742.799063,True,False,True,True,197.0,True,55.475854,55.635813,NOMINAL_CONTEXT|FINAL_INPUT|JOINT_SEED|COMPARATOR_WIN|SELECTED|COMMITTED,,,,,0.0,0.0,0.0,-1790476687.350675,-1790476687.350675,57.44838786125183,0,FINAL_INPUT,0.53,0.53,,,True,55.44838786125183,59.082308000000005,4.060614158464814,-0.236456->-0.721861,-0.2364561035146447,0.3959632560491242,-0.7218606708223043,0.0,0.0,2,-0.1451620501811585,-0.1451620501811585,57.70838786125138,57.70838786125138,57.70838786125138,57.70838786125138,,57.70838786125138,0.38,0.38,0.38,0.0,1.2152594069356906,1.2205366292585005,4.270050047839836,True,0.8187413097814473,-0.0651620501811585,,False,False
20260927_103759_1243248,u1e4,0,429,SIDE_PLUS,1790476742.656819,55.30614423751831,1790476742.799063,True,False,False,False,,False,,,SIDE_DISPATCH|RAW_SEED_ATTEMPT|PRE_TIMING_SEED|TIMED_SEED|SEED_ELIGIBILITY|SOLVER_OK|FINAL_INPUT|COMPARATOR_LOSS,,,,,0.0,0.0,0.0,-1790476687.350675,-1790476687.350675,57.44838786125183,0,FINAL_INPUT,0.32,0.32,,,True,55.44838786125183,59.082308000000005,4.7275622463844345,-0.236456->-0.150130,-0.2364561035146447,0.7475950444292202,-0.1501296827754833,0.0,0.0,2,-0.2934150409503855,-0.2934150409503855,57.70838786125138,57.70838786125138,57.70838786125138,57.70838786125138,57.70838786125138,57.70838786125138,0.02,0.02,0.02,0.0,0.9611527383658226,1.1539500214635154,3.927860388986842,True,0.8187413097814473,-0.2134150409503855,,False,False
20260927_103759_1243248,u1e4,0,430,SIDE_MINUS,1790476742.656819,55.30614423751831,1790476742.799063,True,False,False,False,,False,,,SIDE_DISPATCH|RAW_SEED_ATTEMPT|PRE_TIMING_SEED|TIMED_SEED|SEED_ELIGIBILITY|SOLVER_OK|FINAL_INPUT|COMPARATOR_LOSS,,,,,0.0,0.0,0.0,-1790476687.350675,-1790476687.350675,57.44838786125183,0,FINAL_INPUT,0.0,0.0,57.70838786125138,57.70838786125138,True,55.44838786125183,59.082308000000005,3.79183266366705,-0.236456->-0.993197,-0.2364561035146447,-0.9429909407941276,-0.9931974726812106,0.0,0.0,0,0.433718482741012,0.3850696822299596,57.70838786125138,57.70838786125138,57.70838786125138,57.70838786125138,57.70838786125138,57.70838786125138,0.0,0.0,0.0,0.0,1.1450455459153683,1.679620772315734,6.778829882447041,True,0.8187413097814473,0.5143761119412592,0.7739201387486219,True,False
20260927_103759_1243248,u1e4,0,431,NOMINAL,1790476742.8463871,55.49571204185486,1790476742.986421,True,False,True,True,198.0,True,55.67387,55.903478,NOMINAL_CONTEXT|FINAL_INPUT|JOINT_SEED|COMPARATOR_WIN|SELECTED|COMMITTED,,,,,0.0,0.0,0.0,-1790476687.350675,-1790476687.350675,57.635746240615845,0,FINAL_INPUT,0.56,0.56,,,True,55.635746240615845,59.082308000000005,3.661291839167929,-0.206738->-0.925931,-0.2067382964669882,0.4051536109400253,-0.9259308897538492,0.0,0.0,2,-0.3312581700980391,-0.3312581700980391,57.70574624061543,57.70574624061543,57.70574624061543,57.70574624061543,,57.70574624061543,0.43,0.43,0.43,0.0,1.5037371943574458,2.3416050620496542,12.690943927734487,True,0.912632770493778,-0.2512581700980391,,False,False
20260927_103759_1243248,u1e4,0,432,SIDE_PLUS,1790476742.8463871,55.49571204185486,1790476742.986421,True,False,False,False,,False,,,SIDE_DISPATCH|RAW_SEED_ATTEMPT|PRE_TIMING_SEED|TIMED_SEED|SEED_ELIGIBILITY|SOLVER_OK|FINAL_INPUT|COMPARATOR_LOSS,,,,,0.0,0.0,0.0,-1790476687.350675,-1790476687.350675,57.635746240615845,0,FINAL_INPUT,0.59,0.59,,,True,55.635746240615845,59.082308000000005,3.655041644819999,-0.206738->-0.940684,-0.2067382964669882,0.6015534253055937,-0.940684437755611,0.0,0.0,2,-0.3568509431712082,-0.3568509431712082,57.70574624061543,57.70574624061543,58.50574624061528,57.70574624061543,58.50574624061528,58.50574624061528,0.5700000000000001,0.5700000000000001,0.5700000000000001,0.0,1.184240078423619,1.752439599752952,4.445699418337768,True,0.912632770493778,-0.1771939659866349,,False,False
20260927_103759_1243248,u1e4,0,434,NOMINAL,1790476743.1036255,55.75295042991638,1790476743.2436254,True,False,True,True,199.0,True,55.935652,56.169096,NOMINAL_CONTEXT|FINAL_INPUT|JOINT_SEED|COMPARATOR_WIN|SELECTED|COMMITTED,,,,,0.0,0.0,0.0,-1790476687.350675,-1790476687.350675,57.89295029640198,0,FINAL_INPUT,0.62,0.62,58.18295029640152,58.18295029640152,True,55.89295029640198,58.92972857301525,3.0367782766132723,-0.150319->-1.146931,-0.1503191925544845,0.243969485077418,-1.146930892957771,0.320912724176113,-1.033880855266179,2,-0.3565420461453758,-0.3565420461453758,58.18295029640152,58.18295029640152,58.18295029640152,58.18295029640152,58.18295029640152,58.18295029640152,0.48,0.48,0.48,0.0,1.3769475478496656,1.9862400654088443,11.106283524758112,True,1.0241208868605298,0.1495283143457991,0.29935770359848135,True,False
20260927_103759_1243248,u1e4,0,437,NOMINAL,1790476743.396295,56.04561996459961,1790476743.536295,False,False,False,False,,False,,,NOMINAL_CONTEXT|FINAL_INPUT|JOINT_SEED|PREFLIGHT_REJECT,PREFLIGHT_REJECT,HARD_DYNAMIC_COLLISION_FAIL,,,0.0,0.0,0.0,-1790476687.350675,-1790476687.350675,-1790476687.350675,0,FINAL_INPUT,0.5700000000000001,0.5700000000000001,,,True,56.185619831085205,59.082308000000005,4.514558494864103,-0.063747->-0.806994,-0.0637470793192399,0.6897647075076122,-0.8069940533011603,0.0,0.0,2,-0.3535037235265977,-0.3535037235265977,57.7056198310849,57.7056198310849,57.7056198310849,57.7056198310849,,57.7056198310849,0.29,0.29,0.29,0.0,1.468416019561651,1.558657229898652,3.490926333586972,True,1.1126392844863358,-0.2106151518568136,,False,False
20260927_103759_1243248,u1e4,0,438,SIDE_PLUS,1790476743.396295,56.04561996459961,1790476743.536295,True,False,True,True,200.0,True,56.202072,56.435827,SIDE_DISPATCH|RAW_SEED_ATTEMPT|PRE_TIMING_SEED|TIMED_SEED|SEED_ELIGIBILITY|SOLVER_OK|FINAL_INPUT|COMPARATOR_WIN|SELECTED|COMMITTED,,,,,1.0,0.0,1.4041050986822674,57.54932355880737,57.99295020103455,58.185619831085205,0,FINAL_INPUT,0.61,0.61,58.11561983108482,58.11561983108482,True,56.185619831085205,59.082308000000005,4.316346831207856,-0.063747->-1.704809,-0.0637470793192399,0.1948459795716923,-1.704809083597131,0.0,0.0,2,-0.3568740671978616,-0.3568740671978616,58.11561983108482,58.11561983108482,58.11561983108482,58.11561983108482,58.11561983108482,58.11561983108482,0.41,0.41,0.41,0.0,1.5135111950091544,1.9676973810864529,4.972522125418386,True,1.1126392844863358,0.1651581883517369,0.3666881689151822,True,False
20260927_103759_1243248,u1e4,0,440,NOMINAL,1790476743.6589,56.30822491645813,1790476743.7989,False,False,False,False,,False,,,NOMINAL_CONTEXT|FINAL_INPUT|JOINT_SEED|PREFLIGHT_REJECT,PREFLIGHT_REJECT,static map t=1.36667 occupancy=1 pos= 18.4088 0.664534  1.30976,,,0.0,0.0,0.0,-1790476687.350675,-1790476687.350675,-1790476687.350675,1,FINAL_INPUT,0.0,0.0,57.70822478294348,57.70822478294348,True,56.448224782943726,59.082308000000005,14.83307991350045,+0.088432->+0.145882,0.0884318530445499,0.2103259449936356,0.1458817143710797,0.0,0.0,2,0.1346633140203813,0.1346633140203813,57.70822478294348,57.70822478294348,57.70822478294348,57.70822478294348,57.70822478294348,57.70822478294348,0.0,0.0,0.0,0.0,3.0819304406511487,3.51752480069189,19.01650106699811,False,1.1519308720867891,0.2146633140203813,0.7740832170565213,True,False
20260927_103759_1243248,u1e4,0,442,SIDE_PLUS,1790476743.6589,56.30822491645813,1790476743.7989,True,False,True,True,201.0,True,56.476023,56.703475,SIDE_DISPATCH|RAW_SEED_ATTEMPT|PRE_TIMING_SEED|TIMED_SEED|SEED_ELIGIBILITY|SOLVER_OK|FINAL_INPUT|COMPARATOR_WIN|SELECTED|COMMITTED,,,,,1.0,0.2857142857142857,1.6699837544823823,57.54932355880737,58.24932312965393,58.448224782943726,0,FINAL_INPUT,0.62,0.62,58.28822478294336,58.28822478294336,True,56.448224782943726,59.082308000000005,4.4603351823739885,+0.088432->-1.635335,0.0884318530445499,0.3790606949491116,-1.6353353501635115,0.0,0.0,1,-0.3592080225626504,-0.3592080225626504,58.28822478294336,58.28822478294336,58.28822478294336,58.28822478294336,58.28822478294336,58.28822478294336,0.58,0.58,0.58,0.0,1.515704083177932,1.694812307109525,3.66483798590865,True,1.1519308720867891,0.2025423940725291,0.19408321705664378,True,False
20260927_103759_1243248,u1e4,0,443,NOMINAL,1790476743.919865,56.56918954849243,1790476744.0598643,True,False,True,True,202.0,True,56.735912,57.005012,NOMINAL_CONTEXT|FINAL_INPUT|JOINT_SEED|COMPARATOR_WIN|SELECTED|COMMITTED,,,,,1.0,0.3333333333333333,1.6893635832008234,57.54932355880737,58.44932317733765,58.70918941497803,0,FINAL_INPUT,0.63,0.63,58.11918941497775,58.11918941497775,True,56.70918941497803,59.082308000000005,4.153122589137821,+0.283585->-1.144848,0.2835851744973773,0.1526313332789853,-1.1448477504696235,0.4514292307030254,-1.3024564999583157,1,-0.3549256664143808,-0.3549256664143808,58.11918941497775,58.11918941497775,58.11918941497775,58.11918941497775,58.11918941497775,58.11918941497775,0.41,0.41,0.41,0.0,1.4782143802192542,1.7929968455737617,7.527783896455848,True,1.2263660333204731,-0.0880243525814085,0.36311858502225647,True,True
20260927_103759_1243248,u1e4,0,444,SIDE_PLUS,1790476743.919865,56.56918954849243,1790476744.0598643,True,False,False,False,,False,,,SIDE_DISPATCH|RAW_SEED_ATTEMPT|PRE_TIMING_SEED|TIMED_SEED|SEED_ELIGIBILITY|PRE_LOS|POST_LOS|SOLVER_OK|FINAL_INPUT|COMPARATOR_LOSS,,,,OPPONENT_D3_LOWER,1.0,0.3333333333333333,1.784618661648884,57.54932355880737,58.44932317733765,58.70918941497803,0,FINAL_INPUT,0.6900000000000001,0.6900000000000001,,,True,56.70918941497803,59.082308000000005,4.490353358333564,+0.283585->-1.238134,0.2835851744973773,0.530676333380522,-1.2381341269724404,0.4514292307030254,-0.932412023157332,1,-0.3582426885355455,-0.3582426885355455,57.70918941497783,57.70918941497783,58.51918941497767,58.51918941497767,58.51918941497767,58.51918941497767,0.66,0.66,0.66,0.0,1.3787468924646973,1.645939601613213,2.709157543757527,True,1.2263660333204731,0.2862761477969825,,False,False
20260927_103759_1243248,u1e4,0,446,NOMINAL,1790476744.2163208,56.86564564704895,1790476744.3563206,True,False,False,False,,False,,,NOMINAL_CONTEXT|FINAL_INPUT|JOINT_SEED|COMPARATOR_WIN,,,,,1.0,0.1111111111111111,2.048133608704936,57.54932355880737,58.44932317733765,59.00564551353455,0,FINAL_INPUT,0.74,0.74,58.28564551353429,58.28564551353429,True,57.00564551353455,59.082308000000005,4.118086831265877,+0.469619->-1.072296,0.4696194506709399,0.2454562327115765,-1.072295825512399,0.5588665864892148,-1.2512106428902317,1,-0.3555279916598199,-0.3555279916598199,58.28564551353429,58.28564551353429,58.28564551353429,58.28564551353429,58.28564551353429,58.28564551353429,0.58,0.58,0.58,0.0,1.4238608168996374,1.4392438108887486,5.614822012967728,True,1.4092433215530071,-0.047925160638446,0.19666248646571205,True,True
20260927_103759_1243248,u1e4,0,447,SIDE_PLUS,1790476744.2163208,56.86564564704895,1790476744.3563206,True,False,True,True,203.0,True,57.035377,57.303431,SIDE_DISPATCH|RAW_SEED_ATTEMPT|PRE_TIMING_SEED|TIMED_SEED|SEED_ELIGIBILITY|PRE_LOS|POST_LOS|SOLVER_OK|FINAL_INPUT|COMPARATOR_WIN|SELECTED|COMMITTED,,,,C3_HIGHER,1.0,0.3333333333333333,1.785198633345618,57.54932355880737,58.44932317733765,59.00564551353455,0,FINAL_INPUT,0.94,0.94,,,True,57.00564551353455,59.082308000000005,4.559426596966913,+0.469619->-0.927113,0.4696194506709399,0.446348044277963,-0.9271126121042628,0.5588665864892148,-0.7129948869020528,1,-0.3578886009908134,-0.3578886009908134,57.70564551353441,57.70564551353441,58.7356455135342,58.7356455135342,,58.7356455135342,0.6900000000000001,0.6900000000000001,0.6900000000000001,0.0,1.663538363809245,1.8905335576953204,8.116897484953405,True,1.4092433215530071,0.2091836831980918,,False,False
20260927_103759_1243248,u1e4,0,448,SIDE_MINUS,1790476744.2163208,56.86564564704895,1790476744.3563206,False,False,False,False,,False,,,SIDE_DISPATCH|RAW_SEED_ATTEMPT|PRE_TIMING_SEED|TIMED_SEED|SEED_ELIGIBILITY|PRE_LOS|POST_LOS|SOLVER_OK|FINAL_INPUT|PREFLIGHT_REJECT,PREFLIGHT_REJECT,DYNAMICS_FAIL,,,0.0,0.0,0.0,-1790476687.350675,-1790476687.350675,-1790476687.350675,0,FINAL_INPUT,0.28,0.28,57.70564551353441,57.70564551353441,True,57.00564551353455,59.082308000000005,4.559426596966913,+0.469619->-2.646758,0.4696194506709399,-0.7209628580008772,-2.646757531520608,0.5588665864892148,-3.609819730057577,1,-0.3357437325019735,-0.3357437325019735,57.70564551353441,57.70564551353441,57.70564551353441,57.70564551353441,57.70564551353441,57.70564551353441,0.0,0.0,0.0,0.0,5.533465296393475,11.259100478541535,40.59283108851065,False,1.4092433215530071,-0.2557437325019735,0.7766624864655967,True,False
20260927_103759_1243248,u1e4,0,449,NOMINAL,1790476744.5038886,57.15321350097656,1790476744.6438885,True,False,True,True,204.0,True,57.335311,57.569253,NOMINAL_CONTEXT|FINAL_INPUT|JOINT_SEED|COMPARATOR_WIN|SELECTED|COMMITTED,,,,,1.0,0.4615384615384615,2.062455091251535,57.54932355880737,58.84932279586792,59.29321336746216,0,FINAL_INPUT,0.71,0.71,58.39321336746194,58.39321336746194,True,57.29321336746216,59.082308000000005,3.9302926325759135,+0.510862->-1.313181,0.5108623596917687,0.3848346051558319,-1.3131807198430512,0.527701590862323,-1.248347479634761,1,-0.3567774622352581,-0.3567774622352581,58.39321336746194,58.39321336746194,58.39321336746194,58.39321336746194,58.39321336746194,58.39321336746194,0.6900000000000001,0.6900000000000001,0.6900000000000001,0.0,1.3106944688337825,1.6319370991588824,6.586565934941576,True,1.6667850227375458,0.0655908118913223,0.08909463253806393,True,True
20260927_103759_1243248,u1e4,0,450,SIDE_PLUS,1790476744.5038886,57.15321350097656,1790476744.6438885,True,False,False,False,,False,,,SIDE_DISPATCH|RAW_SEED_ATTEMPT|PRE_TIMING_SEED|TIMED_SEED|SEED_ELIGIBILITY|PRE_LOS|POST_LOS|SOLVER_OK|FINAL_INPUT|COMPARATOR_LOSS,,,,OPPONENT_C3_HIGHER,1.0,0.2307692307692307,2.991347519476708,57.54932355880737,58.84932279586792,59.29321336746216,0,FINAL_INPUT,0.97,0.97,,,True,57.29321336746216,59.082308000000005,4.661211299285959,+0.510862->-0.695096,0.5108623596917687,0.4515240628497892,-0.6950956182420921,0.527701590862323,-0.383706831918726,1,-0.3568619269755064,-0.3568619269755064,57.70321336746208,57.70321336746208,,,,,0.67,0.67,0.67,0.0,1.772830430660957,1.9347308989356948,3.326138315280873,True,1.6667850227375458,0.2143144532201495,,False,False
20260927_103759_1243248,u1e4,0,451,SIDE_MINUS,1790476744.5038886,57.15321350097656,1790476744.6438885,False,False,False,False,,False,,,SIDE_DISPATCH|RAW_SEED_ATTEMPT|PRE_TIMING_SEED|TIMED_SEED|SEED_ELIGIBILITY|PRE_LOS|POST_LOS|SOLVER_OK|FINAL_INPUT|PREFLIGHT_REJECT,PREFLIGHT_REJECT,DYNAMICS_FAIL,,,0.0,0.0,0.0,-1790476687.350675,-1790476687.350675,-1790476687.350675,0,FINAL_INPUT,0.22,0.22,57.72321336746207,57.72321336746207,True,57.29321336746216,59.082308000000005,3.828634547074584,+0.510862->-2.587378,0.5108623596917687,-0.2966611181631397,-2.5873782692779868,0.527701590862323,-3.1105675824332053,1,-0.3573260227365409,-0.3573260227365409,57.72321336746207,57.72321336746207,57.72321336746207,57.72321336746207,57.72321336746207,57.72321336746207,0.02,0.02,0.02,0.0,10.491367231870257,24.877343663413715,100.37934629932072,False,1.6130850620365822,-0.1856415605309556,0.7590946325379306,True,False
20260927_103759_1243248,u1e4,0,452,NOMINAL,1790476744.7971463,57.446471214294434,1790476744.9371462,True,False,True,True,205.0,True,57.603113,57.876989,NOMINAL_CONTEXT|FINAL_INPUT|JOINT_SEED|COMPARATOR_WIN|SELECTED|COMMITTED,,,,,1.0,0.4166666666666666,2.143788361740585,57.58647108078003,58.84932279586792,59.58647108078003,0,FINAL_INPUT,0.74,0.74,58.42647108077986,58.42647108077986,True,57.58647108078003,59.082308000000005,3.93275132941392,+0.449842->-1.252263,0.449842467112716,0.3853030925625607,-1.2522626824026335,0.4409211565120835,-1.1653053361183614,1,-0.3578235001539934,-0.3578235001539934,58.42647108077986,58.42647108077986,58.42647108077986,58.42647108077986,58.42647108077986,58.42647108077986,0.72,0.72,0.72,0.0,1.2713843113313368,1.4413553259094234,1.6814867474002475,True,1.9350799965507768,0.0738184267935242,0.05583691922014111,True,True
20260927_103759_1243248,u1e4,0,453,SIDE_PLUS,1790476744.7971463,57.446471214294434,1790476744.9371462,False,False,False,False,,False,,,SIDE_DISPATCH|RAW_SEED_ATTEMPT|PRE_TIMING_SEED|TIMED_SEED|SEED_ELIGIBILITY|PRE_LOS|POST_LOS|SOLVER_OK|FINAL_INPUT|PREFLIGHT_REJECT,PREFLIGHT_REJECT,DYNAMICS_FAIL,,,0.0,0.0,0.0,-1790476687.350675,-1790476687.350675,-1790476687.350675,0,FINAL_INPUT,0.25,0.25,57.94647108077996,57.94647108077996,True,57.58647108078003,59.082308000000005,3.681721258949021,+0.449842->+0.275020,0.449842467112716,0.3973229489882969,0.2750197694028201,0.4409211565120835,0.9847393643348428,0,-0.1892581055365384,-0.1892581055365384,57.94647108077996,57.94647108077996,57.94647108077996,57.94647108077996,57.94647108077996,57.94647108077996,0.24,0.24,0.24,0.0,7.184087403366708,13.878753724808892,52.83525493473044,False,1.1451729287088703,0.1699063036063253,0.5358369192200456,True,False
20260927_103759_1243248,u1e4,0,454,SIDE_MINUS,1790476744.7971463,57.446471214294434,1790476744.9371462,False,False,False,False,,False,,,SIDE_DISPATCH|RAW_SEED_ATTEMPT|PRE_TIMING_SEED|TIMED_SEED|SEED_ELIGIBILITY|PRE_LOS|POST_LOS|SOLVER_OK|FINAL_INPUT|PREFLIGHT_REJECT,PREFLIGHT_REJECT,DYNAMICS_FAIL,,,0.0,0.0,0.0,-1790476687.350675,-1790476687.350675,-1790476687.350675,0,FINAL_INPUT,0.44,0.44,,,True,57.58647108078003,59.082308000000005,3.814328202950655,+0.449842->-6.578318,0.449842467112716,0.3474479248762896,-6.578318323916028,0.4409211565120835,-8.980677106582322,1,-0.35226023546554,-0.35226023546554,57.906471080779966,57.906471080779966,57.906471080779966,57.906471080779966,57.906471080779966,57.906471080779966,0.2,0.2,0.2,0.0,19.370434790432935,44.56269411952601,175.75018621325725,False,-0.1173975838415926,-0.0752508632819623,,False,False
20260927_103759_1243248,u1e4,0,455,NOMINAL,1790476745.086697,57.736021995544434,1790476745.226697,True,False,True,True,206.0,True,57.910101,58.135912,NOMINAL_CONTEXT|FINAL_INPUT|JOINT_SEED|COMPARATOR_WIN|SELECTED|COMMITTED,,,,,1.0,0.4444444444444444,1.663342069563737,57.87602186203003,58.84932279586792,59.87602186203003,0,FINAL_INPUT,0.56,0.56,58.43602186202992,58.43602186202992,True,57.87602186203003,59.082308000000005,3.9510734759309263,+0.244581->-1.210327,0.2445812718747612,0.2445812718747612,-1.210327308665844,0.2402893344460087,-1.1578987002423111,1,-0.3563936182939591,-0.3563936182939591,58.43602186202992,58.43602186202992,58.43602186202992,58.43602186202992,58.43602186202992,58.43602186202992,0.56,0.56,0.56,0.0,1.2220991702028312,1.3840952431022828,1.638203006124301,True,2.198576342461966,0.0742936549639144,0.046286137970085406,True,True
20260927_103759_1243248,u1e4,0,456,SIDE_PLUS,1790476745.086697,57.736021995544434,1790476745.226697,False,False,False,False,,False,,,SIDE_DISPATCH|RAW_SEED_ATTEMPT|PRE_TIMING_SEED|TIMED_SEED|SEED_ELIGIBILITY|PRE_LOS|POST_LOS|SOLVER_OK|FINAL_INPUT|PREFLIGHT_REJECT,PREFLIGHT_REJECT,DYNAMICS_FAIL,,,0.0,0.0,0.0,-1790476687.350675,-1790476687.350675,-1790476687.350675,0,FINAL_INPUT,0.5,0.5,58.37602186202993,58.37602186202993,True,57.87602186203003,59.082308000000005,3.645570554961668,+0.244581->+1.499919,0.2445812718747612,0.2445812718747612,1.499918835950648,0.2402893344460087,2.727422488470098,0,-0.2640504729960132,-0.2640504729960132,58.37602186202993,58.37602186202993,58.37602186202993,58.37602186202993,58.37602186202993,58.37602186202993,0.5,0.5,0.5,0.0,10.932495320650386,23.059617149126147,92.9704687834686,False,1.204129684239714,0.0938337524369495,0.10628613797007347,True,False
20260927_103759_1243248,u1e4,0,457,SIDE_MINUS,1790476745.086697,57.736021995544434,1790476745.226697,False,False,False,False,,False,,,SIDE_DISPATCH|RAW_SEED_ATTEMPT|PRE_TIMING_SEED|TIMED_SEED|SEED_ELIGIBILITY|PRE_LOS|POST_LOS|SOLVER_OK|FINAL_INPUT|PREFLIGHT_REJECT,PREFLIGHT_REJECT,DYNAMICS_FAIL,,,0.0,0.0,0.0,-1790476687.350675,-1790476687.350675,-1790476687.350675,0,FINAL_INPUT,0.28,0.28,58.15602186202997,58.15602186202997,True,57.87602186203003,59.082308000000005,3.79287211332356,+0.244581->-6.097641,0.2445812718747612,0.2445812718747612,-6.0976405391701896,0.2402893344460087,-8.110994522713506,1,-0.3592780900144632,-0.3592780900144632,58.15602186202997,58.15602186202997,58.15602186202997,58.15602186202997,58.15602186202997,58.15602186202997,0.28,0.28,0.28,0.0,15.679831401451365,36.5005780102439,147.4614334762794,False,0.4397803486679315,0.0356484031898466,0.3262861379700368,True,False
20260927_103759_1243248,u1e4,0,458,NOMINAL,1790476745.3364165,57.98574137687683,1790476745.4764163,True,False,True,False,,False,,,NOMINAL_CONTEXT|FINAL_INPUT|JOINT_SEED|COMPARATOR_WIN|SELECTED|COMMIT_FAILED,COMMIT_FAILED,,,,1.0,0.5714285714285714,0.6621916272294941,58.12574124336243,58.84932279586792,60.12574124336243,0,FINAL_INPUT,0.31,0.31,58.435741243362365,58.435741243362365,True,58.12574124336243,59.082308000000005,3.624182184440596,-0.032163->-1.226575,-0.0321626351205664,-0.0321626351205664,-1.2265747118388617,-0.034893480475857,-1.212376667590199,0,-0.3328298501753198,-0.3328298501753198,58.435741243362365,58.435741243362365,58.435741243362365,58.435741243362365,58.435741243362365,58.435741243362365,0.31,0.31,0.31,0.0,1.26772619173891,0.9929584038736288,1.7809686170609158,True,2.4268478663815856,0.0765544790676154,0.04656675663763821,True,True
20260927_103759_1243248,u1e4,0,459,SIDE_PLUS,1790476745.3364165,57.98574137687683,1790476745.4764163,False,False,False,False,,False,,,SIDE_DISPATCH|RAW_SEED_ATTEMPT|PRE_TIMING_SEED|TIMED_SEED|SEED_ELIGIBILITY|PRE_LOS|POST_LOS|SOLVER_OK|FINAL_INPUT|PREFLIGHT_REJECT,PREFLIGHT_REJECT,DYNAMICS_FAIL,,,0.0,0.0,0.0,-1790476687.350675,-1790476687.350675,-1790476687.350675,0,FINAL_INPUT,0.44,0.44,,,True,58.12574124336243,59.082308000000005,3.329959207739169,-0.032163->+2.628193,-0.0321626351205664,-0.0321626351205664,2.628192898990372,-0.034893480475857,4.06150783108619,1,-0.3545392784658075,-0.3545392784658075,58.56574124336234,58.56574124336234,58.56574124336234,58.56574124336234,58.56574124336234,58.56574124336234,0.36,0.36,0.36,0.0,17.59329409602756,41.73872167943778,180.6655611339108,False,1.1746237740948275,0.0765544790676154,,False,False
20260927_103759_1243248,u1e4,0,460,SIDE_MINUS,1790476745.3364165,57.98574137687683,1790476745.4764163,False,False,False,False,,False,,,SIDE_DISPATCH|RAW_SEED_ATTEMPT|PRE_TIMING_SEED|TIMED_SEED|SEED_ELIGIBILITY|PRE_LOS|POST_LOS|SOLVER_OK|FINAL_INPUT|PREFLIGHT_REJECT,PREFLIGHT_REJECT,DYNAMICS_FAIL,,,0.0,0.0,0.0,-1790476687.350675,-1790476687.350675,-1790476687.350675,0,FINAL_INPUT,0.21,0.21,58.33574124336239,58.33574124336239,True,58.12574124336243,59.082308000000005,3.469771009440318,-0.032163->-3.799845,-0.0321626351205664,-0.0321626351205664,-3.799845434656312,-0.034893480475857,-4.736988168134832,0,-0.3328298501753198,-0.3328298501753198,58.33574124336239,58.33574124336239,58.33574124336239,58.33574124336239,58.33574124336239,58.33574124336239,0.21,0.21,0.21,0.0,9.976551017876384,26.205692560500115,114.31331753656252,False,1.4683204745281493,0.0765544790676154,0.1465667566376112,True,False
20260927_103759_1243248,u1e4,0,461,NOMINAL,1790476745.3484282,57.99775314331055,1790476745.488428,True,False,True,False,,False,,,NOMINAL_CONTEXT|FINAL_INPUT|JOINT_SEED|COMPARATOR_WIN|SELECTED|COMMIT_FAILED,COMMIT_FAILED,,,,1.0,0.5714285714285714,0.6105665909490114,58.13775300979614,58.84932279586792,60.13775300979614,0,FINAL_INPUT,0.3,0.3,58.43775300979608,58.43775300979608,True,58.13775300979614,59.082308000000005,3.6131625636890417,-0.045375->-1.228051,-0.0453751254529606,-0.0453751254529606,-1.2280510057007323,-0.0496042016185359,-1.2164090762275337,0,-0.3216575868212701,-0.3216575868212701,58.43775300979608,58.43775300979608,58.43775300979608,58.43775300979608,58.43775300979608,58.43775300979608,0.3,0.3,0.3,0.0,1.2677472956163085,0.974951630362916,1.783376531041947,True,2.437921302187924,0.0780110934285182,0.0445549902039204,True,True
20260927_103759_1243248,u1e4,0,462,SIDE_PLUS,1790476745.3484282,57.99775314331055,1790476745.488428,False,False,False,False,,False,,,SIDE_DISPATCH|RAW_SEED_ATTEMPT|PRE_TIMING_SEED|TIMED_SEED|SEED_ELIGIBILITY|PRE_LOS|POST_LOS|SOLVER_OK|FINAL_INPUT|PREFLIGHT_REJECT,PREFLIGHT_REJECT,DYNAMICS_FAIL,,,0.0,0.0,0.0,-1790476687.350675,-1790476687.350675,-1790476687.350675,0,FINAL_INPUT,0.44,0.44,,,True,58.13775300979614,59.082308000000005,3.317117206096826,-0.045375->+2.678929,-0.0453751254529606,-0.0453751254529606,2.6789292847105264,-0.0496042016185359,4.125044923456156,1,-0.3518374780977815,-0.3518374780977815,58.577753009796055,58.577753009796055,58.577753009796055,58.577753009796055,58.577753009796055,58.577753009796055,0.35,0.35,0.35,0.0,18.010864445319587,42.933693692534064,186.72339273642237,False,1.17189043819804,0.0780110934285182,,False,False
20260927_103759_1243248,u1e4,0,463,SIDE_MINUS,1790476745.3484282,57.99775314331055,1790476745.488428,False,False,False,False,,False,,,SIDE_DISPATCH|RAW_SEED_ATTEMPT|PRE_TIMING_SEED|TIMED_SEED|SEED_ELIGIBILITY|PRE_LOS|POST_LOS|SOLVER_OK|FINAL_INPUT|PREFLIGHT_REJECT,PREFLIGHT_REJECT,DYNAMICS_FAIL,,,0.0,0.0,0.0,-1790476687.350675,-1790476687.350675,-1790476687.350675,0,FINAL_INPUT,0.21,0.21,58.3477530097961,58.3477530097961,True,58.13775300979614,59.082308000000005,3.4568750066513,-0.045375->-3.703909,-0.0453751254529606,-0.0453751254529606,-3.703909350477415,-0.0496042016185359,-4.604886200248881,0,-0.3216575868212701,-0.3216575868212701,58.3477530097961,58.3477530097961,58.3477530097961,58.3477530097961,58.3477530097961,58.3477530097961,0.21,0.21,0.21,0.0,9.688455146212537,25.62002854938791,111.93670374106068,False,1.5118824698216295,0.0780110934285182,0.1345549902039025,True,False
20260927_103759_1243248,u1e4,0,464,NOMINAL,1790476745.3605666,58.009891510009766,1790476745.5005665,True,False,True,False,,False,,,NOMINAL_CONTEXT|FINAL_INPUT|JOINT_SEED|COMPARATOR_WIN|SELECTED|COMMIT_FAILED,COMMIT_FAILED,,,,1.0,0.6666666666666666,0.5591519294394964,58.14989137649536,58.84932279586792,60.14989137649536,0,FINAL_INPUT,0.29,0.29,58.4398913764953,58.4398913764953,True,58.14989137649536,59.082308000000005,3.600278144613675,-0.060349->-1.229856,-0.0603491887808288,-0.0603491887808288,-1.2298560851279885,-0.0645678718058272,-1.2207935773693424,0,-0.3090032010301307,-0.3090032010301307,58.4398913764953,58.4398913764953,58.4398913764953,58.4398913764953,58.4398913764953,58.4398913764953,0.29,0.29,0.29,0.0,1.26826907663349,0.95684304335807,1.7815677401726504,True,2.4440120063528727,0.0798634208821467,0.04241662350470676,True,True
20260927_103759_1243248,u1e4,0,465,SIDE_PLUS,1790476745.3605666,58.009891510009766,1790476745.5005665,False,False,False,False,,False,,,SIDE_DISPATCH|RAW_SEED_ATTEMPT|PRE_TIMING_SEED|TIMED_SEED|SEED_ELIGIBILITY|PRE_LOS|POST_LOS|SOLVER_OK|FINAL_INPUT|PREFLIGHT_REJECT,PREFLIGHT_REJECT,DYNAMICS_FAIL,,,0.0,0.0,0.0,-1790476687.350675,-1790476687.350675,-1790476687.350675,0,FINAL_INPUT,0.43,0.43,,,True,58.14989137649536,59.082308000000005,3.3048487817346874,-0.060349->+2.726613,-0.0603491887808288,-0.0603491887808288,2.726612607586445,-0.0645678718058272,4.184549234286843,1,-0.3528525339133112,-0.3528525339133112,58.57989137649528,58.57989137649528,58.57989137649528,58.57989137649528,58.57989137649528,58.57989137649528,0.34,0.34,0.34,0.0,18.424592653615527,44.1218072925023,193.02315128808556,False,1.1690609873679576,0.0798634208821467,,False,False
20260927_103759_1243248,u1e4,0,466,SIDE_MINUS,1790476745.3605666,58.009891510009766,1790476745.5005665,False,False,False,False,,False,,,SIDE_DISPATCH|RAW_SEED_ATTEMPT|PRE_TIMING_SEED|TIMED_SEED|SEED_ELIGIBILITY|PRE_LOS|POST_LOS|SOLVER_OK|FINAL_INPUT|PREFLIGHT_REJECT,PREFLIGHT_REJECT,DYNAMICS_FAIL,,,0.0,0.0,0.0,-1790476687.350675,-1790476687.350675,-1790476687.350675,0,FINAL_INPUT,0.2,0.2,58.34989137649532,58.34989137649532,True,58.14989137649536,59.082308000000005,3.444149755794602,-0.060349->-3.606352,-0.0603491887808288,-0.0603491887808288,-3.6063517544001393,-0.0645678718058272,-4.470956491508944,0,-0.3090032010301307,-0.3090032010301307,58.34989137649532,58.34989137649532,58.34989137649532,58.34989137649532,58.34989137649532,58.34989137649532,0.2,0.2,0.2,0.0,9.39157977515612,24.999152328922037,109.53267595916482,False,1.5649415255073778,0.0798634208821467,0.13241662350468175,True,False
20260927_103759_1243248,u1e4,0,467,NOMINAL,1790476745.375106,58.02443099021912,1790476745.515106,True,False,True,False,,False,,,NOMINAL_CONTEXT|FINAL_INPUT|JOINT_SEED|COMPARATOR_WIN|SELECTED|COMMIT_FAILED,COMMIT_FAILED,,,,1.0,0.6666666666666666,0.5175906437538893,58.16443085670471,58.84932279586792,60.16443085670471,0,FINAL_INPUT,0.27,0.27,58.43443085670466,58.43443085670466,True,58.16443085670471,59.082308000000005,3.88988445151789,-0.078411->-1.212194,-0.0784114642181737,-0.0784114642181737,-1.212193637283182,-0.0826139980124122,-1.2004898652385825,0,-0.2937322546794166,-0.2937322546794166,58.43443085670466,58.43443085670466,58.43443085670466,58.43443085670466,58.43443085670466,58.43443085670466,0.27,0.27,0.27,0.0,1.2261116107002403,0.935271226939158,2.012748806085348,True,2.444011047177681,0.0825947291992864,0.04787714329534509,True,True
20260927_103759_1243248,u1e4,0,468,SIDE_PLUS,1790476745.375106,58.02443099021912,1790476745.515106,False,False,False,False,,False,,,SIDE_DISPATCH|RAW_SEED_ATTEMPT|PRE_TIMING_SEED|TIMED_SEED|SEED_ELIGIBILITY|PRE_LOS|POST_LOS|SOLVER_OK|FINAL_INPUT|PREFLIGHT_REJECT,PREFLIGHT_REJECT,DYNAMICS_FAIL,,,0.0,0.0,0.0,-1790476687.350675,-1790476687.350675,-1790476687.350675,0,FINAL_INPUT,0.47,0.47,,,True,58.16443085670471,59.082308000000005,3.5416751594014317,-0.078411->+2.534883,-0.0784114642181737,-0.0784114642181737,2.534882922196425,-0.0826139980124122,3.870860349768035,1,-0.3505857993549205,-0.3505857993549205,58.63443085670462,58.63443085670462,58.63443085670462,58.63443085670462,,58.63443085670462,0.32,0.32,0.32,0.0,17.784156968430462,39.94179746147866,165.60427425227687,False,1.1321304545477866,0.0825947291992864,,False,False
20260927_103759_1243248,u1e4,0,469,SIDE_MINUS,1790476745.375106,58.02443099021912,1790476745.515106,False,False,False,False,,False,,,SIDE_DISPATCH|RAW_SEED_ATTEMPT|PRE_TIMING_SEED|TIMED_SEED|SEED_ELIGIBILITY|PRE_LOS|POST_LOS|SOLVER_OK|FINAL_INPUT|PREFLIGHT_REJECT,PREFLIGHT_REJECT,DYNAMICS_FAIL,,,0.0,0.0,0.0,-1790476687.350675,-1790476687.350675,-1790476687.350675,0,FINAL_INPUT,0.21,0.21,58.37443085670467,58.37443085670467,True,58.16443085670471,59.082308000000005,3.698142428802232,-0.078411->-3.258529,-0.0784114642181737,-0.0784114642181737,-3.258529321912865,-0.0826139980124122,-3.975090494596961,0,-0.2937322546794166,-0.2937322546794166,58.37443085670467,58.37443085670467,58.37443085670467,58.37443085670467,58.37443085670467,58.37443085670467,0.21,0.21,0.21,0.0,8.306327266479364,20.73303445417821,86.65744563444785,False,1.8461129782024608,0.0825947291992864,0.10787714329533316,True,False
20260927_103759_1243248,u1e4,0,470,NOMINAL,1790476745.3900936,58.0394184589386,1790476745.4900937,True,False,True,True,207.0,True,58.169112,58.403155,NOMINAL_CONTEXT|FINAL_INPUT|JOINT_SEED|COMPARATOR_WIN|SELECTED|COMMITTED,,,,,1.0,0.4285714285714285,0.8940245641476006,58.13941836357117,58.84932279586792,60.13941836357117,0,FINAL_INPUT,0.38,0.38,,,True,58.13941836357117,59.082308000000005,4.010569866931645,+0.007110->-1.047536,0.0071103962734983,0.0071103962734983,-1.047535848408299,0.0034457922641645,-0.9960746220580278,1,-0.3565239666026324,-0.3565239666026324,58.51941836357109,58.51941836357109,58.51941836357109,58.51941836357109,58.51941836357109,58.51941836357109,0.35,0.35,0.35,0.0,1.2549784010251852,0.4962640290549834,2.0696988234863984,True,2.367844461735789,0.0275808530170419,,False,False
20260927_103759_1243248,u1e4,0,471,SIDE_PLUS,1790476745.3900936,58.0394184589386,1790476745.4900937,False,False,False,False,,False,,,SIDE_DISPATCH|RAW_SEED_ATTEMPT|PRE_TIMING_SEED|TIMED_SEED|SEED_ELIGIBILITY|PRE_LOS|POST_LOS|SOLVER_OK|FINAL_INPUT|PREFLIGHT_REJECT,PREFLIGHT_REJECT,DYNAMICS_FAIL,,,0.0,0.0,0.0,-1790476687.350675,-1790476687.350675,-1790476687.350675,0,FINAL_INPUT,0.49,0.49,,,True,58.13941836357117,59.082308000000005,3.675065456476096,+0.007110->+2.241603,0.0071103962734983,0.0071103962734983,2.241603108573862,0.0034457922641645,3.502941815472606,2,-0.3565396064619704,-0.3565396064619704,58.62941836357107,58.62941836357107,58.62941836357107,58.62941836357107,,58.62941836357107,0.35,0.35,0.35,0.0,15.65302294929444,33.91281926142963,138.7425626401499,False,1.1588082184992463,0.0275808530170419,,False,False
20260927_103759_1243248,u1e4,0,472,SIDE_MINUS,1790476745.3900936,58.0394184589386,1790476745.4900937,False,False,False,False,,False,,,SIDE_DISPATCH|RAW_SEED_ATTEMPT|PRE_TIMING_SEED|TIMED_SEED|SEED_ELIGIBILITY|PRE_LOS|POST_LOS|SOLVER_OK|FINAL_INPUT|PREFLIGHT_REJECT,PREFLIGHT_REJECT,DYNAMICS_FAIL,,,0.0,0.0,0.0,-1790476687.350675,-1790476687.350675,-1790476687.350675,0,FINAL_INPUT,0.25,0.25,58.38941836357112,58.38941836357112,True,58.13941836357117,59.082308000000005,3.819545292225112,+0.007110->-3.414594,0.0071103962734983,0.0071103962734983,-3.414594183240104,0.0034457922641645,-4.240180058037164,1,-0.3565131752783541,-0.3565131752783541,58.38941836357112,58.38941836357112,58.38941836357112,58.38941836357112,58.38941836357112,58.38941836357112,0.25,0.25,0.25,0.0,9.628393536561983,23.46801506372941,97.75503051784776,False,1.7151290300748363,0.0275808530170419,0.09288963642888604,True,False
20260927_103759_1243248,u1e4,0,473,NOMINAL,1790476745.5230243,58.17234921455383,1790476745.6630242,True,False,True,False,,False,,,NOMINAL_CONTEXT|FINAL_INPUT|JOINT_SEED|COMPARATOR_WIN|SELECTED|COMMIT_FAILED,COMMIT_FAILED,,,,1.0,0.6000000000000001,0.3221892138496461,58.31234908103943,58.84932279586792,60.31234908103943,0,FINAL_INPUT,0.21,0.21,,,True,58.31234908103943,59.082308000000005,3.8218515547967273,-0.185469->-1.035730,-0.1854687236876089,-0.1854687236876089,-1.035730163625716,-0.1897990645414881,-1.007471299175066,0,-0.1999351715129595,-0.1999351715129595,58.52234908103939,58.52234908103939,58.52234908103939,58.52234908103939,58.52234908103939,58.52234908103939,0.17,0.17,0.17,0.0,1.2727565993873378,0.459221876189288,1.4184644596594538,True,2.4187520259954542,0.0743742974688008,,False,False
20260927_103759_1243248,u1e4,0,474,SIDE_PLUS,1790476745.5230243,58.17234921455383,1790476745.6630242,False,False,False,False,,False,,,SIDE_DISPATCH|RAW_SEED_ATTEMPT|PRE_TIMING_SEED|TIMED_SEED|SEED_ELIGIBILITY|PRE_LOS|POST_LOS|SOLVER_OK|FINAL_INPUT|PREFLIGHT_REJECT,PREFLIGHT_REJECT,DYNAMICS_FAIL,,,0.0,0.0,0.0,-1790476687.350675,-1790476687.350675,-1790476687.350675,0,FINAL_INPUT,0.47,0.47,,,True,58.31234908103943,59.082308000000005,3.496794055725646,-0.185469->+2.026953,-0.1854687236876089,-0.1854687236876089,2.026953355550883,-0.1897990645414881,2.8654824422366656,1,-0.3503661928979839,-0.3503661928979839,58.80234908103933,58.80234908103933,,58.80234908103933,,,0.17,0.17,0.17,0.0,17.36121140719836,38.90140896589266,159.4784972562266,False,1.2269476431873862,0.0743742974688008,,False,False
20260927_103759_1243248,u1e4,0,475,SIDE_MINUS,1790476745.5230243,58.17234921455383,1790476745.6630242,False,False,False,False,,False,,,SIDE_DISPATCH|RAW_SEED_ATTEMPT|PRE_TIMING_SEED|TIMED_SEED|SEED_ELIGIBILITY|PRE_LOS|POST_LOS|SOLVER_OK|FINAL_INPUT|PREFLIGHT_REJECT,PREFLIGHT_REJECT,DYNAMICS_FAIL,,,0.0,0.0,0.0,-1790476687.350675,-1790476687.350675,-1790476687.350675,0,FINAL_INPUT,0.17,0.17,58.4823490810394,58.4823490810394,True,58.31234908103943,59.082308000000005,3.637864237167646,-0.185469->-2.206988,-0.1854687236876089,-0.1854687236876089,-2.206988440377284,-0.1897990645414881,-2.533903223167694,0,-0.1999351715129595,-0.1999351715129595,58.4823490810394,58.4823490810394,58.4823490810394,58.4823490810394,58.4823490810394,58.4823490810394,0.17,0.17,0.17,0.0,6.137837676462756,16.373248290546144,71.72022174047825,False,2.4351141033238592,0.0743742974688008,-4.108103939870489e-05,False,False
20260927_103759_1243248,u1e4,0,476,NOMINAL,1790476745.5363476,58.18567252159119,1790476745.6763475,True,False,True,False,,False,,,NOMINAL_CONTEXT|FINAL_INPUT|JOINT_SEED|COMPARATOR_WIN|SELECTED|COMMIT_FAILED,COMMIT_FAILED,,,,1.0,0.6000000000000001,0.2892508786411015,58.32567238807678,58.84932279586792,60.32567238807678,0,FINAL_INPUT,0.19,0.19,,,True,58.32567238807678,59.082308000000005,3.806537368646621,-0.201022->-1.039739,-0.20102171130804,-0.20102171130804,-1.0397392998662291,-0.2047741956532082,-1.013579795737664,0,-0.1864570093419623,-0.1864570093419623,58.51567238807674,58.51567238807674,58.51567238807674,58.51567238807674,58.51567238807674,58.51567238807674,0.16,0.16,0.16,0.0,1.2735358910668886,0.4589292522829996,1.4214215861178912,True,2.418807696075292,0.0809917352315451,,False,False
20260927_103759_1243248,u1e4,0,477,SIDE_PLUS,1790476745.5363476,58.18567252159119,1790476745.6763475,False,False,False,False,,False,,,SIDE_DISPATCH|RAW_SEED_ATTEMPT|PRE_TIMING_SEED|TIMED_SEED|SEED_ELIGIBILITY|PRE_LOS|POST_LOS|SOLVER_OK|FINAL_INPUT|PREFLIGHT_REJECT,PREFLIGHT_REJECT,DYNAMICS_FAIL,,,0.0,0.0,0.0,-1790476687.350675,-1790476687.350675,-1790476687.350675,0,FINAL_INPUT,0.46,0.46,,,True,58.32567238807678,59.082308000000005,3.482109605828734,-0.201022->+2.028079,-0.20102171130804,-0.20102171130804,2.028079434179604,-0.2047741956532082,2.852560618490429,1,-0.3525809583917949,-0.3525809583917949,58.80567238807669,58.80567238807669,,58.80567238807669,,,0.16,0.16,0.16,0.0,17.593656355015206,39.69260472628943,162.1166562081722,False,1.2347759219149623,0.0809917352315451,,False,False
20260927_103759_1243248,u1e4,0,478,SIDE_MINUS,1790476745.5363476,58.18567252159119,1790476745.6763475,False,False,False,False,,False,,,SIDE_DISPATCH|RAW_SEED_ATTEMPT|PRE_TIMING_SEED|TIMED_SEED|SEED_ELIGIBILITY|PRE_LOS|POST_LOS|SOLVER_OK|FINAL_INPUT|PREFLIGHT_REJECT,PREFLIGHT_REJECT,DYNAMICS_FAIL,,,0.0,0.0,0.0,-1790476687.350675,-1790476687.350675,-1790476687.350675,0,FINAL_INPUT,0.17,0.17,,,True,58.32567238807678,59.082308000000005,3.6230102747859703,-0.201022->-2.135652,-0.20102171130804,-0.20102171130804,-2.1356521058713454,-0.2047741956532082,-2.440301117975229,0,-0.1864570093419623,-0.1864570093419623,58.49567238807675,58.49567238807675,58.49567238807675,58.49567238807675,58.49567238807675,58.49567238807675,0.16,0.16,0.16,0.0,5.839136647457441,15.728392209078498,69.22235428728754,False,2.43340194770766,0.0809917352315451,,False,False
20260927_103759_1243248,u1e4,0,479,NOMINAL,1790476745.5486884,58.19801330566406,1790476745.6886885,True,False,True,False,,False,,,NOMINAL_CONTEXT|FINAL_INPUT|JOINT_SEED|COMPARATOR_WIN|SELECTED|COMMIT_FAILED,COMMIT_FAILED,,,,1.0,0.6000000000000001,0.2588038103198764,58.33801317214966,58.84932279586792,60.33801317214966,0,FINAL_INPUT,0.18,0.18,,,True,58.33801317214966,59.082308000000005,3.794237368039074,-0.215353->-1.041755,-0.2153525327885196,-0.2153525327885196,-1.0417553183227768,-0.2186572532259538,-1.0174382037389744,0,-0.1740192580722943,-0.1740192580722943,58.51801317214962,58.51801317214962,58.51801317214962,58.51801317214962,58.51801317214962,58.51801317214962,0.15,0.15,0.15,0.0,1.2746638469963552,0.4553236428315187,1.4106505184240616,True,2.418832086790077,0.0874360480283236,,False,False
20260927_103759_1243248,u1e4,0,480,SIDE_PLUS,1790476745.5486884,58.19801330566406,1790476745.6886885,False,False,False,False,,False,,,SIDE_DISPATCH|RAW_SEED_ATTEMPT|PRE_TIMING_SEED|TIMED_SEED|SEED_ELIGIBILITY|PRE_LOS|POST_LOS|SOLVER_OK|FINAL_INPUT|PREFLIGHT_REJECT,PREFLIGHT_REJECT,DYNAMICS_FAIL,,,0.0,0.0,0.0,-1790476687.350675,-1790476687.350675,-1790476687.350675,0,FINAL_INPUT,0.45,0.45,,,True,58.33801317214966,59.082308000000005,3.470089057752624,-0.215353->+2.019895,-0.2153525327885196,-0.2153525327885196,2.0198953291625,-0.2186572532259538,2.827796292988588,1,-0.3546995051981004,-0.3546995051981004,58.81801317214956,58.81801317214956,,58.81801317214956,,,0.15,0.15,0.15,0.0,17.794289594295257,40.37084029510433,164.45763049696922,False,1.2430452343770535,0.0874360480283236,,False,False
20260927_103759_1243248,u1e4,0,481,SIDE_MINUS,1790476745.5486884,58.19801330566406,1790476745.6886885,False,False,False,False,,False,,,SIDE_DISPATCH|RAW_SEED_ATTEMPT|PRE_TIMING_SEED|TIMED_SEED|SEED_ELIGIBILITY|PRE_LOS|POST_LOS|SOLVER_OK|FINAL_INPUT|PREFLIGHT_REJECT,PREFLIGHT_REJECT,DYNAMICS_FAIL,,,0.0,0.0,0.0,-1790476687.350675,-1790476687.350675,-1790476687.350675,0,FINAL_INPUT,0.16,0.16,,,True,58.33801317214966,59.082308000000005,3.609933730036392,-0.215353->-2.068043,-0.2153525327885196,-0.2153525327885196,-2.06804250588209,-0.2186572532259538,-2.3518077772545114,0,-0.1740192580722943,-0.1740192580722943,58.498013172149626,58.498013172149626,58.498013172149626,58.498013172149626,58.498013172149626,58.498013172149626,0.15,0.15,0.15,0.0,5.558403673702806,15.113281639376067,66.81083420338601,False,2.431902585122697,0.0874360480283236,,False,False
20260927_103759_1243248,u1e4,0,482,NOMINAL,1790476745.563732,58.21305704116821,1790476745.703732,True,False,True,False,,False,,,NOMINAL_CONTEXT|FINAL_INPUT|JOINT_SEED|COMPARATOR_WIN|SELECTED|COMMIT_FAILED,COMMIT_FAILED,,,,1.0,0.75,0.225401780661777,58.35305690765381,58.84932279586792,60.35305690765381,0,FINAL_INPUT,0.17,0.17,,,True,58.35305690765381,59.082308000000005,3.7769439615076985,-0.232072->-1.036506,-0.2320724085006485,-0.2320724085006485,-1.0365059874495963,-0.2355967763851594,-1.0132550441173394,0,-0.1594924518163957,-0.1594924518163957,58.523056907653775,58.523056907653775,58.523056907653775,58.523056907653775,58.523056907653775,58.523056907653775,0.13,0.13,0.13,0.0,1.2762594299911048,0.4529187556916487,1.4176453059151433,True,2.4188873278924534,0.0956832853278832,,False,False
20260927_103759_1243248,u1e4,0,483,SIDE_PLUS,1790476745.563732,58.21305704116821,1790476745.703732,False,False,False,False,,False,,,SIDE_DISPATCH|RAW_SEED_ATTEMPT|PRE_TIMING_SEED|TIMED_SEED|SEED_ELIGIBILITY|PRE_LOS|POST_LOS|SOLVER_OK|FINAL_INPUT|PREFLIGHT_REJECT,PREFLIGHT_REJECT,DYNAMICS_FAIL,,,0.0,0.0,0.0,-1790476687.350675,-1790476687.350675,-1790476687.350675,0,FINAL_INPUT,0.43,0.43,,,True,58.35305690765381,59.082308000000005,3.454127782693242,-0.232072->+1.978519,-0.2320724085006485,-0.2320724085006485,1.9785192376176024,-0.2355967763851594,2.7328108201288286,1,-0.3545754925773329,-0.3545754925773329,58.82305690765372,58.82305690765372,,58.82305690765372,,,0.13,0.13,0.13,0.0,18.03923518090373,41.23303233233183,167.78094660862192,False,1.2530323954056375,0.0956832853278832,,False,False
20260927_103759_1243248,u1e4,0,484,SIDE_MINUS,1790476745.563732,58.21305704116821,1790476745.703732,False,False,False,False,,False,,,SIDE_DISPATCH|RAW_SEED_ATTEMPT|PRE_TIMING_SEED|TIMED_SEED|SEED_ELIGIBILITY|PRE_LOS|POST_LOS|SOLVER_OK|FINAL_INPUT|PREFLIGHT_REJECT,PREFLIGHT_REJECT,DYNAMICS_FAIL,,,0.0,0.0,0.0,-1790476687.350675,-1790476687.350675,-1790476687.350675,0,FINAL_INPUT,0.15,0.15,,,True,58.35305690765381,59.082308000000005,3.594305044248861,-0.232072->-1.968033,-0.2320724085006485,-0.2320724085006485,-1.968033345021963,-0.2355967763851594,-2.21355173060232,0,-0.1594924518163957,-0.1594924518163957,58.50305690765378,58.50305690765378,58.50305690765378,58.50305690765378,58.50305690765378,58.50305690765378,0.13,0.13,0.13,0.0,5.211425013223103,14.342979226630328,63.757858174501024,False,2.430170796947915,0.0956832853278832,,False,False
20260927_103759_1243248,u1e4,0,485,NOMINAL,1790476745.583941,58.23326587677002,1790476745.7239408,True,False,True,False,,False,,,NOMINAL_CONTEXT|FINAL_INPUT|JOINT_SEED|COMPARATOR_WIN|SELECTED|COMMIT_FAILED,COMMIT_FAILED,,,,1.0,0.75,0.1957514999615355,58.373265743255615,58.84932279586792,60.373265743255615,0,FINAL_INPUT,0.14,0.14,,,True,58.373265743255615,59.082308000000005,3.754770404151805,-0.254272->-1.037009,-0.2542716594272062,-0.2542716594272062,-1.037009095640195,-0.2583787302532674,-1.016057715536408,0,-0.1401767397397841,-0.1401767397397841,58.51326574325559,58.51326574325559,58.51326574325559,58.51326574325559,58.51326574325559,58.51326574325559,0.11,0.11,0.11,0.0,1.2777915580094397,0.4507601976559584,1.4114629881176022,True,2.418954128142349,0.1074039009896201,,False,False
20260927_103759_1243248,u1e4,0,486,SIDE_PLUS,1790476745.583941,58.23326587677002,1790476745.7239408,False,False,False,False,,False,,,SIDE_DISPATCH|RAW_SEED_ATTEMPT|PRE_TIMING_SEED|TIMED_SEED|SEED_ELIGIBILITY|PRE_LOS|POST_LOS|SOLVER_OK|FINAL_INPUT|PREFLIGHT_REJECT,PREFLIGHT_REJECT,DYNAMICS_FAIL,,,0.0,0.0,0.0,-1790476687.350675,-1790476687.350675,-1790476687.350675,0,FINAL_INPUT,0.41,0.41,,,True,58.373265743255615,59.082308000000005,3.434210474275097,-0.254272->+1.953373,-0.2542716594272062,-0.2542716594272062,1.95337329563476,-0.2583787302532674,2.5798637523342665,1,-0.3588972317424257,-0.3588972317424257,58.83326574325552,58.83326574325552,,58.83326574325552,,,0.11,0.11,0.11,0.0,17.915947431571894,40.94158026173665,168.6488116788347,False,1.3931686291348389,0.1074039009896201,,False,False
20260927_103759_1243248,u1e4,0,487,SIDE_MINUS,1790476745.583941,58.23326587677002,1790476745.7239408,False,False,False,False,,False,,,SIDE_DISPATCH|RAW_SEED_ATTEMPT|PRE_TIMING_SEED|TIMED_SEED|SEED_ELIGIBILITY|PRE_LOS|POST_LOS|SOLVER_OK|FINAL_INPUT|PREFLIGHT_REJECT,PREFLIGHT_REJECT,DYNAMICS_FAIL,,,0.0,0.0,0.0,-1790476687.350675,-1790476687.350675,-1790476687.350675,0,FINAL_INPUT,0.13,0.13,,,True,58.373265743255615,59.082308000000005,3.5734086838598813,-0.254272->-1.856460,-0.2542716594272062,-0.2542716594272062,-1.856460121985304,-0.2583787302532674,-2.0658200732138647,0,-0.1401767397397841,-0.1401767397397841,58.50326574325559,58.50326574325559,58.50326574325559,58.50326574325559,58.50326574325559,58.50326574325559,0.11,0.11,0.11,0.0,4.738707035205703,13.278424788527834,59.4917689687858,False,2.428020729875584,0.1074039009896201,,False,False
20260927_103759_1243248,u1e4,0,488,NOMINAL,1790476745.595563,58.2448878288269,1790476745.7355628,True,False,True,False,,False,,,NOMINAL_CONTEXT|FINAL_INPUT|JOINT_SEED|COMPARATOR_WIN|SELECTED|COMMIT_FAILED,COMMIT_FAILED,,,,1.0,0.75,0.1787096633904388,58.3848876953125,58.84932279586792,60.3848876953125,0,FINAL_INPUT,0.13,0.13,,,True,58.3848876953125,59.082308000000005,3.741533426693633,-0.265947->-1.038797,-0.2659466966841999,-0.2659466966841999,-1.0387967478760818,-0.2714936796129817,-1.0193394778353653,0,-0.1300330347503024,-0.1300330347503024,58.51488769531248,58.51488769531248,58.51488769531248,58.51488769531248,58.51488769531248,58.51488769531248,0.1,0.1,0.1,0.0,1.2788339520790828,0.4494249160357445,1.4115904494420348,True,2.4189911032675555,0.1144604357209208,,False,False
20260927_103759_1243248,u1e4,0,489,SIDE_PLUS,1790476745.595563,58.2448878288269,1790476745.7355628,False,False,False,False,,False,,,SIDE_DISPATCH|RAW_SEED_ATTEMPT|PRE_TIMING_SEED|TIMED_SEED|SEED_ELIGIBILITY|PRE_LOS|POST_LOS|SOLVER_OK|FINAL_INPUT|PREFLIGHT_REJECT,PREFLIGHT_REJECT,DYNAMICS_FAIL,,,0.0,0.0,0.0,-1790476687.350675,-1790476687.350675,-1790476687.350675,0,FINAL_INPUT,0.4,0.4,,,True,58.3848876953125,59.082308000000005,3.422580484036345,-0.265947->+1.944175,-0.2659466966841999,-0.2659466966841999,1.9441749491113915,-0.2714936796129817,2.500469311981396,1,-0.3580799466036439,-0.3580799466036439,58.84488769531241,58.84488769531241,,58.84488769531241,,,0.1,0.1,0.1,0.0,17.827214726712082,40.71665478748206,169.29357100748635,False,1.487988403447163,0.1144604357209208,,False,False
20260927_103759_1243248,u1e4,0,490,SIDE_MINUS,1790476745.595563,58.2448878288269,1790476745.7355628,False,False,False,False,,False,,,SIDE_DISPATCH|RAW_SEED_ATTEMPT|PRE_TIMING_SEED|TIMED_SEED|SEED_ELIGIBILITY|PRE_LOS|POST_LOS|SOLVER_OK|FINAL_INPUT|PREFLIGHT_REJECT,PREFLIGHT_REJECT,DYNAMICS_FAIL,,,0.0,0.0,0.0,-1790476687.350675,-1790476687.350675,-1790476687.350675,0,FINAL_INPUT,0.12,0.12,,,True,58.3848876953125,59.082308000000005,3.561340135095773,-0.265947->-1.816956,-0.2659466966841999,-0.2659466966841999,-1.816956371037156,-0.2714936796129817,-2.011178725714654,0,-0.1300330347503024,-0.1300330347503024,58.50488769531248,58.50488769531248,58.50488769531248,58.50488769531248,58.50488769531248,58.50488769531248,0.1,0.1,0.1,0.0,4.504952924356361,12.750364175005656,57.25784030289977,False,2.4269128648420093,0.1144604357209208,,False,False
20260927_103759_1243248,u1e4,0,491,NOMINAL,1790476745.612573,58.261897802352905,1790476745.7525728,True,False,True,True,208.0,True,58.436171,58.53776,NOMINAL_CONTEXT|FINAL_INPUT|JOINT_SEED|COMPARATOR_WIN|SELECTED|COMMITTED,,,,,1.0,0.75,0.1538008329432783,58.4018976688385,58.84932279586792,60.4018976688385,0,FINAL_INPUT,0.12,0.12,,,True,58.4018976688385,59.082308000000005,3.7362941423917055,-0.283088->-1.044086,-0.283088204357869,-0.283088204357869,-1.0440864642926186,-0.2907053430619954,-1.0280192070133083,0,-0.1151393466351016,-0.1151393466351016,58.52189766883848,58.52189766883848,58.52189766883848,58.52189766883848,58.52189766883848,58.52189766883848,0.09,0.09,0.09,0.0,1.272984555024859,0.4472764734024584,1.3949178935746347,True,2.4190925826824943,0.1251823315478941,,False,False
20260927_103759_1243248,u1e4,0,492,SIDE_PLUS,1790476745.612573,58.261897802352905,1790476745.7525728,False,False,False,False,,False,,,SIDE_DISPATCH|RAW_SEED_ATTEMPT|PRE_TIMING_SEED|TIMED_SEED|SEED_ELIGIBILITY|PRE_LOS|POST_LOS|SOLVER_OK|FINAL_INPUT|PREFLIGHT_REJECT,PREFLIGHT_REJECT,DYNAMICS_FAIL,,,0.0,0.0,0.0,-1790476687.350675,-1790476687.350675,-1790476687.350675,0,FINAL_INPUT,0.39,0.39,,,True,58.4018976688385,59.082308000000005,3.417956374408365,-0.283088->+1.933884,-0.283088204357869,-0.283088204357869,1.933884424489436,-0.2907053430619954,2.390327335426494,1,-0.3485036683534915,-0.3485036683534915,58.86189766883841,58.86189766883841,,58.86189766883841,,,0.09,0.09,0.09,0.0,17.60844477293876,39.97625273990774,168.79961260518672,False,1.651798796243056,0.1251823315478941,,False,False
20260927_103759_1243248,u1e4,0,493,SIDE_MINUS,1790476745.612573,58.261897802352905,1790476745.7525728,False,False,False,False,,False,,,SIDE_DISPATCH|RAW_SEED_ATTEMPT|PRE_TIMING_SEED|TIMED_SEED|SEED_ELIGIBILITY|PRE_LOS|POST_LOS|SOLVER_OK|FINAL_INPUT|PREFLIGHT_REJECT,PREFLIGHT_REJECT,DYNAMICS_FAIL,,,0.0,0.0,0.0,-1790476687.350675,-1790476687.350675,-1790476687.350675,0,FINAL_INPUT,0.11,0.11,,,True,58.4018976688385,59.082308000000005,3.556256127000813,-0.283088->-1.800371,-0.283088204357869,-0.283088204357869,-1.800371259453632,-0.2907053430619954,-1.9787788499101795,0,-0.1151393466351016,-0.1151393466351016,58.51189766883848,58.51189766883848,58.51189766883848,58.51189766883848,58.51189766883848,58.51189766883848,0.09,0.09,0.09,0.0,4.109673515390054,11.877870960253777,52.79889801111853,False,2.4254093721033003,0.1251823315478941,,False,False
20260927_103759_1243248,u1e4,0,494,NOMINAL,1790476745.757702,58.40702700614929,1790476745.897702,True,False,True,True,209.0,True,58.570457,58.674311,NOMINAL_CONTEXT|FINAL_INPUT|JOINT_SEED|COMPARATOR_WIN|SELECTED|COMMITTED,,,,,1.0,1.0,0.001998953764858,58.54702687263489,58.84932279586792,60.54702687263489,0,FINAL_INPUT,0.0,0.0,,,True,58.54702687263489,59.082308000000005,3.7738284699689513,-0.451756->-1.036698,-0.4517559203180508,-0.4517559203180508,-1.036697729320189,0.0,0.0,0,0.034520084220428,0.034520084220428,58.54702687263489,58.54702687263489,58.54702687263489,58.54702687263489,58.54702687263489,58.54702687263489,0.0,0.0,0.0,0.0,1.2559622294288646,0.4335617698441233,1.2819127791332472,True,2.419083623601413,0.2324709789858418,,False,False
20260927_103759_1243248,u1e4,0,495,SIDE_PLUS,1790476745.757702,58.40702700614929,1790476745.897702,True,False,False,False,,False,,,SIDE_DISPATCH|RAW_SEED_ATTEMPT|PRE_TIMING_SEED|TIMED_SEED|SEED_ELIGIBILITY|SOLVER_OK|FINAL_INPUT|COMPARATOR_LOSS,,,,OPPONENT_SIDE_PREFERENCE_HOLD,1.0,1.0,0.001998953772954,58.54702687263489,58.84932279586792,60.54702687263489,0,FINAL_INPUT,0.0,0.0,,,True,58.54702687263489,59.082308000000005,3.7780043008255766,-0.451756->-1.035273,-0.4517559203180508,-0.4517559203180508,-1.0352731214572997,0.0,0.0,0,0.034520084220428,0.034520084220428,58.54702687263489,58.54702687263489,58.54702687263489,58.54702687263489,58.54702687263489,58.54702687263489,0.0,0.0,0.0,0.0,1.2553802422088691,0.4335617698441233,1.3664910498579057,True,2.4190822847467635,0.2324709789858418,,False,False
20260927_103759_1243248,u1e4,0,496,SIDE_MINUS,1790476745.757702,58.40702700614929,1790476745.897702,True,False,False,False,,False,,,SIDE_DISPATCH|RAW_SEED_ATTEMPT|PRE_TIMING_SEED|TIMED_SEED|SEED_ELIGIBILITY|SOLVER_OK|FINAL_INPUT|COMPARATOR_LOSS,,,,OPPONENT_SIDE_PREFERENCE_HOLD,1.0,1.0,0.0019989537587132,58.54702687263489,58.84932279586792,60.54702687263489,0,FINAL_INPUT,0.0,0.0,,,True,58.54702687263489,59.082308000000005,3.748752845327553,-0.451756->-1.037579,-0.4517559203180508,-0.4517559203180508,-1.0375793075567885,0.0,0.0,0,0.034520084220428,0.034520084220428,58.54702687263489,58.54702687263489,58.54702687263489,58.54702687263489,58.54702687263489,58.54702687263489,0.0,0.0,0.0,0.0,1.271245360872484,0.4356690776645524,1.259457961512014,True,2.4190851421704416,0.2324709789858418,,False,False
20260927_103759_1243248,u1e5,0,511,NOMINAL,1790476748.68359,61.33291482925415,1790476748.8235898,True,False,True,True,220.0,True,61.502689,62.079401,FINAL_INPUT|JOINT_SEED|COMPARATOR_WIN|SELECTED|COMMITTED,,,,,0.0,0.0,0.0,-1790476687.350675,-1790476687.350675,63.47291469573975,0,FINAL_INPUT,1.35,1.35,,,False,61.47291469573975,64.89219085539608,3.419276159656331,+1.626387->-1.640230,1.6263866562110616,0.4627923101015222,-1.6402302100639985,0.0,0.0,1,-0.5099205318206362,-0.5099205318206362,64.84291469573907,64.84291469573907,,,,,1.07,1.07,1.07,0.0,1.3537683762994484,0.5906245295862547,2.8950882288150144,True,0.5032541018170629,1.7071977202807151,,False,False
20260927_103759_1243248,u1e5,0,512,NOMINAL,1790476748.9801598,61.6294846534729,1790476749.1201596,False,False,False,False,,False,,,NOMINAL_CONTEXT|FINAL_INPUT|JOINT_SEED|HANDOFF_REJECT,HANDOFF_REJECT,MISSED_FROZEN_ACTIVATION,,,0.0,0.0,0.0,-1790476687.350675,-1790476687.350675,-1790476687.350675,0,FINAL_INPUT,1.29,1.29,,,False,61.769484519958496,65.17076910268182,3.401284582723315,+1.512299->-2.237394,1.512298508123308,0.5281910465851429,-2.237393819030631,1.8452652698250824,-0.2112078844860855,1,-0.508200826016864,-0.508200826016864,64.83948451995789,64.83948451995789,64.83948451995789,64.83948451995789,,64.83948451995789,1.07,1.07,1.07,0.0,1.365656060662007,0.5854263255663366,2.77789662933642,True,0.5167320089017673,1.7014237144243205,,False,False
20260927_103759_1243248,u1e5,0,514,SIDE_PLUS,1790476748.9801598,61.6294846534729,1790476749.1201596,False,True,False,False,,False,,,SIDE_DISPATCH|RAW_SEED_ATTEMPT|PRE_TIMING_SEED|TIMED_SEED|SEED_ELIGIBILITY|PRE_LOS|POST_LOS|SOLVER_OK|FINAL_INPUT|JOINT_SEED|HANDOFF_REJECT,HANDOFF_REJECT,MISSED_FROZEN_ACTIVATION,,,0.0,0.0,0.0,-1790476687.350675,-1790476687.350675,-1790476687.350675,0,FINAL_INPUT,1.26,1.26,,,False,61.769484519958496,65.07623697082707,3.3067524508685677,+1.512299->-2.157140,1.512298508123308,0.5304132875924144,-2.1571400535945435,1.8452652698250824,-0.2088271152092358,1,-0.5079490976522657,-0.5079490976522657,64.81948451995788,64.81948451995788,,64.81948451995788,,,1.05,1.05,1.05,0.0,1.4655217194005925,0.7436676178893742,3.5960380517635846,True,0.552157331646173,1.68204628321126,,False,False
20260927_103759_1243248,u1e5,0,515,NOMINAL,1790476749.133487,61.782811880111694,1790476749.2836983,False,False,False,False,,False,,,NOMINAL_CONTEXT|FINAL_INPUT|JOINT_SEED|HANDOFF_REJECT,HANDOFF_REJECT,MISSED_FROZEN_ACTIVATION,,,0.0,0.0,0.0,-1790476687.350675,-1790476687.350675,-1790476687.350675,0,FINAL_INPUT,1.29,1.29,,,False,61.93302321434021,65.19146695629553,3.258443741955319,+1.454427->-2.238311,1.4544268377837657,0.5394945070358536,-2.2383111293280824,1.7497104555804963,-0.252573730090567,1,-0.5066914665162882,-0.5066914665162882,64.85302321433963,64.85302321433963,64.85302321433963,64.85302321433963,,64.85302321433963,1.08,1.08,1.08,0.0,1.3560464739782807,0.582406834418492,2.8233049031807704,True,0.5151127186871909,1.7039103007852243,,False,False
20260927_103759_1243248,u1e5,0,517,SIDE_PLUS,1790476749.133487,61.782811880111694,1790476749.2836983,False,True,False,False,,False,,,SIDE_DISPATCH|RAW_SEED_ATTEMPT|PRE_TIMING_SEED|TIMED_SEED|SEED_ELIGIBILITY|PRE_LOS|POST_LOS|SOLVER_OK|FINAL_INPUT|JOINT_SEED|HANDOFF_REJECT,HANDOFF_REJECT,MISSED_FROZEN_ACTIVATION,,,0.0,0.0,0.0,-1790476687.350675,-1790476687.350675,-1790476687.350675,0,FINAL_INPUT,1.27,1.27,,,False,61.93302321434021,65.06617816460609,3.1331549502658707,+1.454427->-2.156161,1.4544268377837657,0.5154728847122516,-2.1561608923540594,1.7497104555804963,-0.2549594987747807,1,-0.5081639979231024,-0.5081639979231024,64.81302321433964,64.81302321433964,,64.81302321433964,,,1.04,1.04,1.04,0.0,1.4636290613938951,0.7495391319229191,3.681778712037717,True,0.5410169158599643,1.6925448532103515,,False,False
20260927_103759_1243248,u1e5,0,518,NOMINAL,1790476749.2707305,61.9200553894043,1790476749.428591,True,False,True,True,221.0,True,62.108001,62.335476,NOMINAL_CONTEXT|FINAL_INPUT|JOINT_SEED|COMPARATOR_WIN|SELECTED|COMMITTED,,,,,1.0,1.0,0.0893733237590847,63.44932317733765,63.57291460037232,64.07791590690613,0,FINAL_INPUT,1.28,1.28,64.87791590690557,64.87791590690557,True,62.07791590690613,65.48158043223695,3.4036645253308224,+1.401882->-2.542084,1.401881822924449,0.5931861529863321,-2.5420835136574373,1.663205490114141,-0.4269652624458508,1,-0.5082889647575095,-0.5082889647575095,64.87791590690557,64.87791590690557,64.87791590690557,64.87791590690557,64.87791590690557,64.87791590690557,1.1,1.1,1.1,0.0,1.316946727742783,0.4777829603513923,2.077790225358919,True,0.5477646008314752,1.6946643173740397,0.0907040930944305,True,False
20260927_103759_1243248,u1e5,0,520,SIDE_PLUS,1790476749.2707305,61.9200553894043,1790476749.428591,True,True,False,False,,False,,,SIDE_DISPATCH|RAW_SEED_ATTEMPT|PRE_TIMING_SEED|TIMED_SEED|SEED_ELIGIBILITY|PRE_LOS|POST_LOS|SOLVER_OK|FINAL_INPUT|JOINT_SEED|COMPARATOR_LOSS,,,,OPPONENT_D3_LOWER,1.0,1.0,0.1061290225037629,63.44932317733765,63.57291460037232,64.07791590690613,0,FINAL_INPUT,1.22,1.22,64.80791590690558,64.80791590690558,True,62.07791590690613,65.30942178740536,3.2315058804992294,+1.401882->-2.545552,1.401881822924449,0.5712197493069763,-2.545552042879689,1.663205490114141,-0.4279641228044108,1,-0.5079547541231936,-0.5079547541231936,64.80791590690558,64.80791590690558,64.80791590690558,64.80791590690558,64.80791590690558,64.80791590690558,1.03,1.03,1.03,0.0,1.4531982253269573,0.6979020157745185,3.252357914009844,True,0.5716650771969796,1.6841560526393384,0.16070409309442368,True,False
20260927_103759_1243248,u1e5,0,521,NOMINAL,1790476749.543918,62.19324278831482,1790476749.6969483,True,False,False,False,,False,,,NOMINAL_CONTEXT|FINAL_INPUT|JOINT_SEED|COMPARATOR_WIN,,,,,1.0,0.5,0.8285688607327689,63.44932317733765,63.97291421890259,64.34627318382263,0,FINAL_INPUT,1.26,1.26,64.92627318382212,64.92627318382212,True,62.34627318382263,65.56862,3.638075081176319,+1.321549->-2.415527,1.3215491347999189,0.6898756834934348,-2.4155267083892493,1.50258874168268,-0.4280897346187596,1,-0.5052609056730551,-0.5052609056730551,64.92627318382212,64.92627318382212,64.92627318382212,64.92627318382212,64.92627318382212,64.92627318382212,1.15,1.15,1.15,0.0,1.1937095996609464,0.2965041897001264,1.1762650059465007,True,0.5618303318309046,1.6946295593923328,0.04234681617788283,True,False
20260927_103759_1243248,u1e5,0,523,SIDE_PLUS,1790476749.543918,62.19324278831482,1790476749.6969483,True,True,True,True,222.0,True,62.369112,62.602785,SIDE_DISPATCH|RAW_SEED_ATTEMPT|PRE_TIMING_SEED|TIMED_SEED|SEED_ELIGIBILITY|PRE_LOS|POST_LOS|SOLVER_OK|FINAL_INPUT|JOINT_SEED|COMPARATOR_WIN|SELECTED|COMMITTED,,,,D3_LOWER,1.0,0.5,0.6930985374778982,63.44932317733765,63.97291421890259,64.34627318382263,0,FINAL_INPUT,1.22,1.22,64.92627318382212,64.92627318382212,True,62.34627318382263,65.56862,3.531703190486965,+1.321549->-2.503261,1.3215491347999189,0.7478220682862785,-2.503260889562467,1.50258874168268,-0.4782062757238765,1,-0.5063638077520193,-0.5063638077520193,64.92627318382212,64.92627318382212,64.92627318382212,64.92627318382212,64.92627318382212,64.92627318382212,1.15,1.15,1.15,0.0,1.3151394967594665,0.4838091488615991,2.026362464383459,True,0.5980440123474413,1.6898487780884894,0.04234681617788283,True,False
20260927_103759_1243248,u1e5,0,524,NOMINAL,1790476749.811334,62.46065902709961,1790476749.9600277,True,False,False,False,,False,,,NOMINAL_CONTEXT|FINAL_INPUT|JOINT_SEED|COMPARATOR_WIN,,,,,1.0,0.3,2.8566477302504367,63.44932317733765,64.37291383743286,64.60935235023499,0,FINAL_INPUT,1.24,1.24,64.94935235023452,64.94935235023452,True,62.609352350234985,65.56862,3.643614882725709,+1.245852->-2.330262,1.245852247650061,0.7350958975947444,-2.3302616218914665,1.3426412937076513,-0.3544928580469827,1,-0.5081530009131617,-0.5081530009131617,64.94935235023452,64.94935235023452,64.94935235023452,64.94935235023452,64.94935235023452,64.94935235023452,1.18,1.18,1.18,0.0,1.179170004442562,0.3176059956117549,1.167759436014744,True,0.5691613939902282,1.691300804824448,0.019267649765481565,False,False
20260927_103759_1243248,u1e5,0,525,SIDE_MINUS,1790476749.811334,62.46065902709961,1790476749.9600277,True,True,False,False,,False,,,SIDE_DISPATCH|RAW_SEED_ATTEMPT|PRE_TIMING_SEED|TIMED_SEED|SEED_ELIGIBILITY|SOLVER_OK|FINAL_INPUT|JOINT_SEED|COMPARATOR_LOSS,,,,OPPONENT_D3_LOWER,1.0,0.3,2.7730876454663704,63.44932317733765,64.37291383743286,64.60935235023499,0,FINAL_INPUT,1.24,1.24,64.95935235023452,64.95935235023452,True,62.609352350234985,65.56862,3.628045501134865,+1.245852->-2.338683,1.245852247650061,0.7484746101760243,-2.338683080854147,1.3426412937076513,-0.3543599490179935,1,-0.5087673988756649,-0.5087673988756649,64.95935235023452,64.95935235023452,64.95935235023452,64.95935235023452,64.95935235023452,64.95935235023452,1.19,1.19,1.19,0.0,1.2047761250944322,0.3335285432538584,1.4261337413311015,True,0.5738223532376043,1.6912334261639783,0.009267649765476449,False,False
20260927_103759_1243248,u1e5,0,526,SIDE_PLUS,1790476749.811334,62.46065902709961,1790476749.9600277,True,True,True,True,223.0,True,62.635292,62.875878,SIDE_DISPATCH|RAW_SEED_ATTEMPT|PRE_TIMING_SEED|TIMED_SEED|SEED_ELIGIBILITY|PRE_LOS|POST_LOS|SOLVER_OK|FINAL_INPUT|JOINT_SEED|COMPARATOR_WIN|SELECTED|COMMITTED,,,,D3_LOWER,1.0,0.3,2.6284974030812887,63.44932317733765,64.37291383743286,64.60935235023499,0,FINAL_INPUT,1.2,1.2,64.94935235023452,64.94935235023452,True,62.609352350234985,65.56862,3.537675271174052,+1.245852->-2.416445,1.245852247650061,0.7815691430491772,-2.4164451386862384,1.3426412937076513,-0.3917543223925896,1,-0.5068933100099877,-0.5068933100099877,64.94935235023452,64.94935235023452,64.94935235023452,64.94935235023452,64.94935235023452,64.94935235023452,1.18,1.18,1.18,0.0,1.294103935238062,0.4529265780822914,1.8926067645426623,True,0.5964267965605079,1.690458079595131,0.019267649765481565,False,False
20260927_103759_1243248,u1e5,0,527,NOMINAL,1790476750.0924213,62.74174618721008,1790476750.2385955,True,False,False,False,,False,,,NOMINAL_CONTEXT|FINAL_INPUT|JOINT_SEED|COMPARATOR_WIN,,,,,1.0,0.2307692307692307,4.218432203481759,63.44932317733765,64.70935225486755,64.88792061805725,0,FINAL_INPUT,1.23,1.23,64.95792061805685,64.95792061805685,True,62.88792061805725,65.56862,3.6477754321713225,+1.173393->-2.273424,1.1733925621554604,0.7563292978895437,-2.273423556604864,1.202746369084652,-0.4877127645038298,1,-0.5081116195523173,-0.5081116195523173,64.95792061805685,64.95792061805685,64.95792061805685,64.95792061805685,64.95792061805685,64.95792061805685,1.18,1.18,1.18,0.0,1.181093898730594,0.2939920173070378,1.3177950017559998,True,0.5781411013115734,1.6904577691678606,0.010699381943155117,False,False
20260927_103759_1243248,u1e5,0,528,SIDE_MINUS,1790476750.0924213,62.74174618721008,1790476750.2385955,True,True,False,False,,False,,,SIDE_DISPATCH|RAW_SEED_ATTEMPT|PRE_TIMING_SEED|TIMED_SEED|SEED_ELIGIBILITY|SOLVER_OK|FINAL_INPUT|JOINT_SEED|COMPARATOR_LOSS,,,,OPPONENT_D3_LOWER,1.0,0.2307692307692307,4.210292160269827,63.44932317733765,64.70935225486755,64.88792061805725,0,FINAL_INPUT,1.23,1.23,64.96792061805684,64.96792061805684,True,62.88792061805725,65.56862,3.608454791129355,+1.173393->-2.295808,1.1733925621554604,0.7621874952357879,-2.295807927166808,1.202746369084652,-0.4921231427171107,1,-0.505868011568343,-0.505868011568343,64.96792061805684,64.96792061805684,64.96792061805684,64.96792061805684,64.96792061805684,64.96792061805684,1.19,1.19,1.19,0.0,1.2141641618659629,0.3569262173461035,1.6207273204005206,True,0.5809866076959884,1.6904577691678606,0.0006993819431642123,False,False
20260927_103759_1243248,u1e5,0,529,SIDE_PLUS,1790476750.0924213,62.74174618721008,1790476750.2385955,True,True,True,True,224.0,True,62.915964,63.168641,SIDE_DISPATCH|RAW_SEED_ATTEMPT|PRE_TIMING_SEED|TIMED_SEED|SEED_ELIGIBILITY|PRE_LOS|POST_LOS|SOLVER_OK|FINAL_INPUT|JOINT_SEED|COMPARATOR_WIN|SELECTED|COMMITTED,,,,D3_LOWER,1.0,0.2307692307692307,4.154867788696108,63.44932317733765,64.70935225486755,64.88792061805725,0,FINAL_INPUT,1.21,1.21,64.96792061805684,64.96792061805684,True,62.88792061805725,65.56862,3.52261115171992,+1.173393->-2.362384,1.1733925621554604,0.7820093471325968,-2.362383650792742,1.202746369084652,-0.5236995505567931,1,-0.5097535026011801,-0.5097535026011801,64.96792061805684,64.96792061805684,64.96792061805684,64.96792061805684,64.96792061805684,64.96792061805684,1.19,1.19,1.19,0.0,1.3016766770613095,0.4652594417892898,2.06063424864679,True,0.591916342770026,1.6904577691678606,0.0006993819431642123,False,False
20260927_103759_1243248,u1e5,0,530,NOMINAL,1790476750.3756592,63.02498412132263,1790476750.5182111,True,False,True,True,225.0,True,63.201954,63.435463,NOMINAL_CONTEXT|FINAL_INPUT|JOINT_SEED|COMPARATOR_WIN|SELECTED|COMMITTED,,,,,1.0,0.25,4.607888640809778,63.44932317733765,64.98792052268982,65.16753602027893,0,FINAL_INPUT,1.19,1.19,64.93753602027857,64.93753602027857,True,63.16753602027893,65.56862,3.5927845686710524,+1.092402->-2.187147,1.092402029884018,0.7627020790680713,-2.1871466205318546,1.0648315454817334,-0.6780168850569622,1,-0.5085685981164165,-0.5085685981164165,64.93753602027857,64.93753602027857,64.93753602027857,64.93753602027857,64.93753602027857,64.93753602027857,1.16,1.16,1.16,0.0,1.210590103758563,0.3904088542263805,1.5940749065791355,True,0.5790867702249389,1.7079075189829702,0.031083979721429955,True,False
20260927_103759_1243248,u1e5,0,531,SIDE_MINUS,1790476750.3756592,63.02498412132263,1790476750.5182111,True,True,False,False,,False,,,SIDE_DISPATCH|RAW_SEED_ATTEMPT|PRE_TIMING_SEED|TIMED_SEED|SEED_ELIGIBILITY|SOLVER_OK|FINAL_INPUT|JOINT_SEED|COMPARATOR_LOSS,,,,OPPONENT_D3_LOWER,1.0,0.25,4.627329908777856,63.44932317733765,64.98792052268982,65.16753602027893,0,FINAL_INPUT,1.2,1.2,64.94753602027858,64.94753602027858,True,63.16753602027893,65.56862,3.5388823351848133,+1.092402->-2.208826,1.092402029884018,0.7659070731394715,-2.2088261175837,1.0648315454817334,-0.678788030829146,1,-0.5087874771763237,-0.5087874771763237,64.94753602027858,64.94753602027858,64.94753602027858,64.94753602027858,64.94753602027858,64.94753602027858,1.17,1.17,1.17,0.0,1.250367625609503,0.3891046910472986,1.7349385808376403,True,0.5806982591757748,1.7079075189829702,0.02108397972142484,False,False
20260927_103759_1243248,u1e5,0,532,SIDE_PLUS,1790476750.3756592,63.02498412132263,1790476750.5182111,True,True,False,False,,False,,,SIDE_DISPATCH|RAW_SEED_ATTEMPT|PRE_TIMING_SEED|TIMED_SEED|SEED_ELIGIBILITY|PRE_LOS|POST_LOS|SOLVER_OK|FINAL_INPUT|JOINT_SEED|COMPARATOR_LOSS,,,,OPPONENT_D3_LOWER,1.0,0.25,4.608182652229317,63.44932317733765,64.98792052268982,65.16753602027893,0,FINAL_INPUT,1.19,1.19,64.93753602027857,64.93753602027857,True,63.16753602027893,65.56862,3.4459754404286143,+1.092402->-2.271508,1.092402029884018,0.7703264842269235,-2.271508199779776,1.0648315454817334,-0.7162166749503827,1,-0.5064841309100726,-0.5064841309100726,64.93753602027857,64.93753602027857,64.93753602027857,64.93753602027857,64.93753602027857,64.93753602027857,1.16,1.16,1.16,0.0,1.3331107562835756,0.5025444696404827,2.2456977204345927,True,0.5828887586892657,1.7079075189829702,0.031083979721429955,True,False
20260927_103759_1243248,u1e5,0,533,NOMINAL,1790476750.66322,63.31254482269287,1790476750.8032198,True,False,True,True,226.0,True,63.473649,63.735704,NOMINAL_CONTEXT|FINAL_INPUT|JOINT_SEED|COMPARATOR_WIN|SELECTED|COMMITTED,,,,,1.0,0.2,4.621989396932673,63.45254468917847,65.0493233203888,65.45254468917847,0,FINAL_INPUT,1.2,1.2,64.94254468917816,64.94254468917816,True,63.45254468917847,65.56862,3.5679742419920397,+0.973919->-2.164973,0.9739192182067948,0.7628453157528562,-2.164972863863853,0.928538731388928,-0.6559859271529328,1,-0.508606687285999,-0.508606687285999,64.94254468917816,64.94254468917816,64.94254468917816,64.94254468917816,64.94254468917816,64.94254468917816,1.17,1.17,1.17,0.0,1.1892983633633631,0.3746267717954183,1.2374245133715192,True,0.5796287777036822,1.7661949063143625,0.026075310821838116,True,True
20260927_103759_1243248,u1e5,0,534,SIDE_MINUS,1790476750.66322,63.31254482269287,1790476750.8032198,True,True,False,False,,False,,,SIDE_DISPATCH|RAW_SEED_ATTEMPT|PRE_TIMING_SEED|TIMED_SEED|SEED_ELIGIBILITY|SOLVER_OK|FINAL_INPUT|JOINT_SEED|COMPARATOR_LOSS,,,,OPPONENT_D3_LOWER,1.0,0.2,4.667227620068565,63.45254468917847,65.0493233203888,65.45254468917847,0,FINAL_INPUT,1.21,1.21,64.95254468917817,64.95254468917817,True,63.45254468917847,65.56862,3.5280446918384425,+0.973919->-2.165083,0.9739192182067948,0.7637768768518823,-2.1650828136074245,0.928538731388928,-0.6329283672877656,1,-0.5061904845598206,-0.5061904845598206,64.95254468917817,64.95254468917817,64.95254468917817,64.95254468917817,64.95254468917817,64.95254468917817,1.18,1.18,1.18,0.0,1.2223919918060118,0.3700781843710398,1.7197646644675333,True,0.5798984166837908,1.7661949063143625,0.016075310821833,False,True
20260927_103759_1243248,u1e5,0,535,SIDE_PLUS,1790476750.66322,63.31254482269287,1790476750.8032198,True,True,False,False,,False,,,SIDE_DISPATCH|RAW_SEED_ATTEMPT|PRE_TIMING_SEED|TIMED_SEED|SEED_ELIGIBILITY|PRE_LOS|POST_LOS|SOLVER_OK|FINAL_INPUT|JOINT_SEED|COMPARATOR_LOSS,,,,OPPONENT_C3_HIGHER,1.0,0.1333333333333333,4.812112120342999,63.45254468917847,65.0493233203888,65.45254468917847,0,FINAL_INPUT,1.25,1.25,,,True,63.45254468917847,65.56862,3.408006396834187,+0.973919->-2.251327,0.9739192182067948,0.7793271730417454,-2.251326571237235,0.928538731388928,-0.7211538242144911,1,-0.5076442960875032,-0.5076442960875032,65.00254468917817,65.00254468917817,65.00254468917817,65.00254468917817,65.00254468917817,65.00254468917817,1.2,1.2,1.2,0.0,1.6236639652373466,1.173759918317974,4.026464472367121,True,0.5843752642079523,1.7661949063143625,,False,False
20260927_103759_1243248,u1e5,0,537,SIDE_MINUS,1790476750.9418364,63.59116125106812,1790476751.0818362,False,True,False,False,,False,,,SIDE_DISPATCH|RAW_SEED_ATTEMPT|PRE_TIMING_SEED|TIMED_SEED|SEED_ELIGIBILITY|PRE_LOS|POST_LOS|SOLVER_OK|FINAL_INPUT|JOINT_SEED|PREFLIGHT_REJECT,PREFLIGHT_REJECT,DYNAMICS_FAIL,,,0.0,0.0,0.0,-1790476687.350675,-1790476687.350675,-1790476687.350675,0,FINAL_INPUT,1.15,1.15,,,True,63.73116111755371,65.56862,3.5307387621754,+0.793865->-3.861253,0.7938645206808022,0.7604877121001686,-3.861253335483057,0.7794533294582944,-4.8480491196645,1,-0.490162859589514,-0.490162859589514,64.09116111755364,64.09116111755364,64.09116111755364,64.09116111755364,,64.09116111755364,0.8200000000000001,0.8200000000000001,0.71,0.0,23.955843672282956,64.21706103412224,295.86945733488943,False,0.4945228555215169,1.829107140431368,,False,False
20260927_103759_1243248,u1e5,0,538,SIDE_PLUS,1790476750.9418364,63.59116125106812,1790476751.0818362,False,True,False,False,,False,,,SIDE_DISPATCH|RAW_SEED_ATTEMPT|PRE_TIMING_SEED|TIMED_SEED|SEED_ELIGIBILITY|PRE_LOS|POST_LOS|SOLVER_OK|FINAL_INPUT|JOINT_SEED|PREFLIGHT_REJECT,PREFLIGHT_REJECT,DYNAMICS_FAIL,,,0.0,0.0,0.0,-1790476687.350675,-1790476687.350675,-1790476687.350675,0,FINAL_INPUT,1.53,1.53,,,True,63.73116111755371,65.56862,3.4143719834935675,+0.793865->-1.259926,0.7938645206808022,0.7633998361328878,-1.2599255541340189,0.7794533294582944,1.6422983305507328,1,-0.5075459934407328,-0.5075459934407328,,,,,,,1.2,1.2,1.2,0.0,4.323327109969624,9.307110168674578,48.8420484081404,False,0.5796279647022218,0.528505718375498,,False,False
20260927_103759_1243248,u1e5,0,539,NOMINAL,1790476750.9677677,63.61709237098694,1790476751.107767,True,False,True,True,227.0,True,63.769109,64.003438,NOMINAL_CONTEXT|FINAL_INPUT|JOINT_SEED|COMPARATOR_WIN|SELECTED|COMMITTED,,,,,1.0,0.0833333333333333,4.436405233694436,63.75709223747253,65.04932355880737,65.75709223747253,0,FINAL_INPUT,1.19,1.19,64.9470922374723,64.9470922374723,True,63.75709223747253,65.56862,3.561685481712686,+0.773292->-2.123086,0.7732922460305505,0.7630828952835329,-2.1230864805661334,0.7567925604197038,-0.6472749451833302,1,-0.5062339479592947,-0.5062339479592947,64.9470922374723,64.9470922374723,64.9470922374723,64.9470922374723,64.9470922374723,64.9470922374723,1.17,1.17,1.17,0.0,1.151796141038447,0.3732001469689354,1.2446908494053133,True,0.5798414053753573,1.8865718930142008,0.021527762527696837,False,True
20260927_103759_1243248,u1e5,0,540,SIDE_MINUS,1790476750.9677677,63.61709237098694,1790476751.107767,False,True,False,False,,False,,,SIDE_DISPATCH|RAW_SEED_ATTEMPT|PRE_TIMING_SEED|TIMED_SEED|SEED_ELIGIBILITY|PRE_LOS|POST_LOS|SOLVER_OK|FINAL_INPUT|JOINT_SEED|PREFLIGHT_REJECT,PREFLIGHT_REJECT,DYNAMICS_FAIL,,,0.0,0.0,0.0,-1790476687.350675,-1790476687.350675,-1790476687.350675,0,FINAL_INPUT,1.13,1.13,,,True,63.75709223747253,65.56862,3.507083051268447,+0.773292->-4.332373,0.7732922460305505,0.7629875411910241,-4.332372893919752,0.7567925604197038,-5.331054088030411,1,-0.5026689256241349,-0.5026689256241349,64.11709223747246,64.11709223747246,64.11709223747246,64.11709223747246,,64.11709223747246,0.81,0.81,0.7000000000000001,0.0,23.10642950362292,62.76792720246324,292.30368097839937,False,0.5057923233565715,1.83190437803964,,False,False
20260927_103759_1243248,u1e5,0,541,SIDE_PLUS,1790476750.9677677,63.61709237098694,1790476751.107767,False,True,False,False,,False,,,SIDE_DISPATCH|RAW_SEED_ATTEMPT|PRE_TIMING_SEED|TIMED_SEED|SEED_ELIGIBILITY|PRE_LOS|POST_LOS|SOLVER_OK|FINAL_INPUT|JOINT_SEED|PREFLIGHT_REJECT,PREFLIGHT_REJECT,DYNAMICS_FAIL,,,0.0,0.0,0.0,-1790476687.350675,-1790476687.350675,-1790476687.350675,0,FINAL_INPUT,1.2,1.2,,,True,63.75709223747253,65.56862,3.3893284945909894,+0.773292->-1.116926,0.7732922460305505,0.7631046565210631,-1.116926447090182,0.7567925604197038,1.9806492071211568,1,-0.5005548338269956,-0.5005548338269956,64.4070922374724,64.4070922374724,64.4070922374724,64.4070922374724,,64.4070922374724,0.88,0.88,0.88,0.0,5.643493468063153,13.348790853798086,69.0408678993374,False,0.5798414053753573,0.4194350357844353,,False,False
20260927_103759_1243248,u1e5,0,542,NOMINAL,1790476751.2157283,63.86505317687988,1790476751.355728,True,False,True,True,228.0,True,64.035406,64.27242,NOMINAL_CONTEXT|FINAL_INPUT|JOINT_SEED|COMPARATOR_WIN|SELECTED|COMMITTED,,,,,1.0,0.1818181818181818,3.76281278771173,64.00505304336548,65.04932403564453,66.00505304336548,0,FINAL_INPUT,0.94,0.94,64.94505304336596,64.94505304336596,True,64.00505304336548,65.56862,3.538194179400693,+0.518863->-2.086053,0.5188627621409325,0.5188627621409325,-2.08605288930652,0.4894656551720759,-0.8763185158343626,1,-0.508208896942068,-0.508208896942068,64.94505304336596,64.94505304336596,64.94505304336596,64.94505304336596,64.94505304336596,64.94505304336596,0.94,0.94,0.94,0.0,1.127000044539165,0.3227577507613627,1.2800454378252306,True,0.6056322561600205,2.03017937854276,0.023566956634041958,False,True
20260927_103759_1243248,u1e5,0,543,SIDE_MINUS,1790476751.2157283,63.86505317687988,1790476751.355728,False,True,False,False,,False,,,SIDE_DISPATCH|RAW_SEED_ATTEMPT|PRE_TIMING_SEED|TIMED_SEED|SEED_ELIGIBILITY|PRE_LOS|POST_LOS|SOLVER_OK|FINAL_INPUT|JOINT_SEED|PREFLIGHT_REJECT,PREFLIGHT_REJECT,DYNAMICS_FAIL,,,0.0,0.0,0.0,-1790476687.350675,-1790476687.350675,-1790476687.350675,0,FINAL_INPUT,0.84,0.84,,,True,64.00505304336548,65.56862,3.457342903742771,+0.518863->-4.832674,0.5188627621409325,0.5188627621409325,-4.832674208920485,0.4894656551720759,-9.59387801253525,1,-0.5058477186942535,-0.5058477186942535,64.34505304336565,64.34505304336565,64.34505304336565,64.34505304336565,,64.34505304336565,0.54,0.54,0.34,0.0,21.153610694031197,58.55928451088821,280.68703368302863,False,0.6056322561600205,1.650908421868034,,False,False
20260927_103759_1243248,u1e5,0,544,SIDE_PLUS,1790476751.2157283,63.86505317687988,1790476751.355728,False,True,False,False,,False,,,SIDE_DISPATCH|RAW_SEED_ATTEMPT|PRE_TIMING_SEED|TIMED_SEED|SEED_ELIGIBILITY|PRE_LOS|POST_LOS|SOLVER_OK|FINAL_INPUT|JOINT_SEED|PREFLIGHT_REJECT,PREFLIGHT_REJECT,DYNAMICS_FAIL,,,0.0,0.0,0.0,-1790476687.350675,-1790476687.350675,-1790476687.350675,0,FINAL_INPUT,1.23,1.23,,,True,64.00505304336548,65.56862,3.3288567618278,+0.518863->+0.062875,0.5188627621409325,0.5188627621409325,0.0628750985965875,0.4894656551720759,4.525783910507615,0,-0.4987568159652979,-0.4987568159652979,64.69505304336583,64.69505304336583,,,,,0.93,0.93,0.93,0.0,8.63788373192232,22.68376368967532,121.79425644214754,False,0.6056322561600205,0.7779757438919128,,False,False
20260927_103759_1243248,u1e5,0,545,NOMINAL,1790476751.4918952,64.14122009277344,1790476751.631895,True,False,True,True,229.0,True,64.304162,64.535331,NOMINAL_CONTEXT|FINAL_INPUT|JOINT_SEED|COMPARATOR_WIN|SELECTED|COMMITTED,,,,,1.0,0.25,2.252346260219198,64.28121995925903,65.04932427406311,66.28121995925903,0,FINAL_INPUT,0.67,0.67,64.95121995925938,64.95121995925938,True,64.28121995925903,65.56862,3.546107796401834,+0.094065->-2.080206,0.0940654193191909,0.0940654193191909,-2.080205599262959,0.0682948649876094,-1.1947099140743684,1,-0.5084991497082427,-0.5084991497082427,64.95121995925938,64.95121995925938,64.95121995925938,64.95121995925938,64.95121995925938,64.95121995925938,0.67,0.67,0.67,0.0,1.123273353108416,0.2548655428144519,1.2788520788612832,True,0.6928645002769991,2.191101148999776,0.0174000407406254,False,True
20260927_103759_1243248,u1e5,0,546,SIDE_MINUS,1790476751.4918952,64.14122009277344,1790476751.631895,False,True,False,False,,False,,,SIDE_DISPATCH|RAW_SEED_ATTEMPT|PRE_TIMING_SEED|TIMED_SEED|SEED_ELIGIBILITY|PRE_LOS|POST_LOS|SOLVER_OK|FINAL_INPUT|JOINT_SEED|PREFLIGHT_REJECT,PREFLIGHT_REJECT,DYNAMICS_FAIL,,,0.0,0.0,0.0,-1790476687.350675,-1790476687.350675,-1790476687.350675,0,FINAL_INPUT,0.42,0.42,,,True,64.28121995925903,65.56862,3.43379835826932,+0.094065->-5.256407,0.0940654193191909,0.0940654193191909,-5.256407328124705,0.0682948649876094,-10.599462541770118,1,-0.5094366518535592,-0.5094366518535592,64.6012199592592,64.6012199592592,64.6012199592592,64.6012199592592,64.6012199592592,64.6012199592592,0.32,0.32,0.32,0.0,16.18675241289533,45.80479292424933,222.51072556730355,False,0.6928645002769991,1.4886425790994111,,False,False
20260927_103759_1243248,u1e5,0,547,SIDE_PLUS,1790476751.4918952,64.14122009277344,1790476751.631895,False,True,False,False,,False,,,SIDE_DISPATCH|RAW_SEED_ATTEMPT|PRE_TIMING_SEED|TIMED_SEED|SEED_ELIGIBILITY|PRE_LOS|POST_LOS|SOLVER_OK|FINAL_INPUT|JOINT_SEED|PREFLIGHT_REJECT,PREFLIGHT_REJECT,DYNAMICS_FAIL,,,0.0,0.0,0.0,-1790476687.350675,-1790476687.350675,-1790476687.350675,0,FINAL_INPUT,0.99,0.99,,,True,64.28121995925903,65.56862,3.2927554114288764,+0.094065->+1.818850,0.0940654193191909,0.0940654193191909,1.818850468385428,0.0682948649876094,8.90587644272422,2,-0.5065771567991684,-0.5065771567991684,,,,,,,0.6900000000000001,0.6900000000000001,0.6900000000000001,0.0,13.791213223860288,38.451969343871845,207.76261001630596,False,0.6928645002769991,0.7402858256536264,,False,False
20260927_103759_1243248,u1e5,0,548,NOMINAL,1790476751.767213,64.41653823852539,1790476751.9072132,True,False,True,True,230.0,True,64.569857,64.802123,NOMINAL_CONTEXT|FINAL_INPUT|JOINT_SEED|COMPARATOR_WIN|SELECTED|COMMITTED,,,,,1.0,0.4,0.7878737677005603,64.55653810501099,65.04932451248169,66.55653810501099,0,FINAL_INPUT,0.39,0.39,64.94653810501119,64.94653810501119,True,64.55653810501099,65.56862,2.977260413310137,-0.451591->-2.078917,-0.4515912290102852,-0.4515912290102852,-2.078916630110813,-0.4841238944948707,-1.5679228149131097,0,-0.318788006947609,-0.318788006947609,64.94653810501119,64.94653810501119,64.94653810501119,64.94653810501119,64.94653810501119,64.94653810501119,0.39,0.39,0.39,0.0,1.2911624919448024,0.2474910492713943,1.0890186114898075,True,0.8418398849634638,2.1897319251781866,0.02208189498881552,False,True
20260927_103759_1243248,u1e5,0,549,SIDE_MINUS,1790476751.767213,64.41653823852539,1790476751.9072132,False,True,False,False,,False,,,SIDE_DISPATCH|RAW_SEED_ATTEMPT|PRE_TIMING_SEED|TIMED_SEED|SEED_ELIGIBILITY|PRE_LOS|POST_LOS|SOLVER_OK|FINAL_INPUT|JOINT_SEED|PREFLIGHT_REJECT,PREFLIGHT_REJECT,DYNAMICS_FAIL,,,0.0,0.0,0.0,-1790476687.350675,-1790476687.350675,-1790476687.350675,0,FINAL_INPUT,0.26,0.26,64.81653810501112,64.81653810501112,True,64.55653810501099,65.56862,2.890623958666574,-0.451591->-4.013907,-0.4515912290102852,-0.4515912290102852,-4.01390682865471,-0.4841238944948707,-6.798522819644391,0,-0.318788006947609,-0.318788006947609,64.81653810501112,64.81653810501112,64.81653810501112,64.81653810501112,64.81653810501112,64.81653810501112,0.26,0.26,0.26,0.0,9.757020213981528,31.87275548015416,174.47062734912248,False,0.8418398849634638,1.343999432065743,0.15208189498888203,True,False
20260927_103759_1243248,u1e5,0,550,SIDE_PLUS,1790476751.767213,64.41653823852539,1790476751.9072132,False,True,False,False,,False,,,SIDE_DISPATCH|RAW_SEED_ATTEMPT|PRE_TIMING_SEED|TIMED_SEED|SEED_ELIGIBILITY|PRE_LOS|POST_LOS|SOLVER_OK|FINAL_INPUT|JOINT_SEED|PREFLIGHT_REJECT,PREFLIGHT_REJECT,DYNAMICS_FAIL,,,0.0,0.0,0.0,-1790476687.350675,-1790476687.350675,-1790476687.350675,0,FINAL_INPUT,0.72,0.72,,,True,64.55653810501099,65.56862,2.7277839251526506,-0.451591->+2.730588,-0.4515912290102852,-0.4515912290102852,2.730587953144298,-0.4841238944948707,10.856899352912794,1,-0.5067296454895182,-0.5067296454895182,,,,,,,0.42,0.42,0.42,0.0,18.88431978233806,55.32936133330264,346.3348156538966,False,0.8418398849634638,0.5087430818905709,,False,False
20260927_103759_1243248,u1e5,0,551,NOMINAL,1790476752.028324,64.67764902114868,1790476752.168324,True,False,True,True,231.0,True,64.835595,65.10549,NOMINAL_CONTEXT|FINAL_INPUT|JOINT_SEED|COMPARATOR_WIN|SELECTED|COMMITTED,,,,,1.0,0.6666666666666666,0.1573739775241549,64.81764888763428,65.04932475090027,66.81764888763428,0,FINAL_INPUT,0.13,0.13,64.94764888763434,64.94764888763434,True,64.81764888763428,65.56862,3.5420681969853463,-1.038297->-2.066740,-1.0382971628401807,-1.0382971628401807,-2.0667396804649125,-1.0702082484235391,-1.8897008770240689,0,-0.1014191762830542,-0.1014191762830542,64.94764888763434,64.94764888763434,64.94764888763434,64.94764888763434,64.94764888763434,64.94764888763434,0.13,0.13,0.13,0.0,1.1189177324562525,0.2527602265018142,1.3103465121471591,True,1.0299513151279749,2.198478685619551,0.020971112365657518,False,True
20260927_103759_1243248,u1e5,0,552,SIDE_MINUS,1790476752.028324,64.67764902114868,1790476752.168324,True,True,False,False,,False,,,SIDE_DISPATCH|RAW_SEED_ATTEMPT|PRE_TIMING_SEED|TIMED_SEED|SEED_ELIGIBILITY|PRE_LOS|POST_LOS|SOLVER_OK|FINAL_INPUT|JOINT_SEED|COMPARATOR_LOSS,,,,OPPONENT_D3_LOWER,1.0,0.6666666666666666,0.1573922992930576,64.81764888763428,65.04932475090027,66.81764888763428,0,FINAL_INPUT,0.13,0.13,64.94764888763434,64.94764888763434,True,64.81764888763428,65.56862,3.3773837883928657,-1.038297->-2.061431,-1.0382971628401807,-1.0382971628401807,-2.06143146491596,-1.0702082484235391,-1.8832335480114308,0,-0.1014191762830542,-0.1014191762830542,64.94764888763434,64.94764888763434,64.94764888763434,64.94764888763434,64.94764888763434,64.94764888763434,0.13,0.13,0.13,0.0,1.188407510596679,0.436029943747786,2.339266982841961,True,1.0299513151279749,2.204947061737915,0.020971112365657518,False,True
20260927_103759_1243248,u1e5,0,553,SIDE_PLUS,1790476752.028324,64.67764902114868,1790476752.168324,False,True,False,False,,False,,,SIDE_DISPATCH|RAW_SEED_ATTEMPT|PRE_TIMING_SEED|TIMED_SEED|SEED_ELIGIBILITY|PRE_LOS|POST_LOS|SOLVER_OK|FINAL_INPUT|JOINT_SEED|PREFLIGHT_REJECT,PREFLIGHT_REJECT,DYNAMICS_FAIL,,,0.0,0.0,0.0,-1790476687.350675,-1790476687.350675,-1790476687.350675,0,FINAL_INPUT,0.2,0.2,,,True,64.81764888763428,65.56862,3.1754199340894456,-1.038297->+6.098079,-1.0382971628401807,-1.0382971628401807,6.09807924187086,-1.0702082484235391,2.4299963861837943,1,-0.1014191762830542,-0.1014191762830542,64.94764888763434,64.94764888763434,,64.94764888763434,,,0.13,0.13,0.13,0.0,20.07627914033404,59.50302064185409,325.305812808906,False,0.0438818402075774,2.695809624931618,,False,False
20260927_103759_1243248,u1e5,0,554,NOMINAL,1790476752.3115666,64.96089148521423,1790476752.4515665,True,False,True,True,232.0,True,65.136042,65.36913,FINAL_INPUT|JOINT_SEED|COMPARATOR_WIN|SELECTED|COMMITTED,,,,,0.0,0.0,0.0,-1790476687.350675,-1790476687.350675,67.10089135169983,0,FINAL_INPUT,0.0,0.0,,,True,65.10089135169983,65.56862,4.574533222181165,-1.581763->-2.051033,-1.5817628316655274,-1.5817628316655274,-2.051033396717928,0.0,0.0,0,0.1064471464254263,0.1064471464254263,65.10089135169983,65.10089135169983,65.10089135169983,65.10089135169983,,65.10089135169983,0.0,0.0,0.0,0.0,1.1039001770093513,1.032977091008472,3.820996353646761,True,1.267964792530337,2.225449287078014,,False,False
20260927_103759_1243248,u2e1,1,368,SIDE_MINUS,1790476758.3186274,70.96795225143433,1790476758.4586272,True,False,True,True,253.0,True,71.136024,71.436718,SIDE_DISPATCH|RAW_SEED_ATTEMPT|PRE_TIMING_SEED|TIMED_SEED|SEED_ELIGIBILITY|SOLVER_OK|FINAL_INPUT|COMPARATOR_WIN|SELECTED|COMMITTED,,,,,0.0,0.0,0.0,-1790476687.350675,-1790476687.350675,73.10795211791992,0,FINAL_INPUT,1.21,0.01,,,True,71.10795211791992,74.535173,3.862442268514077,-1.171621->-0.194064,-1.1716210302322625,-0.7402539849528327,-0.1940637820322222,0.0,0.0,0,-0.0842320598398301,-0.0842320598398301,73.4079521179211,73.4079521179211,73.4079521179211,73.4079521179211,73.4079521179211,,0.53,0.0,0.0,0.0,1.1579116284696247,0.510544785878575,1.3574162143572803,True,0.3957340920891889,0.0241613606425594,,False,False
20260927_103759_1243248,u2e1,1,369,SIDE_PLUS,1790476758.3186274,70.96795225143433,1790476758.4586272,True,False,False,False,,False,,,SIDE_DISPATCH|RAW_SEED_ATTEMPT|PRE_TIMING_SEED|TIMED_SEED|SEED_ELIGIBILITY|SOLVER_OK|FINAL_INPUT|COMPARATOR_WIN,,,,,0.0,0.0,0.0,-1790476687.350675,-1790476687.350675,73.10795211791992,0,FINAL_INPUT,1.33,0.23,,,True,71.10795211791992,74.535173,4.430381813862113,-1.171621->-0.072021,-1.1716210302322625,-1.0993358027980515,-0.0720207867493315,0.0,0.0,0,-0.2177662163493421,-0.2177662163493421,73.4079521179211,73.4079521179211,73.4079521179211,73.4079521179211,73.4079521179211,,0.53,0.0,0.0,0.0,1.191713541737556,1.028244225726722,4.0599914459879765,True,0.3356973192350119,0.2226202458760177,,False,False
20260927_103759_1243248,u2e1,1,373,NOMINAL,1790476758.645551,71.29487586021423,1790476758.7855508,True,False,True,True,254.0,True,71.47753,71.673217,NOMINAL_CONTEXT|FINAL_INPUT|JOINT_SEED|COMPARATOR_WIN|SELECTED|COMMITTED,,,,,0.0,0.0,0.0,-1790476687.350675,-1790476687.350675,73.43487572669983,0,FINAL_INPUT,0.94,0.07,,,True,71.43487572669983,74.535173,3.8771485655388274,-1.123696->-0.177748,-1.1236955008010938,-0.80334315365809,-0.177747500516617,0.0,0.0,0,-0.1096666202886212,-0.1096666202886212,73.40487572670084,73.40487572670084,73.40487572670084,73.40487572670084,73.40487572670084,,0.54,0.0,0.0,0.0,1.105845712341446,0.5491445790497538,1.144367868820936,True,0.3698180649235963,0.0415048858076338,,False,False
20260927_103759_1243248,u2e1,1,374,SIDE_MINUS,1790476758.645551,71.29487586021423,1790476758.7855508,True,False,False,False,,False,,,SIDE_DISPATCH|RAW_SEED_ATTEMPT|PRE_TIMING_SEED|TIMED_SEED|SEED_ELIGIBILITY|SOLVER_OK|FINAL_INPUT|COMPARATOR_LOSS,,,,,0.0,0.0,0.0,-1790476687.350675,-1790476687.350675,73.43487572669983,0,FINAL_INPUT,0.91,0.04,,,True,71.43487572669983,74.535173,3.835317658225073,-1.123696->-0.188192,-1.1236955008010938,-0.7817563513667493,-0.1881921201292732,0.0,0.0,0,-0.0947068483668564,-0.0947068483668564,73.40487572670084,73.40487572670084,73.40487572670084,73.40487572670084,73.40487572670084,,0.54,0.0,0.0,0.0,1.1341673954531617,0.528230162537671,1.200701716450807,True,0.3784211574354241,0.030226009058534,,False,False
20260927_103759_1243248,u2e1,1,376,NOMINAL,1790476758.9052224,71.55454730987549,1790476759.0452223,True,False,True,True,255.0,True,71.706145,71.969562,NOMINAL_CONTEXT|FINAL_INPUT|JOINT_SEED|COMPARATOR_WIN|SELECTED|COMMITTED,,,,,0.0,0.0,0.0,-1790476687.350675,-1790476687.350675,73.69454717636108,0,FINAL_INPUT,0.99,0.13,,,True,71.69454717636108,74.535173,3.8799012960596246,-1.111229->-0.148062,-1.1112289633400674,-0.919343007441694,-0.148061705750542,0.0,0.0,0,-0.15367461909356,-0.15367461909356,73.40454717636196,73.40454717636196,73.40454717636196,73.40454717636196,73.40454717636196,,0.54,0.0,0.0,0.0,1.081235611743685,0.599233410505678,1.1197502321738722,True,0.3254139866977157,0.1638609080998948,,False,False
20260927_103759_1243248,u2e1,1,382,NOMINAL,1790476759.1958835,71.84520840644836,1790476759.3358834,True,False,True,True,256.0,True,72.004863,72.236148,NOMINAL_CONTEXT|FINAL_INPUT|JOINT_SEED|COMPARATOR_WIN|SELECTED|COMMITTED,,,,,0.0,0.0,0.0,-1790476687.350675,-1790476687.350675,73.98520827293396,0,FINAL_INPUT,0.99,0.21,,,True,71.98520827293396,74.535173,3.7306816934658,-1.088391->-0.113376,-1.0883907632255712,-1.052034225372137,-0.1133762833576584,-0.7526868844412627,-0.206587565861278,0,-0.1909952344115927,-0.1909952344115927,73.40520827293469,73.40520827293469,73.40520827293469,73.40520827293469,73.40520827293469,,0.53,0.0,0.0,0.0,1.171327878558575,0.7679222281074769,1.720941442412922,True,0.3063692035140218,0.3497098028102692,,False,False
20260927_103759_1243248,u2e1,1,386,SIDE_MINUS,1790476759.4540904,72.1034152507782,1790476759.5940902,True,False,False,False,,False,,,SIDE_DISPATCH|RAW_SEED_ATTEMPT|PRE_TIMING_SEED|TIMED_SEED|SEED_ELIGIBILITY|PRE_LOS|POST_LOS|SOLVER_OK|FINAL_INPUT|COMPARATOR_LOSS,,,,K2_GATE_REJECT_CANDIDATE,0.3333333333333333,0.0,0.2954026421427304,73.84932327270508,74.08520817756653,74.2434151172638,0,FINAL_INPUT,1.0,0.42,,,True,72.2434151172638,74.535173,3.8050174463754898,-1.072497->+0.064599,-1.0724967435522608,-1.0625254770613648,0.0645989727604361,-0.9179034873999296,-0.2973048184250039,1,-0.2597791842330473,-0.2597791842330473,73.40341511726439,73.40341511726439,73.40341511726439,73.40341511726439,,,0.54,0.12,0.12,0.0,1.1998564715248603,0.8223121749733545,2.092912902244852,True,0.4873813866015549,0.3955357212449983,,False,False
20260927_103759_1243248,u2e1,1,389,SIDE_MINUS,1790476759.4784572,72.12778210639954,1790476759.618457,True,False,True,True,257.0,True,72.276188,72.536313,SIDE_DISPATCH|RAW_SEED_ATTEMPT|PRE_TIMING_SEED|TIMED_SEED|SEED_ELIGIBILITY|PRE_LOS|POST_LOS|SOLVER_OK|FINAL_INPUT|COMPARATOR_WIN|SELECTED|COMMITTED,,,,,0.6666666666666666,0.0,0.2196871909006168,73.84932327270508,74.08520817756653,74.26778197288513,0,FINAL_INPUT,1.0,0.23,,,True,72.26778197288513,74.535173,3.78326352348005,-1.062359->-0.046302,-1.062359344960769,-1.161482941402597,-0.0463020237137002,-0.8053274525625111,-0.2736965822155031,0,-0.2379323092750211,-0.2379323092750211,73.40778197288572,73.40778197288572,73.40778197288572,73.40778197288572,73.40778197288572,,0.53,0.0,0.0,0.0,1.137948222112838,0.947965645669159,1.904684360001485,True,0.3861009772095077,0.396743827972153,,False,False
20260927_103759_1243248,u2e1,1,393,SIDE_PLUS,1790476759.7481563,72.39748120307922,1790476759.8881562,True,False,True,True,258.0,True,72.570106,73.96807,SIDE_DISPATCH|RAW_SEED_ATTEMPT|PRE_TIMING_SEED|TIMED_SEED|SEED_ELIGIBILITY|PRE_LOS|POST_LOS|SOLVER_OK|FINAL_INPUT|COMPARATOR_WIN|SELECTED|COMMITTED,,,,,0.8333333333333333,0.1666666666666666,0.1398268295783692,73.84932327270508,74.3677818775177,74.53748106956482,0,FINAL_INPUT,0.87,0.55,,,True,72.53748106956482,74.535173,3.8972792346588063,-1.092596->+1.013758,-1.092595665023245,-0.5211515768576519,1.01375768583678,-0.8712632973119461,0.7704576566642962,1,-0.2574596932183495,-0.2574596932183495,73.94748106956554,73.94748106956554,73.94748106956554,73.94748106956554,73.94748106956554,74.10748106956562,0.53,0.53,0.53,0.0,1.561344195984905,3.2450472641748456,14.707075415467823,True,0.6212452364618963,0.4964964023435522,,False,False
20260927_103759_1243248,u2e1,1,406,NOMINAL,1790476760.6944067,73.34373164176941,1790476760.8344066,False,False,False,False,,False,,,NOMINAL_CONTEXT|FINAL_INPUT|JOINT_SEED|PREFLIGHT_REJECT,PREFLIGHT_REJECT,static map t=0.333333 occupancy=1 pos=30.8224 1.49941 1.42323,,,0.0,0.0,0.0,-1790476687.350675,-1790476687.350675,-1790476687.350675,1,FINAL_INPUT,0.62,0.6,,,True,73.483731508255,74.535173,7.474567290781941,-0.353028->+0.507694,-0.3530278194539963,-0.3530278194539963,0.5076939799241823,-0.3466370935290983,-0.1111084632055777,1,-0.2599091905191203,-0.2599091905191203,74.08373150825531,74.08373150825531,74.08373150825531,74.08373150825531,,74.10373150825532,0.46,0.46,0.46,0.0,2.4587033635536573,3.969844476501441,19.46090187077631,True,0.792376960637077,0.5428640025769125,,False,False
20260927_103759_1243248,u2e1,1,409,NOMINAL,1790476760.7059093,73.35523414611816,1790476760.845909,False,False,False,False,,False,,,NOMINAL_CONTEXT|FINAL_INPUT|JOINT_SEED|PREFLIGHT_REJECT,PREFLIGHT_REJECT,static map t=0.3 occupancy=1 pos=30.8069 1.49648 1.42215,,,0.0,0.0,0.0,-1790476687.350675,-1790476687.350675,-1790476687.350675,1,FINAL_INPUT,0.61,0.58,,,True,73.49523401260376,74.535173,7.458390771823995,-0.329138->+0.529944,-0.3291379687397133,-0.3291379687397133,0.5299439697564051,-0.3231256270893811,-0.072517092049908,1,-0.2578533922212497,-0.2578533922212497,74.07523401260406,74.07523401260406,74.07523401260406,74.07523401260406,,74.10523401260407,0.44,0.44,0.44,0.0,2.468195632153995,3.9891096404066486,19.35902099105466,True,0.7837890798956983,0.5428143600608721,,False,False
20260927_103759_1243248,u2e1,1,412,NOMINAL,1790476760.714228,73.3635528087616,1790476760.8542278,False,False,False,False,,False,,,NOMINAL_CONTEXT|FINAL_INPUT|JOINT_SEED|PREFLIGHT_REJECT,PREFLIGHT_REJECT,static map t=0.3 occupancy=1 pos=30.8154 1.50246 1.42256,,,0.0,0.0,0.0,-1790476687.350675,-1790476687.350675,-1790476687.350675,1,FINAL_INPUT,0.6,0.56,,,True,73.50355267524719,74.535173,7.444744481880834,-0.311765->+0.535887,-0.3117650788783342,-0.3117650788783342,0.5358869097825351,-0.3060237242261275,-0.0654618677886564,1,-0.2590124535871503,-0.2590124535871503,74.06355267524748,74.06355267524748,74.06355267524748,74.06355267524748,,74.1035526752475,0.44,0.44,0.44,0.0,2.4741828940963333,4.002459108336555,19.284028492441852,True,0.7777730659669941,0.5427560891610088,,False,False
20260927_103759_1243248,u2e1,1,415,NOMINAL,1790476760.7227242,73.37204909324646,1790476760.8562984,False,False,False,False,,False,,,NOMINAL_CONTEXT|FINAL_INPUT|JOINT_SEED|PREFLIGHT_REJECT,PREFLIGHT_REJECT,static map t=0.3 occupancy=1 pos=30.8119  1.5139 1.42249,,,0.0,0.0,0.0,-1790476687.350675,-1790476687.350675,-1790476687.350675,1,FINAL_INPUT,0.6,0.52,,,True,73.50562334060669,74.535173,13.03655673841511,-0.307449->+0.894999,-0.3074488476531276,-0.3074488476531276,0.8949992533307632,-0.3017546620234829,0.2235333134577765,1,-0.2565155950144811,-0.2565155950144811,74.02562334060696,74.02562334060696,74.02562334060696,74.02562334060696,74.02562334060696,74.105623340607,0.43,0.43,0.43,0.0,1.6553607942306274,3.2574816539921416,18.18126228472094,True,0.7408380263798524,0.542895431448913,,False,False
20260927_103759_1243248,u2e1,1,418,NOMINAL,1790476760.738322,73.38764691352844,1790476760.8562984,False,False,False,False,,False,,,NOMINAL_CONTEXT|FINAL_INPUT|JOINT_SEED|PREFLIGHT_REJECT,PREFLIGHT_REJECT,static map t=0.3 occupancy=1 pos=30.8119  1.5139 1.42249,,,0.0,0.0,0.0,-1790476687.350675,-1790476687.350675,-1790476687.350675,1,FINAL_INPUT,0.6,0.52,,,True,73.50562334060669,74.535173,13.03655673841511,-0.307449->+0.894999,-0.3074488476531276,-0.3074488476531276,0.8949992533307632,-0.3017546620234829,0.2235333134577765,1,-0.2565155950144811,-0.2565155950144811,74.02562334060696,74.02562334060696,74.02562334060696,74.02562334060696,74.02562334060696,74.105623340607,0.43,0.43,0.43,0.0,1.6553607942306274,3.2574816539921416,18.18126228472094,True,0.7408380263798524,0.542895431448913,,False,False
20260927_103759_1243248,u2e1,1,421,NOMINAL,1790476760.752674,73.40199899673462,1790476760.892674,False,False,False,False,,False,,,NOMINAL_CONTEXT|FINAL_INPUT|JOINT_SEED|PREFLIGHT_REJECT,PREFLIGHT_REJECT,static map t=0.266667 occupancy=1 pos=30.8168  1.5234 1.42274,,,0.0,0.0,0.0,-1790476687.350675,-1790476687.350675,-1790476687.350675,1,FINAL_INPUT,0.5700000000000001,0.47,,,True,73.54199886322021,74.535173,18.59099796318218,-0.232009->+0.957680,-0.2320092945465372,-0.2320092945465372,0.9576799391115508,-0.2260774382307776,0.2658861619105178,1,-0.2589152074632946,-0.2589152074632946,74.01199886322046,74.01199886322046,74.01199886322046,74.01199886322046,74.01199886322046,74.1119988632205,0.4,0.4,0.4,0.0,1.390957939931266,3.41198660436978,19.23677306938,True,0.7232971496061944,0.5426839594772925,,False,False
20260927_103759_1243248,u2e1,1,424,NOMINAL,1790476760.7682142,73.41753911972046,1790476760.908214,False,False,False,False,,False,,,NOMINAL_CONTEXT|FINAL_INPUT|JOINT_SEED|PREFLIGHT_REJECT,PREFLIGHT_REJECT,static map t=0.233333 occupancy=1 pos=30.8058 1.51674 1.42188,,,0.0,0.0,0.0,-1790476687.350675,-1790476687.350675,-1790476687.350675,1,FINAL_INPUT,0.55,0.44,,,True,73.55753898620605,74.535173,18.532408666581507,-0.201349->+0.967194,-0.2013489117874032,-0.2013489117874032,0.96719366446387,-0.1934233096156858,0.2980492642745121,1,-0.2569329020394059,-0.2569329020394059,73.99753898620628,73.99753898620628,73.99753898620628,73.99753898620628,73.99753898620628,74.10753898620634,0.38,0.38,0.38,0.0,1.3911897010798513,3.4291947839797072,19.040886608508668,True,0.7139408661492888,0.5427018579058118,,False,False
20260927_103759_1243248,u2e1,1,427,NOMINAL,1790476760.7825477,73.43187260627747,1790476760.9225476,False,False,False,False,,False,,,NOMINAL_CONTEXT|FINAL_INPUT|JOINT_SEED|PREFLIGHT_REJECT,PREFLIGHT_REJECT,static map t=0.233333 occupancy=1 pos=30.8202 1.52712 1.42257,,,0.0,0.0,0.0,-1790476687.350675,-1790476687.350675,-1790476687.350675,1,FINAL_INPUT,0.54,0.42,,,True,73.57187247276306,74.535173,18.542352900033038,-0.172423->+0.982907,-0.172422677422924,-0.172422677422924,0.9829066572013516,-0.1631787849849721,0.3273065236551336,1,-0.2583817908768861,-0.2583817908768861,73.99187247276328,73.99187247276328,73.99187247276328,73.99187247276328,73.99187247276328,74.11187247276334,0.37,0.37,0.37,0.0,1.3901647565205542,3.4289055289894788,18.69020901107885,True,0.7043883201240655,0.5426571393465032,,False,False
20260927_103759_1243248,u2e1,1,430,NOMINAL,1790476760.795827,73.44515180587769,1790476760.9358268,False,False,False,False,,False,,,NOMINAL_CONTEXT|FINAL_INPUT|JOINT_SEED|PREFLIGHT_REJECT,PREFLIGHT_REJECT,static map t=0.2 occupancy=1 pos=30.8045 1.51456 1.42162,,,0.0,0.0,0.0,-1790476687.350675,-1790476687.350675,-1790476687.350675,1,FINAL_INPUT,0.52,0.42,,,True,73.58515167236328,74.535173,13.999314514666036,-0.143808->+0.882741,-0.1438077606888192,-0.1438077606888192,0.8827410378634173,-0.1350769581087553,0.2440411802739265,1,-0.2549061002479862,-0.2549061002479862,74.0051516723635,74.0051516723635,74.0051516723635,74.0051516723635,74.0051516723635,74.10515167236355,0.36,0.36,0.36,0.0,2.272568558186486,3.776989061721072,20.92199305836298,False,0.7224106290835977,0.5430011558597223,,False,False
20260927_103759_1243248,u2e1,1,433,NOMINAL,1790476760.8123107,73.46163558959961,1790476760.9523106,False,False,False,False,,False,,,NOMINAL_CONTEXT|FINAL_INPUT|JOINT_SEED|PREFLIGHT_REJECT,PREFLIGHT_REJECT,static map t=0.2 occupancy=1 pos=30.8212 1.52993 1.42238,,,0.0,0.0,0.0,-1790476687.350675,-1790476687.350675,-1790476687.350675,1,FINAL_INPUT,0.51,0.38,,,True,73.6016354560852,74.535173,21.375548351364287,-0.108184->+1.025442,-0.1081837894597882,-0.1081837894597882,1.025441823170044,-0.1001194163825664,0.3746321308685879,1,-0.2583166270904359,-0.2583166270904359,73.9816354560854,73.9816354560854,73.9816354560854,73.9816354560854,73.9816354560854,74.11163545608547,0.34,0.34,0.34,0.0,1.4996701098001253,3.506725205924617,17.928693453368325,True,0.6825978692435775,0.5444288167590294,,False,False
20260927_103759_1243248,u2e1,1,436,NOMINAL,1790476760.834611,73.4839358329773,1790476760.9746108,False,False,False,False,,False,,,NOMINAL_CONTEXT|FINAL_INPUT|JOINT_SEED|PREFLIGHT_REJECT,PREFLIGHT_REJECT,static map t=0.166667 occupancy=1 pos= 30.812 1.52583 1.42192,,,0.0,0.0,0.0,-1790476687.350675,-1790476687.350675,-1790476687.350675,1,FINAL_INPUT,0.48,0.35,,,True,73.62393569946289,74.535173,25.31053419703914,-0.057529->+1.177420,-0.0575285803342399,-0.0575285803342399,1.1774196114402529,-0.0527703777726467,0.4902328941864472,1,-0.2558557325798088,-0.2558557325798088,73.97393569946307,73.97393569946307,73.97393569946307,73.97393569946307,73.97393569946307,74.10393569946314,0.32,0.32,0.32,0.0,1.37529537217244,3.512041803904403,19.82100807185075,True,0.6583074866804677,0.5481054639027214,,False,False
20260927_103759_1243248,u2e1,1,439,NOMINAL,1790476760.8643155,73.51364040374756,1790476761.0043154,False,False,False,False,,False,,,NOMINAL_CONTEXT|FINAL_INPUT|JOINT_SEED|PREFLIGHT_REJECT,PREFLIGHT_REJECT,static map t=0.133333 occupancy=1 pos=30.8123 1.52459 1.42172,,,0.0,0.0,0.0,-1790476687.350675,-1790476687.350675,-1790476687.350675,1,FINAL_INPUT,0.45,0.31,,,True,73.65364027023315,74.535173,26.333952911156302,+0.008086->+1.189955,0.0080855951310733,0.0080855951310733,1.1899552913903635,0.0102266149737997,0.5404762446928968,0,-0.2561413088810372,-0.2561413088810372,73.96364027023331,73.96364027023331,73.96364027023331,73.96364027023331,73.96364027023331,74.10364027023338,0.29,0.29,0.29,0.0,1.358993650054268,3.5398938228061296,19.433880025838075,True,0.6455746332990433,0.556029333066872,,False,False
20260927_103759_1243248,u2e1,1,442,NOMINAL,1790476760.9002018,73.54952669143677,1790476761.010031,False,False,False,False,,False,,,NOMINAL_CONTEXT|FINAL_INPUT|JOINT_SEED|HANDOFF_REJECT,HANDOFF_REJECT,MISSED_FROZEN_ACTIVATION,,,0.0,0.0,0.0,-1790476687.350675,-1790476687.350675,-1790476687.350675,1,FINAL_INPUT,0.45,0.31,,,True,73.65935587882996,74.535173,26.54747211515129,+0.020498->+1.188556,0.0204983246996677,0.0204983246996677,1.188555949638074,0.0223194217408092,0.5505848408526667,0,-0.2502056619396979,-0.2502056619396979,73.96935587883011,73.96935587883011,73.96935587883011,73.96935587883011,73.96935587883011,74.10935587883019,0.28,0.28,0.28,0.0,1.355210693544244,3.5450195999343115,19.3624574120045,True,0.6433275307885182,0.5579362505274617,,False,False
20260927_103759_1243248,u2e1,1,445,NOMINAL,1790476760.917015,73.56633996963501,1790476761.017015,False,False,False,False,,False,,,NOMINAL_CONTEXT|FINAL_INPUT|JOINT_SEED|HANDOFF_REJECT,HANDOFF_REJECT,MISSED_FROZEN_ACTIVATION,,,0.0,0.0,0.0,-1790476687.350675,-1790476687.350675,-1790476687.350675,1,FINAL_INPUT,0.44,0.3,,,True,73.66633987426758,74.535173,26.816320017499383,+0.035615->+1.188716,0.0356151989444308,0.0356151989444308,1.1887162319396565,0.0370770820081277,0.562388717000111,0,-0.2429577035186726,-0.2429577035186726,73.96633987426773,73.96633987426773,73.96633987426773,73.96633987426773,73.96633987426773,74.1063398742678,0.27,0.27,0.27,0.0,1.3503071218860885,3.551171184099123,19.27657901795244,True,0.6407032910541199,0.5604280554157757,,False,False
20260927_103759_1243248,u2e1,1,448,NOMINAL,1790476760.9493482,73.59867310523987,1790476761.049348,False,False,False,False,,False,,,NOMINAL_CONTEXT|FINAL_INPUT|JOINT_SEED|HANDOFF_REJECT,HANDOFF_REJECT,MISSED_FROZEN_ACTIVATION,,,0.0,0.0,0.0,-1790476687.350675,-1790476687.350675,-1790476687.350675,1,FINAL_INPUT,0.41,0.26,,,True,73.69867300987244,74.535173,16.8342313226646,+0.103331->+1.266166,0.1033310811142889,0.1033310811142889,1.2661662849460829,0.1050381292022372,0.6921107317537788,0,-0.2113231173377806,-0.2113231173377806,73.95867300987257,73.95867300987257,73.95867300987257,73.95867300987257,73.95867300987257,74.10867300987265,0.24,0.24,0.24,0.0,1.323617957400078,3.391162830849705,19.913897324969305,True,0.6195086375909526,0.5741772016566384,,False,False
20260927_103759_1243248,u2e1,1,451,NOMINAL,1790476760.9545069,73.60383176803589,1790476761.0545068,False,False,False,False,,False,,,NOMINAL_CONTEXT|FINAL_INPUT|JOINT_SEED|HANDOFF_REJECT,HANDOFF_REJECT,MISSED_FROZEN_ACTIVATION,,,0.0,0.0,0.0,-1790476687.350675,-1790476687.350675,-1790476687.350675,1,FINAL_INPUT,0.4,0.25,,,True,73.70383167266846,74.535173,5.746622354028876,+0.113990->+1.144671,0.1139902008589517,0.1139902008589517,1.144670829602087,0.1162240883858803,0.7958242943970145,0,-0.2065556058840847,-0.2065556058840847,73.95383167266858,73.95383167266858,73.95383167266858,73.95383167266858,73.95383167266858,74.10383167266866,0.24,0.24,0.24,0.0,1.3187605070348112,2.9444067499158195,20.473855837130223,False,0.6634310501497214,0.576690312559154,,False,False
20260927_103759_1243248,u2e1,1,454,NOMINAL,1790476760.958301,73.60762596130371,1790476761.058301,False,False,False,False,,False,,,NOMINAL_CONTEXT|FINAL_INPUT|JOINT_SEED|HANDOFF_REJECT,HANDOFF_REJECT,MISSED_FROZEN_ACTIVATION,,,0.0,0.0,0.0,-1790476687.350675,-1790476687.350675,-1790476687.350675,1,FINAL_INPUT,0.4,0.25,,,True,73.70762586593628,74.535173,5.734723489846269,+0.121962->+1.140485,0.1219620291844756,0.1219620291844756,1.1404853681439215,0.1241618064228471,0.7964711608173592,0,-0.2028981566189813,-0.2028981566189813,73.95762586593641,73.95762586593641,73.95762586593641,73.95762586593641,73.95762586593641,74.10762586593648,0.23,0.23,0.23,0.0,1.315083994639107,2.9423184905407105,20.37029842952694,False,0.6621104291531439,0.5785917990260248,,False,False
20260927_103759_1243248,u2e1,1,457,NOMINAL,1790476760.9616966,73.61102151870728,1790476761.0616963,False,False,False,False,,False,,,NOMINAL_CONTEXT|FINAL_INPUT|JOINT_SEED|HANDOFF_REJECT,HANDOFF_REJECT,MISSED_FROZEN_ACTIVATION,,,0.0,0.0,0.0,-1790476687.350675,-1790476687.350675,-1790476687.350675,1,FINAL_INPUT,0.4,0.25,,,True,73.71102142333984,74.535173,5.723846288108996,+0.129116->+1.144863,0.1291164449484683,0.1291164449484683,1.1448625835005113,0.1312550077314614,0.8029438485709999,0,-0.1995960988054065,-0.1995960988054065,73.96102142333997,73.96102142333997,73.96102142333997,73.96102142333997,73.96102142333997,74.11102142334005,0.23,0.23,0.23,0.0,1.311719446609734,2.940256506081351,20.275959454638254,False,0.6609602236044407,0.5803309812350979,,False,False
20260927_103759_1243248,u2e1,1,460,NOMINAL,1790476760.9654665,73.61479115486145,1790476761.0654662,False,False,False,False,,False,,,NOMINAL_CONTEXT|FINAL_INPUT|JOINT_SEED|HANDOFF_REJECT,HANDOFF_REJECT,MISSED_FROZEN_ACTIVATION,,,0.0,0.0,0.0,-1790476687.350675,-1790476687.350675,-1790476687.350675,1,FINAL_INPUT,0.39,0.24,,,True,73.71479105949402,74.535173,5.008626284624509,+0.137049->+1.156346,0.1370486216227098,0.1370486216227098,1.1563462398150472,0.1391175139702895,0.8536951618894943,0,-0.1959413862508157,-0.1959413862508157,73.95479105949414,73.95479105949414,73.95479105949414,73.95479105949414,73.95479105949414,74.10479105949422,0.23,0.23,0.23,0.0,1.450256232569214,2.785367329152014,20.439082372654404,False,0.6573712590685983,0.582302542609966,,False,False
20260927_103759_1243248,u2e1,1,463,NOMINAL,1790476760.968363,73.61768794059753,1790476761.068363,False,False,False,False,,False,,,NOMINAL_CONTEXT|FINAL_INPUT|JOINT_SEED|HANDOFF_REJECT,HANDOFF_REJECT,MISSED_FROZEN_ACTIVATION,,,0.0,0.0,0.0,-1790476687.350675,-1790476687.350675,-1790476687.350675,1,FINAL_INPUT,0.39,0.23,,,True,73.7176878452301,74.535173,5.00643730453806,+0.143136->+1.150917,0.1431363602912864,0.1431363602912864,1.1509166023289867,0.1451504944406445,0.8521236012283696,0,-0.1931410046005856,-0.1931410046005856,73.94768784523022,73.94768784523022,73.94768784523022,73.94768784523022,73.94768784523022,74.1076878452303,0.22,0.22,0.22,0.0,1.4514769296307126,2.781893950391291,20.351629227702407,False,0.6562500618627563,0.5838462944955796,,False,False
20260927_103759_1243248,u2e1,1,466,NOMINAL,1790476760.971859,73.6211838722229,1790476761.071859,False,False,False,False,,False,,,NOMINAL_CONTEXT|FINAL_INPUT|JOINT_SEED|HANDOFF_REJECT,HANDOFF_REJECT,MISSED_FROZEN_ACTIVATION,,,0.0,0.0,0.0,-1790476687.350675,-1790476687.350675,-1790476687.350675,1,FINAL_INPUT,0.39,0.22,73.94118377685558,,True,73.72118377685547,74.535173,4.923674898184392,+0.150474->+1.174764,0.1504738893386555,0.1504738893386555,1.174763887349791,0.1524205333702433,0.8901066923365707,0,-0.189770938324999,-0.189770938324999,73.94118377685558,73.94118377685558,73.94118377685558,73.94118377685558,73.94118377685558,74.11118377685567,0.22,0.22,0.22,0.0,1.301233357200838,1.9725690772912607,5.944907103053432,True,0.5937276900264425,0.5857420205905359,-0.006010776855575273,False,False
20260927_103759_1243248,u2e1,1,469,NOMINAL,1790476760.9753897,73.62471437454224,1790476761.0753894,False,False,False,False,,False,,,NOMINAL_CONTEXT|FINAL_INPUT|JOINT_SEED|HANDOFF_REJECT,HANDOFF_REJECT,MISSED_FROZEN_ACTIVATION,,,0.0,0.0,0.0,-1790476687.350675,-1790476687.350675,-1790476687.350675,1,FINAL_INPUT,0.38,0.22,73.94471427917492,,True,73.7247142791748,74.535173,4.921039429840003,+0.157873->+1.177940,0.1578732136213053,0.1578732136213053,1.177939740777146,0.1597501455141312,0.8950922617004418,0,-0.1863782842195434,-0.1863782842195434,73.94471427917492,73.94471427917492,73.94471427917492,73.94471427917492,73.94471427917492,74.104714279175,0.22,0.22,0.22,0.0,1.2974452614423493,1.961870175420324,5.825553179737789,True,0.5931617926741071,0.5876921772586403,-0.00954127917491121,False,False
20260927_103759_1243248,u2e1,1,470,NOMINAL,1790476760.9762986,73.62562346458435,1790476761.0762985,False,False,False,False,,False,,,NOMINAL_CONTEXT|FINAL_INPUT|JOINT_SEED|HANDOFF_REJECT,HANDOFF_REJECT,MISSED_FROZEN_ACTIVATION,,,0.0,0.0,0.0,-1790476687.350675,-1790476687.350675,-1790476687.350675,1,FINAL_INPUT,0.38,0.22,73.94562336921703,,True,73.72562336921692,74.535173,4.920361892053254,+0.159777->+1.175327,0.1597767073919819,0.1597767073919819,1.1753269843770493,0.1616354366156067,0.8937986807082082,0,-0.1855064582728123,-0.1855064582728123,73.94562336921703,73.94562336921703,73.94562336921703,73.94562336921703,73.94562336921703,74.10562336921711,0.21,0.21,0.21,0.0,1.2964578025217564,1.9590888447565136,5.79505370429535,True,0.5930211311031377,0.5882000631622033,-0.010450369217025468,False,False
20260927_103759_1243248,u2e1,1,471,NOMINAL,1790476760.977173,73.62649822235107,1790476761.0771732,False,False,False,False,,False,,,NOMINAL_CONTEXT|FINAL_INPUT|JOINT_SEED|HANDOFF_REJECT,HANDOFF_REJECT,MISSED_FROZEN_ACTIVATION,,,0.0,0.0,0.0,-1790476687.350675,-1790476687.350675,-1790476687.350675,1,FINAL_INPUT,0.38,0.22,,,True,73.72649812698364,74.535173,4.91971036136202,+0.161608->+1.176117,0.1616076047261681,0.1616076047261681,1.1761169272905123,0.1634487214839756,0.8950296103407422,0,-0.1846682466963146,-0.1846682466963146,73.94649812698376,73.94649812698376,73.94649812698376,73.94649812698376,73.94649812698376,74.10649812698384,0.21,0.21,0.21,0.0,1.295502991781806,1.956402529808032,5.765805709739353,True,0.5928877320484303,0.5886909631581403,,False,False
20260927_103759_1243248,u2e1,1,472,NOMINAL,1790476760.986838,73.63616275787354,1790476761.0868378,False,False,False,False,,False,,,NOMINAL_CONTEXT|FINAL_INPUT|JOINT_SEED|HANDOFF_REJECT,HANDOFF_REJECT,MISSED_FROZEN_ACTIVATION,,,0.0,0.0,0.0,-1790476687.350675,-1790476687.350675,-1790476687.350675,1,FINAL_INPUT,0.37,0.21,73.94616266250621,,True,73.7361626625061,74.535173,4.912539492085859,+0.181788->+1.181267,0.1817876125592675,0.1817876125592675,1.1812674115020074,0.1834278301235271,0.9058712847608932,0,-0.1754532467416173,-0.1754532467416173,73.94616266250621,73.94616266250621,73.94616266250621,73.94616266250621,73.94616266250621,74.10616266250629,0.2,0.2,0.2,0.0,1.2846525114651042,1.9260990217037084,5.450616045249149,True,0.5914704060293472,0.5942549454497856,-0.010989662506204922,False,False
20260927_103759_1243248,u2e1,1,473,NOMINAL,1790476760.9884946,73.63781952857971,1790476761.0884943,False,False,False,False,,False,,,NOMINAL_CONTEXT|FINAL_INPUT|JOINT_SEED|HANDOFF_REJECT,HANDOFF_REJECT,MISSED_FROZEN_ACTIVATION,,,0.0,0.0,0.0,-1790476687.350675,-1790476687.350675,-1790476687.350675,1,FINAL_INPUT,0.37,0.21,,,True,73.73781943321228,74.535173,4.911315252596977,+0.185238->+1.182764,0.1852377931678528,0.1852377931678528,1.1827643622984816,0.1868424156572822,0.9081932663993932,0,-0.1738821136106751,-0.1738821136106751,73.94781943321239,73.94781943321239,73.94781943321239,73.94781943321239,73.94781943321239,74.10781943321247,0.2,0.2,0.2,0.0,1.282737243261964,1.920795686124836,5.398355846785479,True,0.5912362663126591,0.5952340564653456,,False,False
20260927_103759_1243248,u2e1,1,474,NOMINAL,1790476760.9944763,73.64380121231079,1790476761.0944762,False,False,False,False,,False,,,NOMINAL_CONTEXT|FINAL_INPUT|JOINT_SEED|HANDOFF_REJECT,HANDOFF_REJECT,MISSED_FROZEN_ACTIVATION,,,0.0,0.0,0.0,-1790476687.350675,-1790476687.350675,-1790476687.350675,1,FINAL_INPUT,0.36,0.2,73.94380111694346,,True,73.74380111694336,74.535173,4.906907495242514,+0.197686->+1.188162,0.1976864515247178,0.1976864515247178,1.188161919058705,0.199144069367833,0.9165761224832176,0,-0.1681628597467823,-0.1681628597467823,73.94380111694346,73.94380111694346,73.94380111694346,73.94380111694346,73.94380111694346,74.10380111694354,0.2,0.2,0.2,0.0,1.2756889943787606,1.9014103536179428,5.215182314711738,True,0.5904481438718467,0.5988287170550961,-0.008628116943455666,False,False
20260927_103759_1243248,u2e1,1,487,NOMINAL,1790476761.1640997,73.81342458724976,1790476761.313798,True,False,True,True,259.0,True,74.0037,74.136087,NOMINAL_CONTEXT|FINAL_INPUT|JOINT_SEED|COMPARATOR_WIN|SELECTED|COMMITTED,,,,,0.0,0.0,0.0,-1790476687.350675,-1790476687.350675,75.96312284469604,1,FINAL_INPUT,0.14,0.0,,,True,73.96312284469604,74.535173,4.652570910346055,+0.609113->+1.150002,0.6091132749816477,0.6091132749816477,1.1500024439931822,0.0,0.0,0,0.0139714475647747,0.0139714475647747,73.96312284469604,73.96312284469604,73.96312284469604,73.96312284469604,73.96312284469604,74.10312284469612,0.0,0.0,0.0,0.0,1.339103327161064,2.598330606420341,13.140333670874062,True,0.6126577123806862,0.7667885550507112,,False,False
20260927_103759_1243248,u3e1,2,137,NOMINAL,1790476720.475147,33.12447190284729,1790476720.6333294,False,False,False,False,,False,,,NOMINAL_CONTEXT|FINAL_INPUT|JOINT_SEED|HANDOFF_REJECT,HANDOFF_REJECT,MISSED_FROZEN_ACTIVATION,,,0.0,0.0,0.0,-1790476687.350675,-1790476687.350675,-1790476687.350675,0,FINAL_INPUT,1.19,1.19,36.112654285430345,36.112654285430345,True,33.28265428543091,37.002212,4.453811432253508,-1.051245->+1.878243,-1.0512450372962825,-0.0465276232483751,1.8782430931186904,-1.3103414254074337,0.7695184079756919,1,-0.5076286793903897,-0.5076286793903897,36.112654285430345,36.112654285430345,36.112654285430345,36.112654285430345,36.112654285430345,36.112654285430345,0.63,0.63,0.63,0.0,0.949841590902166,0.4461533214735528,1.3926120025814055,True,0.3234213684493754,3.328879439404835,0.2895577145696535,True,False
20260927_103759_1243248,u3e1,2,138,SIDE_MINUS,1790476720.475147,33.12447190284729,1790476720.6333294,False,True,False,False,,False,,,SIDE_DISPATCH|RAW_SEED_ATTEMPT|PRE_TIMING_SEED|TIMED_SEED|SEED_ELIGIBILITY|PRE_LOS|POST_LOS|SOLVER_OK|FINAL_INPUT|JOINT_SEED|HANDOFF_REJECT,HANDOFF_REJECT,MISSED_FROZEN_ACTIVATION,,,0.0,0.0,0.0,-1790476687.350675,-1790476687.350675,-1790476687.350675,0,FINAL_INPUT,1.02,1.02,35.89265428543039,35.89265428543039,True,33.28265428543091,36.94106159362466,3.65840730819375,-1.051245->+2.530373,-1.0512450372962825,0.1909869873924265,2.530372772744545,-1.3103414254074337,1.1732006974022036,1,-0.5055779142363823,-0.5055779142363823,35.89265428543039,35.89265428543039,35.89265428543039,35.89265428543039,35.89265428543039,35.89265428543039,0.41,0.41,0.41,0.0,1.4285611194427716,0.6757991905267465,2.855905351413042,True,0.3539332230680195,3.276470667566709,0.5095577145696097,True,False
20260927_103759_1243248,u3e1,2,140,NOMINAL,1790476720.7585616,33.40788650512695,1790476720.9382002,True,False,False,False,,False,,,NOMINAL_CONTEXT|FINAL_INPUT|JOINT_SEED|COMPARATOR_WIN,,,,,0.0,0.0,0.0,-1790476687.350675,-1790476687.350675,35.58752512931824,0,FINAL_INPUT,1.03,1.03,35.89752512931778,35.89752512931778,True,33.58752512931824,37.002212,3.711323535282379,-1.091516->+2.685603,-1.0915156871993623,0.2057448328788307,2.685602827974784,-1.2443392626535297,1.202236439130913,1,-0.5049247515601303,-0.5049247515601303,35.89752512931778,35.89752512931778,35.89752512931778,35.89752512931778,35.89752512931778,35.89752512931778,0.41,0.41,0.41,0.0,1.395390484453453,0.7087481765285484,2.138704496593214,True,0.4323190690995485,3.270346370044148,0.504686870682221,True,False
20260927_103759_1243248,u3e1,2,141,SIDE_MINUS,1790476720.7585616,33.40788650512695,1790476720.9382002,True,True,False,False,,False,,,SIDE_DISPATCH|RAW_SEED_ATTEMPT|PRE_TIMING_SEED|TIMED_SEED|SEED_ELIGIBILITY|PRE_LOS|POST_LOS|SOLVER_OK|FINAL_INPUT|JOINT_SEED|COMPARATOR_LOSS,,,,,0.0,0.0,0.0,-1790476687.350675,-1790476687.350675,35.58752512931824,0,FINAL_INPUT,1.01,1.01,35.88752512931778,35.88752512931778,True,33.58752512931824,37.002212,3.5875897400211527,-1.091516->+2.796001,-1.0915156871993623,0.2047818087889452,2.796000744280189,-1.2443392626535297,1.2696825569498376,1,-0.5090979782411393,-0.5090979782411393,35.88752512931778,35.88752512931778,35.88752512931778,35.88752512931778,35.88752512931778,35.88752512931778,0.4,0.4,0.4,0.0,1.4914672686789932,0.7127544560649567,2.830649156332965,True,0.4649356472232313,3.258739328492032,0.514686870682219,True,False
20260927_103759_1243248,u3e1,2,142,SIDE_PLUS,1790476720.7585616,33.40788650512695,1790476720.9382002,True,True,True,True,120.0,True,33.602143,33.835331,SIDE_DISPATCH|RAW_SEED_ATTEMPT|RAW_SEED_ATTEMPT|RAW_SEED_ATTEMPT|RAW_SEED_ATTEMPT|PRE_TIMING_SEED|TIMED_SEED|SEED_ELIGIBILITY|SOLVER_OK|FINAL_INPUT|JOINT_SEED|COMPARATOR_WIN|SELECTED|COMMITTED,,,,,0.0,0.0,0.0,-1790476687.350675,-1790476687.350675,35.58752512931824,0,FINAL_INPUT,1.19,1.19,36.11752512931773,36.11752512931773,True,33.58752512931824,37.002212,4.629613072138631,-1.091516->+2.128139,-1.0915156871993623,0.0006128650795111,2.128138511134213,-1.2443392626535297,0.4930063510949148,1,-0.5097694703105141,-0.5097694703105141,36.11752512931773,36.11752512931773,36.11752512931773,36.11752512931773,36.11752512931773,36.11752512931773,0.63,0.63,0.63,0.0,1.224454269371485,0.814941100204507,3.840766796699501,True,0.5995742459997246,3.748163674306753,0.28468687068227183,True,False
20260927_103759_1243248,u3e1,2,143,NOMINAL,1790476721.0141644,33.66348934173584,1790476721.1921237,True,False,False,False,,False,,,NOMINAL_CONTEXT|FINAL_INPUT|JOINT_SEED|COMPARATOR_WIN,,,,,1.0,0.2222222222222222,3.2396534078157084,34.849323987960815,35.687525033950806,35.84144854545593,0,FINAL_INPUT,1.01,1.01,35.991448545455505,35.991448545455505,True,33.84144854545593,37.002212,3.8495727332386327,-1.122507->+2.492072,-1.122506562845259,-0.0084531142433193,2.4920717716681224,-1.2214919268993965,1.185130321335932,1,-0.5095341666497677,-0.5095341666497677,35.991448545455505,35.991448545455505,35.991448545455505,35.991448545455505,35.991448545455505,35.991448545455505,0.51,0.51,0.51,0.0,1.3164677164342231,0.7230676264290558,2.560710668044145,True,0.4803279086067055,3.312243176969628,0.4107634545444938,True,False
20260927_103759_1243248,u3e1,2,144,SIDE_MINUS,1790476721.0141644,33.66348934173584,1790476721.1921237,True,True,True,True,121.0,True,33.871051,34.102271,SIDE_DISPATCH|RAW_SEED_ATTEMPT|PRE_TIMING_SEED|TIMED_SEED|SEED_ELIGIBILITY|PRE_LOS|POST_LOS|SOLVER_OK|FINAL_INPUT|JOINT_SEED|COMPARATOR_WIN|SELECTED|COMMITTED,,,,C3_HIGHER,1.0,0.5555555555555556,1.0360934164166542,34.849323987960815,35.687525033950806,35.84144854545593,0,FINAL_INPUT,1.12,1.12,36.39144854545543,36.39144854545543,True,33.84144854545593,37.002212,3.7101847142984345,-1.122507->+2.475602,-1.122506562845259,-0.7108020125148783,2.475602105839456,-1.2214919268993965,1.0347358889945806,1,-0.50622931312292,-0.50622931312292,36.39144854545543,36.39144854545543,36.39144854545543,36.39144854545543,36.39144854545543,36.39144854545543,0.91,0.91,0.91,0.0,2.4893118637816745,2.95917310315736,17.757332550171668,True,0.6465413187166478,3.458582032833431,0.010763454544566287,False,False
20260927_103759_1243248,u3e1,2,145,SIDE_PLUS,1790476721.0141644,33.66348934173584,1790476721.1921237,False,True,False,False,,False,,,SIDE_DISPATCH|RAW_SEED_ATTEMPT|PRE_TIMING_SEED|TIMED_SEED|SEED_ELIGIBILITY|PRE_LOS|POST_LOS|SOLVER_OK|FINAL_INPUT|JOINT_SEED|PREFLIGHT_REJECT,PREFLIGHT_REJECT,static map t=1.16667 occupancy=1 pos=-1.43182  2.39834  1.49974,,,0.0,0.0,0.0,-1790476687.350675,-1790476687.350675,-1790476687.350675,0,FINAL_INPUT,0.86,0.86,35.67144854545557,35.67144854545557,True,33.84144854545593,37.002212,3.792349818268743,-1.122507->+2.538438,-1.122506562845259,0.4799023117787785,2.538438223636114,-1.2214919268993965,1.3548299347206094,1,-0.5040324461338579,-0.5040324461338579,35.67144854545557,35.67144854545557,35.67144854545557,35.67144854545557,35.67144854545557,35.67144854545557,0.19,0.19,0.19,0.0,1.541464553336071,1.4158389747892337,5.425035616996634,True,0.1832223718392194,2.987123990626957,0.7307634545444301,True,False
20260927_103759_1243248,u3e1,2,146,NOMINAL,1790476721.3048646,33.95418953895569,1790476721.477752,True,False,False,False,,False,,,NOMINAL_CONTEXT|FINAL_INPUT|JOINT_SEED|COMPARATOR_WIN,,,,,1.0,0.1818181818181818,3.804623163057133,34.849323987960815,35.9414484500885,36.12707686424256,0,FINAL_INPUT,1.06,1.06,36.08707686424216,36.08707686424216,True,34.127076864242554,37.002212,3.929941214974536,-1.136233->+2.373124,-1.13623305082672,-0.1293052015746116,2.373123972322918,-1.163616159076461,1.060170279280692,1,-0.5067506920506331,-0.5067506920506331,36.08707686424216,36.08707686424216,36.08707686424216,36.08707686424216,36.08707686424216,36.08707686424216,0.6,0.6,0.6,0.0,1.2796317659848797,0.666840827388149,1.557790197645825,True,0.507091304450368,3.3681766068465944,0.315135135757842,True,False
20260927_103759_1243248,u3e1,2,147,SIDE_MINUS,1790476721.3048646,33.95418953895569,1790476721.477752,True,True,True,True,122.0,True,34.135511,34.636492,SIDE_DISPATCH|RAW_SEED_ATTEMPT|PRE_TIMING_SEED|TIMED_SEED|SEED_ELIGIBILITY|PRE_LOS|POST_LOS|SOLVER_OK|FINAL_INPUT|JOINT_SEED|COMPARATOR_WIN|SELECTED|COMMITTED,,,,C3_HIGHER,1.0,0.6363636363636364,1.4231867192600478,34.849323987960815,35.9414484500885,36.12707686424256,0,FINAL_INPUT,0.87,0.87,36.337076864242114,36.337076864242114,True,34.127076864242554,37.002212,3.768581388389422,-1.136233->+2.393317,-1.13623305082672,-0.9022181407956336,2.393316537398233,-1.163616159076461,0.973211001234872,1,-0.5044562689590895,-0.5044562689590895,36.337076864242114,36.337076864242114,36.337076864242114,36.337076864242114,36.337076864242114,36.337076864242114,0.85,0.85,0.85,0.0,2.099337810356185,2.146918771349643,6.620558801131566,True,0.6921935236340289,3.468049285837848,0.06513513575788465,True,False
20260927_103759_1243248,u3e1,2,148,SIDE_PLUS,1790476721.3048646,33.95418953895569,1790476721.477752,True,True,False,False,,False,,,SIDE_DISPATCH|RAW_SEED_ATTEMPT|PRE_TIMING_SEED|TIMED_SEED|SEED_ELIGIBILITY|PRE_LOS|POST_LOS|SOLVER_OK|FINAL_INPUT|JOINT_SEED|COMPARATOR_WIN,,,,D3_LOWER,1.0,0.1818181818181818,3.475126866161565,34.849323987960815,35.9414484500885,36.12707686424256,0,FINAL_INPUT,0.86,0.86,35.76707686424223,35.76707686424223,True,34.127076864242554,37.002212,3.853527003702001,-1.136233->+2.421300,-1.13623305082672,0.2984923991894765,2.42129970231678,-1.163616159076461,1.319899556761151,1,-0.5080449154728874,-0.5080449154728874,35.76707686424223,35.76707686424223,35.76707686424223,35.76707686424223,35.76707686424223,35.76707686424223,0.28,0.28,0.28,0.0,1.4986864523492456,1.54048695536151,5.908205724347996,True,0.2401328170213773,3.0512381491967666,0.6351351357577713,True,True
20260927_103759_1243248,u3e1,2,149,NOMINAL,1790476721.8433244,34.49264931678772,1790476722.0101378,True,False,False,False,,False,,,NOMINAL_CONTEXT|FINAL_INPUT|JOINT_SEED|COMPARATOR_WIN,,,,,1.0,0.4285714285714285,3.4833007534798863,34.849323987960815,36.22707676887512,36.659462690353394,0,FINAL_INPUT,1.0,1.0,36.37946269035305,36.37946269035305,True,34.659462690353394,37.002212,4.254243613878402,-1.125120->+1.989218,-1.1251201430763138,-0.7705655768904455,1.9892184691236752,-1.0051514061339326,0.8606511824313198,1,-0.5049955213061832,-0.5049955213061832,36.37946269035305,36.37946269035305,36.37946269035305,36.37946269035305,36.37946269035305,36.37946269035305,0.9,0.9,0.9,0.0,1.3512395988667525,1.3026771055700803,7.0144619577687815,True,0.7146630066927808,3.788282709751588,0.022749309646947324,False,False
20260927_103759_1243248,u3e1,2,150,SIDE_MINUS,1790476721.8433244,34.49264931678772,1790476722.0101378,True,True,True,True,123.0,True,34.677241,34.935525,SIDE_DISPATCH|RAW_SEED_ATTEMPT|PRE_TIMING_SEED|TIMED_SEED|SEED_ELIGIBILITY|SOLVER_OK|FINAL_INPUT|JOINT_SEED|COMPARATOR_WIN|SELECTED|COMMITTED,,,,D3_LOWER,1.0,0.4285714285714285,3.469581063049469,34.849323987960815,36.22707676887512,36.659462690353394,0,FINAL_INPUT,0.98,0.98,36.359462690353055,36.359462690353055,True,34.659462690353394,37.002212,3.888732214934326,-1.125120->+2.158341,-1.1251201430763138,-0.7652269418226638,2.158341478889125,-1.0051514061339326,1.0139240772406215,1,-0.5031708585427549,-0.5031708585427549,36.359462690353055,36.359462690353055,36.359462690353055,36.359462690353055,36.359462690353055,36.359462690353055,0.88,0.88,0.88,0.0,1.5424085955595588,1.342891400481771,7.123235740270057,True,0.7146630066927808,3.72042705832212,0.042749309646943345,True,True
20260927_103759_1243248,u3e1,2,151,SIDE_PLUS,1790476721.8433244,34.49264931678772,1790476722.0101378,True,True,False,False,,False,,,SIDE_DISPATCH|RAW_SEED_ATTEMPT|PRE_TIMING_SEED|TIMED_SEED|SEED_ELIGIBILITY|PRE_LOS|POST_LOS|SOLVER_OK|FINAL_INPUT|JOINT_SEED|COMPARATOR_LOSS,,,,OPPONENT_C3_HIGHER,1.0,0.3571428571428571,3.277265400165829,34.849323987960815,36.22707676887512,36.659462690353394,0,FINAL_INPUT,0.81,0.81,36.09946269035311,36.09946269035311,True,34.659462690353394,37.002212,4.019995006356442,-1.125120->+2.151475,-1.1251201430763138,-0.4951219206704683,2.151474973249972,-1.0051514061339326,1.3554673823502708,1,-0.5074118984911745,-0.5074118984911745,36.09946269035311,36.09946269035311,36.09946269035311,36.09946269035311,36.09946269035311,36.09946269035311,0.62,0.62,0.62,0.0,1.7374749311528246,2.362568868097259,13.388332981968606,True,0.4662098450940721,3.3125582305400085,0.3027493096468916,True,True
20260927_103759_1243248,u3e1,2,152,NOMINAL,1790476722.122595,34.77191996574402,1790476722.2845068,True,False,False,False,,False,,,NOMINAL_CONTEXT|FINAL_INPUT|JOINT_SEED|COMPARATOR_WIN,,,,,1.0,0.375,3.959033781468803,34.93383169174194,36.5493233203888,36.93383169174194,0,FINAL_INPUT,0.98,0.98,36.36383169174166,36.36383169174166,True,34.93383169174194,37.002212,3.739744126891828,-1.127750->+2.143830,-1.127750346089067,-0.7760080377206293,2.143829972013061,-1.0082402211657744,1.062249184399055,1,-0.5052397288340513,-0.5052397288340513,36.36383169174166,36.36383169174166,36.36383169174166,36.36383169174166,36.36383169174166,36.36383169174166,0.88,0.88,0.88,0.0,1.6629161709443705,1.2648316482802555,2.7218055441969606,True,0.7616168887102046,3.625864713093893,0.038380308258339824,True,True
20260927_103759_1243248,u3e1,2,153,SIDE_MINUS,1790476722.122595,34.77191996574402,1790476722.2845068,True,True,False,False,,False,,,SIDE_DISPATCH|RAW_SEED_ATTEMPT|PRE_TIMING_SEED|TIMED_SEED|SEED_ELIGIBILITY|SOLVER_OK|FINAL_INPUT|JOINT_SEED|COMPARATOR_LOSS,,,,OPPONENT_D3_LOWER,1.0,0.375,3.898902449712117,34.93383169174194,36.5493233203888,36.93383169174194,0,FINAL_INPUT,0.97,0.97,36.35383169174166,36.35383169174166,True,34.93383169174194,37.002212,3.4456272545096938,-1.127750->+2.306440,-1.127750346089067,-0.7818869802248473,2.3064403239015987,-1.0082402211657744,1.1969031701454074,1,-0.5085460878834276,-0.5085460878834276,36.35383169174166,36.35383169174166,36.35383169174166,36.35383169174166,36.35383169174166,36.35383169174166,0.87,0.87,0.87,0.0,1.9125419890191568,1.2688605134130726,4.280330702756286,True,0.7679686812058351,3.580308543178784,0.048380308258337834,True,True
20260927_103759_1243248,u3e1,2,154,SIDE_PLUS,1790476722.122595,34.77191996574402,1790476722.2845068,True,True,True,True,124.0,True,34.971546,35.203324,SIDE_DISPATCH|RAW_SEED_ATTEMPT|PRE_TIMING_SEED|TIMED_SEED|SEED_ELIGIBILITY|PRE_LOS|POST_LOS|SOLVER_OK|FINAL_INPUT|JOINT_SEED|COMPARATOR_WIN|SELECTED|COMMITTED,,,,D3_LOWER,1.0,0.375,3.6667737030830088,34.93383169174194,36.5493233203888,36.93383169174194,0,FINAL_INPUT,0.92,0.92,36.32383169174167,36.32383169174167,True,34.93383169174194,37.002212,3.587185616473384,-1.127750->+2.228511,-1.127750346089067,-0.817354965752129,2.228510558454845,-1.0082402211657744,1.360905094353862,1,-0.509421685386434,-0.509421685386434,36.32383169174167,36.32383169174167,36.32383169174167,36.32383169174167,36.32383169174167,36.32383169174167,0.84,0.84,0.84,0.0,2.0597535230911865,2.291391972006676,9.81093432224442,True,0.773692913347473,3.34384675227222,0.07838030825833187,True,True
20260927_103759_1243248,u3e1,2,156,SIDE_MINUS,1790476722.4120874,35.06141233444214,1790476722.5692832,True,True,False,False,,False,,,SIDE_DISPATCH|RAW_SEED_ATTEMPT|PRE_TIMING_SEED|TIMED_SEED|SEED_ELIGIBILITY|SOLVER_OK|FINAL_INPUT|JOINT_SEED|COMPARATOR_LOSS,,,,OPPONENT_D3_LOWER,1.0,0.2307692307692307,3.995877515167082,35.218608140945435,36.5493233203888,37.21860814094544,0,FINAL_INPUT,1.04,1.04,,,True,35.218608140945435,37.002212,3.5742861616692903,-1.042006->+1.804117,-1.0420058456200882,-0.81790736044027,1.8041169293447947,-0.9515117934755184,0.962373481810232,1,-0.5056774187069271,-0.5056774187069271,36.43860814094519,36.43860814094519,36.43860814094519,36.43860814094519,36.43860814094519,36.43860814094519,0.93,0.93,0.93,0.0,1.6234928061781913,1.2521092091266188,4.190460740932871,True,0.7693972290053375,3.5733837817988148,,False,False
20260927_103759_1243248,u3e1,2,157,SIDE_PLUS,1790476722.4120874,35.06141233444214,1790476722.5692832,True,True,True,True,125.0,True,35.236046,35.435914,SIDE_DISPATCH|RAW_SEED_ATTEMPT|PRE_TIMING_SEED|TIMED_SEED|SEED_ELIGIBILITY|PRE_LOS|POST_LOS|SOLVER_OK|FINAL_INPUT|JOINT_SEED|COMPARATOR_WIN|SELECTED|COMMITTED,,,,,1.0,0.2307692307692307,3.7486083429373407,35.218608140945435,36.5493233203888,37.21860814094544,0,FINAL_INPUT,0.98,0.98,36.3786081409452,36.3786081409452,True,35.218608140945435,37.002212,3.756602522385645,-1.042006->+1.774193,-1.0420058456200882,-0.8127725134312864,1.7741929165463206,-0.9515117934755184,1.0732295932376232,1,-0.5066689966563518,-0.5066689966563518,36.3786081409452,36.3786081409452,36.3786081409452,36.3786081409452,36.3786081409452,36.3786081409452,0.9,0.9,0.9,0.0,1.5304086616776384,1.6474974795878854,5.445656907241962,True,0.7084599322460776,3.429298672372904,0.023603859054802,False,True
20260927_103759_1243248,u3e1,2,158,NOMINAL,1790476722.664488,35.31381297111511,1790476722.8186138,True,False,True,True,126.0,True,35.478072,35.736556,NOMINAL_CONTEXT|FINAL_INPUT|JOINT_SEED|COMPARATOR_WIN|SELECTED|COMMITTED,,,,,1.0,0.1,3.4472977936666265,35.46793866157532,36.54932379722595,37.46793866157532,0,FINAL_INPUT,0.9,0.9,36.36793866157514,36.36793866157514,True,35.46793866157532,37.002212,3.29623480229877,-0.827195->+1.704581,-0.8271945641682383,-0.8126305891402485,1.7045808225368646,-0.801206736754412,1.4471968766502177,1,-0.508884272425969,-0.508884272425969,36.36793866157514,36.36793866157514,36.36793866157514,36.36793866157514,36.36793866157514,36.36793866157514,0.89,0.89,0.89,0.0,1.8499457762098328,1.73662092604559,2.9218201265315207,True,0.6580105721388518,3.036785059703373,0.034273338424860356,True,True
20260927_103759_1243248,u3e1,2,159,SIDE_MINUS,1790476722.664488,35.31381297111511,1790476722.8186138,False,True,False,False,,False,,,SIDE_DISPATCH|RAW_SEED_ATTEMPT|PRE_TIMING_SEED|TIMED_SEED|SEED_ELIGIBILITY|PRE_LOS|POST_LOS|SOLVER_OK|FINAL_INPUT|JOINT_SEED|PREFLIGHT_REJECT,PREFLIGHT_REJECT,DYNAMICS_FAIL,,,0.0,0.0,0.0,-1790476687.350675,-1790476687.350675,-1790476687.350675,0,FINAL_INPUT,0.55,0.55,,,True,35.46793866157532,37.002212,2.956140348987525,-0.827195->+0.927945,-0.8271945641682383,-0.8126584825332552,0.9279454149783706,-0.801206736754412,-1.0527861374583307,1,-0.5032662271700775,-0.5032662271700775,35.81793866157525,35.81793866157525,35.81793866157525,35.81793866157525,35.81793866157525,35.81793866157525,0.34,0.34,0.34,0.0,8.174862847849976,24.00229570765352,192.22424646716436,False,0.8197416255381804,3.880567837046208,,False,False
20260927_103759_1243248,u3e1,2,160,SIDE_PLUS,1790476722.664488,35.31381297111511,1790476722.8186138,False,True,False,False,,False,,,SIDE_DISPATCH|RAW_SEED_ATTEMPT|PRE_TIMING_SEED|TIMED_SEED|SEED_ELIGIBILITY|PRE_LOS|POST_LOS|SOLVER_OK|FINAL_INPUT|JOINT_SEED|PREFLIGHT_REJECT,PREFLIGHT_REJECT,DYNAMICS_FAIL,,,0.0,0.0,0.0,-1790476687.350675,-1790476687.350675,-1790476687.350675,0,FINAL_INPUT,1.14,1.14,,,True,35.46793866157532,37.002212,3.088125260768863,-0.827195->+1.554903,-0.8271945641682383,-0.8124600421437358,1.5549034326285571,-0.801206736754412,0.7262925120960336,1,-0.4821325591014316,-0.6006916690237296,35.69793866157527,35.69793866157527,,,,,0.84,0.84,0.36,0.15,37.68865149055144,169.11681688381705,1124.143393566361,False,-0.358481807695825,-0.1332272368449354,,False,False
20260927_103759_1243248,u3e1,2,161,NOMINAL,1790476722.9422064,35.59153127670288,1790476723.0931845,True,False,True,True,127.0,True,35.769578,36.035876,NOMINAL_CONTEXT|FINAL_INPUT|JOINT_SEED|COMPARATOR_WIN|SELECTED|COMMITTED,,,,,1.0,0.125,2.5576044108621607,35.74250936508179,36.54932403564453,37.74250936508179,0,FINAL_INPUT,0.64,0.64,36.38250936508166,36.38250936508166,True,35.74250936508179,37.002212,3.263939895337425,-0.405721->+1.630138,-0.4057212828247142,-0.4057212828247142,1.6301375558332034,-0.381896740262567,1.4716486648996812,1,-0.5046693806898359,-0.5046693806898359,36.38250936508166,36.38250936508166,36.38250936508166,36.38250936508166,36.38250936508166,36.38250936508166,0.64,0.64,0.64,0.0,1.6539406879585985,1.717881820709776,2.5307064557771244,True,0.6639180720768507,3.175134311091215,0.0197026349183389,False,True
20260927_103759_1243248,u3e1,2,162,SIDE_MINUS,1790476722.9422064,35.59153127670288,1790476723.0931845,False,True,False,False,,False,,,SIDE_DISPATCH|RAW_SEED_ATTEMPT|PRE_TIMING_SEED|TIMED_SEED|SEED_ELIGIBILITY|PRE_LOS|POST_LOS|SOLVER_OK|FINAL_INPUT|JOINT_SEED|PREFLIGHT_REJECT,PREFLIGHT_REJECT,DYNAMICS_FAIL,,,0.0,0.0,0.0,-1790476687.350675,-1790476687.350675,-1790476687.350675,0,FINAL_INPUT,0.63,0.63,,,True,35.74250936508179,37.002212,2.927630014966081,-0.405721->-8.188129,-0.4057212828247142,-0.4057212828247142,-8.188129430748704,-0.381896740262567,-3.721446224536253,0,-0.4193958960557615,-0.5793467295672406,36.12250936508171,36.12250936508171,,36.38250936508166,,,0.56,0.56,0.38,0.18,13.952350194420934,37.23125507038524,252.51792781284672,False,-0.2258097313780208,1.1817755822779876,,False,False
20260927_103759_1243248,u3e1,2,163,SIDE_PLUS,1790476722.9422064,35.59153127670288,1790476723.0931845,False,True,False,False,,False,,,SIDE_DISPATCH|RAW_SEED_ATTEMPT|PRE_TIMING_SEED|TIMED_SEED|SEED_ELIGIBILITY|PRE_LOS|POST_LOS|SOLVER_OK|FINAL_INPUT|JOINT_SEED|PREFLIGHT_REJECT,PREFLIGHT_REJECT,DYNAMICS_FAIL,,,0.0,0.0,0.0,-1790476687.350675,-1790476687.350675,-1790476687.350675,0,FINAL_INPUT,0.66,0.66,,,True,35.74250936508179,37.002212,3.0546780236436897,-0.405721->+4.342632,-0.4057212828247142,-0.4057212828247142,4.342631848019938,-0.381896740262567,10.369178989460195,1,-0.5021780611003259,-0.6270167056303767,36.02250936508173,36.02250936508173,,36.02250936508173,,,0.4,0.4,0.4,0.0,19.412693977309853,62.78713345926516,363.8813213402188,False,-0.3794758668701971,0.1099296316654331,,False,False
20260927_103759_1243248,u3e1,2,164,NOMINAL,1790476723.232949,35.88227391242981,1790476723.3814788,True,False,True,True,128.0,True,36.074247,36.271317,NOMINAL_CONTEXT|FINAL_INPUT|JOINT_SEED|COMPARATOR_WIN|SELECTED|COMMITTED,,,,,1.0,0.3333333333333333,0.8327005487307751,36.03080368041992,36.54932451248169,38.03080368041992,0,FINAL_INPUT,0.35,0.35,36.38080368041985,36.38080368041985,True,36.03080368041992,37.002212,3.3575829869825027,+0.174421->+1.730158,0.174420967472376,0.174420967472376,1.73015799253536,0.1988601074967354,1.7170024864963074,0,-0.4178568720179079,-0.4178568720179079,36.38080368041985,36.38080368041985,36.38080368041985,36.38080368041985,36.38080368041985,36.38080368041985,0.35,0.35,0.35,0.0,1.7958943638362797,1.0648579429939096,2.8302296603781576,True,0.6646979496664234,3.146055956372238,0.02140831958014644,False,True
20260927_103759_1243248,u3e1,2,165,SIDE_MINUS,1790476723.232949,35.88227391242981,1790476723.3814788,False,True,False,False,,False,,,SIDE_DISPATCH|RAW_SEED_ATTEMPT|PRE_TIMING_SEED|TIMED_SEED|SEED_ELIGIBILITY|PRE_LOS|POST_LOS|SOLVER_OK|FINAL_INPUT|JOINT_SEED|PREFLIGHT_REJECT,PREFLIGHT_REJECT,DYNAMICS_FAIL,,,0.0,0.0,0.0,-1790476687.350675,-1790476687.350675,-1790476687.350675,0,FINAL_INPUT,0.59,0.59,,,True,36.03080368041992,37.002212,2.923152074052973,+0.174421->-7.958791,0.174420967472376,0.174420967472376,-7.958791472597218,0.1988601074967354,-5.186913616665158,1,-0.5054202221892752,-0.5054202221892752,36.270803680419874,36.270803680419874,,,,,0.34,0.34,0.24,0.1,25.944513790323025,124.21264709625213,1041.457523496564,False,-0.1156039166966227,1.482415187343378,,False,False
20260927_103759_1243248,u3e1,2,166,SIDE_PLUS,1790476723.232949,35.88227391242981,1790476723.3814788,False,True,False,False,,False,,,SIDE_DISPATCH|RAW_SEED_ATTEMPT|PRE_TIMING_SEED|TIMED_SEED|SEED_ELIGIBILITY|PRE_LOS|POST_LOS|SOLVER_OK|FINAL_INPUT|JOINT_SEED|PREFLIGHT_REJECT,PREFLIGHT_REJECT,DYNAMICS_FAIL,,,0.0,0.0,0.0,-1790476687.350675,-1790476687.350675,-1790476687.350675,0,FINAL_INPUT,0.3,0.3,,,True,36.03080368041992,37.002212,3.055247175963833,+0.174421->+2.566963,0.174420967472376,0.174420967472376,2.566963383205219,0.1988601074967354,4.316072087646205,0,-0.4178568720179079,-0.4178568720179079,36.23080368041988,36.23080368041988,36.23080368041988,36.23080368041988,,36.23080368041988,0.2,0.2,0.2,0.0,16.66310754195283,68.26395021947224,475.8850981127057,False,0.6157175900724445,0.259129746743013,,False,False
20260927_103759_1243248,u3e1,2,167,NOMINAL,1790476723.4969814,36.14630627632141,1790476723.643473,True,False,False,False,,False,,,NOMINAL_CONTEXT|FINAL_INPUT|JOINT_SEED|COMPARATOR_WIN,,,,,1.0,0.6666666666666666,0.0700962117259908,36.292797565460205,36.54932475090027,38.292797565460205,0,FINAL_INPUT,0.09,0.09,36.38279756546019,36.38279756546019,True,36.292797565460205,37.002212,3.24160153657256,+0.691122->+1.719414,0.6911223153294175,0.6911223153294175,1.719414266418567,0.7317453781685093,1.7800886193851306,0,-0.1212613928093388,-0.1212613928093388,36.38279756546019,36.38279756546019,36.38279756546019,36.38279756546019,36.38279756546019,36.38279756546019,0.09,0.09,0.09,0.0,1.8160121171621957,0.6560924492517137,2.059095089311917,True,0.6764098106484093,3.148373724812738,0.01941443453981151,False,True
20260927_103759_1243248,u3e1,2,168,SIDE_MINUS,1790476723.4969814,36.14630627632141,1790476723.643473,False,True,False,False,,False,,,SIDE_DISPATCH|RAW_SEED_ATTEMPT|PRE_TIMING_SEED|TIMED_SEED|SEED_ELIGIBILITY|PRE_LOS|POST_LOS|SOLVER_OK|FINAL_INPUT|JOINT_SEED|PREFLIGHT_REJECT,PREFLIGHT_REJECT,DYNAMICS_FAIL,,,0.0,0.0,0.0,-1790476687.350675,-1790476687.350675,-1790476687.350675,0,FINAL_INPUT,0.41,0.41,,,True,36.292797565460205,37.002212,2.859323868808396,+0.691122->-11.632509,0.6911223153294175,0.6911223153294175,-11.632509259998244,0.7317453781685093,-9.145976616705637,1,-0.4216544768661338,-0.5632800910052206,36.52279756546016,,,,,,0.11,0.11,0.11,0.0,32.15351534676076,160.75797573410208,1465.327732316727,False,-0.3416544768661337,0.8465978051008238,,False,False
20260927_103759_1243248,u3e1,2,169,SIDE_PLUS,1790476723.4969814,36.14630627632141,1790476723.643473,True,True,True,True,129.0,True,36.307855,36.570138,SIDE_DISPATCH|RAW_SEED_ATTEMPT|PRE_TIMING_SEED|TIMED_SEED|SEED_ELIGIBILITY|PRE_LOS|POST_LOS|SOLVER_OK|FINAL_INPUT|JOINT_SEED|COMPARATOR_WIN|SELECTED|COMMITTED,,,,D3_LOWER,1.0,0.6666666666666666,0.0700956160664046,36.292797565460205,36.54932475090027,38.292797565460205,0,FINAL_INPUT,0.09,0.09,36.38279756546019,36.38279756546019,True,36.292797565460205,37.002212,2.996735263321784,+0.691122->+1.725492,0.6911223153294175,0.6911223153294175,1.725492039287959,0.7317453781685093,1.7905532739106884,0,-0.1212613928093388,-0.1212613928093388,36.38279756546019,36.38279756546019,36.38279756546019,36.38279756546019,36.38279756546019,36.38279756546019,0.09,0.09,0.09,0.0,1.9213267621149344,0.9917814114687616,4.347908824232953,True,0.6764098106484093,3.1361363251006718,0.01941443453981151,False,True
20260927_103759_1243248,u3e2,2,330,SIDE_MINUS,1790476755.1824946,67.83181953430176,1790476755.3224945,True,True,True,True,245.0,True,68.006077,68.335453,SIDE_DISPATCH|RAW_SEED_ATTEMPT|PRE_TIMING_SEED|TIMED_SEED|SEED_ELIGIBILITY|SOLVER_FAILED|FINAL_INPUT|JOINT_SEED|COMPARATOR_WIN|SELECTED|COMMITTED,,,,,0.0,0.0,0.0,-1790476687.350675,-1790476687.350675,69.97181940078735,1,FINAL_INPUT,1.26,1.26,,,True,67.97181940078735,72.036267,4.342091989790997,-1.568136->+0.246382,-1.568136098764102,-2.163453999668377,0.2463821386391685,0.0,0.0,1,-0.5069542911814416,-0.5069542911814416,70.24181940078851,70.24181940078851,,70.24181940078851,,,0.96,0.96,0.96,0.0,1.0997120137024916,0.9971374799868918,4.538432022383805,True,0.8785784515395016,1.452253898282449,,False,False
20260927_103759_1243248,u3e2,2,331,SIDE_PLUS,1790476755.1824946,67.83181953430176,1790476755.3224945,True,False,False,False,,False,,,SIDE_DISPATCH|RAW_SEED_ATTEMPT|PRE_TIMING_SEED|TIMED_SEED|SEED_ELIGIBILITY|SOLVER_OK|FINAL_INPUT|COMPARATOR_WIN,,,,,0.0,0.0,0.0,-1790476687.350675,-1790476687.350675,69.97181940078735,0,FINAL_INPUT,1.33,1.33,,,True,67.97181940078735,72.036267,4.169368311451929,-1.568136->+0.395123,-1.568136098764102,-1.1414946568698838,0.3951230562621242,0.0,0.0,1,-0.508161570343336,-0.508161570343336,70.24181940078851,70.24181940078851,,,,,1.03,1.03,1.03,0.0,1.521314656438153,1.1722649426598324,5.056241311142684,True,0.4819138047536265,0.448939955957158,,False,False
20260927_103759_1243248,u3e2,2,333,SIDE_MINUS,1790476755.4785638,68.1278886795044,1790476755.6185637,False,True,False,False,,False,,,SIDE_DISPATCH|RAW_SEED_ATTEMPT|PRE_TIMING_SEED|TIMED_SEED|SEED_ELIGIBILITY|PRE_LOS|POST_LOS|SOLVER_OK|FINAL_INPUT|JOINT_SEED|PREFLIGHT_REJECT,PREFLIGHT_REJECT,DYNAMICS_FAIL,,,0.0,0.0,0.0,-1790476687.350675,-1790476687.350675,-1790476687.350675,0,FINAL_INPUT,2.54,2.54,,,False,68.26788854598999,71.63358712035101,3.36569857436102,-1.605044->+0.355104,-1.60504385048369,-11.003992315230391,0.3551037267441874,-2.447021511404177,-0.2835889359164339,3,-0.5049521708177709,-0.6177593043454863,70.237888545991,71.06788854599142,,,,,1.0,1.0,0.94,0.05,43.36429361243712,115.53333120544224,539.9818363754318,False,-0.0525813793135663,0.1829201421728616,,False,False
20260927_103759_1243248,u3e2,2,336,SIDE_MINUS,1790476755.505806,68.1551308631897,1790476755.6458058,False,True,False,False,,False,,,SIDE_DISPATCH|RAW_SEED_ATTEMPT|PRE_TIMING_SEED|TIMED_SEED|SEED_ELIGIBILITY|PRE_LOS|POST_LOS|SOLVER_OK|FINAL_INPUT|JOINT_SEED|PREFLIGHT_REJECT,PREFLIGHT_REJECT,DYNAMICS_FAIL,,,0.0,0.0,0.0,-1790476687.350675,-1790476687.350675,-1790476687.350675,0,FINAL_INPUT,2.5500000000000003,2.5500000000000003,,,False,68.2951307296753,71.63694564535896,3.341814915683666,-1.610648->+0.364772,-1.6106479560313454,-10.923256570380929,0.364772193949067,-2.449481076531092,-0.2701736033576121,3,-0.4971093378177884,-0.6294182096614767,70.24513072967629,71.08513072967672,,,,,1.01,1.01,0.95,0.02,44.850467555002,120.244193746867,564.7987545500617,False,-0.0721223679486389,0.2064927087515574,,False,False
20260927_103759_1243248,u3e2,2,339,SIDE_MINUS,1790476755.5319352,68.18126010894775,1790476755.671935,False,True,False,False,,False,,,SIDE_DISPATCH|RAW_SEED_ATTEMPT|PRE_TIMING_SEED|TIMED_SEED|SEED_ELIGIBILITY|PRE_LOS|POST_LOS|SOLVER_OK|FINAL_INPUT|JOINT_SEED|PREFLIGHT_REJECT,PREFLIGHT_REJECT,DYNAMICS_FAIL,,,0.0,0.0,0.0,-1790476687.350675,-1790476687.350675,-1790476687.350675,0,FINAL_INPUT,2.49,2.49,,,False,68.32125997543335,71.6404909526474,3.3192309772140423,-1.615865->+0.355629,-1.615864556772596,-9.034151150440133,0.3556294641365161,-2.4520940718381925,-0.2622700733808973,3,-0.50693469099744,-0.6263930981420395,70.24125997543433,71.06125997543475,,71.06125997543475,,,0.99,0.99,0.93,0.02,41.04927234861988,109.9842559713427,514.4122180056685,False,-0.1098391668131583,0.2338229350670674,,False,False
20260927_103759_1243248,u3e2,2,342,SIDE_MINUS,1790476755.5557144,68.2050392627716,1790476755.6957142,True,True,True,True,246.0,True,68.368693,68.535254,SIDE_DISPATCH|RAW_SEED_ATTEMPT|PRE_TIMING_SEED|TIMED_SEED|SEED_ELIGIBILITY|SOLVER_FAILED|FINAL_INPUT|JOINT_SEED|COMPARATOR_WIN|SELECTED|COMMITTED,,,,,0.0,0.0,0.0,-1790476687.350675,-1790476687.350675,70.3450391292572,1,FINAL_INPUT,1.23,1.23,,,True,68.3450391292572,72.036267,3.968872261321148,-1.620761->+0.498906,-1.6207609608402158,-2.1835921406862955,0.4989056245961535,-2.454682950747241,-0.3977897251234953,1,-0.506655779599606,-0.506655779599606,70.24503912925817,70.24503912925817,,70.24503912925817,,,0.93,0.93,0.93,0.0,1.3327835824385663,1.0346068234078898,4.792568033152898,True,0.9730730055484996,1.4500726214508606,,False,False
20260927_103759_1243248,u3e2,2,345,SIDE_MINUS,1790476755.7326057,68.38193035125732,1790476755.872605,False,True,False,False,,False,,,SIDE_DISPATCH|RAW_SEED_ATTEMPT|PRE_TIMING_SEED|TIMED_SEED|SEED_ELIGIBILITY|PRE_LOS|POST_LOS|SOLVER_OK|FINAL_INPUT|JOINT_SEED|PREFLIGHT_REJECT,PREFLIGHT_REJECT,DYNAMICS_FAIL,,,0.0,0.0,0.0,-1790476687.350675,-1790476687.350675,-1790476687.350675,0,FINAL_INPUT,2.46,2.46,,,True,68.52193021774292,71.80051534887194,3.278585131129016,-1.665360->+0.661872,-1.6653601323358402,-2.4175080360310144,0.661872051900315,-2.4702320619700022,-0.0611176037164907,3,-0.491938171490292,-0.6199649499734085,70.2419302177438,71.2219302177443,,,,,1.01,1.01,0.84,0.23,41.59054969047472,113.10845027685936,535.0216443613639,False,-0.2961059109497751,0.4172106517471095,,False,False
20260927_103759_1243248,u3e2,2,348,SIDE_MINUS,1790476755.7555754,68.4049003124237,1790476755.8955753,True,True,True,True,247.0,True,68.569152,68.802698,SIDE_DISPATCH|RAW_SEED_ATTEMPT|PRE_TIMING_SEED|TIMED_SEED|SEED_ELIGIBILITY|PRE_LOS|POST_LOS|SOLVER_OK|FINAL_INPUT|JOINT_SEED|COMPARATOR_WIN|SELECTED|COMMITTED,,,,,0.0,0.0,0.0,-1790476687.350675,-1790476687.350675,70.5449001789093,0,FINAL_INPUT,1.39,1.39,,,True,68.5449001789093,71.8070127581494,3.262112579240098,-1.672206->+0.680132,-1.672206163024479,-1.6625787577574895,0.6801322242603206,-2.442380348841759,-0.0968028816662489,1,-0.5060869612532052,-0.5060869612532052,70.24490017891017,70.24490017891017,,,,,1.09,1.09,1.09,0.0,1.9130496919010884,2.004166672014975,13.244129000296756,True,0.9186738941159478,1.1773539638695103,,False,False
20260927_103759_1243248,u3e2,2,351,SIDE_MINUS,1790476756.009614,68.65893888473511,1790476756.149614,True,True,True,True,248.0,True,68.835511,69.20245,SIDE_DISPATCH|RAW_SEED_ATTEMPT|PRE_TIMING_SEED|TIMED_SEED|SEED_ELIGIBILITY|SOLVER_FAILED|FINAL_INPUT|JOINT_SEED|COMPARATOR_WIN|SELECTED|COMMITTED,,,,C3_HIGHER,1.0,1.0,0.0,70.44932341575623,70.64490008354187,70.7989387512207,1,FINAL_INPUT,0.93,0.93,,,True,68.7989387512207,72.036267,4.359458009007742,-1.758648->-0.121369,-1.7586479512033797,-2.150244101624923,-0.1213688798214058,-2.4068392829192,-0.9315806044547452,0,-0.4515203153617374,-0.4515203153617374,70.23893875122144,70.23893875122144,70.23893875122144,70.23893875122144,70.23893875122144,70.23893875122144,0.63,0.63,0.63,0.0,1.4165358199013758,1.0090967313683536,4.576584458775188,True,1.1867674494686271,1.3387493797522136,,False,False
20260927_103759_1243248,u3e2,2,352,SIDE_PLUS,1790476756.009614,68.65893888473511,1790476756.149614,True,True,False,False,,False,,,SIDE_DISPATCH|RAW_SEED_ATTEMPT|PRE_TIMING_SEED|TIMED_SEED|SEED_ELIGIBILITY|SOLVER_FAILED|FINAL_INPUT|JOINT_SEED|COMPARATOR_WIN,,,,,1.0,0.0,0.3291526638486322,70.44932341575623,70.64490008354187,70.7989387512207,1,FINAL_INPUT,1.74,1.74,,,True,68.7989387512207,72.036267,4.359458009007742,-1.758648->+0.549648,-1.7586479512033797,-0.9923260357216231,0.5496483342031331,-2.4068392829192,-0.1497439538601769,1,-0.5096599014873172,-0.5096599014873172,70.23893875122144,70.59893875122162,,,,,1.18,1.18,1.18,0.0,1.46939640303776,1.4067361587046094,3.8684301138560966,True,0.2100499477318081,0.9289359240824184,,False,False
20260927_103759_1243248,u3e2,2,354,SIDE_MINUS,1790476756.3058262,68.9551510810852,1790476756.445826,False,True,False,False,,False,,,SIDE_DISPATCH|RAW_SEED_ATTEMPT|PRE_TIMING_SEED|TIMED_SEED|SEED_ELIGIBILITY|PRE_LOS|POST_LOS|SOLVER_OK|FINAL_INPUT|JOINT_SEED|HANDOFF_REJECT,HANDOFF_REJECT,MISSED_FROZEN_ACTIVATION,,,0.0,0.0,0.0,-1790476687.350675,-1790476687.350675,-1790476687.350675,0,FINAL_INPUT,1.4,1.4,,,True,69.0951509475708,72.036267,3.1415444379252584,-1.845336->+1.415906,-1.8453360046914744,-1.4300511649237415,1.4159059965063374,-2.368715512736231,0.9934989245576198,1,-0.4990067764334752,-0.4990067764334752,70.24515094757139,70.53515094757154,,,,,1.09,1.09,1.09,0.0,3.535624794049731,6.811485827950564,43.20456720022456,False,0.5161170651405083,1.055218583912931,,False,False
20260927_103759_1243248,u3e2,2,357,SIDE_MINUS,1790476756.4231205,69.07244515419006,1790476756.56977,False,True,False,False,,False,,,SIDE_DISPATCH|RAW_SEED_ATTEMPT|PRE_TIMING_SEED|TIMED_SEED|SEED_ELIGIBILITY|PRE_LOS|POST_LOS|SOLVER_OK|FINAL_INPUT|JOINT_SEED|PREFLIGHT_REJECT,PREFLIGHT_REJECT,DYNAMICS_FAIL,,,0.0,0.0,0.0,-1790476687.350675,-1790476687.350675,-1790476687.350675,0,FINAL_INPUT,1.2,1.2,,,True,69.21909475326538,72.036267,3.2431942151079323,-1.875707->+0.937596,-1.875707208311008,-1.5909466030439037,0.9375963648221142,-2.312303279114584,0.6161645403489212,1,-0.5059325993140863,-0.5059325993140863,70.2390947532659,70.2390947532659,,70.2390947532659,,,0.9,0.9,0.9,0.0,3.350037142867381,5.827134295857238,37.94886829822661,False,0.4676001773050135,1.1344734766764908,,False,False
20260927_103759_1243248,u3e2,2,358,SIDE_PLUS,1790476756.4231205,69.07244515419006,1790476756.56977,True,True,True,True,249.0,True,69.235355,70.114705,SIDE_DISPATCH|RAW_SEED_ATTEMPT|PRE_TIMING_SEED|TIMED_SEED|SEED_ELIGIBILITY|SOLVER_FAILED|FINAL_INPUT|JOINT_SEED|COMPARATOR_WIN|SELECTED|COMMITTED,,,,,1.0,0.0,0.8016133131655019,70.44932341575623,70.89893865585327,71.21909475326538,1,FINAL_INPUT,1.55,1.55,,,True,69.21909475326538,72.036267,4.370907169022221,-1.875707->+0.925378,-1.875707208311008,-1.3589051695740888,0.9253780353367772,-2.312303279114584,0.6749197743228336,1,-0.5098438483799436,-0.5098438483799436,70.2390947532659,70.69909475326614,,,,,1.19,1.19,1.19,0.0,1.803762105405119,1.899200408613263,9.642362390144765,True,0.1576791506413733,1.0809235490457163,,False,False
20260927_103759_1243248,u3e2,2,359,NOMINAL,1790476756.5923102,69.24163508415222,1790476756.7364376,False,False,False,False,,False,,,NOMINAL_CONTEXT|FINAL_INPUT|JOINT_SEED|HANDOFF_REJECT,HANDOFF_REJECT,MISSED_FROZEN_ACTIVATION,,,0.0,0.0,0.0,-1790476687.350675,-1790476687.350675,-1790476687.350675,0,FINAL_INPUT,1.42,1.42,,,True,69.38576245307922,72.036267,3.398870735099584,-1.908241->+1.303064,-1.9082408967932287,-1.6230222815669717,1.3030638809012638,-2.232323114944351,1.0951354602997387,1,-0.5095606783131645,-0.5095606783131645,70.23576245307966,70.23576245307966,,71.76576245308044,,,1.12,1.12,1.12,0.0,1.622276637934987,1.1020301602613858,5.904209895473634,True,0.4771081946482174,1.2415382292991797,,False,False
20260927_103759_1243248,u3e2,2,360,SIDE_MINUS,1790476756.5923102,69.24163508415222,1790476756.7364376,False,True,False,False,,False,,,SIDE_DISPATCH|RAW_SEED_ATTEMPT|PRE_TIMING_SEED|TIMED_SEED|SEED_ELIGIBILITY|PRE_LOS|POST_LOS|SOLVER_OK|FINAL_INPUT|JOINT_SEED|HANDOFF_REJECT,HANDOFF_REJECT,MISSED_FROZEN_ACTIVATION,,,0.0,0.0,0.0,-1790476687.350675,-1790476687.350675,-1790476687.350675,0,FINAL_INPUT,0.86,0.86,,,True,69.38576245307922,72.036267,2.901303581297819,-1.908241->+1.779379,-1.9082408967932287,-1.9619965563619,1.7793791970629589,-2.232323114944351,1.5910070799056448,1,-0.5024066202478062,-0.5024066202478062,70.23576245307966,70.23576245307966,70.23576245307966,70.23576245307966,70.23576245307966,70.23576245307966,0.64,0.64,0.64,0.0,3.3058319207253577,4.457344251858956,28.054844364982987,False,0.2057968180218388,1.16263161563132,,False,False
20260927_103759_1243248,u3e2,2,363,SIDE_MINUS,1790476756.713353,69.3626778125763,1790476756.865165,False,True,False,False,,False,,,SIDE_DISPATCH|RAW_SEED_ATTEMPT|PRE_TIMING_SEED|TIMED_SEED|SEED_ELIGIBILITY|PRE_LOS|POST_LOS|SOLVER_OK|FINAL_INPUT|JOINT_SEED|HANDOFF_REJECT,HANDOFF_REJECT,MISSED_FROZEN_ACTIVATION,,,0.0,0.0,0.0,-1790476687.350675,-1790476687.350675,-1790476687.350675,0,FINAL_INPUT,0.8200000000000001,0.8200000000000001,,,True,69.5144898891449,72.036267,2.7091627555575943,-1.912285->+1.878404,-1.9122848608535796,-2.019563544885024,1.8784042633180351,-2.1693820138801083,1.6545241144471357,1,-0.5032639630612262,-0.5032639630612262,70.24448988914527,70.24448988914527,70.24448988914527,70.24448988914527,,70.24448988914527,0.71,0.71,0.71,0.0,3.354398444850884,5.579880658483661,30.474011782112907,False,0.2631695859944519,1.2125121013106712,,False,False
20260927_103759_1243248,u3e2,2,365,NOMINAL,1790476756.815899,69.46522355079651,1790476756.9727652,False,False,False,False,,False,,,NOMINAL_CONTEXT|FINAL_INPUT|JOINT_SEED|HANDOFF_REJECT,HANDOFF_REJECT,MISSED_FROZEN_ACTIVATION,,,0.0,0.0,0.0,-1790476687.350675,-1790476687.350675,-1790476687.350675,0,FINAL_INPUT,1.26,1.26,,,True,69.62209010124207,72.036267,2.706212175232425,-1.900059->+1.782343,-1.9000587346533344,-1.434951689597085,1.7823429217814553,-2.103754941774273,1.5227844379237212,1,-0.505907819664126,-0.505907819664126,70.24209010124238,70.74209010124264,71.47209010124301,71.47209010124301,71.47209010124301,71.47209010124301,1.19,1.19,1.19,0.0,1.9157311286342915,1.7988147967363983,5.411377517953434,True,0.3200374605584818,1.1546699112122707,,False,False
20260927_103759_1243248,u3e2,2,366,SIDE_MINUS,1790476756.815899,69.46522355079651,1790476756.9727652,False,True,False,False,,False,,,SIDE_DISPATCH|RAW_SEED_ATTEMPT|PRE_TIMING_SEED|TIMED_SEED|SEED_ELIGIBILITY|PRE_LOS|POST_LOS|SOLVER_OK|FINAL_INPUT|JOINT_SEED|HANDOFF_REJECT,HANDOFF_REJECT,MISSED_FROZEN_ACTIVATION,,,0.0,0.0,0.0,-1790476687.350675,-1790476687.350675,-1790476687.350675,0,FINAL_INPUT,0.74,0.74,71.39209010124297,71.39209010124297,True,69.62209010124207,72.036267,2.52228206183904,-1.900059->+1.962574,-1.9000587346533344,-1.97289255731436,1.9625737100448837,-2.103754941774273,1.6905161454927056,1,-0.505012173714782,-0.505012173714782,70.24209010124238,70.24209010124238,70.24209010124238,70.24209010124238,71.39209010124297,70.24209010124238,0.74,0.74,0.74,0.0,3.8975180722985656,8.159371892398843,49.62107034849102,False,0.288345086764357,1.224560535692531,0.0441768987570299,True,False
20260927_103759_1243248,u3e2,2,368,NOMINAL,1790476756.947714,69.5970389842987,1790476757.1109698,False,False,False,False,,False,,,NOMINAL_CONTEXT|FINAL_INPUT|JOINT_SEED|HANDOFF_REJECT,HANDOFF_REJECT,MISSED_FROZEN_ACTIVATION,,,0.0,0.0,0.0,-1790476687.350675,-1790476687.350675,-1790476687.350675,0,FINAL_INPUT,1.2,1.2,71.39029467582786,71.39029467582786,True,69.76029467582703,72.036267,2.671497852135782,-1.841215->+2.031919,-1.8412154577391608,-1.390405320742139,2.031919314332856,-1.9755101214091573,1.7658181871044931,1,-0.505567127140282,-0.505567127140282,70.24029467582727,70.6902946758275,71.39029467582786,71.39029467582786,71.39029467582786,71.39029467582786,1.14,1.14,1.14,0.0,2.021139885766772,1.8977128600893172,5.002507990664991,True,0.2932796223346569,1.1306964084039974,0.04597232417214059,True,False
20260927_103759_1243248,u3e2,2,369,SIDE_MINUS,1790476756.947714,69.5970389842987,1790476757.1109698,False,True,False,False,,False,,,SIDE_DISPATCH|RAW_SEED_ATTEMPT|PRE_TIMING_SEED|TIMED_SEED|SEED_ELIGIBILITY|PRE_LOS|POST_LOS|SOLVER_OK|FINAL_INPUT|JOINT_SEED|HANDOFF_REJECT,HANDOFF_REJECT,MISSED_FROZEN_ACTIVATION,,,0.0,0.0,0.0,-1790476687.350675,-1790476687.350675,-1790476687.350675,0,FINAL_INPUT,0.72,0.72,71.32029467582782,71.32029467582782,True,69.76029467582703,72.036267,2.541031448883223,-1.841215->+2.208048,-1.8412154577391608,-1.732029132516746,2.2080476495101187,-1.9755101214091573,1.93343227889495,1,-0.5063699094240963,-0.5063699094240963,70.24029467582727,70.24029467582727,70.24029467582727,70.24029467582727,71.32029467582782,70.24029467582727,0.72,0.72,0.72,0.0,4.171675919606988,8.597634514189131,56.03771107804744,False,0.2527601279945301,1.167357246732677,0.1159723241721764,True,False
20260927_103759_1243248,u3e2,2,371,NOMINAL,1790476757.0574253,69.70675015449524,1790476757.2253168,False,False,False,False,,False,,,NOMINAL_CONTEXT|FINAL_INPUT|JOINT_SEED|HANDOFF_REJECT,HANDOFF_REJECT,MISSED_FROZEN_ACTIVATION,,,0.0,0.0,0.0,-1790476687.350675,-1790476687.350675,-1790476687.350675,0,FINAL_INPUT,1.17,1.17,71.35464165687637,71.35464165687637,True,69.87464165687561,72.036267,2.5028011830184305,-1.765965->+2.096718,-1.7659650960618962,-1.3699205355698871,2.0967183216362617,-1.8578081467223144,1.7798574724328222,1,-0.5090333794362948,-0.5090333794362948,70.2446416568758,70.66464165687601,71.35464165687637,71.35464165687637,71.35464165687637,71.35464165687637,1.1,1.1,1.1,0.0,2.084767445421132,1.8007826258451256,6.176725964465845,True,0.2853254162139563,1.1144770775444883,0.08162534312363334,True,False
20260927_103759_1243248,u3e2,2,372,SIDE_MINUS,1790476757.0574253,69.70675015449524,1790476757.2253168,False,True,False,False,,False,,,SIDE_DISPATCH|RAW_SEED_ATTEMPT|PRE_TIMING_SEED|TIMED_SEED|SEED_ELIGIBILITY|PRE_LOS|POST_LOS|SOLVER_OK|FINAL_INPUT|JOINT_SEED|HANDOFF_REJECT,HANDOFF_REJECT,MISSED_FROZEN_ACTIVATION,,,0.0,0.0,0.0,-1790476687.350675,-1790476687.350675,-1790476687.350675,0,FINAL_INPUT,0.87,0.87,71.28464165687633,71.28464165687633,True,69.87464165687561,72.036267,2.411380676915432,-1.765965->+2.236658,-1.7659650960618962,-1.566292998929822,2.2366580632511224,-1.8578081467223144,1.9122884746912432,1,-0.5016833455877657,-0.5016833455877657,70.2446416568758,70.2446416568758,71.28464165687633,71.28464165687633,71.28464165687633,71.28464165687633,0.87,0.87,0.87,0.0,4.278970029125924,9.003913013381789,60.155989941794985,False,0.2512459378677282,1.152489467469385,0.15162534312366915,True,False
20260927_103759_1243248,u3e2,2,374,NOMINAL,1790476757.1672275,69.81655263900757,1790476757.339307,False,False,False,False,,False,,,NOMINAL_CONTEXT|FINAL_INPUT|JOINT_SEED|HANDOFF_REJECT,HANDOFF_REJECT,MISSED_FROZEN_ACTIVATION,,,0.0,0.0,0.0,-1790476687.350675,-1790476687.350675,-1790476687.350675,0,FINAL_INPUT,1.15,1.15,71.33863196373055,71.33863196373055,True,69.98863196372986,72.036267,2.380503224521118,-1.663491->+2.097262,-1.6634910786080448,-1.3605738867193995,2.097262121097545,-1.7059681661777162,1.7905679407510025,1,-0.5085684838187333,-0.5085684838187333,70.23863196372999,70.6586319637302,71.33863196373055,71.33863196373055,71.33863196373055,71.33863196373055,1.09,1.09,1.09,0.0,2.103206859237956,1.5748537467412251,5.858891240694567,True,0.239968073264841,1.0962019020588651,0.0976350362694518,True,False
20260927_103759_1243248,u3e2,2,375,SIDE_MINUS,1790476757.1672275,69.81655263900757,1790476757.339307,False,True,False,False,,False,,,SIDE_DISPATCH|RAW_SEED_ATTEMPT|PRE_TIMING_SEED|TIMED_SEED|SEED_ELIGIBILITY|SOLVER_FAILED|FINAL_INPUT|JOINT_SEED|HANDOFF_REJECT,HANDOFF_REJECT,MISSED_FROZEN_ACTIVATION,,,0.0,0.0,0.0,-1790476687.350675,-1790476687.350675,-1790476687.350675,1,FINAL_INPUT,1.55,1.55,,,True,69.98863196372986,72.036267,4.491736322299158,-1.663491->-0.619159,-1.6634910786080448,-1.3829808167586348,-0.6191586363334254,-1.7059681661777162,-0.9759152792838468,0,-0.1610375071310513,-0.2598165088906761,70.23863196372999,,,,,,1.2,1.2,1.2,0.0,1.6352246133241064,2.501959884025521,15.411259556506714,True,0.5817307276850765,1.092724565030125,,False,False
20260927_103759_1243248,u3e2,2,377,NOMINAL,1790476757.2908633,69.94018816947937,1790476757.4670131,True,False,True,True,250.0,True,70.138195,70.368911,NOMINAL_CONTEXT|FINAL_INPUT|JOINT_SEED|COMPARATOR_WIN|SELECTED|COMMITTED,,,,,1.0,0.0,2.709419748079758,70.44932341575623,71.31909465789795,72.11633801460266,0,FINAL_INPUT,1.17,1.17,71.3563380146033,71.3563380146033,True,70.11633801460266,72.036267,2.4242910736212133,-1.517452->+2.171397,-1.5174523986356652,-1.3593171571311138,2.171397423023557,-1.509283232040959,1.868460633134617,1,-0.5049255767473021,-0.5049255767473021,70.23633801460272,70.67633801460295,71.3563380146033,71.3563380146033,71.3563380146033,71.3563380146033,1.11,1.11,1.11,0.0,2.0755816203269366,1.2059408402313985,7.910151953745174,True,0.253757864652589,1.087596276636058,0.07992898539670534,True,True
20260927_103759_1243248,u3e2,2,378,SIDE_MINUS,1790476757.2908633,69.94018816947937,1790476757.4670131,False,True,False,False,,False,,,SIDE_DISPATCH|RAW_SEED_ATTEMPT|PRE_TIMING_SEED|TIMED_SEED|SEED_ELIGIBILITY|PRE_LOS|POST_LOS|SOLVER_OK|FINAL_INPUT|JOINT_SEED|PREFLIGHT_REJECT,PREFLIGHT_REJECT,DYNAMICS_FAIL,,,0.0,0.0,0.0,-1790476687.350675,-1790476687.350675,-1790476687.350675,0,FINAL_INPUT,0.48,0.48,,,True,70.11633801460266,72.036267,2.309356873981276,-1.517452->+3.650032,-1.5174523986356652,-1.4346924102592036,3.650031909320829,-1.509283232040959,3.400959787717297,1,-0.4600776048570297,-0.4600776048570297,70.23633801460272,70.29633801460275,70.29633801460275,70.29633801460275,70.29633801460275,70.29633801460275,0.37,0.37,0.37,0.0,16.626635735439464,55.336010862760375,376.018305091518,False,0.3127937196269141,1.1080281996499126,,False,False
20260927_103759_1243248,u3e2,2,379,SIDE_PLUS,1790476757.2908633,69.94018816947937,1790476757.4670131,False,False,False,False,,False,,,SIDE_DISPATCH|RAW_SEED_ATTEMPT|PRE_TIMING_SEED|TIMED_SEED|SEED_ELIGIBILITY|PRE_LOS|POST_LOS|SOLVER_OK|FINAL_INPUT|JOINT_SEED|PREFLIGHT_REJECT,PREFLIGHT_REJECT,DYNAMICS_FAIL,,,0.0,0.0,0.0,-1790476687.350675,-1790476687.350675,-1790476687.350675,0,FINAL_INPUT,1.18,1.18,,,True,70.11633801460266,72.036267,2.3273698592369114,-1.517452->-1.517244,-1.5174523986356652,-1.1471005008438395,-1.5172442635331251,-1.509283232040959,-2.026612025562318,2,-0.4883056131685475,-0.4883056131685475,70.23633801460272,70.3963380146028,,,,,0.85,0.85,0.36,0.23,36.30974535509912,146.36325666836322,1032.7621972707525,False,0.0331324227133062,1.0507978756273435,,False,False
20260927_103759_1243248,u3e2,2,380,NOMINAL,1790476757.553428,70.20275282859802,1790476757.7237473,True,False,True,True,251.0,True,70.403234,70.636261,NOMINAL_CONTEXT|FINAL_INPUT|JOINT_SEED|COMPARATOR_WIN|SELECTED|COMMITTED,,,,,1.0,0.0,2.878970774506474,70.44932341575623,71.44932389259338,72.37307214736938,0,FINAL_INPUT,1.0,1.0,71.3830721473699,71.3830721473699,True,70.37307214736938,72.036267,2.6021263449572616,-1.154526->+1.949282,-1.154525554439959,-1.154525554439959,1.9492820908003363,-1.0335845577255671,1.7625684624068574,1,-0.5084115294564858,-0.5084115294564858,70.37307214736938,70.67307214736954,71.3830721473699,71.3830721473699,71.3830721473699,71.3830721473699,1.0,1.0,1.0,0.0,1.9593506333336936,0.9808968840049338,7.120468825397995,True,0.2025389885111637,1.0939658059422923,0.053194852630099376,True,True
20260927_103759_1243248,u3e2,2,381,SIDE_MINUS,1790476757.553428,70.20275282859802,1790476757.7237473,False,True,False,False,,False,,,SIDE_DISPATCH|RAW_SEED_ATTEMPT|PRE_TIMING_SEED|TIMED_SEED|SEED_ELIGIBILITY|PRE_LOS|POST_LOS|SOLVER_OK|FINAL_INPUT|JOINT_SEED|PREFLIGHT_REJECT,PREFLIGHT_REJECT,DYNAMICS_FAIL,,,0.0,0.0,0.0,-1790476687.350675,-1790476687.350675,-1790476687.350675,0,FINAL_INPUT,0.6,0.6,,,True,70.37307214736938,72.036267,2.328172234608357,-1.154526->+8.473684,-1.154525554439959,-1.154525554439959,8.47368379301832,-1.0335845577255671,8.565992346546517,1,-0.4902198371183129,-0.4902198371183129,70.37307214736938,70.6030721473695,70.6030721473695,70.6030721473695,70.6030721473695,70.6030721473695,0.38,0.38,0.34,0.07,29.23505852923189,105.486925177619,839.9503075345663,False,0.347662509322799,1.0939658059422923,,False,False
20260927_103759_1243248,u3e2,2,382,SIDE_PLUS,1790476757.553428,70.20275282859802,1790476757.7237473,False,True,False,False,,False,,,SIDE_DISPATCH|RAW_SEED_ATTEMPT|PRE_TIMING_SEED|TIMED_SEED|SEED_ELIGIBILITY|PRE_LOS|POST_LOS|SOLVER_OK|FINAL_INPUT|JOINT_SEED|PREFLIGHT_REJECT,PREFLIGHT_REJECT,DYNAMICS_FAIL,,,0.0,0.0,0.0,-1790476687.350675,-1790476687.350675,-1790476687.350675,0,FINAL_INPUT,0.7000000000000001,0.7000000000000001,,,True,70.37307214736938,72.036267,2.4285723267169894,-1.154526->-4.307478,-1.154525554439959,-1.154525554439959,-4.307477546932714,-1.0335845577255671,-4.830977343941621,2,-0.4873158583017196,-0.4873158583017196,70.37307214736938,70.66307214736953,70.86307214736964,70.86307214736964,,70.86307214736964,0.5,0.5,0.5,0.0,22.71911006456804,90.87495331531152,706.8556453140164,False,0.1262428837542457,1.0939658059422923,,False,False
20260927_103759_1243248,u3e2,2,384,SIDE_MINUS,1790476757.8480382,70.49736309051514,1790476758.01343,True,True,False,False,,False,,,SIDE_DISPATCH|RAW_SEED_ATTEMPT|PRE_TIMING_SEED|TIMED_SEED|SEED_ELIGIBILITY|SOLVER_FAILED|FINAL_INPUT|JOINT_SEED|COMPARATOR_LOSS,,,,OPPONENT_C3_HIGHER,1.0,0.0,3.770643544562152,70.6627550125122,71.54932403564453,72.6627550125122,1,FINAL_INPUT,1.07,1.07,,,True,70.6627550125122,72.036267,4.053891197234544,-0.658545->+0.391702,-0.6585448146835848,-0.6585448146835848,0.3917022049054441,-0.640809358886085,-0.259119720412353,1,-0.509436574835481,-0.509436574835481,70.6627550125122,70.67275501251221,,,,,0.77,0.77,0.77,0.0,1.958851676467042,3.442488615729624,16.64133749720565,True,0.209929812759037,1.236601497860492,,False,False
20260927_103759_1243248,u3e2,2,385,SIDE_PLUS,1790476757.8480382,70.49736309051514,1790476758.01343,True,True,True,True,252.0,True,70.674754,70.907617,SIDE_DISPATCH|RAW_SEED_ATTEMPT|PRE_TIMING_SEED|TIMED_SEED|SEED_ELIGIBILITY|SOLVER_OK|FINAL_INPUT|JOINT_SEED|COMPARATOR_WIN|SELECTED|COMMITTED,,,,,1.0,0.125,2.5848820051405434,70.6627550125122,71.54932403564453,72.6627550125122,0,FINAL_INPUT,0.72,0.72,71.39275501251258,71.39275501251258,True,70.6627550125122,72.036267,2.5985130478337424,-0.658545->+1.851573,-0.6585448146835848,-0.6585448146835848,1.8515734849467964,-0.640809358886085,1.345261715305994,1,-0.5090581088809326,-0.5090581088809326,70.6627550125122,70.67275501251221,71.39275501251258,71.39275501251258,71.39275501251258,71.39275501251258,0.72,0.72,0.72,0.0,1.958851676467042,0.8384799097759894,3.960541801318959,True,0.2007559435873718,1.236601497860492,0.043511987487420356,True,True
20260927_103759_1243248,u3e2,2,387,SIDE_MINUS,1790476758.1124463,70.76177144050598,1790476758.273953,True,True,False,False,,False,,,SIDE_DISPATCH|RAW_SEED_ATTEMPT|PRE_TIMING_SEED|TIMED_SEED|SEED_ELIGIBILITY|SOLVER_FAILED|FINAL_INPUT|JOINT_SEED|COMPARATOR_LOSS,,,,OPPONENT_C3_HIGHER,1.0,0.0,1.856672273655246,70.92327785491943,71.54932427406311,72.92327785491943,1,FINAL_INPUT,0.8200000000000001,0.8200000000000001,,,True,70.92327785491943,72.036267,3.697762007608056,-0.152498->+0.795899,-0.1524979824417233,-0.1524979824417233,0.7958993572678223,-0.1450028616005144,0.244963581044499,1,-0.508797323689288,-0.508797323689288,,,,,,,0.52,0.52,0.52,0.0,1.8664670628081037,3.61337612812604,17.37687476854828,True,0.2034436696915406,1.4486047974768317,,False,False
20260927_103759_1243248,u3e2,2,388,SIDE_PLUS,1790476758.1124463,70.76177144050598,1790476758.273953,True,True,True,True,253.0,True,70.936273,71.47753,SIDE_DISPATCH|RAW_SEED_ATTEMPT|PRE_TIMING_SEED|TIMED_SEED|SEED_ELIGIBILITY|SOLVER_FAILED|FINAL_INPUT|JOINT_SEED|COMPARATOR_WIN|SELECTED|COMMITTED,,,,,1.0,0.1666666666666666,1.629718831149782,70.92327785491943,71.54932427406311,72.92327785491943,1,FINAL_INPUT,0.49,0.49,71.41327785491968,71.41327785491968,True,70.92327785491943,72.036267,3.697762007608056,-0.152498->+1.667343,-0.1524979824417233,-0.1524979824417233,1.667342961558132,-0.1450028616005144,1.2701133640603954,1,-0.5095445329929619,-0.5095445329929619,71.41327785491968,71.41327785491968,71.41327785491968,71.41327785491968,71.41327785491968,71.41327785491968,0.49,0.49,0.49,0.0,1.8664670628081037,1.3159294432795197,7.769288964071477,True,0.2034436696915406,1.4486047974768317,0.022989145080316575,False,True
20260927_103759_1243248,u3e2,2,390,SIDE_MINUS,1790476758.659066,71.30839085578918,1790476758.8164804,True,True,False,False,,False,,,SIDE_DISPATCH|RAW_SEED_ATTEMPT|PRE_TIMING_SEED|TIMED_SEED|SEED_ELIGIBILITY|PRE_LOS|POST_LOS|SOLVER_OK|FINAL_INPUT|JOINT_SEED|COMPARATOR_LOSS,,,,K2_BASELINE_UNAVAILABLE,0.0,0.0,0.0,71.46580529212952,71.54932475090027,73.46580529212952,0,FINAL_INPUT,0.0,0.0,,,True,71.46580529212952,72.036267,2.9294951625597303,+0.852024->+1.637875,0.8520235398593934,0.8520235398593934,1.637875195103928,0.2585480393035683,0.6729564449747208,0,0.0493712615139295,0.0493712615139295,71.46580529212952,71.46580529212952,71.46580529212952,71.46580529212952,71.46580529212952,71.46580529212952,0.0,0.0,0.0,0.0,1.2988335288865014,1.0417198063501594,2.5446542907284724,True,0.6811657247403096,1.8687685237185463,,False,False
20260927_103759_1243248,u3e2,2,391,SIDE_PLUS,1790476758.659066,71.30839085578918,1790476758.8164804,True,True,False,False,,False,,,SIDE_DISPATCH|RAW_SEED_ATTEMPT|PRE_TIMING_SEED|TIMED_SEED|SEED_ELIGIBILITY|SOLVER_OK|FINAL_INPUT|JOINT_SEED|COMPARATOR_LOSS,,,,K2_BASELINE_UNAVAILABLE,0.0,0.0,0.0,71.46580529212952,71.54932475090027,73.46580529212952,0,FINAL_INPUT,0.0,0.0,,,True,71.46580529212952,72.036267,2.960374562358516,+0.852024->+1.638583,0.8520235398593934,0.8520235398593934,1.6385826422131224,0.2585480393035683,0.6754277676130659,0,0.0493712615139295,0.0493712615139295,71.46580529212952,71.46580529212952,71.46580529212952,71.46580529212952,71.46580529212952,71.46580529212952,0.0,0.0,0.0,0.0,1.2988335288865014,1.0417198063501596,2.375092679222233,True,0.6811657247403096,1.8687685237185463,,False,False
20260927_103759_1243248,u3e2,2,392,NOMINAL,1790476758.6824734,71.33179831504822,1790476758.835421,True,False,True,True,254.0,True,71.502162,71.735581,NOMINAL_CONTEXT|FINAL_INPUT|JOINT_SEED|COMPARATOR_WIN|SELECTED|COMMITTED,,,,,0.0,0.0,0.0,71.48474597930908,71.54932475090027,73.48474597930908,0,FINAL_INPUT,0.0,0.0,,,True,71.48474597930908,72.036267,2.9564953746962863,+0.886725->+1.638654,0.886725411705599,0.886725411705599,1.638654142549279,0.2464125736550992,0.6340216686274235,0,0.070032144200647,0.070032144200647,71.48474597930908,71.48474597930908,71.48474597930908,71.48474597930908,71.48474597930908,71.48474597930908,0.0,0.0,0.0,0.0,1.2800309329256605,1.0137578573821375,2.3316958410686084,True,0.7016963524683395,1.880556850278476,,False,False
20260927_103759_1243248,u3e2,2,393,SIDE_MINUS,1790476758.6824734,71.33179831504822,1790476758.835421,True,True,False,False,,False,,,SIDE_DISPATCH|RAW_SEED_ATTEMPT|PRE_TIMING_SEED|TIMED_SEED|SEED_ELIGIBILITY|PRE_LOS|POST_LOS|SOLVER_OK|FINAL_INPUT|JOINT_SEED|COMPARATOR_LOSS,,,,K2_BASELINE_UNAVAILABLE,0.0,0.0,0.0,71.48474597930908,71.54932475090027,73.48474597930908,0,FINAL_INPUT,0.0,0.0,,,True,71.48474597930908,72.036267,2.912639958559528,+0.886725->+1.638327,0.886725411705599,0.886725411705599,1.6383265264124214,0.2464125736550992,0.6315773610904197,0,0.070032144200647,0.070032144200647,71.48474597930908,71.48474597930908,71.48474597930908,71.48474597930908,71.48474597930908,71.48474597930908,0.0,0.0,0.0,0.0,1.2800309329256605,1.0137578573821375,2.5453415096716983,True,0.7016963524683395,1.880556850278476,,False,False
20260927_103759_1243248,u3e2,2,394,SIDE_PLUS,1790476758.6824734,71.33179831504822,1790476758.835421,True,True,False,False,,False,,,SIDE_DISPATCH|RAW_SEED_ATTEMPT|PRE_TIMING_SEED|TIMED_SEED|SEED_ELIGIBILITY|SOLVER_OK|FINAL_INPUT|JOINT_SEED|COMPARATOR_LOSS,,,,K2_BASELINE_UNAVAILABLE,0.0,0.0,0.0,71.48474597930908,71.54932475090027,73.48474597930908,0,FINAL_INPUT,0.0,0.0,,,True,71.48474597930908,72.036267,3.0372987209585287,+0.886725->+1.615522,0.886725411705599,0.886725411705599,1.615522284421253,0.2464125736550992,0.6274242875658462,0,0.070032144200647,0.070032144200647,71.48474597930908,71.48474597930908,71.48474597930908,71.48474597930908,71.48474597930908,71.48474597930908,0.0,0.0,0.0,0.0,1.2800309329256605,1.029470322058916,3.0332405198981927,True,0.7016963524683395,1.880556850278476,,False,False
20260927_103759_1243248,u3e3,2,387,SIDE_MINUS,1790476758.1124463,70.76177144050598,1790476758.273953,True,True,False,False,,False,,,SIDE_DISPATCH|RAW_SEED_ATTEMPT|PRE_TIMING_SEED|TIMED_SEED|SEED_ELIGIBILITY|SOLVER_FAILED|FINAL_INPUT|JOINT_SEED|COMPARATOR_LOSS,,,,OPPONENT_C3_HIGHER,1.0,0.0,1.856672273655246,70.92327785491943,71.54932427406311,72.92327785491943,1,FINAL_INPUT,2.28,2.0,,,True,70.92327785491943,74.62103986252748,3.697762007608056,-1.787746->+1.545403,-1.7877462165579208,-1.699437301555851,1.5454032947996856,-2.3653664593131203,0.4048175736106724,1,-0.3580176468690763,-0.508797323689288,73.24327785492062,73.24327785492062,73.24327785492062,73.24327785492062,,,0.7000000000000001,0.42,0.42,0.0,1.8664670628081037,3.61337612812604,17.37687476854828,True,0.2034436696915406,1.4486047974768317,,False,False
20260927_103759_1243248,u3e3,2,388,SIDE_PLUS,1790476758.1124463,70.76177144050598,1790476758.273953,True,True,True,True,253.0,True,70.936273,71.47753,SIDE_DISPATCH|RAW_SEED_ATTEMPT|PRE_TIMING_SEED|TIMED_SEED|SEED_ELIGIBILITY|SOLVER_FAILED|FINAL_INPUT|JOINT_SEED|COMPARATOR_WIN|SELECTED|COMMITTED,,,,,1.0,0.1666666666666666,1.629718831149782,70.92327785491943,71.54932427406311,72.92327785491943,1,FINAL_INPUT,1.93,1.93,,,True,70.92327785491943,74.62103986252748,3.697762007608056,-1.787746->+1.545404,-1.7877462165579208,-0.4007979889986922,1.5454039546952407,-2.3653664593131203,0.4048185499197785,1,-0.356343990562159,-0.5095445329929619,74.44327785492123,74.44327785492123,,,,,0.86,0.86,0.86,0.0,1.8664670628081037,1.3159294432795197,7.769288964071477,True,0.2034436696915406,1.4486047974768317,,False,False
20260927_103759_1243248,u3e3,2,390,SIDE_MINUS,1790476758.659066,71.30839085578918,1790476758.8164804,True,True,False,False,,False,,,SIDE_DISPATCH|RAW_SEED_ATTEMPT|PRE_TIMING_SEED|TIMED_SEED|SEED_ELIGIBILITY|PRE_LOS|POST_LOS|SOLVER_OK|FINAL_INPUT|JOINT_SEED|COMPARATOR_LOSS,,,,K2_BASELINE_UNAVAILABLE,0.0,0.0,0.0,71.46580529212952,71.54932475090027,73.46580529212952,0,FINAL_INPUT,1.07,1.07,,,False,71.46580529212952,74.39530045468925,2.9294951625597303,-1.375559->+1.767189,-1.375559367790456,-0.5788791472624215,1.7671887522971748,-1.5345042345656128,-0.0877303889319979,1,-0.359282162251251,-0.359282162251251,74.24580529213094,74.24580529213094,,,,,0.86,0.86,0.86,0.0,1.2988335288865014,1.0417198063501594,2.5446542907284724,True,0.6811657247403096,1.8687685237185463,,False,False
20260927_103759_1243248,u3e3,2,391,SIDE_PLUS,1790476758.659066,71.30839085578918,1790476758.8164804,True,True,False,False,,False,,,SIDE_DISPATCH|RAW_SEED_ATTEMPT|PRE_TIMING_SEED|TIMED_SEED|SEED_ELIGIBILITY|SOLVER_OK|FINAL_INPUT|JOINT_SEED|COMPARATOR_LOSS,,,,K2_BASELINE_UNAVAILABLE,0.0,0.0,0.0,71.46580529212952,71.54932475090027,73.46580529212952,0,FINAL_INPUT,1.08,1.08,,,True,71.46580529212952,74.42617985448803,2.960374562358516,-1.375559->+1.844695,-1.375559367790456,-0.5760177617640135,1.8446954356282996,-1.5345042345656128,-0.0837764430341549,1,-0.3589965979207081,-0.3589965979207081,74.25580529213094,74.25580529213094,,,,,0.86,0.86,0.86,0.0,1.2988335288865014,1.0417198063501596,2.375092679222233,True,0.6811657247403096,1.8687685237185463,,False,False
20260927_103759_1243248,u3e3,2,392,NOMINAL,1790476758.6824734,71.33179831504822,1790476758.835421,True,False,True,True,254.0,True,71.502162,71.735581,NOMINAL_CONTEXT|FINAL_INPUT|JOINT_SEED|COMPARATOR_WIN|SELECTED|COMMITTED,,,,,0.0,0.0,0.0,71.48474597930908,71.54932475090027,73.48474597930908,0,FINAL_INPUT,1.08,1.08,,,True,71.48474597930908,74.44124135400537,2.9564953746962863,-1.364708->+1.853857,-1.3647077490437989,-0.5772957189778122,1.8538565843841173,-1.5074584971436185,-0.1467642767705116,1,-0.3596211659007382,-0.3596211659007382,74.2547459793105,74.2547459793105,,,,,0.86,0.86,0.86,0.0,1.2800309329256605,1.0137578573821375,2.3316958410686084,True,0.7007652177673691,1.880556850278476,,False,False
20260927_103759_1243248,u3e3,2,393,SIDE_MINUS,1790476758.6824734,71.33179831504822,1790476758.835421,True,True,False,False,,False,,,SIDE_DISPATCH|RAW_SEED_ATTEMPT|PRE_TIMING_SEED|TIMED_SEED|SEED_ELIGIBILITY|PRE_LOS|POST_LOS|SOLVER_OK|FINAL_INPUT|JOINT_SEED|COMPARATOR_LOSS,,,,K2_BASELINE_UNAVAILABLE,0.0,0.0,0.0,71.48474597930908,71.54932475090027,73.48474597930908,0,FINAL_INPUT,1.07,1.07,,,False,71.48474597930908,74.3973859378686,2.912639958559528,-1.364708->+1.789340,-1.3647077490437989,-0.5780437257167794,1.7893398488012673,-1.5074584971436185,-0.1451782196790437,1,-0.3580586049470914,-0.3580586049470914,74.2447459793105,74.2447459793105,,,,,0.86,0.86,0.86,0.0,1.2800309329256605,1.0137578573821375,2.5453415096716983,True,0.7016963524683395,1.880556850278476,,False,False
20260927_103759_1243248,u3e3,2,394,SIDE_PLUS,1790476758.6824734,71.33179831504822,1790476758.835421,True,True,False,False,,False,,,SIDE_DISPATCH|RAW_SEED_ATTEMPT|PRE_TIMING_SEED|TIMED_SEED|SEED_ELIGIBILITY|SOLVER_OK|FINAL_INPUT|JOINT_SEED|COMPARATOR_LOSS,,,,K2_BASELINE_UNAVAILABLE,0.0,0.0,0.0,71.48474597930908,71.54932475090027,73.48474597930908,0,FINAL_INPUT,1.06,1.06,,,True,71.48474597930908,74.52204470026761,3.0372987209585287,-1.364708->+1.970951,-1.3647077490437989,-0.6075467321431238,1.9709506081329289,-1.5074584971436185,-0.1470947747305494,1,-0.3581714523848423,-0.3581714523848423,74.27474597931051,74.27474597931051,,74.27474597931051,,,0.86,0.86,0.86,0.0,1.2800309329256605,1.029470322058916,3.0332405198981927,True,0.6779257370095906,1.880556850278476,,False,False
20260927_103759_1243248,u3e3,2,395,NOMINAL,1790476758.940019,71.58934378623962,1790476759.0890307,True,False,False,False,,False,,,NOMINAL_CONTEXT|FINAL_INPUT|JOINT_SEED|COMPARATOR_WIN,,,,,1.0,0.3333333333333333,0.8300898259555943,73.04932355880737,73.58474588394165,73.73835563659668,0,FINAL_INPUT,1.07,1.07,,,True,71.73835563659668,74.64299224856194,2.90463661196526,-1.232422->+2.111919,-1.2324224649967992,-0.6233550628139665,2.1119192644458464,-1.3103225824917402,-0.0257791940458914,1,-0.3598240091460338,-0.3598240091460338,74.29835563659799,74.29835563659799,74.29835563659799,74.29835563659799,,74.29835563659799,0.87,0.87,0.87,0.0,1.0957586745109689,0.7831606782906261,2.2404254424718446,True,0.6865879304074104,2.0169972403548337,,False,False
20260927_103759_1243248,u3e3,2,396,SIDE_MINUS,1790476758.940019,71.58934378623962,1790476759.0890307,True,True,False,False,,False,,,SIDE_DISPATCH|RAW_SEED_ATTEMPT|PRE_TIMING_SEED|TIMED_SEED|SEED_ELIGIBILITY|PRE_LOS|POST_LOS|SOLVER_OK|FINAL_INPUT|JOINT_SEED|COMPARATOR_LOSS,,,,OPPONENT_D3_LOWER,1.0,0.3333333333333333,0.832269610262744,73.04932355880737,73.58474588394165,73.73835563659668,0,FINAL_INPUT,1.06,1.06,,,True,71.73835563659668,74.60544802833014,2.8670923917334585,-1.232422->+2.073348,-1.2324224649967992,-0.6299210295958824,2.073348103278736,-1.3103225824917402,-0.0268969648120348,1,-0.3574235170669171,-0.3574235170669171,74.28835563659798,74.28835563659798,74.28835563659798,74.28835563659798,,74.28835563659798,0.87,0.87,0.87,0.0,1.1199966803722674,0.7831606782906263,2.414956351602826,True,0.6943405187420845,2.0169972403548337,,False,False
20260927_103759_1243248,u3e3,2,397,SIDE_PLUS,1790476758.940019,71.58934378623962,1790476759.0890307,True,True,True,True,255.0,True,71.770117,72.004863,SIDE_DISPATCH|RAW_SEED_ATTEMPT|PRE_TIMING_SEED|TIMED_SEED|SEED_ELIGIBILITY|SOLVER_OK|FINAL_INPUT|JOINT_SEED|COMPARATOR_WIN|SELECTED|COMMITTED,,,,D3_LOWER,1.0,0.3333333333333333,0.8288369447368282,73.04932355880737,73.58474588394165,73.73835563659668,0,FINAL_INPUT,1.07,1.07,,,True,71.73835563659668,74.63962776547032,2.9012721288736367,-1.232422->+2.114945,-1.2324224649967992,-0.6242546308019823,2.1149454269353662,-1.3103225824917402,-0.024247958992019,1,-0.3595134972249333,-0.3595134972249333,74.29835563659799,74.29835563659799,74.29835563659799,74.29835563659799,,74.29835563659799,0.87,0.87,0.87,0.0,1.099286249998816,0.7831606782906263,2.273400087912121,True,0.6871319521537641,2.0169972403548337,,False,False
20260927_103759_1243248,u3e3,2,399,SIDE_MINUS,1790476759.2276292,71.87695407867432,1790476759.3725982,True,True,True,True,256.0,True,72.036059,72.276188,SIDE_DISPATCH|RAW_SEED_ATTEMPT|PRE_TIMING_SEED|TIMED_SEED|SEED_ELIGIBILITY|PRE_LOS|POST_LOS|SOLVER_OK|FINAL_INPUT|JOINT_SEED|COMPARATOR_WIN|SELECTED|COMMITTED,,,,C3_HIGHER,1.0,0.375,1.488214042621098,73.04932355880737,73.83835554122925,74.02192306518555,0,FINAL_INPUT,1.07,1.07,,,True,72.02192306518555,74.70227899999999,2.7257717910127117,-1.114354->+2.123287,-1.1143541583721337,-0.6452899684422131,2.123287476267844,-1.1233592688647438,-0.0583648191641512,1,-0.3583170445358642,-0.3583170445358642,73.24192306518617,73.24192306518617,74.33192306518673,74.33192306518673,,74.33192306518673,0.85,0.85,0.85,0.0,1.0630635845072145,0.5840874837216052,2.0990320052935223,True,0.6865302849290011,2.1242460785387243,,False,False
20260927_103759_1243248,u3e3,2,400,SIDE_PLUS,1790476759.2276292,71.87695407867432,1790476759.3725982,True,True,False,False,,False,,,SIDE_DISPATCH|RAW_SEED_ATTEMPT|PRE_TIMING_SEED|TIMED_SEED|SEED_ELIGIBILITY|SOLVER_FAILED|FINAL_INPUT|JOINT_SEED|COMPARATOR_WIN,,,,,1.0,0.0,2.682309095093602,73.04932355880737,73.83835554122925,74.02192306518555,1,FINAL_INPUT,1.47,1.47,,,True,72.02192306518555,74.70227899999999,2.722573878629748,-1.114354->+2.126185,-1.1143541583721337,0.0397221015739688,2.126184640894204,-1.1233592688647438,-0.0567861113075067,1,-0.3593014275186613,-0.3593014275186613,74.2719230651867,74.2719230651867,74.2719230651867,74.2719230651867,,74.2719230651867,0.87,0.87,0.87,0.0,1.5042153946775174,2.4841155628052625,12.16949234253987,True,0.5033340571410121,2.1242460785387243,,False,False
20260927_103759_1243248,u3e3,2,401,NOMINAL,1790476759.5045128,72.15383768081665,1790476759.6473165,True,False,False,False,,False,,,NOMINAL_CONTEXT|FINAL_INPUT|JOINT_SEED|COMPARATOR_WIN,,,,,0.9090909090909092,0.1818181818181818,2.8277314375656024,73.04932355880737,74.12192296981812,74.29664134979248,0,FINAL_INPUT,1.06,1.06,,,True,72.29664134979248,74.70227899999999,2.457764078048425,-1.019423->+2.067747,-1.0194230879928363,-0.6048718532057636,2.067747084617497,-0.9766352454099456,0.0845149959431144,1,-0.3591080164095517,-0.3591080164095517,74.2866413497935,74.2866413497935,74.2866413497935,74.2866413497935,,74.2866413497935,0.86,0.86,0.86,0.0,1.032245751985174,0.3932735947600224,1.651378774757054,True,0.6815017812491452,2.191056021114931,,False,False
20260927_103759_1243248,u3e3,2,402,SIDE_MINUS,1790476759.5045128,72.15383768081665,1790476759.6473165,True,True,True,True,257.0,True,72.305451,72.536313,SIDE_DISPATCH|RAW_SEED_ATTEMPT|PRE_TIMING_SEED|TIMED_SEED|SEED_ELIGIBILITY|PRE_LOS|POST_LOS|SOLVER_OK|FINAL_INPUT|JOINT_SEED|COMPARATOR_WIN|SELECTED|COMMITTED,,,,D3_LOWER,0.9090909090909092,0.1818181818181818,2.812941605487897,73.04932355880737,74.12192296981812,74.29664134979248,0,FINAL_INPUT,1.05,1.05,,,True,72.29664134979248,74.70227899999999,2.406589530936383,-1.019423->+2.113134,-1.0194230879928363,-0.605611078689572,2.11313431886647,-0.9766352454099456,0.1082509648877215,1,-0.3581618362003312,-0.3581618362003312,74.2766413497935,74.2766413497935,74.2766413497935,74.2766413497935,,74.2766413497935,0.86,0.86,0.86,0.0,1.0685614916002502,0.4318463599654938,2.0160121595910327,True,0.6827495230781087,2.191056021114931,,False,False
20260927_103759_1243248,u3e3,2,403,SIDE_PLUS,1790476759.5045128,72.15383768081665,1790476759.6473165,True,True,False,False,,False,,,SIDE_DISPATCH|RAW_SEED_ATTEMPT|PRE_TIMING_SEED|TIMED_SEED|SEED_ELIGIBILITY|SOLVER_FAILED|FINAL_INPUT|JOINT_SEED|COMPARATOR_LOSS,,,,OPPONENT_C3_HIGHER,0.9090909090909092,0.0,2.59929856417376,73.04932355880737,74.12192296981812,74.29664134979248,1,FINAL_INPUT,1.29,1.29,,,True,72.29664134979248,74.70227899999999,2.469770495621631,-1.019423->+2.057439,-1.0194230879928363,-0.0088600043716084,2.0574393192969485,-0.9766352454099456,0.079759643740222,1,-0.3564546261683635,-0.3564546261683635,74.20664134979346,74.20664134979346,74.20664134979346,74.20664134979346,,74.20664134979346,0.86,0.86,0.86,0.0,1.6549350142066817,3.125424340904495,16.992772654862552,True,0.5468677876745852,2.191056021114931,,False,False
20260927_103759_1243248,u3e3,2,404,NOMINAL,1790476759.7614694,72.41079425811768,1790476759.901579,True,False,False,False,,False,,,NOMINAL_CONTEXT|FINAL_INPUT|JOINT_SEED|COMPARATOR_WIN,,,,,0.8571428571428571,0.1428571428571428,3.0707651799130637,73.04932355880737,74.39664125442505,74.55090355873108,0,FINAL_INPUT,1.04,1.04,,,True,72.55090355873108,74.66489472166796,2.1139911629368795,-0.937195->+2.063304,-0.9371951863718978,-0.5839757242740627,2.0633044050574734,-0.8677928144363568,0.1757508534122407,1,-0.3583339240918109,-0.3583339240918109,74.25090355873195,74.25090355873195,74.25090355873195,74.25090355873195,,74.25090355873195,0.87,0.87,0.87,0.0,1.0746629838089794,0.454412590837226,1.9416495140826664,True,0.6824337083197693,2.2346283590526386,,False,False
20260927_103759_1243248,u3e3,2,405,SIDE_MINUS,1790476759.7614694,72.41079425811768,1790476759.901579,True,True,True,True,258.0,True,72.570106,72.803205,SIDE_DISPATCH|RAW_SEED_ATTEMPT|PRE_TIMING_SEED|TIMED_SEED|SEED_ELIGIBILITY|PRE_LOS|POST_LOS|SOLVER_OK|FINAL_INPUT|JOINT_SEED|COMPARATOR_WIN|SELECTED|COMMITTED,,,,D3_LOWER,0.8571428571428571,0.1428571428571428,3.0550598099735846,73.04932355880737,74.39664125442505,74.55090355873108,0,FINAL_INPUT,1.04,1.04,,,True,72.55090355873108,74.64483489547212,2.0939313367410373,-0.937195->+2.063358,-0.9371951863718978,-0.5837912119794083,2.063358230759452,-0.8677928144363568,0.1757784367380106,1,-0.3590926118386484,-0.3590926118386484,74.25090355873195,74.25090355873195,74.25090355873195,74.25090355873195,,74.25090355873195,0.87,0.87,0.87,0.0,1.092116153670214,0.4803977315747424,2.0036554451090978,True,0.682509700864312,2.2346283590526386,,False,False
20260927_103759_1243248,u3e3,2,406,SIDE_PLUS,1790476759.7614694,72.41079425811768,1790476759.901579,True,True,False,False,,False,,,SIDE_DISPATCH|RAW_SEED_ATTEMPT|PRE_TIMING_SEED|TIMED_SEED|SEED_ELIGIBILITY|SOLVER_OK|FINAL_INPUT|JOINT_SEED|COMPARATOR_WIN,,,,D3_LOWER,0.8571428571428571,0.1428571428571428,3.069293271509552,73.04932355880737,74.39664125442505,74.55090355873108,0,FINAL_INPUT,1.04,1.04,,,True,72.55090355873108,74.66248433852026,2.1115807797891857,-0.937195->+2.065472,-0.9371951863718978,-0.5836822234535495,2.0654724014293944,-0.8677928144363568,0.1768619021874312,1,-0.3587896881703256,-0.3587896881703256,74.25090355873195,74.25090355873195,74.25090355873195,74.25090355873195,,74.25090355873195,0.87,0.87,0.87,0.0,1.0766449442663784,0.4575137431765875,1.9560966142211405,True,0.6824315061609754,2.2346283590526386,,False,False
20260927_103759_1243248,u3e3,2,408,SIDE_MINUS,1790476760.035645,72.68496990203857,1790476760.1756449,True,True,False,False,,False,,,SIDE_DISPATCH|RAW_SEED_ATTEMPT|PRE_TIMING_SEED|TIMED_SEED|SEED_ELIGIBILITY|SOLVER_FAILED|FINAL_INPUT|JOINT_SEED|COMPARATOR_LOSS,,,,,0.0,0.0,0.0,-1790476687.350675,-1790476687.350675,74.82496976852417,1,FINAL_INPUT,1.13,1.13,,,True,72.82496976852417,74.70227899999999,3.5082421972984053,-0.832772->+1.751726,-0.8327718985395507,-0.652109791823607,1.751725501228269,-0.7630408470910924,-0.7596833901067173,1,-0.3583144118914796,-0.3583144118914796,73.24496976852438,73.24496976852438,,,,,0.8300000000000001,0.8300000000000001,0.8300000000000001,0.0,1.4664698261377451,1.5739735583915386,7.712774751404559,True,0.6855856383780302,2.2830540974886846,,False,False
20260927_103759_1243248,u3e3,2,409,SIDE_PLUS,1790476760.035645,72.68496990203857,1790476760.1756449,True,True,True,True,259.0,True,72.835517,73.107612,SIDE_DISPATCH|RAW_SEED_ATTEMPT|PRE_TIMING_SEED|TIMED_SEED|SEED_ELIGIBILITY|SOLVER_FAILED|FINAL_INPUT|JOINT_SEED|COMPARATOR_WIN|SELECTED|COMMITTED,,,,,0.0,0.0,0.0,-1790476687.350675,-1790476687.350675,74.82496976852417,1,FINAL_INPUT,0.81,0.81,73.99496976852477,73.99496976852477,True,72.82496976852417,74.70227899999999,3.5082421972984053,-0.832772->+2.173513,-0.8327718985395507,-0.5309430951164925,2.173512947898548,-0.7630408470910924,0.9328806492253876,1,-0.3597950144880064,-0.3597950144880064,73.99496976852477,73.99496976852477,73.99496976852477,73.99496976852477,73.99496976852477,73.99496976852477,0.75,0.75,0.75,0.0,1.5355823242323232,1.6647843641757925,7.924912252783471,True,0.6855856383780302,2.2830540974886846,0.1073092314752273,True,True
20260927_103759_1243248,u3e3,2,411,SIDE_MINUS,1790476760.3152127,72.96453762054443,1790476760.4552126,True,True,False,False,,False,,,SIDE_DISPATCH|RAW_SEED_ATTEMPT|PRE_TIMING_SEED|TIMED_SEED|SEED_ELIGIBILITY|SOLVER_FAILED|FINAL_INPUT|JOINT_SEED|COMPARATOR_LOSS,,,,,0.0,0.0,0.0,-1790476687.350675,-1790476687.350675,75.10453748703003,1,FINAL_INPUT,1.22,1.22,,,True,73.10453748703003,74.70227899999999,3.4517959623231,-0.663785->+1.719946,-0.6637851917212881,-0.5379229637941594,1.719945878000924,-0.6286732076724565,-0.8230088198192175,1,-0.3572816811440484,-0.3572816811440484,74.54453748703077,74.54453748703077,,,,,0.86,0.86,0.86,0.0,1.5067095695669137,2.3965745396774687,18.652421929558443,True,0.7178298015367768,2.352352135389526,,False,False
20260927_103759_1243248,u3e3,2,412,SIDE_PLUS,1790476760.3152127,72.96453762054443,1790476760.4552126,True,True,True,True,260.0,True,73.135845,73.96807,SIDE_DISPATCH|RAW_SEED_ATTEMPT|PRE_TIMING_SEED|TIMED_SEED|SEED_ELIGIBILITY|SOLVER_FAILED|FINAL_INPUT|JOINT_SEED|COMPARATOR_WIN|SELECTED|COMMITTED,,,,,0.0,0.0,0.0,-1790476687.350675,-1790476687.350675,75.10453748703003,1,FINAL_INPUT,0.89,0.89,74.07453748703053,74.07453748703053,True,73.10453748703003,74.70227899999999,3.4517959623231,-0.663785->+2.128727,-0.6637851917212881,-0.5325389039143593,2.1287266647587217,-0.6286732076724565,0.8604982722211321,1,-0.3545048105530894,-0.3545048105530894,74.07453748703053,74.07453748703053,74.07453748703053,74.07453748703053,74.07453748703053,74.07453748703053,0.8300000000000001,0.8300000000000001,0.8300000000000001,0.0,1.3032173329861203,1.5740289964584575,9.277570722790404,True,0.7178298015367768,2.352352135389526,0.02774151296947025,True,True
20260927_103759_1243248,u3e3,2,414,SIDE_MINUS,1790476760.596559,73.24588394165039,1790476760.736559,False,True,False,False,,False,,,SIDE_DISPATCH|RAW_SEED_ATTEMPT|PRE_TIMING_SEED|TIMED_SEED|SEED_ELIGIBILITY|SOLVER_FAILED|FINAL_INPUT|JOINT_SEED|CERTIFICATE_REJECT,CERTIFICATE_REJECT,,,,0.0,0.0,0.0,-1790476687.350675,-1790476687.350675,-1790476687.350675,1,FINAL_INPUT,1.02,1.02,,,True,73.38588380813599,74.70227899999999,3.432918544613866,-0.358111->+1.730098,-0.3581105631397939,-0.3581105631397939,1.7300978751425655,-0.3301454394357808,-0.4742560721606789,1,-0.3552756394832118,-0.3552756394832118,74.44588380813653,74.44588380813653,,74.44588380813653,,,0.72,0.72,0.72,0.0,1.5382186110546243,2.932360124888964,19.18459029731962,True,0.7838984009167702,2.4370622326515683,,False,False
20260927_103759_1243248,u3e3,2,415,SIDE_PLUS,1790476760.596559,73.24588394165039,1790476760.736559,False,True,False,False,,False,,,SIDE_DISPATCH|RAW_SEED_ATTEMPT|PRE_TIMING_SEED|TIMED_SEED|SEED_ELIGIBILITY|SOLVER_FAILED|FINAL_INPUT|JOINT_SEED|CERTIFICATE_REJECT,CERTIFICATE_REJECT,,,,0.0,0.0,0.0,-1790476687.350675,-1790476687.350675,-1790476687.350675,1,FINAL_INPUT,0.7000000000000001,0.7000000000000001,74.08588380813634,74.08588380813634,True,73.38588380813599,74.70227899999999,3.432918544613866,-0.358111->+2.181741,-0.3581105631397939,-0.3581105631397939,2.1817414135108346,-0.3301454394357808,0.9739199089962628,1,-0.3550961893117905,-0.3550961893117905,74.08588380813634,74.08588380813634,74.08588380813634,74.08588380813634,74.08588380813634,74.08588380813634,0.7000000000000001,0.7000000000000001,0.7000000000000001,0.0,1.2655609167568034,1.6664823948232197,10.053448240117836,True,0.7838984009167702,2.4370622326515683,0.01639519186365135,False,False
20260927_103759_1243248,u3e3,2,417,SIDE_MINUS,1790476760.6253166,73.27464151382446,1790476760.7653165,False,True,False,False,,False,,,SIDE_DISPATCH|RAW_SEED_ATTEMPT|PRE_TIMING_SEED|TIMED_SEED|SEED_ELIGIBILITY|SOLVER_FAILED|FINAL_INPUT|JOINT_SEED|CERTIFICATE_REJECT,CERTIFICATE_REJECT,,,,0.0,0.0,0.0,-1790476687.350675,-1790476687.350675,-1790476687.350675,1,FINAL_INPUT,0.84,0.84,,,True,73.41464138031006,74.70227899999999,3.396529873088244,-0.312271->+1.820997,-0.3122707126391841,-0.3122707126391841,1.820997084030461,-0.2880663616253749,-0.0854069716345984,1,-0.3590489625948981,-0.3590489625948981,74.25464138031049,74.25464138031049,74.25464138031049,74.25464138031049,,74.25464138031049,0.6900000000000001,0.6900000000000001,0.6900000000000001,0.0,1.4502794383191615,2.147918164701278,11.804175733712857,True,0.7945084389643655,2.446002531501688,,False,False
20260927_103759_1243248,u3e3,2,418,SIDE_PLUS,1790476760.6253166,73.27464151382446,1790476760.7653165,False,True,False,False,,False,,,SIDE_DISPATCH|RAW_SEED_ATTEMPT|PRE_TIMING_SEED|TIMED_SEED|SEED_ELIGIBILITY|PRE_LOS|POST_LOS|SOLVER_OK|FINAL_INPUT|JOINT_SEED|PREFLIGHT_REJECT,PREFLIGHT_REJECT,DYNAMICS_FAIL,,,0.0,0.0,0.0,-1790476687.350675,-1790476687.350675,-1790476687.350675,0,FINAL_INPUT,0.53,0.3,73.71464138031021,73.94464138031033,True,73.41464138031006,74.70227899999999,3.1500799286570684,-0.312271->-2.726550,-0.3122707126391841,-0.3122707126391841,-2.7265498315553884,-0.2880663616253749,5.336519000467597,2,-0.356609664238914,-0.356609664238914,73.71464138031021,73.71464138031021,73.71464138031021,73.71464138031021,73.71464138031021,73.94464138031033,0.53,0.3,0.3,0.0,13.902715832954822,41.82856922158464,297.79548945228856,False,0.4519696438436356,1.6381592327519467,0.3876376196897837,True,False
20260927_103759_1243248,u3e3,2,420,SIDE_MINUS,1790476760.6550865,73.3044114112854,1790476760.7950864,False,True,False,False,,False,,,SIDE_DISPATCH|RAW_SEED_ATTEMPT|PRE_TIMING_SEED|TIMED_SEED|SEED_ELIGIBILITY|SOLVER_FAILED|FINAL_INPUT|JOINT_SEED|CERTIFICATE_REJECT,CERTIFICATE_REJECT,,,,0.0,0.0,0.0,-1790476687.350675,-1790476687.350675,-1790476687.350675,1,FINAL_INPUT,0.8,0.8,,,True,73.444411277771,74.70227899999999,3.3586070946604285,-0.258394->+1.821079,-0.2583944695537966,-0.2583944695537966,1.8210791964473296,-0.2428125947546641,-0.0304267852302263,1,-0.3574017589204459,-0.3574017589204459,74.2444112777714,74.2444112777714,74.2444112777714,74.2444112777714,,74.2444112777714,0.66,0.66,0.66,0.0,1.4603692630204177,2.2055331961527758,12.0427057959831,True,0.8064023560283347,2.4552700514394994,,False,False
20260927_103759_1243248,u3e3,2,421,SIDE_PLUS,1790476760.6550865,73.3044114112854,1790476760.7950864,False,True,False,False,,False,,,SIDE_DISPATCH|RAW_SEED_ATTEMPT|PRE_TIMING_SEED|TIMED_SEED|SEED_ELIGIBILITY|SOLVER_FAILED|FINAL_INPUT|JOINT_SEED|CERTIFICATE_REJECT,CERTIFICATE_REJECT,,,,0.0,0.0,0.0,-1790476687.350675,-1790476687.350675,-1790476687.350675,1,FINAL_INPUT,0.63,0.63,74.07441127777132,74.07441127777132,True,73.444411277771,74.70227899999999,3.111922171582133,-0.258394->+2.091679,-0.2583944695537966,-0.2583944695537966,2.091679307323218,-0.2428125947546641,1.0363379736314404,1,-0.3545075444322496,-0.3545075444322496,74.07441127777132,74.07441127777132,74.07441127777132,74.07441127777132,74.07441127777132,74.07441127777132,0.63,0.63,0.63,0.0,1.3176679311397663,1.314974265787177,7.7098299195998194,True,0.8064023560283347,2.4552700514394994,0.027867722228677394,True,False
20260927_103759_1243248,u3e3,2,423,SIDE_MINUS,1790476760.6917095,73.34103441238403,1790476760.8317094,False,True,False,False,,False,,,SIDE_DISPATCH|RAW_SEED_ATTEMPT|PRE_TIMING_SEED|TIMED_SEED|SEED_ELIGIBILITY|SOLVER_FAILED|FINAL_INPUT|JOINT_SEED|CERTIFICATE_REJECT,CERTIFICATE_REJECT,,,,0.0,0.0,0.0,-1790476687.350675,-1790476687.350675,-1790476687.350675,1,FINAL_INPUT,0.74,0.74,,,True,73.48103427886963,74.70227899999999,3.311664562948649,-0.203216->+1.836374,-0.203216155928212,-0.203216155928212,1.836373741614342,-0.1847793672093725,0.0362172889068634,1,-0.3595451378308767,-0.3595451378308767,74.22103427887001,74.22103427887001,74.22103427887001,74.22103427887001,,74.22103427887001,0.63,0.63,0.63,0.0,1.4731322630402832,2.276941516980429,12.358869871835031,True,0.8223268811757871,2.4666781042293624,,False,False
20260927_103759_1243248,u3e3,2,424,SIDE_PLUS,1790476760.6917095,73.34103441238403,1790476760.8317094,False,True,False,False,,False,,,SIDE_DISPATCH|RAW_SEED_ATTEMPT|PRE_TIMING_SEED|TIMED_SEED|SEED_ELIGIBILITY|PRE_LOS|POST_LOS|SOLVER_OK|FINAL_INPUT|JOINT_SEED|PREFLIGHT_REJECT,PREFLIGHT_REJECT,DYNAMICS_FAIL,,,0.0,0.0,0.0,-1790476687.350675,-1790476687.350675,-1790476687.350675,0,FINAL_INPUT,0.46,0.29,73.77103427886978,73.94103427886986,True,73.48103427886963,74.70227899999999,3.08773447235083,-0.203216->+0.357515,-0.203216155928212,-0.203216155928212,0.3575146775939686,-0.1847793672093725,5.648516114104411,1,-0.3590106679157467,-0.3590106679157467,73.77103427886978,73.77103427886978,73.77103427886978,73.77103427886978,73.77103427886978,73.94103427886986,0.46,0.29,0.29,0.0,10.664281321202209,31.417130567313063,231.98952826768576,False,0.7951898204361663,2.252364980968028,0.3312447211302185,True,False
20260927_103759_1243248,u3e3,2,426,SIDE_MINUS,1790476760.717817,73.36714196205139,1790476760.857817,False,True,False,False,,False,,,SIDE_DISPATCH|RAW_SEED_ATTEMPT|PRE_TIMING_SEED|TIMED_SEED|SEED_ELIGIBILITY|SOLVER_FAILED|FINAL_INPUT|JOINT_SEED|CERTIFICATE_REJECT,CERTIFICATE_REJECT,,,,0.0,0.0,0.0,-1790476687.350675,-1790476687.350675,-1790476687.350675,1,FINAL_INPUT,0.7000000000000001,0.7000000000000001,,,True,73.50714182853699,74.70227899999999,3.2780443335767884,-0.159524->+1.828738,-0.1595239657464177,-0.1595239657464177,1.8287382322252563,-0.1418178919234058,0.089530514044195,1,-0.3567540712684602,-0.3567540712684602,74.20714182853735,74.20714182853735,74.20714182853735,74.20714182853735,,74.20714182853735,0.6,0.6,0.6,0.0,1.4824798119962272,2.328214919822019,12.599599850238668,True,0.8345570264735289,2.474809637977359,,False,False
20260927_103759_1243248,u3e3,2,427,SIDE_PLUS,1790476760.717817,73.36714196205139,1790476760.857817,False,True,False,False,,False,,,SIDE_DISPATCH|RAW_SEED_ATTEMPT|PRE_TIMING_SEED|TIMED_SEED|SEED_ELIGIBILITY|PRE_LOS|POST_LOS|SOLVER_OK|FINAL_INPUT|JOINT_SEED|PREFLIGHT_REJECT,PREFLIGHT_REJECT,DYNAMICS_FAIL,,,0.0,0.0,0.0,-1790476687.350675,-1790476687.350675,-1790476687.350675,0,FINAL_INPUT,0.43,0.29,73.79714182853714,73.93714182853721,True,73.50714182853699,74.70227899999999,3.068967765394936,-0.159524->+3.406074,-0.1595239657464177,-0.1595239657464177,3.406073710826058,-0.1418178919234058,6.222523806795722,1,-0.358101444750814,-0.358101444750814,73.79714182853714,73.79714182853714,73.79714182853714,73.79714182853714,73.79714182853714,73.93714182853721,0.43,0.29,0.29,0.0,9.969634084916636,28.14821640547267,206.27451244260843,False,0.8345570264735289,2.474809637977359,0.3051371714628601,True,False
20260927_103759_1243248,u3e3,2,429,SIDE_MINUS,1790476760.7457857,73.39511036872864,1790476760.885785,False,True,False,False,,False,,,SIDE_DISPATCH|RAW_SEED_ATTEMPT|PRE_TIMING_SEED|TIMED_SEED|SEED_ELIGIBILITY|SOLVER_FAILED|FINAL_INPUT|JOINT_SEED|CERTIFICATE_REJECT,CERTIFICATE_REJECT,,,,0.0,0.0,0.0,-1790476687.350675,-1790476687.350675,-1790476687.350675,1,FINAL_INPUT,0.65,0.65,,,True,73.53511023521423,74.70227899999999,3.241916797961452,-0.111987->+1.825570,-0.111986823680628,-0.111986823680628,1.8255697261151629,-0.0943242457287683,0.1471172765392231,1,-0.3548835452901507,-0.3548835452901507,74.18511023521457,74.18511023521457,74.18511023521457,74.18511023521457,74.18511023521457,74.18511023521457,0.5700000000000001,0.5700000000000001,0.5700000000000001,0.0,1.4927351637048731,2.3834877870488533,12.87166475820411,True,0.8484704481392615,2.483515479149392,,False,False
20260927_103759_1243248,u3e3,2,430,SIDE_PLUS,1790476760.7457857,73.39511036872864,1790476760.885785,False,True,False,False,,False,,,SIDE_DISPATCH|RAW_SEED_ATTEMPT|PRE_TIMING_SEED|TIMED_SEED|SEED_ELIGIBILITY|SOLVER_FAILED|FINAL_INPUT|JOINT_SEED|CERTIFICATE_REJECT,CERTIFICATE_REJECT,,,,0.0,0.0,0.0,-1790476687.350675,-1790476687.350675,-1790476687.350675,1,FINAL_INPUT,0.54,0.54,74.07511023521451,74.07511023521451,True,73.53511023521423,74.70227899999999,3.021223214138896,-0.111987->+2.093717,-0.111986823680628,-0.111986823680628,2.093717419308544,-0.0943242457287683,1.1259648890290472,1,-0.3551940800344031,-0.3551940800344031,74.07511023521451,74.07511023521451,74.07511023521451,74.07511023521451,74.07511023521451,74.07511023521451,0.54,0.54,0.54,0.0,1.3162897352560337,1.3146479217904663,7.706523253073391,True,0.8484704481392615,2.483515479149392,0.027168764785486132,True,False
20260927_103759_1243248,u3e3,2,432,SIDE_MINUS,1790476760.7755203,73.42484521865845,1790476760.9155202,False,True,False,False,,False,,,SIDE_DISPATCH|RAW_SEED_ATTEMPT|PRE_TIMING_SEED|TIMED_SEED|SEED_ELIGIBILITY|SOLVER_FAILED|FINAL_INPUT|JOINT_SEED|CERTIFICATE_REJECT,CERTIFICATE_REJECT,,,,0.0,0.0,0.0,-1790476687.350675,-1790476687.350675,-1790476687.350675,1,FINAL_INPUT,0.6,0.6,,,True,73.56484508514404,74.70227899999999,3.203414360162107,-0.079415->+1.826422,-0.079415348879842,-0.079415348879842,1.826421678039956,-0.0421629698149008,0.209054464059911,1,-0.3548084605608631,-0.3548084605608631,74.16484508514435,74.16484508514435,74.16484508514435,74.16484508514435,74.16484508514435,74.16484508514435,0.54,0.54,0.54,0.0,1.5039238200357417,2.442641152372687,13.176964292857638,True,0.8641785065442711,2.4927613568578675,,False,False
20260927_103759_1243248,u3e3,2,433,SIDE_PLUS,1790476760.7755203,73.42484521865845,1790476760.9155202,False,True,False,False,,False,,,SIDE_DISPATCH|RAW_SEED_ATTEMPT|PRE_TIMING_SEED|TIMED_SEED|SEED_ELIGIBILITY|SOLVER_FAILED|FINAL_INPUT|JOINT_SEED|CERTIFICATE_REJECT,CERTIFICATE_REJECT,,,,0.0,0.0,0.0,-1790476687.350675,-1790476687.350675,-1790476687.350675,1,FINAL_INPUT,0.51,0.51,74.0748450851443,74.0748450851443,True,73.56484508514404,74.70227899999999,2.9914883642090864,-0.079415->+2.094433,-0.079415348879842,-0.079415348879842,2.094433224103024,-0.0421629698149008,1.1567895116346896,1,-0.3548697179668786,-0.3548697179668786,74.0748450851443,74.0748450851443,74.0748450851443,74.0748450851443,74.0748450851443,74.0748450851443,0.51,0.51,0.51,0.0,1.3156567463059958,1.3145368567280384,7.705425375372059,True,0.8641785065442711,2.4927613568578675,0.02743391485569191,True,False
20260927_103759_1243248,u3e3,2,435,SIDE_MINUS,1790476760.8092363,73.4585611820221,1790476760.9492362,False,True,False,False,,False,,,SIDE_DISPATCH|RAW_SEED_ATTEMPT|PRE_TIMING_SEED|TIMED_SEED|SEED_ELIGIBILITY|SOLVER_FAILED|FINAL_INPUT|JOINT_SEED|CERTIFICATE_REJECT,CERTIFICATE_REJECT,,,,0.0,0.0,0.0,-1790476687.350675,-1790476687.350675,-1790476687.350675,1,FINAL_INPUT,0.55,0.55,,,True,73.59856104850769,74.70227899999999,3.159682745217676,-0.023675->+1.834980,-0.0236753540461265,-0.0236753540461265,1.8349796189142051,0.0190604727321735,0.2792054293292561,1,-0.3592378061419948,-0.3592378061419948,74.14856104850797,74.14856104850797,74.14856104850797,74.14856104850797,74.14856104850797,74.14856104850797,0.51,0.51,0.51,0.0,1.5169816746534317,2.5101875799419027,13.543051648521152,True,0.8831185005108277,2.503228660399638,,False,False
20260927_103759_1243248,u3e3,2,436,SIDE_PLUS,1790476760.8092363,73.4585611820221,1790476760.9492362,False,True,False,False,,False,,,SIDE_DISPATCH|RAW_SEED_ATTEMPT|PRE_TIMING_SEED|TIMED_SEED|SEED_ELIGIBILITY|SOLVER_FAILED|FINAL_INPUT|JOINT_SEED|CERTIFICATE_REJECT,CERTIFICATE_REJECT,,,,0.0,0.0,0.0,-1790476687.350675,-1790476687.350675,-1790476687.350675,1,FINAL_INPUT,0.48,0.48,74.07856104850794,74.07856104850794,True,73.59856104850769,74.70227899999999,2.957772400845439,-0.023675->+2.094948,-0.0236753540461265,-0.0236753540461265,2.0949483754890013,0.0190604727321735,1.1957405226106104,1,-0.3592388188278988,-0.3592388188278988,74.07856104850794,74.07856104850794,74.07856104850794,74.07856104850794,74.07856104850794,74.07856104850794,0.48,0.48,0.48,0.0,1.3148304972848293,1.3144083652519836,7.704173234964847,True,0.8831185005108277,2.503228660399638,0.023717951492059797,False,False
20260927_103759_1243248,u3e3,2,438,SIDE_MINUS,1790476760.842524,73.49184894561768,1790476760.982524,False,True,False,False,,False,,,SIDE_DISPATCH|RAW_SEED_ATTEMPT|PRE_TIMING_SEED|TIMED_SEED|SEED_ELIGIBILITY|SOLVER_FAILED|FINAL_INPUT|JOINT_SEED|CERTIFICATE_REJECT,CERTIFICATE_REJECT,,,,0.0,0.0,0.0,-1790476687.350675,-1790476687.350675,-1790476687.350675,1,FINAL_INPUT,0.5,0.5,,,True,73.63184881210327,74.70227899999999,3.1164725755508678,+0.057797->+1.842198,0.0577966249751398,0.0577966249751398,1.842197765784156,0.0816683716627749,0.3507101534848835,0,-0.3332890295782378,-0.3332890295782378,74.13184881210353,74.13184881210353,74.13184881210353,74.13184881210353,74.13184881210353,74.13184881210353,0.48,0.48,0.48,0.0,1.5302765044321986,2.57734208070647,13.92505833263804,True,0.9029736022413296,2.513542182223629,,False,False
20260927_103759_1243248,u3e3,2,439,SIDE_PLUS,1790476760.842524,73.49184894561768,1790476760.982524,False,True,False,False,,False,,,SIDE_DISPATCH|RAW_SEED_ATTEMPT|PRE_TIMING_SEED|TIMED_SEED|SEED_ELIGIBILITY|SOLVER_FAILED|FINAL_INPUT|JOINT_SEED|CERTIFICATE_REJECT,CERTIFICATE_REJECT,,,,0.0,0.0,0.0,-1790476687.350675,-1790476687.350675,-1790476687.350675,1,FINAL_INPUT,0.45,0.45,74.0818488121035,74.0818488121035,True,73.63184881210327,74.70227899999999,2.924484637249858,+0.057797->+2.095341,0.0577966249751398,0.0577966249751398,2.0953410251330307,0.0816683716627749,1.2351205381322905,0,-0.3332890295782378,-0.3332890295782378,74.0818488121035,74.0818488121035,74.0818488121035,74.0818488121035,74.0818488121035,74.0818488121035,0.45,0.45,0.45,0.0,1.3139021109365951,1.3142787563544729,7.702930195556176,True,0.9029736022413296,2.513542182223629,0.02043018789649409,False,False
20260927_103759_1243248,u3e3,2,441,SIDE_MINUS,1790476760.885294,73.5346188545227,1790476761.0252938,False,True,False,False,,False,,,SIDE_DISPATCH|RAW_SEED_ATTEMPT|PRE_TIMING_SEED|TIMED_SEED|SEED_ELIGIBILITY|SOLVER_FAILED|FINAL_INPUT|JOINT_SEED|CERTIFICATE_REJECT,CERTIFICATE_REJECT,,,,0.0,0.0,0.0,-1790476687.350675,-1790476687.350675,-1790476687.350675,1,FINAL_INPUT,0.43,0.43,74.10461872100852,74.10461872100852,True,73.6746187210083,74.70227899999999,3.3748843182705417,+0.159326->+1.877952,0.1593260503468222,0.1593260503468222,1.8779524809246708,0.1652450624915951,0.5828733862586931,0,-0.288914145924129,-0.288914145924129,74.10461872100852,74.10461872100852,74.10461872100852,74.10461872100852,74.10461872100852,74.10461872100852,0.43,0.43,0.43,0.0,1.4872756652771433,2.297554803477031,11.339389870648038,True,0.930124190203858,2.526758784326548,-0.0023397210085249753,False,False
20260927_103759_1243248,u3e3,2,442,SIDE_PLUS,1790476760.885294,73.5346188545227,1790476761.0252938,False,True,False,False,,False,,,SIDE_DISPATCH|RAW_SEED_ATTEMPT|PRE_TIMING_SEED|TIMED_SEED|SEED_ELIGIBILITY|SOLVER_FAILED|FINAL_INPUT|JOINT_SEED|CERTIFICATE_REJECT,CERTIFICATE_REJECT,,,,0.0,0.0,0.0,-1790476687.350675,-1790476687.350675,-1790476687.350675,1,FINAL_INPUT,0.4,0.4,74.0746187210085,74.0746187210085,True,73.6746187210083,74.70227899999999,3.3748843182705417,+0.159326->+2.251756,0.1593260503468222,0.1593260503468222,2.251755681908191,0.1652450624915951,1.3879723170599738,0,-0.288914145924129,-0.288914145924129,74.0746187210085,74.0746187210085,74.0746187210085,74.0746187210085,74.0746187210085,74.0746187210085,0.4,0.4,0.4,0.0,1.3902341563301286,1.2839502867483574,4.99132015519882,True,0.930124190203858,2.526758784326548,0.027660278991490372,True,False
20260927_103759_1243248,u3e3,2,444,SIDE_MINUS,1790476760.9139888,73.56331372261047,1790476761.0539887,False,True,False,False,,False,,,SIDE_DISPATCH|RAW_SEED_ATTEMPT|PRE_TIMING_SEED|TIMED_SEED|SEED_ELIGIBILITY|SOLVER_FAILED|FINAL_INPUT|JOINT_SEED|CERTIFICATE_REJECT,CERTIFICATE_REJECT,,,,0.0,0.0,0.0,-1790476687.350675,-1790476687.350675,-1790476687.350675,1,FINAL_INPUT,0.4,0.4,74.10331358909627,74.10331358909627,True,73.70331358909607,74.70227899999999,3.337489663233024,+0.198047->+1.879962,0.1980469141481798,0.1980469141481798,1.8799622342096665,0.2232739524208877,0.6491021031618324,0,-0.2725058425627136,-0.2725058425627136,74.10331358909627,74.10331358909627,74.10331358909627,74.10331358909627,74.10331358909627,74.10331358909627,0.4,0.4,0.4,0.0,1.497896275139127,2.342609888384356,11.574702675017363,True,0.9493407036047758,2.5356023394193445,-0.0010345890962781823,False,False
20260927_103759_1243248,u3e3,2,445,SIDE_PLUS,1790476760.9139888,73.56331372261047,1790476761.0539887,False,True,False,False,,False,,,SIDE_DISPATCH|RAW_SEED_ATTEMPT|PRE_TIMING_SEED|TIMED_SEED|SEED_ELIGIBILITY|SOLVER_FAILED|FINAL_INPUT|JOINT_SEED|CERTIFICATE_REJECT,CERTIFICATE_REJECT,,,,0.0,0.0,0.0,-1790476687.350675,-1790476687.350675,-1790476687.350675,1,FINAL_INPUT,0.37,0.37,74.07331358909626,74.07331358909626,True,73.70331358909607,74.70227899999999,2.85301986025706,+0.198047->+2.067037,0.1980469141481798,0.1980469141481798,2.067036888505386,0.2232739524208877,1.2882641259730174,0,-0.2725058425627136,-0.2725058425627136,74.07331358909626,74.07331358909626,74.07331358909626,74.07331358909626,74.07331358909626,74.07331358909626,0.37,0.37,0.37,0.0,1.3794219140577733,1.4090766129804877,8.669985574646999,True,0.9493407036047758,2.5356023394193445,0.028965410903737165,True,False
20260927_103759_1243248,u3e3,2,447,SIDE_MINUS,1790476760.9459012,73.59522604942322,1790476761.085901,False,True,False,False,,False,,,SIDE_DISPATCH|RAW_SEED_ATTEMPT|PRE_TIMING_SEED|TIMED_SEED|SEED_ELIGIBILITY|SOLVER_FAILED|FINAL_INPUT|JOINT_SEED|CERTIFICATE_REJECT,CERTIFICATE_REJECT,,,,0.0,0.0,0.0,-1790476687.350675,-1790476687.350675,-1790476687.350675,1,FINAL_INPUT,0.36,0.36,74.095225915909,74.095225915909,True,73.73522591590881,74.70227899999999,3.2959577728913376,+0.260353->+1.886529,0.2603526525213799,0.2603526525213799,1.886529011810884,0.289625165718993,0.7225857693872393,0,-0.2471199151989631,-0.2471199151989631,74.095225915909,74.095225915909,74.095225915909,74.095225915909,74.095225915909,74.095225915909,0.36,0.36,0.36,0.0,1.5100358767042852,2.392538261969735,11.846049544780255,True,0.9716214173746628,2.54541435774764,0.007053084090998141,False,False
20260927_103759_1243248,u3e3,2,448,SIDE_PLUS,1790476760.9459012,73.59522604942322,1790476761.085901,False,True,False,False,,False,,,SIDE_DISPATCH|RAW_SEED_ATTEMPT|PRE_TIMING_SEED|TIMED_SEED|SEED_ELIGIBILITY|PRE_LOS|POST_LOS|SOLVER_OK|FINAL_INPUT|JOINT_SEED|PREFLIGHT_REJECT,PREFLIGHT_REJECT,DYNAMICS_FAIL,,,0.0,0.0,0.0,-1790476687.350675,-1790476687.350675,-1790476687.350675,0,FINAL_INPUT,0.24,0.24,73.97522591590894,73.97522591590894,True,73.73522591590881,74.70227899999999,3.1392080952594954,+0.260353->+4.906868,0.2603526525213799,0.2603526525213799,4.906867633064644,0.289625165718993,4.531507975710805,0,-0.2471199151989631,-0.2471199151989631,73.97522591590894,73.97522591590894,73.97522591590894,73.97522591590894,73.97522591590894,73.97522591590894,0.24,0.24,0.24,0.0,7.0416770089458405,19.449847667540197,130.10908916197914,False,0.9716214173746628,2.54541435774764,0.12705308409105953,True,False
20260927_103759_1243248,u3e3,2,450,SIDE_MINUS,1790476760.97763,73.62695479393005,1790476761.1176298,False,True,False,False,,False,,,SIDE_DISPATCH|RAW_SEED_ATTEMPT|PRE_TIMING_SEED|TIMED_SEED|SEED_ELIGIBILITY|SOLVER_FAILED|FINAL_INPUT|JOINT_SEED|CERTIFICATE_REJECT,CERTIFICATE_REJECT,,,,0.0,0.0,0.0,-1790476687.350675,-1790476687.350675,-1790476687.350675,1,FINAL_INPUT,0.32,0.32,74.08695466041581,74.08695466041581,True,73.76695466041565,74.70227899999999,3.2547499967806437,+0.330514->+1.892899,0.3305135357451467,0.3305135357451467,1.8928992454316005,0.3574502589914464,0.7969068885628737,0,-0.2197024191905071,-0.2197024191905071,74.08695466041581,74.08695466041581,74.08695466041581,74.08695466041581,74.08695466041581,74.08695466041581,0.32,0.32,0.32,0.0,1.5224536407176308,2.4418925710081614,12.125110766344896,True,0.9946885632536286,2.555145591005239,0.015324339584182667,False,False
20260927_103759_1243248,u3e3,2,451,SIDE_PLUS,1790476760.97763,73.62695479393005,1790476761.1176298,False,True,False,False,,False,,,SIDE_DISPATCH|RAW_SEED_ATTEMPT|PRE_TIMING_SEED|TIMED_SEED|SEED_ELIGIBILITY|SOLVER_FAILED|FINAL_INPUT|JOINT_SEED|CERTIFICATE_REJECT,CERTIFICATE_REJECT,,,,0.0,0.0,0.0,-1790476687.350675,-1790476687.350675,-1790476687.350675,1,FINAL_INPUT,0.31,0.31,74.07695466041581,74.07695466041581,True,73.76695466041565,74.70227899999999,2.78937878893748,+0.330514->+2.069903,0.3305135357451467,0.3305135357451467,2.0699034662941944,0.3574502589914464,1.369161310858147,0,-0.2197024191905071,-0.2197024191905071,74.07695466041581,74.07695466041581,74.07695466041581,74.07695466041581,74.07695466041581,74.07695466041581,0.31,0.31,0.31,0.0,1.379402610095895,1.4108131575764449,8.699864422740813,True,0.9946885632536286,2.555145591005239,0.025324339584187783,True,False
20260927_103759_1243248,u3e3,2,452,NOMINAL,1790476761.0068853,73.65621018409729,1790476761.1468852,False,False,False,False,,False,,,NOMINAL_CONTEXT|FINAL_INPUT|JOINT_SEED|CERTIFICATE_REJECT,CERTIFICATE_REJECT,,,,0.0,0.0,0.0,-1790476687.350675,-1790476687.350675,-1790476687.350675,0,FINAL_INPUT,0.28,0.28,74.07621005058303,74.07621005058303,True,73.79621005058289,74.70227899999999,2.8784871267739995,+0.368189->+2.138450,0.3681887115348035,0.3681887115348035,2.138449683990443,0.421579398943004,1.3083400461012766,0,-0.2051232057693632,-0.2051232057693632,74.07621005058303,74.07621005058303,74.07621005058303,74.07621005058303,74.07621005058303,74.07621005058303,0.28,0.28,0.28,0.0,1.300339863294175,1.0667787315370851,4.460770104125148,True,1.0167328552875077,2.5640969945727776,0.026068949416966802,True,False
20260927_103759_1243248,u3e3,2,453,SIDE_MINUS,1790476761.0068853,73.65621018409729,1790476761.1468852,False,True,False,False,,False,,,SIDE_DISPATCH|RAW_SEED_ATTEMPT|PRE_TIMING_SEED|TIMED_SEED|SEED_ELIGIBILITY|SOLVER_FAILED|FINAL_INPUT|JOINT_SEED|CERTIFICATE_REJECT,CERTIFICATE_REJECT,,,,0.0,0.0,0.0,-1790476687.350675,-1790476687.350675,-1790476687.350675,1,FINAL_INPUT,0.29,0.29,74.08621005058303,74.08621005058303,True,73.79621005058289,74.70227899999999,3.216852389007353,+0.368189->+1.896846,0.3681887115348035,0.3681887115348035,1.8968464790359076,0.421579398943004,0.8672014384478255,0,-0.2051232057693632,-0.2051232057693632,74.08621005058303,74.08621005058303,74.08621005058303,74.08621005058303,74.08621005058303,74.08621005058303,0.29,0.29,0.29,0.0,1.5342142752206445,2.487041723248282,12.38980277586967,True,1.0167328552875077,2.5640969945727776,0.016068949416961686,False,False
20260927_103759_1243248,u3e3,2,454,SIDE_PLUS,1790476761.0068853,73.65621018409729,1790476761.1468852,False,True,False,False,,False,,,SIDE_DISPATCH|RAW_SEED_ATTEMPT|PRE_TIMING_SEED|TIMED_SEED|SEED_ELIGIBILITY|SOLVER_FAILED|FINAL_INPUT|JOINT_SEED|CERTIFICATE_REJECT,CERTIFICATE_REJECT,,,,0.0,0.0,0.0,-1790476687.350675,-1790476687.350675,-1790476687.350675,1,FINAL_INPUT,0.28,0.28,74.07621005058303,74.07621005058303,True,73.79621005058289,74.70227899999999,2.760123398770244,+0.368189->+2.071564,0.3681887115348035,0.3681887115348035,2.071564020993089,0.421579398943004,1.4058599069795872,0,-0.2051232057693632,-0.2051232057693632,74.07621005058303,74.07621005058303,74.07621005058303,74.07621005058303,74.07621005058303,74.07621005058303,0.28,0.28,0.28,0.0,1.3794040390199795,1.4116515191516437,8.714326734600554,True,1.0167328552875077,2.5640969945727776,0.026068949416966802,True,False
20260927_103759_1243248,u3e3,2,456,SIDE_MINUS,1790476761.0375836,73.68690848350525,1790476761.1775837,False,True,False,False,,False,,,SIDE_DISPATCH|RAW_SEED_ATTEMPT|PRE_TIMING_SEED|TIMED_SEED|SEED_ELIGIBILITY|SOLVER_FAILED|FINAL_INPUT|JOINT_SEED|CERTIFICATE_REJECT,CERTIFICATE_REJECT,,,,0.0,0.0,0.0,-1790476687.350675,-1790476687.350675,-1790476687.350675,1,FINAL_INPUT,0.26,0.26,74.08690834999098,74.08690834999098,True,73.82690834999084,74.70227899999999,3.177208311520284,+0.427985->+1.902732,0.4279846388540572,0.4279846388540572,1.9027316947283812,0.4904481706733216,0.9411592683826818,0,-0.1829699102269675,-0.1829699102269675,74.08690834999098,74.08690834999098,74.08690834999098,74.08690834999098,74.08690834999098,74.08690834999098,0.26,0.26,0.26,0.0,1.5468774698098422,2.533925470055627,12.674228974928184,True,1.0406294318558589,2.573468605666505,0.01537065000901805,False,False
20260927_103759_1243248,u3e3,2,457,SIDE_PLUS,1790476761.0375836,73.68690848350525,1790476761.1775837,False,True,False,False,,False,,,SIDE_DISPATCH|RAW_SEED_ATTEMPT|PRE_TIMING_SEED|TIMED_SEED|SEED_ELIGIBILITY|PRE_LOS|POST_LOS|SOLVER_OK|FINAL_INPUT|JOINT_SEED|PREFLIGHT_REJECT,PREFLIGHT_REJECT,DYNAMICS_FAIL,,,0.0,0.0,0.0,-1790476687.350675,-1790476687.350675,-1790476687.350675,0,FINAL_INPUT,0.21,0.21,74.03690834999095,74.03690834999095,True,73.82690834999084,74.70227899999999,3.061617329495138,+0.427985->+2.860979,0.4279846388540572,0.4279846388540572,2.860978615895485,0.4904481706733216,3.008037789366592,0,-0.1829699102269675,-0.1829699102269675,74.03690834999095,74.03690834999095,74.03690834999095,74.03690834999095,74.03690834999095,74.03690834999095,0.21,0.21,0.21,0.0,3.924479386105432,11.349697442078282,68.77264963198533,False,1.0406294318558589,2.573468605666505,0.06537065000904363,True,False
20260927_103759_1243248,u3e3,2,459,SIDE_MINUS,1790476761.0638273,73.71315217018127,1790476761.2038271,False,True,False,False,,False,,,SIDE_DISPATCH|RAW_SEED_ATTEMPT|PRE_TIMING_SEED|TIMED_SEED|SEED_ELIGIBILITY|SOLVER_FAILED|FINAL_INPUT|JOINT_SEED|CERTIFICATE_REJECT,CERTIFICATE_REJECT,,,,0.0,0.0,0.0,-1790476687.350675,-1790476687.350675,-1790476687.350675,1,FINAL_INPUT,0.23,0.23,74.08315203666699,74.08315203666699,True,73.85315203666687,74.70227899999999,3.1434322568717668,+0.500656->+1.905066,0.5006562125874574,0.5006562125874574,1.9050660955354568,0.550540866284654,1.0062144216961393,0,-0.1572391016217087,-0.1572391016217087,74.08315203666699,74.08315203666699,74.08315203666699,74.08315203666699,74.08315203666699,74.08315203666699,0.23,0.23,0.23,0.0,1.5579650357268005,2.5734994084334795,12.922000961408298,True,1.0616522924280516,2.5814637392314843,0.019126963333008007,False,False
20260927_103759_1243248,u3e3,2,460,SIDE_PLUS,1790476761.0638273,73.71315217018127,1790476761.2038271,False,True,False,False,,False,,,SIDE_DISPATCH|RAW_SEED_ATTEMPT|PRE_TIMING_SEED|TIMED_SEED|SEED_ELIGIBILITY|PRE_LOS|POST_LOS|SOLVER_OK|FINAL_INPUT|JOINT_SEED|PREFLIGHT_REJECT,PREFLIGHT_REJECT,DYNAMICS_FAIL,,,0.0,0.0,0.0,-1790476687.350675,-1790476687.350675,-1790476687.350675,0,FINAL_INPUT,0.2,0.2,74.05315203666697,74.05315203666697,True,73.85315203666687,74.70227899999999,3.04042938336058,+0.500656->+2.509574,0.5006562125874574,0.5006562125874574,2.5095743305427947,0.550540866284654,2.7618891192480683,0,-0.1572391016217087,-0.1572391016217087,74.05315203666697,74.05315203666697,74.05315203666697,74.05315203666697,74.05315203666697,74.05315203666697,0.2,0.2,0.2,0.0,3.483226992847174,9.7263269592518,59.20325401679917,False,1.0616522924280516,2.5814637392314843,0.049126963333023355,True,False
20260927_103759_1243248,u3e3,2,462,SIDE_MINUS,1790476761.092408,73.74173283576965,1790476761.2324078,False,True,False,False,,False,,,SIDE_DISPATCH|RAW_SEED_ATTEMPT|PRE_TIMING_SEED|TIMED_SEED|SEED_ELIGIBILITY|SOLVER_FAILED|FINAL_INPUT|JOINT_SEED|CERTIFICATE_REJECT,CERTIFICATE_REJECT,,,,0.0,0.0,0.0,-1790476687.350675,-1790476687.350675,-1790476687.350675,1,FINAL_INPUT,0.2,0.2,74.08173270225535,74.08173270225535,True,73.88173270225525,74.70227899999999,3.1067848669288263,+0.583267->+1.916118,0.5832668406279264,0.5832668406279264,1.9161184962395827,0.6171805259294609,1.073536766952496,0,-0.1291025387802016,-0.1291025387802016,74.08173270225535,74.08173270225535,74.08173270225535,74.08173270225535,74.08173270225535,74.08173270225535,0.2,0.2,0.2,0.0,1.5703131587955117,2.615941382109527,13.195748703040902,True,1.0851410689033183,2.590154392835356,0.02054629774464445,False,False
20260927_103759_1243248,u3e3,2,463,SIDE_PLUS,1790476761.092408,73.74173283576965,1790476761.2324078,False,True,False,False,,False,,,SIDE_DISPATCH|RAW_SEED_ATTEMPT|PRE_TIMING_SEED|TIMED_SEED|SEED_ELIGIBILITY|PRE_LOS|POST_LOS|SOLVER_OK|FINAL_INPUT|JOINT_SEED|CERTIFICATE_REJECT,CERTIFICATE_REJECT,,,,0.0,0.0,0.0,-1790476687.350675,-1790476687.350675,-1790476687.350675,0,FINAL_INPUT,0.19,0.19,74.07173270225535,74.07173270225535,True,73.88173270225525,74.70227899999999,3.0161131332898634,+0.583267->+2.164286,0.5832668406279264,0.5832668406279264,2.164286242886996,0.6171805259294609,1.6673806869572974,0,-0.1291025387802016,-0.1291025387802016,74.07173270225535,74.07173270225535,74.07173270225535,74.07173270225535,74.07173270225535,74.07173270225535,0.19,0.19,0.19,0.0,1.4133106823412682,2.2375493865986167,5.95414106320668,True,1.0851410689033183,2.590154392835356,0.030546297744649564,True,False
20260927_103759_1243248,u3e3,2,465,SIDE_MINUS,1790476761.1216102,73.77093505859375,1790476761.26161,False,True,False,False,,False,,,SIDE_DISPATCH|RAW_SEED_ATTEMPT|PRE_TIMING_SEED|TIMED_SEED|SEED_ELIGIBILITY|SOLVER_FAILED|FINAL_INPUT|JOINT_SEED|CERTIFICATE_REJECT,CERTIFICATE_REJECT,,,,0.0,0.0,0.0,-1790476687.350675,-1790476687.350675,-1790476687.350675,1,FINAL_INPUT,0.17,0.17,74.08093492507943,74.08093492507943,True,73.91093492507935,74.70227899999999,3.0695030003469674,+0.652102->+1.921735,0.6521015074441436,0.6521015074441436,1.921735411879133,0.6864532016303764,1.145418059480247,0,-0.1063852860043204,-0.1063852860043204,74.08093492507943,74.08093492507943,74.08093492507943,74.08093492507943,74.08093492507943,74.08093492507943,0.17,0.17,0.17,0.0,1.583220854684695,2.6584529403906,13.47857383643361,True,1.1097492325609537,2.59901748330238,0.021344074920563116,False,False
20260927_103759_1243248,u3e3,2,466,SIDE_PLUS,1790476761.1216102,73.77093505859375,1790476761.26161,False,True,False,False,,False,,,SIDE_DISPATCH|RAW_SEED_ATTEMPT|PRE_TIMING_SEED|TIMED_SEED|SEED_ELIGIBILITY|SOLVER_FAILED|FINAL_INPUT|JOINT_SEED|CERTIFICATE_REJECT,CERTIFICATE_REJECT,,,,0.0,0.0,0.0,-1790476687.350675,-1790476687.350675,-1790476687.350675,1,FINAL_INPUT,0.17,0.17,74.08093492507943,74.08093492507943,True,73.91093492507935,74.70227899999999,2.645398524273784,+0.652102->+2.077086,0.6521015074441436,0.6521015074441436,2.0770864578259003,0.6864532016303764,1.561460797422795,0,-0.1063852860043204,-0.1063852860043204,74.08093492507943,74.08093492507943,74.08093492507943,74.08093492507943,74.08093492507943,74.08093492507943,0.17,0.17,0.17,0.0,1.379483175394211,1.4152127456715518,8.776013540233992,True,1.1097492325609537,2.59901748330238,0.021344074920563116,False,False
20260927_103759_1243248,u3e3,2,467,NOMINAL,1790476761.1523488,73.80167365074158,1790476761.2923486,False,False,False,False,,False,,,NOMINAL_CONTEXT|FINAL_INPUT|JOINT_SEED|CERTIFICATE_REJECT,CERTIFICATE_REJECT,,,,0.0,0.0,0.0,-1790476687.350675,-1790476687.350675,-1790476687.350675,0,FINAL_INPUT,0.14,0.14,74.08167351722724,74.08167351722724,True,73.94167351722717,74.70227899999999,2.9888535869646025,+0.727426->+2.139428,0.7274257599767698,0.7274257599767698,2.139427535918334,0.7605194283573469,1.583252536354096,0,-0.082335287750039,-0.082335287750039,74.08167351722724,74.08167351722724,74.08167351722724,74.08167351722724,74.08167351722724,74.08167351722724,0.14,0.14,0.14,0.0,1.3024850368370549,1.0600408209401686,3.948831245954727,True,1.136280710453402,2.6083302245045896,0.020605482772751316,False,False
20260927_103759_1243248,u3e3,2,468,SIDE_MINUS,1790476761.1523488,73.80167365074158,1790476761.2923486,False,True,False,False,,False,,,SIDE_DISPATCH|RAW_SEED_ATTEMPT|PRE_TIMING_SEED|TIMED_SEED|SEED_ELIGIBILITY|SOLVER_FAILED|FINAL_INPUT|JOINT_SEED|CERTIFICATE_REJECT,CERTIFICATE_REJECT,,,,0.0,0.0,0.0,-1790476687.350675,-1790476687.350675,-1790476687.350675,1,FINAL_INPUT,0.14,0.14,74.08167351722724,74.08167351722724,True,73.94167351722717,74.70227899999999,3.341569789504212,+0.727426->+1.967229,0.7274257599767698,0.7274257599767698,1.9672290722907655,0.7605194283573469,1.3061295861798008,0,-0.082335287750039,-0.082335287750039,74.08167351722724,74.08167351722724,74.08167351722724,74.08167351722724,74.08167351722724,74.08167351722724,0.14,0.14,0.14,0.0,1.5332926687641102,2.3205384348543725,10.662520105295489,True,1.136280710453402,2.6083302245045896,0.020605482772751316,False,False
20260927_103759_1243248,u3e3,2,469,SIDE_PLUS,1790476761.1523488,73.80167365074158,1790476761.2923486,False,True,False,False,,False,,,SIDE_DISPATCH|RAW_SEED_ATTEMPT|PRE_TIMING_SEED|TIMED_SEED|SEED_ELIGIBILITY|SOLVER_FAILED|FINAL_INPUT|JOINT_SEED|CERTIFICATE_REJECT,CERTIFICATE_REJECT,,,,0.0,0.0,0.0,-1790476687.350675,-1790476687.350675,-1790476687.350675,1,FINAL_INPUT,0.14,0.14,74.08167351722724,74.08167351722724,True,73.94167351722717,74.70227899999999,3.341569789504212,+0.727426->+2.251917,0.7274257599767698,0.7274257599767698,2.251916672802403,0.7605194283573469,1.757800913648946,0,-0.082335287750039,-0.082335287750039,74.08167351722724,74.08167351722724,74.08167351722724,74.08167351722724,74.08167351722724,74.08167351722724,0.14,0.14,0.14,0.0,1.4188126057681116,1.3494968756691683,5.449089692353661,True,1.136280710453402,2.6083302245045896,0.020605482772751316,False,False
20260927_103759_1243248,u3e3,2,471,SIDE_MINUS,1790476761.177471,73.82679581642151,1790476761.3174708,True,True,False,False,,False,,,SIDE_DISPATCH|RAW_SEED_ATTEMPT|PRE_TIMING_SEED|TIMED_SEED|SEED_ELIGIBILITY|SOLVER_FAILED|FINAL_INPUT|JOINT_SEED|COMPARATOR_LOSS,,,,,0.0,0.0,0.0,-1790476687.350675,-1790476687.350675,75.9667956829071,1,FINAL_INPUT,0.11,0.11,74.07679568290716,74.07679568290716,True,73.9667956829071,74.70227899999999,3.309517530957376,+0.788937->+1.972055,0.7889370364294537,0.7889370364294537,1.9720546190864872,0.8218049420416266,1.363790670628655,0,-0.063260545559968,-0.063260545559968,74.07679568290716,74.07679568290716,74.07679568290716,74.07679568290716,74.07679568290716,74.07679568290716,0.11,0.11,0.11,0.0,1.543351417191679,2.3453568664964863,10.80837929525422,True,1.1584169161704958,2.6159298035656886,0.025483317092835023,True,True
20260927_103759_1243248,u3e3,2,472,SIDE_PLUS,1790476761.177471,73.82679581642151,1790476761.3174708,True,True,True,True,261.0,True,74.0037,74.202682,SIDE_DISPATCH|RAW_SEED_ATTEMPT|PRE_TIMING_SEED|TIMED_SEED|SEED_ELIGIBILITY|SOLVER_FAILED|FINAL_INPUT|JOINT_SEED|COMPARATOR_WIN|SELECTED|COMMITTED,,,,,0.0,0.0,0.0,-1790476687.350675,-1790476687.350675,75.9667956829071,1,FINAL_INPUT,0.11,0.11,74.07679568290716,74.07679568290716,True,73.9667956829071,74.70227899999999,3.309517530957376,+0.788937->+2.249694,0.7889370364294537,0.7889370364294537,2.2496940877944165,0.8218049420416266,1.785605878292541,0,-0.063260545559968,-0.063260545559968,74.07679568290716,74.07679568290716,74.07679568290716,74.07679568290716,74.07679568290716,74.07679568290716,0.11,0.11,0.11,0.0,1.427852134283841,1.3847714701045672,5.651636718186329,True,1.1584169161704958,2.6159298035656886,0.025483317092835023,True,True
20260927_103759_1243248,u3e3,2,473,NOMINAL,1790476761.4215212,74.07084608078003,1790476761.561521,True,False,True,True,262.0,True,74.236389,74.484141,FINAL_INPUT|JOINT_SEED|COMPARATOR_WIN|SELECTED|COMMITTED,,,,,1.0,1.0,0.0,74.21084594726562,76.06679558753967,76.21084594726562,0,FINAL_INPUT,0.0,0.0,,,True,74.21084594726562,74.70227899999999,2.8845387601328603,+1.395136->+2.203863,1.3951356998325504,1.3951356998325504,2.203863106955225,0.0,0.0,0,0.1050670751304591,0.1050670751304591,74.21084594726562,74.21084594726562,74.21084594726562,74.21084594726562,,74.21084594726562,0.0,0.0,0.0,0.0,1.3442921757491582,1.127513522067379,4.664597992746868,True,1.3970753616587286,2.695789620110548,,False,False
