run_pre,episode,drone,candidate,kind_pre,batch_pre,batch_s_pre,activation_pre,hard_safe_pre,seed_eligible_pre,selected_pre,committed_pre,trajectory_id_pre,executed_pre,execution_begin_pre,execution_end_pre,stages_pre,first_reject_pre,reject_reason_pre,solver_reason_pre,comparator_reason_pre,K2_pre,C3_pre,D3_pre,comparison_begin_pre,comparison_end_pre,checked_until_pre,fallback_pre,stage_pre,begin_pre,end_pre,duration_pre,actual_geometric_side_pre,side_start_pre,side_at_loss_pre,side_end_pre,production_frame_side_start_pre,production_frame_side_end_pre,axis_crossings_pre,min_shadow_clearance_pre,min_all_los_clearance_pre,shadow_exit_time_pre,first_binary_recovery_time_pre,first_persistent_recovery_time_pre,persistent_02_pre,persistent_05_pre,first_persistent_K3_recovery_time_pre,K3_loss_seconds_pre,self_loss_seconds_pre,LOS_loss_seconds_pre,fov_loss_seconds_pre,max_v_pre,max_a_pre,max_j_pre,pvaj_strict_ok_pre,body_static_clearance_pre,body_dynamic_clearance_pre,run_post,kind_post,batch_post,batch_s_post,activation_post,hard_safe_post,seed_eligible_post,selected_post,committed_post,trajectory_id_post,executed_post,execution_begin_post,execution_end_post,stages_post,first_reject_post,reject_reason_post,solver_reason_post,comparator_reason_post,K2_post,C3_post,D3_post,comparison_begin_post,comparison_end_post,checked_until_post,fallback_post,stage_post,begin_post,end_post,duration_post,actual_geometric_side_post,side_start_post,side_at_loss_post,side_end_post,production_frame_side_start_post,production_frame_side_end_post,axis_crossings_post,min_shadow_clearance_post,min_all_los_clearance_post,shadow_exit_time_post,first_binary_recovery_time_post,first_persistent_recovery_time_post,persistent_02_post,persistent_05_post,first_persistent_K3_recovery_time_post,K3_loss_seconds_post,self_loss_seconds_post,LOS_loss_seconds_post,fov_loss_seconds_post,max_v_post,max_a_post,max_j_post,pvaj_strict_ok_post,body_static_clearance_post,body_dynamic_clearance_post
20260927_103759_1243248,u1e1,0,25,SIDE_PLUS,1790476693.5079944,6.157319307327271,1790476693.6479945,True,True,False,False,,False,,,SIDE_DISPATCH|RAW_SEED_ATTEMPT|PRE_TIMING_SEED|TIMED_SEED|SEED_ELIGIBILITY|PRE_LOS|POST_LOS|SOLVER_OK|FINAL_INPUT|JOINT_SEED|COMPARATOR_LOSS,,,,,0.0,0.0,0.0,-1790476687.350675,-1790476687.350675,8.297319173812866,0,PRE_LOS,6.297319173812866,9.40255,3.974153258280923,+1.390926->-2.627272,1.390925756623728,0.8073404258090358,-2.627272396342685,1.4866289144160858,0.4735706504664234,1,-0.3779758027244295,-0.3779758027244295,8.807319173812813,8.807319173812813,8.807319173812813,8.807319173812813,8.807319173812813,8.807319173812813,0.8,0.8,0.8,0.0,1.2700564957176652,0.425771921438409,1.6481759787762127,True,1.0260823046785672,5.567304099233171,20260927_103759_1243248,SIDE_PLUS,1790476693.5079944,6.157319307327271,1790476693.6479945,True,True,False,False,,False,,,SIDE_DISPATCH|RAW_SEED_ATTEMPT|PRE_TIMING_SEED|TIMED_SEED|SEED_ELIGIBILITY|PRE_LOS|POST_LOS|SOLVER_OK|FINAL_INPUT|JOINT_SEED|COMPARATOR_LOSS,,,,,0.0,0.0,0.0,-1790476687.350675,-1790476687.350675,8.297319173812866,0,POST_LOS,6.297319173812866,9.40255,3.974153258280923,+1.390926->-2.627272,1.390925756623728,0.8073404258090351,-2.627272396342688,1.4866289144160858,0.4735706504664216,1,-0.3779758027244295,-0.3779758027244295,8.807319173812813,8.807319173812813,8.807319173812813,8.807319173812813,8.807319173812813,8.807319173812813,0.8,0.8,0.8,0.0,1.2700564957176654,0.4257719214384029,1.6481759787761572,True,1.0260823046785663,5.567304099233171
20260927_103759_1243248,u1e1,0,28,SIDE_PLUS,1790476693.7632046,6.412529468536377,1790476693.9032044,True,True,True,True,25.0,True,6.569491,6.835735,SIDE_DISPATCH|RAW_SEED_ATTEMPT|PRE_TIMING_SEED|TIMED_SEED|SEED_ELIGIBILITY|PRE_LOS|POST_LOS|SOLVER_OK|FINAL_INPUT|JOINT_SEED|COMPARATOR_WIN|SELECTED|COMMITTED,,,,D3_LOWER,1.0,0.4,0.7405357091261728,7.949323654174805,8.397319078445435,8.552529335021973,0,PRE_LOS,6.552529335021973,9.40255,3.931964724892472,+1.366765->-2.646827,1.3667646930430968,0.8123811357774308,-2.646826528846195,1.4313527151083665,0.4429179385106873,1,-0.3778585439908835,-0.3778585439908835,8.812529335021924,8.812529335021924,8.812529335021924,8.812529335021924,8.812529335021924,8.812529335021924,0.8,0.8,0.8,0.0,1.301486367992049,0.4411807369255009,1.6949840647724854,True,1.015857689536396,5.701649746473135,20260927_103759_1243248,SIDE_PLUS,1790476693.7632046,6.412529468536377,1790476693.9032044,True,True,True,True,25.0,True,6.569491,6.835735,SIDE_DISPATCH|RAW_SEED_ATTEMPT|PRE_TIMING_SEED|TIMED_SEED|SEED_ELIGIBILITY|PRE_LOS|POST_LOS|SOLVER_OK|FINAL_INPUT|JOINT_SEED|COMPARATOR_WIN|SELECTED|COMMITTED,,,,D3_LOWER,1.0,0.4,0.7405357091261728,7.949323654174805,8.397319078445435,8.552529335021973,0,POST_LOS,6.552529335021973,9.40255,3.931964724892472,+1.366765->-2.646827,1.3667646930430968,0.8123811357774283,-2.646826528846195,1.4313527151083665,0.4429179385106873,1,-0.3778585439908833,-0.3778585439908833,8.812529335021924,8.812529335021924,8.812529335021924,8.812529335021924,8.812529335021924,8.812529335021924,0.8,0.8,0.8,0.0,1.3014863679920452,0.4411807369255006,1.6949840647725043,True,1.015857689536396,5.701649746473135
20260927_103759_1243248,u1e1,0,31,SIDE_PLUS,1790476694.0555573,6.7048821449279785,1790476694.195557,True,True,True,True,26.0,True,6.875762,7.135432,SIDE_DISPATCH|RAW_SEED_ATTEMPT|PRE_TIMING_SEED|TIMED_SEED|SEED_ELIGIBILITY|PRE_LOS|POST_LOS|SOLVER_OK|FINAL_INPUT|JOINT_SEED|COMPARATOR_WIN|SELECTED|COMMITTED,,,,D3_LOWER,0.75,0.25,2.0236580493661225,7.949323654174805,8.652529239654541,8.844882011413574,0,PRE_LOS,6.844882011413574,9.40255,3.9660848630734256,+1.343639->-2.556781,1.3436386756869858,0.8350216015895563,-2.5567806686360752,1.3660183571688105,0.5327125187801406,1,-0.3793453667041733,-0.3793453667041733,8.834882011413532,8.834882011413532,8.834882011413532,8.834882011413532,8.834882011413532,8.834882011413532,0.8,0.8,0.8,0.0,1.26081309216057,0.3959699982635247,1.5341724214647168,True,1.0163027346035232,5.913752778004492,20260927_103759_1243248,SIDE_PLUS,1790476694.0555573,6.7048821449279785,1790476694.195557,True,True,True,True,26.0,True,6.875762,7.135432,SIDE_DISPATCH|RAW_SEED_ATTEMPT|PRE_TIMING_SEED|TIMED_SEED|SEED_ELIGIBILITY|PRE_LOS|POST_LOS|SOLVER_OK|FINAL_INPUT|JOINT_SEED|COMPARATOR_WIN|SELECTED|COMMITTED,,,,D3_LOWER,0.75,0.25,2.0236580493661225,7.949323654174805,8.652529239654541,8.844882011413574,0,POST_LOS,6.844882011413574,9.40255,3.9660848630734256,+1.343639->-2.556781,1.3436386756869858,0.8350216015895564,-2.556780668636073,1.3660183571688105,0.5327125187801425,1,-0.3793453667041733,-0.3793453667041733,8.834882011413532,8.834882011413532,8.834882011413532,8.834882011413532,8.834882011413532,8.834882011413532,0.8,0.8,0.8,0.0,1.2608130921605691,0.3959699982635307,1.5341724214647685,True,1.0163027346035232,5.913752778004492
20260927_103759_1243248,u1e1,0,34,SIDE_PLUS,1790476694.3478253,6.997150182723999,1790476694.4878252,True,True,True,True,27.0,True,7.171969,7.369829,SIDE_DISPATCH|RAW_SEED_ATTEMPT|PRE_TIMING_SEED|TIMED_SEED|SEED_ELIGIBILITY|PRE_LOS|POST_LOS|SOLVER_OK|FINAL_INPUT|JOINT_SEED|COMPARATOR_WIN|SELECTED|COMMITTED,,,,,0.6000000000000001,0.2,2.8054014061152017,7.949323654174805,8.944881916046143,9.137150049209597,0,PRE_LOS,7.137150049209595,9.40255,3.9177533292591766,+1.321448->-2.527818,1.3214476081271995,0.8413704149267284,-2.5278179132617344,1.3063039278207424,0.5801813821357081,1,-0.375908975332814,-0.375908975332814,8.847150049209558,8.847150049209558,8.847150049209558,8.847150049209558,8.847150049209558,8.847150049209558,0.8,0.8,0.8,0.0,1.26920158548878,0.4097151548976919,1.6427091923795067,True,1.0163071849622431,6.169726956421255,20260927_103759_1243248,SIDE_PLUS,1790476694.3478253,6.997150182723999,1790476694.4878252,True,True,True,True,27.0,True,7.171969,7.369829,SIDE_DISPATCH|RAW_SEED_ATTEMPT|PRE_TIMING_SEED|TIMED_SEED|SEED_ELIGIBILITY|PRE_LOS|POST_LOS|SOLVER_OK|FINAL_INPUT|JOINT_SEED|COMPARATOR_WIN|SELECTED|COMMITTED,,,,,0.6000000000000001,0.2,2.8054014061152017,7.949323654174805,8.944881916046143,9.137150049209597,0,POST_LOS,7.137150049209595,9.40255,3.9177533292591766,+1.321448->-2.527818,1.3214476081271995,0.8413704149267284,-2.5278179132617344,1.3063039278207424,0.5801813821357081,1,-0.375908975332814,-0.375908975332814,8.847150049209558,8.847150049209558,8.847150049209558,8.847150049209558,8.847150049209558,8.847150049209558,0.8,0.8,0.8,0.0,1.26920158548878,0.4097151548976919,1.6427091923795067,True,1.0163071849622431,6.169726956421255
20260927_103759_1243248,u1e1,0,44,SIDE_MINUS,1790476695.045847,7.69517183303833,1790476695.1858468,True,True,True,True,30.0,True,7.8739,7.969268,SIDE_DISPATCH|RAW_SEED_ATTEMPT|PRE_TIMING_SEED|TIMED_SEED|SEED_ELIGIBILITY|PRE_LOS|POST_LOS|SOLVER_OK|FINAL_INPUT|JOINT_SEED|COMPARATOR_WIN|SELECTED|COMMITTED,,,,D3_LOWER,1.0,0.3333333333333333,2.4617389395349347,7.849324941635132,8.949323892593384,9.835171699523926,0,PRE_LOS,7.835171699523926,9.40255,3.306158464536284,+0.986367->-2.114807,0.9863674256355748,0.7573117100907997,-2.114806543098899,0.9064728770717724,-0.6978532806621324,1,-0.3778678576210434,-0.3778678576210434,8.785171699523906,8.785171699523906,8.785171699523906,8.785171699523906,8.785171699523906,8.785171699523906,0.78,0.78,0.78,0.0,1.5694734253536986,0.9735039463912764,4.347327715018831,True,0.943462371240606,6.427537216749451,20260927_103759_1243248,SIDE_MINUS,1790476695.045847,7.69517183303833,1790476695.1858468,True,True,True,True,30.0,True,7.8739,7.969268,SIDE_DISPATCH|RAW_SEED_ATTEMPT|PRE_TIMING_SEED|TIMED_SEED|SEED_ELIGIBILITY|PRE_LOS|POST_LOS|SOLVER_OK|FINAL_INPUT|JOINT_SEED|COMPARATOR_WIN|SELECTED|COMMITTED,,,,D3_LOWER,1.0,0.3333333333333333,2.4617389395349347,7.849324941635132,8.949323892593384,9.835171699523926,0,POST_LOS,7.835171699523926,9.40255,3.306158464536284,+0.986367->-2.096653,0.9863674256355748,0.7567977199337964,-2.096653263534096,0.9064728770717724,-0.7956623786685316,1,-0.3754336219404196,-0.3754336219404196,8.765171699523906,8.765171699523906,8.765171699523906,8.765171699523906,8.765171699523906,8.765171699523906,0.76,0.76,0.76,0.0,1.5357837509853522,0.9735039463912764,3.5831689601457724,True,0.8440941653164227,6.336048074114038
20260927_103759_1243248,u1e1,0,46,SIDE_PLUS,1790476695.1955357,7.844860553741455,1790476695.3355355,False,True,False,False,,False,,,SIDE_DISPATCH|RAW_SEED_ATTEMPT|PRE_TIMING_SEED|TIMED_SEED|SEED_ELIGIBILITY|PRE_LOS|POST_LOS|SOLVER_OK|FINAL_INPUT|JOINT_SEED|PREFLIGHT_REJECT,PREFLIGHT_REJECT,DYNAMICS_FAIL,,,0.0,0.0,0.0,-1790476687.350675,-1790476687.350675,-1790476687.350675,0,PRE_LOS,7.984860420227051,9.40255,3.283766314065453,+0.797487->-2.113621,0.79748696193511,0.7568062338206496,-2.113621470950947,0.757970330273652,-0.7361073219013655,1,-0.3777801232008871,-0.3777801232008871,8.784860420227034,8.784860420227034,8.784860420227034,8.784860420227034,8.784860420227034,8.784860420227034,0.78,0.78,0.78,0.0,1.662497649690452,1.003820843380934,4.912121435439963,True,0.9757289809751436,6.452820814869233,20260927_103759_1243248,SIDE_PLUS,1790476695.1955357,7.844860553741455,1790476695.3355355,False,True,False,False,,False,,,SIDE_DISPATCH|RAW_SEED_ATTEMPT|PRE_TIMING_SEED|TIMED_SEED|SEED_ELIGIBILITY|PRE_LOS|POST_LOS|SOLVER_OK|FINAL_INPUT|JOINT_SEED|PREFLIGHT_REJECT,PREFLIGHT_REJECT,DYNAMICS_FAIL,,,0.0,0.0,0.0,-1790476687.350675,-1790476687.350675,-1790476687.350675,0,POST_LOS,7.984860420227051,9.40255,3.283766314065453,+0.797487->-1.508095,0.79748696193511,0.756876525922811,-1.5080947344785618,0.757970330273652,3.4468510003002333,1,-0.3783076437953396,-0.3783076437953396,,,,,,,0.8,0.8,0.8,0.0,5.647404106146849,12.357629250718556,64.24512629865052,False,1.0736070265037954,6.842682342360567
20260927_103759_1243248,u1e1,0,49,SIDE_PLUS,1790476695.4387937,8.088118553161621,1790476695.5787935,False,True,False,False,,False,,,SIDE_DISPATCH|RAW_SEED_ATTEMPT|PRE_TIMING_SEED|TIMED_SEED|SEED_ELIGIBILITY|PRE_LOS|POST_LOS|SOLVER_OK|FINAL_INPUT|JOINT_SEED|PREFLIGHT_REJECT,PREFLIGHT_REJECT,DYNAMICS_FAIL,,,0.0,0.0,0.0,-1790476687.350675,-1790476687.350675,-1790476687.350675,0,PRE_LOS,8.228118419647217,9.40255,3.250007767641771,+0.311652->-2.077891,0.3116522819878112,0.3116522819878112,-2.077890566722533,0.2746095715275751,-1.078620799190395,1,-0.3737653052353997,-0.3737653052353997,8.788118419647205,8.788118419647205,8.788118419647205,8.788118419647205,8.788118419647205,8.788118419647205,0.56,0.56,0.56,0.0,1.689629876620703,1.0422935538991387,5.112308795725425,True,1.018010041716281,6.461960833398951,20260927_103759_1243248,SIDE_PLUS,1790476695.4387937,8.088118553161621,1790476695.5787935,False,True,False,False,,False,,,SIDE_DISPATCH|RAW_SEED_ATTEMPT|PRE_TIMING_SEED|TIMED_SEED|SEED_ELIGIBILITY|PRE_LOS|POST_LOS|SOLVER_OK|FINAL_INPUT|JOINT_SEED|PREFLIGHT_REJECT,PREFLIGHT_REJECT,DYNAMICS_FAIL,,,0.0,0.0,0.0,-1790476687.350675,-1790476687.350675,-1790476687.350675,0,POST_LOS,8.228118419647217,9.40255,3.250007767641771,+0.311652->-0.875917,0.3116522819878112,0.3116522819878112,-0.8759167904008529,0.2746095715275751,6.951067809543963,3,-0.3788677685141667,-0.3788677685141667,,,,,,,0.58,0.58,0.58,0.0,11.424378353598616,30.82465419433539,157.83590530614313,False,1.0912292262985412,6.898651339124009
20260927_103759_1243248,u1e1,0,50,SIDE_MINUS,1790476695.4387937,8.088118553161621,1790476695.5787935,False,True,False,False,,False,,,SIDE_DISPATCH|RAW_SEED_ATTEMPT|PRE_TIMING_SEED|TIMED_SEED|SEED_ELIGIBILITY|PRE_LOS|POST_LOS|SOLVER_OK|FINAL_INPUT|JOINT_SEED|PREFLIGHT_REJECT,PREFLIGHT_REJECT,DYNAMICS_FAIL,,,0.0,0.0,0.0,-1790476687.350675,-1790476687.350675,-1790476687.350675,0,PRE_LOS,8.228118419647217,9.40255,3.415519561138261,+0.311652->-2.053756,0.3116522819878112,0.3116522819878112,-2.053755690043233,0.2746095715275751,-1.0405007958756014,1,-0.3737555151918501,-0.3737555151918501,8.788118419647205,8.788118419647205,8.788118419647205,8.788118419647205,8.788118419647205,8.788118419647205,0.56,0.56,0.56,0.0,1.5600722726886267,0.8730759331759048,4.29060974578526,True,1.051648649543719,6.473279217362571,20260927_103759_1243248,SIDE_MINUS,1790476695.4387937,8.088118553161621,1790476695.5787935,False,True,False,False,,False,,,SIDE_DISPATCH|RAW_SEED_ATTEMPT|PRE_TIMING_SEED|TIMED_SEED|SEED_ELIGIBILITY|PRE_LOS|POST_LOS|SOLVER_OK|FINAL_INPUT|JOINT_SEED|PREFLIGHT_REJECT,PREFLIGHT_REJECT,DYNAMICS_FAIL,,,0.0,0.0,0.0,-1790476687.350675,-1790476687.350675,-1790476687.350675,0,POST_LOS,8.228118419647217,9.40255,3.415519561138261,+0.311652->-3.388524,0.3116522819878112,0.3116522819878112,-3.3885237631246232,0.2746095715275751,-12.451485475215016,1,-0.3793740983765744,-0.567709281598376,8.51811841964721,8.51811841964721,,,,,0.36,0.36,0.36,0.0,21.33619933714972,58.35252606387486,255.8316174650112,False,-0.0949711603867755,3.719372180744092
20260927_103759_1243248,u1e1,0,52,SIDE_PLUS,1790476695.716669,8.365994215011597,1790476695.8566692,False,True,False,False,,False,,,SIDE_DISPATCH|RAW_SEED_ATTEMPT|PRE_TIMING_SEED|TIMED_SEED|SEED_ELIGIBILITY|PRE_LOS|POST_LOS|SOLVER_OK|FINAL_INPUT|JOINT_SEED|PREFLIGHT_REJECT,PREFLIGHT_REJECT,DYNAMICS_FAIL,,,0.0,0.0,0.0,-1790476687.350675,-1790476687.350675,-1790476687.350675,0,PRE_LOS,8.505994081497192,9.40255,3.1615097026240524,-0.403144->-2.034930,-0.4031441879515304,-0.4031441879515304,-2.034929807236385,-0.4552854151542572,-1.5192810861717951,0,-0.240965484821272,-0.240965484821272,8.785994081497186,8.785994081497186,8.785994081497186,8.785994081497186,8.785994081497186,8.785994081497186,0.28,0.28,0.28,0.0,1.6879395698090014,1.0499322407315947,5.211028970882417,True,1.052004425350627,6.462018758633355,20260927_103759_1243248,SIDE_PLUS,1790476695.716669,8.365994215011597,1790476695.8566692,False,True,False,False,,False,,,SIDE_DISPATCH|RAW_SEED_ATTEMPT|PRE_TIMING_SEED|TIMED_SEED|SEED_ELIGIBILITY|PRE_LOS|POST_LOS|SOLVER_OK|FINAL_INPUT|JOINT_SEED|PREFLIGHT_REJECT,PREFLIGHT_REJECT,DYNAMICS_FAIL,,,0.0,0.0,0.0,-1790476687.350675,-1790476687.350675,-1790476687.350675,0,POST_LOS,8.505994081497192,9.40255,3.1615097026240524,-0.403144->+7.457765,-0.4031441879515304,-0.4031441879515304,7.457764691156903,-0.4552854151542572,3.139227127419544,1,-0.240965484821272,-0.240965484821272,8.925994081497183,9.295994081497176,,,,,0.3,0.3,0.3,0.0,17.11414344959668,50.81049138659232,265.4382164839635,False,-0.1484789490441828,4.807754594283642
20260927_103759_1243248,u1e1,0,55,SIDE_PLUS,1790476696.0129504,8.662275314331055,1790476696.1529503,False,True,False,False,,False,,,SIDE_DISPATCH|RAW_SEED_ATTEMPT|PRE_TIMING_SEED|TIMED_SEED|SEED_ELIGIBILITY|PRE_LOS|POST_LOS|SOLVER_OK|FINAL_INPUT|JOINT_SEED|HANDOFF_REJECT,HANDOFF_REJECT,MISSED_FROZEN_ACTIVATION,,,0.0,0.0,0.0,-1790476687.350675,-1790476687.350675,-1790476687.350675,0,PRE_LOS,8.80227518081665,9.40255,3.290118179572094,-1.205887->-2.050594,-1.205886933922056,-1.205886933922056,-2.050594008724949,0.5762539407751338,0.1575685358449624,0,0.0336776460144596,0.0336776460144596,8.80227518081665,8.80227518081665,8.80227518081665,8.80227518081665,8.80227518081665,8.80227518081665,0.0,0.0,0.0,0.0,1.5270082457449206,0.7876213688559209,3.694333695585412,True,1.0617520913509113,6.477327483413483,20260927_103759_1243248,SIDE_PLUS,1790476696.0129504,8.662275314331055,1790476696.1529503,False,True,False,False,,False,,,SIDE_DISPATCH|RAW_SEED_ATTEMPT|PRE_TIMING_SEED|TIMED_SEED|SEED_ELIGIBILITY|PRE_LOS|POST_LOS|SOLVER_OK|FINAL_INPUT|JOINT_SEED|HANDOFF_REJECT,HANDOFF_REJECT,MISSED_FROZEN_ACTIVATION,,,0.0,0.0,0.0,-1790476687.350675,-1790476687.350675,-1790476687.350675,0,POST_LOS,8.80227518081665,9.40255,3.290118179572094,-1.205887->-2.086543,-1.205886933922056,-1.205886933922056,-2.0865432421380774,0.5762539407751338,-0.0740272059640038,0,0.0336776460144596,0.0336776460144596,8.80227518081665,8.80227518081665,8.80227518081665,8.80227518081665,8.80227518081665,8.80227518081665,0.0,0.0,0.0,0.0,3.083245646704321,6.384207685145404,35.352262787024245,False,0.8131356788135551,6.300983100458511
20260927_103759_1243248,u1e1,0,58,SIDE_PLUS,1790476696.140674,8.789999008178711,1790476696.2883213,False,True,False,False,,False,,,SIDE_DISPATCH|RAW_SEED_ATTEMPT|PRE_TIMING_SEED|TIMED_SEED|SEED_ELIGIBILITY|PRE_LOS|POST_LOS|SOLVER_OK|FINAL_INPUT|JOINT_SEED|PREFLIGHT_REJECT,PREFLIGHT_REJECT,DYNAMICS_FAIL,,,0.0,0.0,0.0,-1790476687.350675,-1790476687.350675,-1790476687.350675,0,PRE_LOS,8.93764615058899,9.40255,3.143592593931471,-1.503370->-2.053366,-1.5033701182937529,-1.5033701182937529,-2.053365610519992,0.5040485654490813,0.1869952964949055,0,0.1558532419537841,0.1558532419537841,8.93764615058899,8.93764615058899,8.93764615058899,8.93764615058899,,8.93764615058899,0.0,0.0,0.0,0.0,1.5197918239701491,0.7846415442938569,3.735812109170473,True,1.054539604534597,6.475607041617063,20260927_103759_1243248,SIDE_PLUS,1790476696.140674,8.789999008178711,1790476696.2883213,False,True,False,False,,False,,,SIDE_DISPATCH|RAW_SEED_ATTEMPT|PRE_TIMING_SEED|TIMED_SEED|SEED_ELIGIBILITY|PRE_LOS|POST_LOS|SOLVER_OK|FINAL_INPUT|JOINT_SEED|PREFLIGHT_REJECT,PREFLIGHT_REJECT,DYNAMICS_FAIL,,,0.0,0.0,0.0,-1790476687.350675,-1790476687.350675,-1790476687.350675,0,POST_LOS,8.93764615058899,9.40255,3.143592593931471,-1.503370->-2.098258,-1.5033701182937529,-1.5033701182937529,-2.098257501432724,0.5040485654490813,-0.1439611285304757,0,0.1558532419537841,0.1558532419537841,8.93764615058899,8.93764615058899,8.93764615058899,8.93764615058899,,8.93764615058899,0.0,0.0,0.0,0.0,3.856585103170904,10.880224393576547,56.517789979973394,False,0.6991661392278026,6.220740832844376
20260927_103759_1243248,u1e2,0,49,SIDE_PLUS,1790476695.4387937,8.088118553161621,1790476695.5787935,False,True,False,False,,False,,,SIDE_DISPATCH|RAW_SEED_ATTEMPT|PRE_TIMING_SEED|TIMED_SEED|SEED_ELIGIBILITY|PRE_LOS|POST_LOS|SOLVER_OK|FINAL_INPUT|JOINT_SEED|PREFLIGHT_REJECT,PREFLIGHT_REJECT,DYNAMICS_FAIL,,,0.0,0.0,0.0,-1790476687.350675,-1790476687.350675,-1790476687.350675,0,PRE_LOS,8.228118419647217,11.478126187288987,3.250007767641771,+1.847704->-1.386080,1.8477036506561964,0.4989234947200351,-1.3860802892787372,2.859674403478916,-1.224216828794933,1,-0.6289389931046296,-0.6289389931046296,,,,,,,1.01,1.01,1.01,0.0,1.689629876620703,1.0422935538991387,5.112308795725425,True,0.4235899769476634,5.021101931655954,20260927_103759_1243248,SIDE_PLUS,1790476695.4387937,8.088118553161621,1790476695.5787935,False,True,False,False,,False,,,SIDE_DISPATCH|RAW_SEED_ATTEMPT|PRE_TIMING_SEED|TIMED_SEED|SEED_ELIGIBILITY|PRE_LOS|POST_LOS|SOLVER_OK|FINAL_INPUT|JOINT_SEED|PREFLIGHT_REJECT,PREFLIGHT_REJECT,DYNAMICS_FAIL,,,0.0,0.0,0.0,-1790476687.350675,-1790476687.350675,-1790476687.350675,0,POST_LOS,8.228118419647217,11.478126187288987,3.250007767641771,+1.847704->-1.386080,1.8477036506561964,1.9725175539981217,-1.3860802892787314,2.859674403478916,-1.224216828794927,1,-0.6295213301524817,-0.6295213301524817,10.478118419647169,10.478118419647169,,,,,0.87,0.87,0.87,0.0,11.424378353598616,30.82465419433539,157.83590530614313,False,0.6592597911361173,5.021101931655956
20260927_103759_1243248,u1e2,0,50,SIDE_MINUS,1790476695.4387937,8.088118553161621,1790476695.5787935,False,True,False,False,,False,,,SIDE_DISPATCH|RAW_SEED_ATTEMPT|PRE_TIMING_SEED|TIMED_SEED|SEED_ELIGIBILITY|PRE_LOS|POST_LOS|SOLVER_OK|FINAL_INPUT|JOINT_SEED|PREFLIGHT_REJECT,PREFLIGHT_REJECT,DYNAMICS_FAIL,,,0.0,0.0,0.0,-1790476687.350675,-1790476687.350675,-1790476687.350675,0,PRE_LOS,8.228118419647217,11.643637980785478,3.415519561138261,+1.847704->-1.550177,1.8477036506561964,0.6146255328991034,-1.5501769586460767,2.859674403478916,-1.2197961219163538,1,-0.6261373550309216,-0.6261373550309216,,,,,,,1.17,1.17,1.17,0.0,1.5600722726886267,0.8730759331759048,4.29060974578526,True,0.4292097493741716,4.923983020125428,20260927_103759_1243248,SIDE_MINUS,1790476695.4387937,8.088118553161621,1790476695.5787935,False,True,False,False,,False,,,SIDE_DISPATCH|RAW_SEED_ATTEMPT|PRE_TIMING_SEED|TIMED_SEED|SEED_ELIGIBILITY|PRE_LOS|POST_LOS|SOLVER_OK|FINAL_INPUT|JOINT_SEED|PREFLIGHT_REJECT,PREFLIGHT_REJECT,DYNAMICS_FAIL,,,0.0,0.0,0.0,-1790476687.350675,-1790476687.350675,-1790476687.350675,0,POST_LOS,8.228118419647217,11.643637980785478,3.415519561138261,+1.847704->-1.550172,1.8477036506561964,4.944557165816907,-1.5501719195540051,2.859674403478916,-1.2197906731283754,3,-0.6298650709771884,-0.6298650709771884,10.478118419647169,10.478118419647169,10.478118419647169,10.478118419647169,10.478118419647169,10.478118419647169,0.52,0.52,0.52,0.0,21.33619933714972,58.35252606387486,255.8316174650112,False,-0.0949711603867755,3.3747877318531456
20260927_103759_1243248,u1e2,0,52,SIDE_PLUS,1790476695.716669,8.365994215011597,1790476695.8566692,False,True,False,False,,False,,,SIDE_DISPATCH|RAW_SEED_ATTEMPT|PRE_TIMING_SEED|TIMED_SEED|SEED_ELIGIBILITY|PRE_LOS|POST_LOS|SOLVER_OK|FINAL_INPUT|JOINT_SEED|PREFLIGHT_REJECT,PREFLIGHT_REJECT,DYNAMICS_FAIL,,,0.0,0.0,0.0,-1790476687.350675,-1790476687.350675,-1790476687.350675,0,PRE_LOS,8.505994081497192,11.667503784121244,3.1615097026240524,+1.751286->-1.791890,1.7512863792421691,0.5622164271976223,-1.7918897872291497,2.422646890621033,-1.8469189785084763,1,-0.6281820054351006,-0.6281820054351006,,,,,,,1.19,1.19,1.19,0.0,1.6879395698090014,1.0499322407315947,5.211028970882417,True,0.4016730784559705,5.008310412473733,20260927_103759_1243248,SIDE_PLUS,1790476695.716669,8.365994215011597,1790476695.8566692,False,True,False,False,,False,,,SIDE_DISPATCH|RAW_SEED_ATTEMPT|PRE_TIMING_SEED|TIMED_SEED|SEED_ELIGIBILITY|PRE_LOS|POST_LOS|SOLVER_OK|FINAL_INPUT|JOINT_SEED|PREFLIGHT_REJECT,PREFLIGHT_REJECT,DYNAMICS_FAIL,,,0.0,0.0,0.0,-1790476687.350675,-1790476687.350675,-1790476687.350675,0,POST_LOS,8.505994081497192,11.667503784121244,3.1615097026240524,+1.751286->-1.791890,1.7512863792421691,-0.1128250072593292,-1.7918897887473744,2.422646890621033,-1.8469189812646645,3,-0.6250388437313528,-0.6250388437313528,10.48599408149715,10.48599408149715,,,,,1.06,1.06,0.93,0.41,17.11414344959668,50.81049138659232,265.4382164839635,False,-0.1484789490441828,3.3892996398310213
20260927_103759_1243248,u1e2,0,55,SIDE_PLUS,1790476696.0129504,8.662275314331055,1790476696.1529503,False,True,False,False,,False,,,SIDE_DISPATCH|RAW_SEED_ATTEMPT|PRE_TIMING_SEED|TIMED_SEED|SEED_ELIGIBILITY|PRE_LOS|POST_LOS|SOLVER_OK|FINAL_INPUT|JOINT_SEED|HANDOFF_REJECT,HANDOFF_REJECT,MISSED_FROZEN_ACTIVATION,,,0.0,0.0,0.0,-1790476687.350675,-1790476687.350675,-1790476687.350675,0,PRE_LOS,8.80227518081665,12.092393360388744,3.290118179572094,+1.637001->-2.438229,1.6370008036682682,0.7353373351789104,-2.438228938403293,1.9439854172646505,-0.2788005336522162,1,-0.6268141417726045,-0.6268141417726045,11.702275180816589,11.702275180816589,11.702275180816589,11.702275180816589,,11.702275180816589,1.22,1.22,1.22,0.0,1.5270082457449206,0.7876213688559209,3.694333695585412,True,0.447948739137242,4.927014335009392,20260927_103759_1243248,SIDE_PLUS,1790476696.0129504,8.662275314331055,1790476696.1529503,False,True,False,False,,False,,,SIDE_DISPATCH|RAW_SEED_ATTEMPT|PRE_TIMING_SEED|TIMED_SEED|SEED_ELIGIBILITY|PRE_LOS|POST_LOS|SOLVER_OK|FINAL_INPUT|JOINT_SEED|HANDOFF_REJECT,HANDOFF_REJECT,MISSED_FROZEN_ACTIVATION,,,0.0,0.0,0.0,-1790476687.350675,-1790476687.350675,-1790476687.350675,0,POST_LOS,8.80227518081665,12.092393360388744,3.290118179572094,+1.637001->-2.438229,1.6370008036682682,1.430856288296929,-2.438228938397455,1.9439854172646505,-0.2788005336438972,1,-0.6255728522823396,-0.6255728522823396,10.482275180816616,10.482275180816616,10.482275180816616,10.482275180816616,,10.482275180816616,0.86,0.86,0.86,0.0,3.083245646704321,6.384207685145404,35.352262787024245,False,0.3482530165145081,4.958868669117385
20260927_103759_1243248,u1e2,0,58,SIDE_PLUS,1790476696.140674,8.789999008178711,1790476696.2883213,False,True,False,False,,False,,,SIDE_DISPATCH|RAW_SEED_ATTEMPT|PRE_TIMING_SEED|TIMED_SEED|SEED_ELIGIBILITY|PRE_LOS|POST_LOS|SOLVER_OK|FINAL_INPUT|JOINT_SEED|PREFLIGHT_REJECT,PREFLIGHT_REJECT,DYNAMICS_FAIL,,,0.0,0.0,0.0,-1790476687.350675,-1790476687.350675,-1790476687.350675,0,PRE_LOS,8.93764615058899,12.08123874452046,3.143592593931471,+1.583607->-2.422773,1.5836067485191505,0.7141927189740962,-2.422773215145875,1.827103369709164,-0.2347010017500636,1,-0.6289236303205172,-0.6289236303205172,11.70764615058893,11.70764615058893,11.70764615058893,11.70764615058893,,11.70764615058893,1.22,1.22,1.22,0.0,1.5197918239701491,0.7846415442938569,3.735812109170473,True,0.4379509260459082,4.932160225443064,20260927_103759_1243248,SIDE_PLUS,1790476696.140674,8.789999008178711,1790476696.2883213,False,True,False,False,,False,,,SIDE_DISPATCH|RAW_SEED_ATTEMPT|PRE_TIMING_SEED|TIMED_SEED|SEED_ELIGIBILITY|PRE_LOS|POST_LOS|SOLVER_OK|FINAL_INPUT|JOINT_SEED|PREFLIGHT_REJECT,PREFLIGHT_REJECT,DYNAMICS_FAIL,,,0.0,0.0,0.0,-1790476687.350675,-1790476687.350675,-1790476687.350675,0,POST_LOS,8.93764615058899,12.08123874452046,3.143592593931471,+1.583607->-2.422773,1.5836067485191505,1.076017732584734,-2.4227729397896844,1.827103369709164,-0.2347006191717317,1,-0.6283243505613144,-0.6283243505613144,10.487646150588956,10.487646150588956,10.487646150588956,10.487646150588956,10.487646150588956,10.487646150588956,0.75,0.75,0.75,0.0,3.856585103170904,10.880224393576547,56.517789979973394,False,-0.1608378015401192,4.970042492930061
20260927_103759_1243248,u1e2,0,61,SIDE_PLUS,1790476696.292932,8.942256927490234,1790476696.4371874,False,True,False,False,,False,,,SIDE_DISPATCH|RAW_SEED_ATTEMPT|PRE_TIMING_SEED|TIMED_SEED|SEED_ELIGIBILITY|PRE_LOS|POST_LOS|SOLVER_OK|FINAL_INPUT|JOINT_SEED|HANDOFF_REJECT,HANDOFF_REJECT,MISSED_FROZEN_ACTIVATION,,,0.0,0.0,0.0,-1790476687.350675,-1790476687.350675,-1790476687.350675,0,PRE_LOS,9.086512327194214,12.384779029705715,3.2982667025115004,+1.524541->-2.754123,1.5245414674243118,0.7928348018353759,-2.7541225018510063,1.7321242178657197,-0.3878417582475396,1,-0.6291440000423174,-0.6291440000423174,11.726512327194158,11.726512327194158,11.726512327194158,11.726512327194158,11.726512327194158,11.726512327194158,1.24,1.24,1.24,0.0,1.4817797103257748,0.7061892812043424,3.21663746133477,True,0.4641236935782318,4.886283940891143,20260927_103759_1243248,SIDE_PLUS,1790476696.292932,8.942256927490234,1790476696.4371874,False,True,False,False,,False,,,SIDE_DISPATCH|RAW_SEED_ATTEMPT|PRE_TIMING_SEED|TIMED_SEED|SEED_ELIGIBILITY|PRE_LOS|POST_LOS|SOLVER_OK|FINAL_INPUT|JOINT_SEED|HANDOFF_REJECT,HANDOFF_REJECT,MISSED_FROZEN_ACTIVATION,,,0.0,0.0,0.0,-1790476687.350675,-1790476687.350675,-1790476687.350675,0,POST_LOS,9.086512327194214,12.384779029705715,3.2982667025115004,+1.524541->-2.754121,1.5245414674243118,0.916744427074923,-2.7541208085896245,1.7321242178657197,-0.3878384448147197,1,-0.6278398986065162,-0.6278398986065162,10.526512327194183,10.526512327194183,10.526512327194183,10.526512327194183,,10.526512327194183,0.96,0.96,0.96,0.0,3.393433017567794,7.598545140278077,40.46048960141723,False,0.1885070626197729,5.0076224136466605
20260927_103759_1243248,u1e2,0,64,SIDE_PLUS,1790476696.4186783,9.068003177642822,1790476696.5699923,False,True,False,False,,False,,,SIDE_DISPATCH|RAW_SEED_ATTEMPT|PRE_TIMING_SEED|TIMED_SEED|SEED_ELIGIBILITY|PRE_LOS|POST_LOS|SOLVER_OK|FINAL_INPUT|JOINT_SEED|PREFLIGHT_REJECT,PREFLIGHT_REJECT,DYNAMICS_FAIL,,,0.0,0.0,0.0,-1790476687.350675,-1790476687.350675,-1790476687.350675,0,PRE_LOS,9.219317197799684,12.40378246679462,3.1844652689949373,+1.470685->-2.756442,1.4706847841330293,0.7933595918779832,-2.75644204369804,1.6444341349540574,-0.4140415117960817,1,-0.625300214220395,-0.625300214220395,11.739317197799627,11.739317197799627,11.739317197799627,11.739317197799627,11.739317197799627,11.739317197799627,1.26,1.26,1.26,0.0,1.4721485519461808,0.7018002169835578,3.241467581087455,True,0.4558262388356842,4.872493576745685,20260927_103759_1243248,SIDE_PLUS,1790476696.4186783,9.068003177642822,1790476696.5699923,False,True,False,False,,False,,,SIDE_DISPATCH|RAW_SEED_ATTEMPT|PRE_TIMING_SEED|TIMED_SEED|SEED_ELIGIBILITY|PRE_LOS|POST_LOS|SOLVER_OK|FINAL_INPUT|JOINT_SEED|PREFLIGHT_REJECT,PREFLIGHT_REJECT,DYNAMICS_FAIL,,,0.0,0.0,0.0,-1790476687.350675,-1790476687.350675,-1790476687.350675,0,POST_LOS,9.219317197799684,12.40378246679462,3.1844652689949373,+1.470685->-2.756442,1.4706847841330293,0.5590016388495411,-2.7564416455312943,1.6444341349540574,-0.4140407284134003,1,-0.6241005320197393,-0.6241005320197393,10.73931719779965,10.73931719779965,10.73931719779965,10.73931719779965,,10.73931719779965,1.08,1.08,1.08,0.0,4.211701541167857,11.175857456177646,59.32953496536008,False,0.03625392390995,5.016989329172137
20260927_103759_1243248,u1e2,0,67,SIDE_PLUS,1790476696.573877,9.223201990127563,1790476696.7218852,False,True,False,False,,False,,,SIDE_DISPATCH|RAW_SEED_ATTEMPT|PRE_TIMING_SEED|TIMED_SEED|SEED_ELIGIBILITY|PRE_LOS|POST_LOS|SOLVER_OK|FINAL_INPUT|JOINT_SEED|PREFLIGHT_REJECT,PREFLIGHT_REJECT,DYNAMICS_FAIL,,,0.0,0.0,0.0,-1790476687.350675,-1790476687.350675,-1790476687.350675,0,PRE_LOS,9.371210098266602,12.535609,3.5015684405612624,+1.411628->-2.699785,1.4116284231388998,0.8691908623375253,-2.6997852289850144,1.546546696508828,-0.4336919694848937,1,-0.6289447333398134,-0.6289447333398134,11.83121009826655,11.83121009826655,11.83121009826655,11.83121009826655,11.83121009826655,11.83121009826655,1.35,1.35,1.35,0.0,1.3294827381560477,0.479231610537873,1.993710156990074,True,0.4883144205563656,4.774696843426938,20260927_103759_1243248,SIDE_PLUS,1790476696.573877,9.223201990127563,1790476696.7218852,False,True,False,False,,False,,,SIDE_DISPATCH|RAW_SEED_ATTEMPT|PRE_TIMING_SEED|TIMED_SEED|SEED_ELIGIBILITY|PRE_LOS|POST_LOS|SOLVER_OK|FINAL_INPUT|JOINT_SEED|PREFLIGHT_REJECT,PREFLIGHT_REJECT,DYNAMICS_FAIL,,,0.0,0.0,0.0,-1790476687.350675,-1790476687.350675,-1790476687.350675,0,POST_LOS,9.371210098266602,12.535609,3.5015684405612624,+1.411628->-2.643494,1.4116284231388998,0.6095937561823885,-2.643493576828887,1.546546696508828,-0.3126719437074743,1,-0.625946263307422,-0.625946263307422,12.101210098266543,12.101210098266543,12.101210098266543,12.101210098266543,,12.101210098266543,1.46,1.46,1.46,0.0,3.0247703981238363,5.939670470316283,29.940783764562237,False,0.2873802317866456,5.011464765401068
20260927_103759_1243248,u1e2,0,70,SIDE_PLUS,1790476696.863296,9.51262092590332,1790476697.0074227,False,True,False,False,,False,,,SIDE_DISPATCH|RAW_SEED_ATTEMPT|PRE_TIMING_SEED|TIMED_SEED|SEED_ELIGIBILITY|PRE_LOS|POST_LOS|SOLVER_OK|FINAL_INPUT|JOINT_SEED|PREFLIGHT_REJECT,PREFLIGHT_REJECT,DYNAMICS_FAIL,,,0.0,0.0,0.0,-1790476687.350675,-1790476687.350675,-1790476687.350675,0,PRE_LOS,9.656747579574583,12.535609,3.5520277066705277,+1.294141->-2.623516,1.2941413420032468,0.8625787264056027,-2.62351565667809,1.3539570864035892,-0.384666367007486,1,-0.6281763993872964,-0.6281763993872964,11.866747579574538,11.866747579574538,11.866747579574538,11.866747579574538,11.866747579574538,11.866747579574538,1.38,1.38,1.38,0.0,1.2750116158241716,0.4127594314182768,1.7418252559367495,True,0.476987733207646,4.726885180224343,20260927_103759_1243248,SIDE_PLUS,1790476696.863296,9.51262092590332,1790476697.0074227,False,True,False,False,,False,,,SIDE_DISPATCH|RAW_SEED_ATTEMPT|PRE_TIMING_SEED|TIMED_SEED|SEED_ELIGIBILITY|PRE_LOS|POST_LOS|SOLVER_OK|FINAL_INPUT|JOINT_SEED|PREFLIGHT_REJECT,PREFLIGHT_REJECT,DYNAMICS_FAIL,,,0.0,0.0,0.0,-1790476687.350675,-1790476687.350675,-1790476687.350675,0,POST_LOS,9.656747579574583,12.535609,3.5520277066705277,+1.294141->-2.341644,1.2941413420032468,0.6739200327686015,-2.3416440955668727,1.3539570864035892,0.2285997339946079,1,-0.6251072317373699,-0.6251072317373699,12.25674757957453,12.25674757957453,,12.25674757957453,,,1.45,1.45,1.45,0.0,3.031002091978711,5.624233165985959,28.55309425641218,False,0.3651221717466423,5.117244855156628
20260927_103759_1243248,u1e2,0,73,SIDE_PLUS,1790476697.142484,9.791808843612673,1790476697.2838635,True,True,True,True,38.0,True,9.970604,10.202681,SIDE_DISPATCH|RAW_SEED_ATTEMPT|PRE_TIMING_SEED|TIMED_SEED|SEED_ELIGIBILITY|PRE_LOS|POST_LOS|SOLVER_OK|FINAL_INPUT|JOINT_SEED|COMPARATOR_WIN|SELECTED|COMMITTED,,,,,1.0,0.1875,6.337756520084942,10.249323606491089,11.756747484207152,11.933188438415527,0,PRE_LOS,9.933188438415527,12.535609,3.5998861709175234,+1.176733->-2.537143,1.1767330810600427,0.8514312903709347,-2.537142851213846,1.1833350837191638,-0.3326776380652509,1,-0.6297329664459891,-0.6297329664459891,11.883188438415486,11.883188438415486,11.883188438415486,11.883188438415486,11.883188438415486,11.883188438415486,1.4,1.4,1.4,0.0,1.235754254317994,0.3788333430573271,1.671017217167868,True,0.466265353351825,4.681463438075944,20260927_103759_1243248,SIDE_PLUS,1790476697.142484,9.791808843612673,1790476697.2838635,True,True,True,True,38.0,True,9.970604,10.202681,SIDE_DISPATCH|RAW_SEED_ATTEMPT|PRE_TIMING_SEED|TIMED_SEED|SEED_ELIGIBILITY|PRE_LOS|POST_LOS|SOLVER_OK|FINAL_INPUT|JOINT_SEED|COMPARATOR_WIN|SELECTED|COMMITTED,,,,,1.0,0.1875,6.337756520084942,10.249323606491089,11.756747484207152,11.933188438415527,0,POST_LOS,9.933188438415527,12.535609,3.5998861709175234,+1.176733->-2.219861,1.1767330810600427,0.924465209293941,-2.219861362369945,1.1833350837191638,0.3833174634578708,1,-0.6295684182286974,-0.6295684182286974,12.253188438415478,12.253188438415478,,12.253188438415478,,,1.46,1.46,1.46,0.0,2.3242370986486884,2.6284641006740888,14.772835581114034,True,0.5032885886594034,5.04406983200256
20260927_103759_1243248,u1e2,0,79,SIDE_PLUS,1790476697.674817,10.32414197921753,1790476697.814817,False,True,False,False,,False,,,SIDE_DISPATCH|RAW_SEED_ATTEMPT|PRE_TIMING_SEED|TIMED_SEED|SEED_ELIGIBILITY|PRE_LOS|POST_LOS|SOLVER_OK|FINAL_INPUT|JOINT_SEED|PREFLIGHT_REJECT,PREFLIGHT_REJECT,DYNAMICS_FAIL,,,0.0,0.0,0.0,-1790476687.350675,-1790476687.350675,-1790476687.350675,0,PRE_LOS,10.464141845703123,12.535609,3.4976449572674286,+0.916739->-2.182590,0.9167387479004188,0.909832330609753,-2.182590427325859,0.9141018856716034,-0.6606425241671312,1,-0.6292233627058625,-0.6292233627058625,11.914141845703094,11.914141845703094,11.914141845703094,11.914141845703094,11.914141845703094,11.914141845703094,1.43,1.43,1.43,0.0,1.37505512398535,0.6227517864310297,2.772402257259118,True,0.5036305100974137,4.432921649217512,20260927_103759_1243248,SIDE_PLUS,1790476697.674817,10.32414197921753,1790476697.814817,False,True,False,False,,False,,,SIDE_DISPATCH|RAW_SEED_ATTEMPT|PRE_TIMING_SEED|TIMED_SEED|SEED_ELIGIBILITY|PRE_LOS|POST_LOS|SOLVER_OK|FINAL_INPUT|JOINT_SEED|PREFLIGHT_REJECT,PREFLIGHT_REJECT,DYNAMICS_FAIL,,,0.0,0.0,0.0,-1790476687.350675,-1790476687.350675,-1790476687.350675,0,POST_LOS,10.464141845703123,12.535609,3.4976449572674286,+0.916739->-1.400561,0.9167387479004188,0.9098456910536898,-1.4005606981389591,0.9141018856716034,0.9544764512111972,1,-0.6279743314509579,-0.6279743314509579,12.52414184570308,12.52414184570308,,,,,1.46,1.46,1.46,0.0,3.374541765741717,5.475018893839887,22.799868239529328,False,0.5036305100974137,4.916547942661736
20260927_103759_1243248,u1e2,0,80,SIDE_MINUS,1790476697.674817,10.32414197921753,1790476697.814817,False,True,False,False,,False,,,SIDE_DISPATCH|RAW_SEED_ATTEMPT|PRE_TIMING_SEED|TIMED_SEED|SEED_ELIGIBILITY|PRE_LOS|POST_LOS|SOLVER_OK|FINAL_INPUT|JOINT_SEED|PREFLIGHT_REJECT,PREFLIGHT_REJECT,DYNAMICS_FAIL,,,0.0,0.0,0.0,-1790476687.350675,-1790476687.350675,-1790476687.350675,0,PRE_LOS,10.464141845703123,12.535609,3.6097029989220335,+0.916739->-2.127836,0.9167387479004188,0.9098322173465816,-2.1278358343558885,0.9141018856716034,-0.6269841750302437,1,-0.6272031807321198,-0.6272031807321198,11.924141845703094,11.924141845703094,11.924141845703094,11.924141845703094,11.924141845703094,11.924141845703094,1.44,1.44,1.44,0.0,1.282791341990253,0.6336527682670805,2.9697909495903585,True,0.5036305100974137,4.414268773991647,20260927_103759_1243248,SIDE_MINUS,1790476697.674817,10.32414197921753,1790476697.814817,False,True,False,False,,False,,,SIDE_DISPATCH|RAW_SEED_ATTEMPT|PRE_TIMING_SEED|TIMED_SEED|SEED_ELIGIBILITY|PRE_LOS|POST_LOS|SOLVER_OK|FINAL_INPUT|JOINT_SEED|PREFLIGHT_REJECT,PREFLIGHT_REJECT,DYNAMICS_FAIL,,,0.0,0.0,0.0,-1790476687.350675,-1790476687.350675,-1790476687.350675,0,POST_LOS,10.464141845703123,12.535609,3.6097029989220335,+0.916739->+0.487588,0.9167387479004188,0.9096585009136106,0.4875882868398601,0.9141018856716034,1.8678243403742785,2,-0.6167777300553607,-0.6167777300553607,10.844141845703115,10.844141845703115,10.844141845703115,10.844141845703115,,10.844141845703115,1.15,1.15,1.15,0.0,31.65205249356488,77.74842945300885,315.99470664788123,False,-0.3889515083222978,2.6588924982586546
20260927_103759_1243248,u1e2,0,82,SIDE_PLUS,1790476697.9509428,10.6002676486969,1790476698.0909426,False,True,False,False,,False,,,SIDE_DISPATCH|RAW_SEED_ATTEMPT|PRE_TIMING_SEED|TIMED_SEED|SEED_ELIGIBILITY|PRE_LOS|POST_LOS|SOLVER_OK|FINAL_INPUT|JOINT_SEED|PREFLIGHT_REJECT,PREFLIGHT_REJECT,DYNAMICS_FAIL,,,0.0,0.0,0.0,-1790476687.350675,-1790476687.350675,-1790476687.350675,0,PRE_LOS,10.740267515182495,12.535609,3.3473518492971763,+0.722391->-2.111330,0.7223913084334556,0.7223913084334556,-2.111329716293626,0.6965650344849995,-1.1019544655354212,1,-0.6285625709506246,-0.6285625709506246,11.90026751518247,11.90026751518247,11.90026751518247,11.90026751518247,11.90026751518247,11.90026751518247,1.16,1.16,1.16,0.0,1.4652779276378138,0.7297835650691319,2.9589200266470046,True,0.5400915683038277,4.337697283517774,20260927_103759_1243248,SIDE_PLUS,1790476697.9509428,10.6002676486969,1790476698.0909426,False,True,False,False,,False,,,SIDE_DISPATCH|RAW_SEED_ATTEMPT|PRE_TIMING_SEED|TIMED_SEED|SEED_ELIGIBILITY|PRE_LOS|POST_LOS|SOLVER_OK|FINAL_INPUT|JOINT_SEED|PREFLIGHT_REJECT,PREFLIGHT_REJECT,DYNAMICS_FAIL,,,0.0,0.0,0.0,-1790476687.350675,-1790476687.350675,-1790476687.350675,0,POST_LOS,10.740267515182495,12.535609,3.3473518492971763,+0.722391->-0.453909,0.7223913084334556,0.7223913084334556,-0.4539088354064881,0.6965650344849995,2.989036729538745,1,-0.6247538119716263,-0.6247538119716263,11.590267515182475,11.590267515182475,,,,,1.14,1.14,1.14,0.0,8.256917377290598,20.58967446271688,101.47894365457137,False,0.5400915683038277,5.1535309931041
20260927_103759_1243248,u1e2,0,83,SIDE_MINUS,1790476697.9509428,10.6002676486969,1790476698.0909426,False,True,False,False,,False,,,SIDE_DISPATCH|RAW_SEED_ATTEMPT|PRE_TIMING_SEED|TIMED_SEED|SEED_ELIGIBILITY|PRE_LOS|POST_LOS|SOLVER_OK|FINAL_INPUT|JOINT_SEED|PREFLIGHT_REJECT,PREFLIGHT_REJECT,DYNAMICS_FAIL,,,0.0,0.0,0.0,-1790476687.350675,-1790476687.350675,-1790476687.350675,0,PRE_LOS,10.740267515182495,12.535609,3.513105853520565,+0.722391->-2.037591,0.7223913084334556,0.7223913084334556,-2.0375906688746843,0.6965650344849995,-1.0074251287048108,1,-0.6295687835208473,-0.6295687835208473,11.91026751518247,11.91026751518247,11.91026751518247,11.91026751518247,11.91026751518247,11.91026751518247,1.17,1.17,1.17,0.0,1.3475754220230869,0.682401240496501,2.3388648561097223,True,0.5400915683038277,4.330058668218611,20260927_103759_1243248,SIDE_MINUS,1790476697.9509428,10.6002676486969,1790476698.0909426,False,True,False,False,,False,,,SIDE_DISPATCH|RAW_SEED_ATTEMPT|PRE_TIMING_SEED|TIMED_SEED|SEED_ELIGIBILITY|PRE_LOS|POST_LOS|SOLVER_OK|FINAL_INPUT|JOINT_SEED|PREFLIGHT_REJECT,PREFLIGHT_REJECT,DYNAMICS_FAIL,,,0.0,0.0,0.0,-1790476687.350675,-1790476687.350675,-1790476687.350675,0,POST_LOS,10.740267515182495,12.535609,3.513105853520565,+0.722391->-3.343849,0.7223913084334556,0.7223913084334556,-3.343848747378833,0.6965650344849995,-6.648001002793627,1,-0.6144914775150782,-0.6144914775150782,11.100267515182487,11.100267515182487,11.100267515182487,11.100267515182487,,11.100267515182487,0.84,0.84,0.8300000000000001,0.0,28.507449430611835,74.5314273766317,318.98515834227686,False,0.4660493085398236,2.7181980999601043
20260927_103759_1243248,u1e2,0,85,SIDE_PLUS,1790476698.2187166,10.868041515350342,1790476698.3587165,False,True,False,False,,False,,,SIDE_DISPATCH|RAW_SEED_ATTEMPT|PRE_TIMING_SEED|TIMED_SEED|SEED_ELIGIBILITY|PRE_LOS|POST_LOS|SOLVER_OK|FINAL_INPUT|JOINT_SEED|PREFLIGHT_REJECT,PREFLIGHT_REJECT,DYNAMICS_FAIL,,,0.0,0.0,0.0,-1790476687.350675,-1790476687.350675,-1790476687.350675,0,PRE_LOS,11.008041381835938,12.535609,3.230198107163584,+0.394255->-2.065719,0.394254949935774,0.394254949935774,-2.0657192483058484,0.3675015870947162,-1.354000025547193,1,-0.6286468712087647,-0.6286468712087647,11.908041381835918,11.908041381835918,11.908041381835918,11.908041381835918,11.908041381835918,11.908041381835918,0.9,0.9,0.9,0.0,1.469503514785721,0.7189918896814155,3.1722521614211634,True,0.5906667353051365,4.323810243720004,20260927_103759_1243248,SIDE_PLUS,1790476698.2187166,10.868041515350342,1790476698.3587165,False,True,False,False,,False,,,SIDE_DISPATCH|RAW_SEED_ATTEMPT|PRE_TIMING_SEED|TIMED_SEED|SEED_ELIGIBILITY|PRE_LOS|POST_LOS|SOLVER_OK|FINAL_INPUT|JOINT_SEED|PREFLIGHT_REJECT,PREFLIGHT_REJECT,DYNAMICS_FAIL,,,0.0,0.0,0.0,-1790476687.350675,-1790476687.350675,-1790476687.350675,0,POST_LOS,11.008041381835938,12.535609,3.230198107163584,+0.394255->+1.426176,0.394254949935774,0.394254949935774,1.4261755795345723,0.3675015870947162,7.0749052995593456,0,-0.5095259098570291,-0.5095259098570291,,,,,,,0.93,0.93,0.93,0.0,12.67986645335058,35.236599409065846,189.2620808847963,False,0.5906667353051365,4.941540064069835
20260927_103759_1243248,u1e2,0,86,SIDE_MINUS,1790476698.2187166,10.868041515350342,1790476698.3587165,False,True,False,False,,False,,,SIDE_DISPATCH|RAW_SEED_ATTEMPT|PRE_TIMING_SEED|TIMED_SEED|SEED_ELIGIBILITY|PRE_LOS|POST_LOS|SOLVER_OK|FINAL_INPUT|JOINT_SEED|PREFLIGHT_REJECT,PREFLIGHT_REJECT,DYNAMICS_FAIL,,,0.0,0.0,0.0,-1790476687.350675,-1790476687.350675,-1790476687.350675,0,PRE_LOS,11.008041381835938,12.535609,3.396938089826746,+0.394255->-2.012748,0.394254949935774,0.394254949935774,-2.012747834797778,0.3675015870947162,-1.2781975745337324,1,-0.6284745156704695,-0.6284745156704695,11.908041381835918,11.908041381835918,11.908041381835918,11.908041381835918,11.908041381835918,11.908041381835918,0.9,0.9,0.9,0.0,1.3438235808690355,0.7189918896814155,2.46799811005251,True,0.5906667353051365,4.321484385431236,20260927_103759_1243248,SIDE_MINUS,1790476698.2187166,10.868041515350342,1790476698.3587165,False,True,False,False,,False,,,SIDE_DISPATCH|RAW_SEED_ATTEMPT|PRE_TIMING_SEED|TIMED_SEED|SEED_ELIGIBILITY|PRE_LOS|POST_LOS|SOLVER_OK|FINAL_INPUT|JOINT_SEED|PREFLIGHT_REJECT,PREFLIGHT_REJECT,DYNAMICS_FAIL,,,0.0,0.0,0.0,-1790476687.350675,-1790476687.350675,-1790476687.350675,0,POST_LOS,11.008041381835938,12.535609,3.396938089826746,+0.394255->-5.209844,0.394254949935774,0.394254949935774,-5.209843793488462,0.3675015870947162,-12.776948302110434,1,-0.6275938750524596,-0.6275938750524596,11.32804138183593,11.32804138183593,11.32804138183593,11.32804138183593,,11.32804138183593,0.54,0.54,0.47,0.0,26.006941219387382,72.96910810960111,339.4933735727687,False,0.5897429520460109,2.527075424465596
20260927_103759_1243248,u1e2,0,88,SIDE_PLUS,1790476698.479532,11.128856897354126,1790476698.619532,False,True,False,False,,False,,,SIDE_DISPATCH|RAW_SEED_ATTEMPT|PRE_TIMING_SEED|TIMED_SEED|SEED_ELIGIBILITY|PRE_LOS|POST_LOS|SOLVER_OK|FINAL_INPUT|JOINT_SEED|PREFLIGHT_REJECT,PREFLIGHT_REJECT,DYNAMICS_FAIL,,,0.0,0.0,0.0,-1790476687.350675,-1790476687.350675,-1790476687.350675,0,PRE_LOS,11.268856763839722,12.535609,3.1945029159157943,-0.074977->-2.033166,-0.0749768220696585,-0.0749768220696585,-2.033166466383292,-0.0848066015968704,-1.605026919851553,0,-0.5944173006312905,-0.5944173006312905,11.908856763839708,11.908856763839708,11.908856763839708,11.908856763839708,11.908856763839708,11.908856763839708,0.64,0.64,0.64,0.0,1.4696067916324886,0.6995797452826665,3.3497485136698653,True,0.6521599519478158,4.323569685704233,20260927_103759_1243248,SIDE_PLUS,1790476698.479532,11.128856897354126,1790476698.619532,False,True,False,False,,False,,,SIDE_DISPATCH|RAW_SEED_ATTEMPT|PRE_TIMING_SEED|TIMED_SEED|SEED_ELIGIBILITY|PRE_LOS|POST_LOS|SOLVER_OK|FINAL_INPUT|JOINT_SEED|PREFLIGHT_REJECT,PREFLIGHT_REJECT,DYNAMICS_FAIL,,,0.0,0.0,0.0,-1790476687.350675,-1790476687.350675,-1790476687.350675,0,POST_LOS,11.268856763839722,12.535609,3.1945029159157943,-0.074977->+4.143332,-0.0749768220696585,-0.0749768220696585,4.143332039819881,-0.0848066015968704,11.854100756643025,1,-0.6248456811373749,-0.6248456811373749,,,,,,,0.67,0.67,0.67,0.0,18.529772792569027,53.97812529899966,297.5836985104837,False,0.6521599519478158,4.722635843080133
20260927_103759_1243248,u1e2,0,89,SIDE_MINUS,1790476698.479532,11.128856897354126,1790476698.619532,False,True,False,False,,False,,,SIDE_DISPATCH|RAW_SEED_ATTEMPT|PRE_TIMING_SEED|TIMED_SEED|SEED_ELIGIBILITY|PRE_LOS|POST_LOS|SOLVER_OK|FINAL_INPUT|JOINT_SEED|PREFLIGHT_REJECT,PREFLIGHT_REJECT,DYNAMICS_FAIL,,,0.0,0.0,0.0,-1790476687.350675,-1790476687.350675,-1790476687.350675,0,PRE_LOS,11.268856763839722,12.535609,3.3617961155224454,-0.074977->-2.004403,-0.0749768220696585,-0.0749768220696585,-2.0044034652247187,-0.0848066015968704,-1.554312152528788,0,-0.5944173006312905,-0.5944173006312905,11.908856763839708,11.908856763839708,11.908856763839708,11.908856763839708,11.908856763839708,11.908856763839708,0.64,0.64,0.64,0.0,1.3422293037991295,0.6186882432427158,2.588031872804611,True,0.6521599519478158,4.326151902982756,20260927_103759_1243248,SIDE_MINUS,1790476698.479532,11.128856897354126,1790476698.619532,False,True,False,False,,False,,,SIDE_DISPATCH|RAW_SEED_ATTEMPT|PRE_TIMING_SEED|TIMED_SEED|SEED_ELIGIBILITY|PRE_LOS|POST_LOS|SOLVER_OK|FINAL_INPUT|JOINT_SEED|PREFLIGHT_REJECT,PREFLIGHT_REJECT,DYNAMICS_FAIL,,,0.0,0.0,0.0,-1790476687.350675,-1790476687.350675,-1790476687.350675,0,POST_LOS,11.268856763839722,12.535609,3.3617961155224454,-0.074977->-5.813795,-0.0749768220696585,-0.0749768220696585,-5.813795198110769,-0.0848066015968704,-12.398029250352495,0,-0.5944173006312905,-0.5944173006312905,11.568856763839715,11.568856763839715,11.568856763839715,11.568856763839715,,11.568856763839715,0.3,0.3,0.3,0.0,20.01559429539638,57.534644772865306,275.3494813164298,False,0.6521599519478158,2.111040097667521
20260927_103759_1243248,u1e2,0,91,SIDE_PLUS,1790476698.7699206,11.419245481491089,1790476698.9099205,False,True,False,False,,False,,,SIDE_DISPATCH|RAW_SEED_ATTEMPT|PRE_TIMING_SEED|TIMED_SEED|SEED_ELIGIBILITY|PRE_LOS|POST_LOS|SOLVER_OK|FINAL_INPUT|JOINT_SEED|PREFLIGHT_REJECT,PREFLIGHT_REJECT,DYNAMICS_FAIL,,,0.0,0.0,0.0,-1790476687.350675,-1790476687.350675,-1790476687.350675,0,PRE_LOS,11.559245347976685,12.535609,3.155403523445031,-0.654028->-2.009260,-0.6540279757980996,-0.6540279757980996,-2.009259937925754,-0.6841106983495056,-1.8584959452595475,0,-0.3322183504209885,-0.3322183504209885,11.909245347976675,11.909245347976675,11.909245347976675,11.909245347976675,11.909245347976675,11.909245347976675,0.35,0.35,0.35,0.0,1.450587509968806,0.6910189846768748,3.386716128529533,True,0.7573760955221582,4.325466348384945,20260927_103759_1243248,SIDE_PLUS,1790476698.7699206,11.419245481491089,1790476698.9099205,False,True,False,False,,False,,,SIDE_DISPATCH|RAW_SEED_ATTEMPT|PRE_TIMING_SEED|TIMED_SEED|SEED_ELIGIBILITY|PRE_LOS|POST_LOS|SOLVER_OK|FINAL_INPUT|JOINT_SEED|PREFLIGHT_REJECT,PREFLIGHT_REJECT,DYNAMICS_FAIL,,,0.0,0.0,0.0,-1790476687.350675,-1790476687.350675,-1790476687.350675,0,POST_LOS,11.559245347976685,12.535609,3.155403523445031,-0.654028->+9.763970,-0.6540279757980996,-0.6540279757980996,9.76396981362965,-0.6841106983495056,3.810880923176166,1,-0.3322183504209885,-0.3322183504209885,11.929245347976677,11.929245347976677,,,,,0.37,0.37,0.37,0.0,20.169592166115336,58.79760401531468,333.92777952951724,False,-0.053792523183605,0.7449427656369136
20260927_103759_1243248,u1e2,0,92,SIDE_MINUS,1790476698.7699206,11.419245481491089,1790476698.9099205,False,True,False,False,,False,,,SIDE_DISPATCH|RAW_SEED_ATTEMPT|PRE_TIMING_SEED|TIMED_SEED|SEED_ELIGIBILITY|PRE_LOS|POST_LOS|SOLVER_OK|FINAL_INPUT|JOINT_SEED|PREFLIGHT_REJECT,PREFLIGHT_REJECT,DYNAMICS_FAIL,,,0.0,0.0,0.0,-1790476687.350675,-1790476687.350675,-1790476687.350675,0,PRE_LOS,11.559245347976685,12.535609,3.3219084911470347,-0.654028->-2.000086,-0.6540279757980996,-0.6540279757980996,-2.0000864445060045,-0.6841106983495056,-1.8363602355424904,0,-0.3322183504209885,-0.3322183504209885,11.909245347976675,11.909245347976675,11.909245347976675,11.909245347976675,11.909245347976675,11.909245347976675,0.35,0.35,0.35,0.0,1.321819812212266,0.529296019183237,2.6104888180027657,True,0.7573760955221582,4.328577148041997,20260927_103759_1243248,SIDE_MINUS,1790476698.7699206,11.419245481491089,1790476698.9099205,False,True,False,False,,False,,,SIDE_DISPATCH|RAW_SEED_ATTEMPT|PRE_TIMING_SEED|TIMED_SEED|SEED_ELIGIBILITY|PRE_LOS|POST_LOS|SOLVER_OK|FINAL_INPUT|JOINT_SEED|PREFLIGHT_REJECT,PREFLIGHT_REJECT,DYNAMICS_FAIL,,,0.0,0.0,0.0,-1790476687.350675,-1790476687.350675,-1790476687.350675,0,POST_LOS,11.559245347976685,12.535609,3.3219084911470347,-0.654028->-4.158776,-0.6540279757980996,-0.6540279757980996,-4.158775938866781,-0.6841106983495056,-7.041277122256666,0,-0.3322183504209885,-0.3322183504209885,11.79924534797668,11.79924534797668,11.79924534797668,11.79924534797668,11.79924534797668,11.79924534797668,0.24,0.24,0.24,0.0,11.432724736937349,34.17288246234468,166.76382323484498,False,0.7573760955221582,2.7134383206955546
20260927_103759_1243248,u1e2,0,94,SIDE_PLUS,1790476699.048902,11.698226928710938,1790476699.188902,False,True,False,False,,False,,,SIDE_DISPATCH|RAW_SEED_ATTEMPT|PRE_TIMING_SEED|TIMED_SEED|SEED_ELIGIBILITY|PRE_LOS|POST_LOS|SOLVER_OK|FINAL_INPUT|JOINT_SEED|PREFLIGHT_REJECT,PREFLIGHT_REJECT,DYNAMICS_FAIL,,,0.0,0.0,0.0,-1790476687.350675,-1790476687.350675,-1790476687.350675,0,PRE_LOS,11.838226795196531,12.535609,3.160568761218461,-1.189977->-1.999113,-1.1899768955470016,-1.1899768955470016,-1.9991130985501715,-1.2350349119283954,-2.016133194358277,0,-0.0814329631374622,-0.0814329631374622,11.908226795196532,11.908226795196532,11.908226795196532,11.908226795196532,11.908226795196532,11.908226795196532,0.07,0.07,0.07,0.0,1.407920116126056,0.6484526118105689,3.2299145199210755,True,0.9148801423099956,4.329085803074254,20260927_103759_1243248,SIDE_PLUS,1790476699.048902,11.698226928710938,1790476699.188902,False,True,False,False,,False,,,SIDE_DISPATCH|RAW_SEED_ATTEMPT|PRE_TIMING_SEED|TIMED_SEED|SEED_ELIGIBILITY|PRE_LOS|POST_LOS|SOLVER_OK|FINAL_INPUT|JOINT_SEED|PREFLIGHT_REJECT,PREFLIGHT_REJECT,DYNAMICS_FAIL,,,0.0,0.0,0.0,-1790476687.350675,-1790476687.350675,-1790476687.350675,0,POST_LOS,11.838226795196531,12.535609,3.160568761218461,-1.189977->+5.976671,-1.1899768955470016,-1.1899768955470016,5.97667082585412,-1.2350349119283954,3.6264126230944114,1,-0.0814329631374622,-0.0814329631374622,11.918226795196531,11.918226795196531,,11.918226795196531,,,0.08,0.08,0.08,0.0,22.673038426439515,66.98819394490299,386.4048005120677,False,0.1489444693255265,0.5171315006416328
20260927_103759_1243248,u1e2,0,95,SIDE_MINUS,1790476699.048902,11.698226928710938,1790476699.188902,True,True,False,False,,False,,,SIDE_DISPATCH|RAW_SEED_ATTEMPT|PRE_TIMING_SEED|TIMED_SEED|SEED_ELIGIBILITY|PRE_LOS|POST_LOS|SOLVER_OK|FINAL_INPUT|JOINT_SEED|COMPARATOR_LOSS,,,,OPPONENT_D3_LOWER,1.0,0.6666666666666666,0.0714030849090955,11.838226795196531,12.049324750900269,13.838226795196531,0,PRE_LOS,11.838226795196531,12.535609,3.324458654066259,-1.189977->-1.998889,-1.1899768955470016,-1.1899768955470016,-1.9988887759406213,-1.2350349119283954,-2.01141868266581,0,-0.0814329631374622,-0.0814329631374622,11.908226795196532,11.908226795196532,11.908226795196532,11.908226795196532,11.908226795196532,11.908226795196532,0.07,0.07,0.07,0.0,1.2836901499110105,0.4932133550202797,2.4818975880834118,True,0.9148801423099956,4.330215047057941,20260927_103759_1243248,SIDE_MINUS,1790476699.048902,11.698226928710938,1790476699.188902,True,True,False,False,,False,,,SIDE_DISPATCH|RAW_SEED_ATTEMPT|PRE_TIMING_SEED|TIMED_SEED|SEED_ELIGIBILITY|PRE_LOS|POST_LOS|SOLVER_OK|FINAL_INPUT|JOINT_SEED|COMPARATOR_LOSS,,,,OPPONENT_D3_LOWER,1.0,0.6666666666666666,0.0714030849090955,11.838226795196531,12.049324750900269,13.838226795196531,0,POST_LOS,11.838226795196531,12.535609,3.324458654066259,-1.189977->-1.998889,-1.1899768955470016,-1.1899768955470016,-1.9988887759406213,-1.2350349119283954,-2.01141868266581,0,-0.0814329631374622,-0.0814329631374622,11.908226795196532,11.908226795196532,11.908226795196532,11.908226795196532,11.908226795196532,11.908226795196532,0.07,0.07,0.07,0.0,1.2836901499110107,0.4932133550202889,2.481897588083487,True,0.9148801423099956,4.330215047057941
20260927_103759_1243248,u1e3,0,136,SIDE_PLUS,1790476710.14392,22.7932448387146,1790476710.2839198,False,True,False,False,,False,,,SIDE_DISPATCH|RAW_SEED_ATTEMPT|PRE_TIMING_SEED|TIMED_SEED|SEED_ELIGIBILITY|PRE_LOS|POST_LOS|SOLVER_OK|FINAL_INPUT|JOINT_SEED|HANDOFF_REJECT,HANDOFF_REJECT,MISSED_FROZEN_ACTIVATION,,,0.0,0.0,0.0,-1790476687.350675,-1790476687.350675,-1790476687.350675,0,PRE_LOS,22.933244705200195,26.44553383224413,3.5122891270439345,+1.280922->-2.229345,1.2809215274560948,0.6227430342902899,-2.229345202406464,1.5674559927857372,-0.2490905957686888,1,-0.6268823205581466,-0.6268823205581466,26.173244705200705,26.173244705200705,,26.173244705200705,,,1.17,1.17,1.17,0.0,1.4636927711157657,0.7551774433975367,3.645844092818221,True,0.4297717979103289,4.340935176193375,20260927_103759_1243248,SIDE_PLUS,1790476710.14392,22.7932448387146,1790476710.2839198,False,True,False,False,,False,,,SIDE_DISPATCH|RAW_SEED_ATTEMPT|PRE_TIMING_SEED|TIMED_SEED|SEED_ELIGIBILITY|PRE_LOS|POST_LOS|SOLVER_OK|FINAL_INPUT|JOINT_SEED|HANDOFF_REJECT,HANDOFF_REJECT,MISSED_FROZEN_ACTIVATION,,,0.0,0.0,0.0,-1790476687.350675,-1790476687.350675,-1790476687.350675,0,POST_LOS,22.933244705200195,26.44553383224413,3.5122891270439345,+1.280922->-2.229345,1.2809215274560948,0.6227430342902899,-2.229345202406464,1.5674559927857372,-0.2490905957686888,1,-0.6268823205581466,-0.6268823205581466,26.173244705200705,26.173244705200705,,26.173244705200705,,,1.17,1.17,1.17,0.0,1.4636927711157657,0.7551774433975367,3.645844092818221,True,0.4297717979103289,4.340935176193375
20260927_103759_1243248,u1e3,0,139,SIDE_PLUS,1790476710.280585,22.9299099445343,1790476710.4291785,False,True,False,False,,False,,,SIDE_DISPATCH|RAW_SEED_ATTEMPT|PRE_TIMING_SEED|TIMED_SEED|SEED_ELIGIBILITY|PRE_LOS|POST_LOS|SOLVER_OK|FINAL_INPUT|JOINT_SEED|HANDOFF_REJECT,HANDOFF_REJECT,MISSED_FROZEN_ACTIVATION,,,0.0,0.0,0.0,-1790476687.350675,-1790476687.350675,-1790476687.350675,0,PRE_LOS,23.078503370285038,26.475504876653456,3.397001506368422,+1.302162->-2.246207,1.3021618267075914,0.6481428048705494,-2.2462068956610497,1.5560725213518278,-0.2759681650659275,1,-0.6261435915358504,-0.6261435915358504,26.17850337028552,26.17850337028552,,26.17850337028552,,,1.17,1.17,1.17,0.0,1.45185740479981,0.7486236813760069,3.659981947464777,True,0.4384276171732922,4.348650785368725,20260927_103759_1243248,SIDE_PLUS,1790476710.280585,22.9299099445343,1790476710.4291785,False,True,False,False,,False,,,SIDE_DISPATCH|RAW_SEED_ATTEMPT|PRE_TIMING_SEED|TIMED_SEED|SEED_ELIGIBILITY|PRE_LOS|POST_LOS|SOLVER_OK|FINAL_INPUT|JOINT_SEED|HANDOFF_REJECT,HANDOFF_REJECT,MISSED_FROZEN_ACTIVATION,,,0.0,0.0,0.0,-1790476687.350675,-1790476687.350675,-1790476687.350675,0,POST_LOS,23.078503370285038,26.475504876653456,3.397001506368422,+1.302162->-2.246207,1.3021618267075914,0.6481428048705494,-2.2462068956610497,1.5560725213518278,-0.2759681650659275,1,-0.6261435915358504,-0.6261435915358504,26.17850337028552,26.17850337028552,,26.17850337028552,,,1.17,1.17,1.17,0.0,1.45185740479981,0.7486236813760069,3.659981947464777,True,0.4384276171732922,4.348650785368725
20260927_103759_1243248,u1e3,0,142,SIDE_PLUS,1790476710.4063191,23.055644035339355,1790476710.5615084,False,True,False,False,,False,,,SIDE_DISPATCH|RAW_SEED_ATTEMPT|PRE_TIMING_SEED|TIMED_SEED|SEED_ELIGIBILITY|PRE_LOS|POST_LOS|SOLVER_OK|FINAL_INPUT|JOINT_SEED|HANDOFF_REJECT,HANDOFF_REJECT,MISSED_FROZEN_ACTIVATION,,,0.0,0.0,0.0,-1790476687.350675,-1790476687.350675,-1790476687.350675,0,PRE_LOS,23.210833311080933,26.631127576639905,3.4202942655589714,+1.312886->-2.479560,1.3128858511503014,0.6878789154606061,-2.479559579797169,1.5390577375698475,-0.388021288319835,1,-0.6248529457546121,-0.6248529457546121,26.1808333110814,26.1808333110814,26.1808333110814,26.1808333110814,,26.1808333110814,1.17,1.17,1.17,0.0,1.4551305387390914,0.7304212411604817,3.45938622286447,True,0.469254566498215,4.202356965946829,20260927_103759_1243248,SIDE_PLUS,1790476710.4063191,23.055644035339355,1790476710.5615084,False,True,False,False,,False,,,SIDE_DISPATCH|RAW_SEED_ATTEMPT|PRE_TIMING_SEED|TIMED_SEED|SEED_ELIGIBILITY|PRE_LOS|POST_LOS|SOLVER_OK|FINAL_INPUT|JOINT_SEED|HANDOFF_REJECT,HANDOFF_REJECT,MISSED_FROZEN_ACTIVATION,,,0.0,0.0,0.0,-1790476687.350675,-1790476687.350675,-1790476687.350675,0,POST_LOS,23.210833311080933,26.631127576639905,3.4202942655589714,+1.312886->-2.479560,1.3128858511503014,0.6878789154606056,-2.479559579797169,1.5390577375698475,-0.388021288319835,1,-0.6248529457546121,-0.6248529457546121,26.1808333110814,26.1808333110814,26.1808333110814,26.1808333110814,,26.1808333110814,1.17,1.17,1.17,0.0,1.4551305387390916,0.7304212411604817,3.459386222864468,True,0.469254566498215,4.202356965946829
20260927_103759_1243248,u1e3,0,148,SIDE_PLUS,1790476710.6280866,23.277411460876465,1790476710.7918167,False,True,False,False,,False,,,SIDE_DISPATCH|RAW_SEED_ATTEMPT|PRE_TIMING_SEED|TIMED_SEED|SEED_ELIGIBILITY|PRE_LOS|POST_LOS|SOLVER_OK|FINAL_INPUT|JOINT_SEED|HANDOFF_REJECT,HANDOFF_REJECT,MISSED_FROZEN_ACTIVATION,,,0.0,0.0,0.0,-1790476687.350675,-1790476687.350675,-1790476687.350675,0,PRE_LOS,23.4411416053772,26.59770750486818,3.156565899490981,+1.328623->-2.467332,1.3286228548147323,0.6542502101764723,-2.4673322588896776,1.4933985802001295,-0.4075170251196932,1,-0.6292508177373974,-0.6292508177373974,26.171141605377624,26.171141605377624,26.171141605377624,26.171141605377624,,26.171141605377624,1.16,1.16,1.16,0.0,1.4451885006343694,0.7280850120917632,3.5227389343642,True,0.4728913115761686,4.20543697654185,20260927_103759_1243248,SIDE_PLUS,1790476710.6280866,23.277411460876465,1790476710.7918167,False,True,False,False,,False,,,SIDE_DISPATCH|RAW_SEED_ATTEMPT|PRE_TIMING_SEED|TIMED_SEED|SEED_ELIGIBILITY|PRE_LOS|POST_LOS|SOLVER_OK|FINAL_INPUT|JOINT_SEED|HANDOFF_REJECT,HANDOFF_REJECT,MISSED_FROZEN_ACTIVATION,,,0.0,0.0,0.0,-1790476687.350675,-1790476687.350675,-1790476687.350675,0,POST_LOS,23.4411416053772,26.59770750486818,3.156565899490981,+1.328623->-2.467332,1.3286228548147323,0.6542502101764716,-2.4673322588896776,1.4933985802001295,-0.4075170251196932,1,-0.6292508177373971,-0.6292508177373971,26.171141605377624,26.171141605377624,26.171141605377624,26.171141605377624,,26.171141605377624,1.16,1.16,1.16,0.0,1.4451885006343694,0.728085012091763,3.5227389343642,True,0.4728913115761677,4.20543697654185
20260927_103759_1243248,u1e3,0,151,SIDE_PLUS,1790476710.747843,23.397167921066284,1790476710.9161046,True,True,True,True,85.0,True,23.602081,23.836,SIDE_DISPATCH|RAW_SEED_ATTEMPT|PRE_TIMING_SEED|TIMED_SEED|SEED_ELIGIBILITY|PRE_LOS|POST_LOS|SOLVER_OK|FINAL_INPUT|JOINT_SEED|COMPARATOR_WIN|SELECTED|COMMITTED,,,,,0.0,0.0,0.0,-1790476687.350675,-1790476687.350675,25.56542944908142,0,PRE_LOS,23.56542944908142,26.872067,3.4618837521373487,+1.329284->-2.698357,1.3292839872026931,0.7642777017092536,-2.6983574213483768,1.4510785111730036,-0.457018030312647,1,-0.6290155361617791,-0.6290155361617791,26.205429449081837,26.205429449081837,26.205429449081837,26.205429449081837,26.205429449081837,26.205429449081837,1.2,1.2,1.2,0.0,1.3706648615859671,0.5697229718517542,2.44239362318347,True,0.5491286868085443,4.005918331570493,20260927_103759_1243248,SIDE_PLUS,1790476710.747843,23.397167921066284,1790476710.9161046,True,True,True,True,85.0,True,23.602081,23.836,SIDE_DISPATCH|RAW_SEED_ATTEMPT|PRE_TIMING_SEED|TIMED_SEED|SEED_ELIGIBILITY|PRE_LOS|POST_LOS|SOLVER_OK|FINAL_INPUT|JOINT_SEED|COMPARATOR_WIN|SELECTED|COMMITTED,,,,,0.0,0.0,0.0,-1790476687.350675,-1790476687.350675,25.56542944908142,0,POST_LOS,23.56542944908142,26.872067,3.4618837521373487,+1.329284->-2.698357,1.3292839872026931,0.7642777017092536,-2.6983574213483768,1.4510785111730036,-0.457018030312647,1,-0.6290155361617791,-0.6290155361617791,26.205429449081837,26.205429449081837,26.205429449081837,26.205429449081837,26.205429449081837,26.205429449081837,1.2,1.2,1.2,0.0,1.3706648615859671,0.5697229718517542,2.44239362318347,True,0.5491286868085443,4.005918331570493
20260927_103759_1243248,u1e3,0,154,SIDE_PLUS,1790476711.0089612,23.658286094665527,1790476711.171348,False,True,False,False,,False,,,SIDE_DISPATCH|RAW_SEED_ATTEMPT|PRE_TIMING_SEED|TIMED_SEED|SEED_ELIGIBILITY|PRE_LOS|POST_LOS|SOLVER_OK|FINAL_INPUT|JOINT_SEED|PREFLIGHT_REJECT,PREFLIGHT_REJECT,DYNAMICS_FAIL,,,0.0,0.0,0.0,-1790476687.350675,-1790476687.350675,-1790476687.350675,0,PRE_LOS,23.8206729888916,26.872067,3.536453955344238,+1.312884->-2.564661,1.3128844090443117,0.8082165549289295,-2.5646611324279123,1.3812916855158324,-0.430311569550682,1,-0.6289579052933116,-0.6289579052933116,26.270672988891985,26.270672988891985,26.270672988891985,26.270672988891985,26.270672988891985,26.270672988891985,1.26,1.26,1.26,0.0,1.3345594543109325,0.5118667201041239,2.1754518200552933,True,0.5209395997693254,4.124693181101564,20260927_103759_1243248,SIDE_PLUS,1790476711.0089612,23.658286094665527,1790476711.171348,False,True,False,False,,False,,,SIDE_DISPATCH|RAW_SEED_ATTEMPT|PRE_TIMING_SEED|TIMED_SEED|SEED_ELIGIBILITY|PRE_LOS|POST_LOS|SOLVER_OK|FINAL_INPUT|JOINT_SEED|PREFLIGHT_REJECT,PREFLIGHT_REJECT,DYNAMICS_FAIL,,,0.0,0.0,0.0,-1790476687.350675,-1790476687.350675,-1790476687.350675,0,POST_LOS,23.8206729888916,26.872067,3.536453955344238,+1.312884->-2.445415,1.3128844090443117,0.7690054904610578,-2.44541549716268,1.3812916855158324,-0.2011091051502314,1,-0.6271680140324712,-0.6271680140324712,26.510672988892026,26.510672988892026,26.510672988892026,26.510672988892026,,26.510672988892026,1.27,1.27,1.27,0.0,2.570350346988853,4.15192530387192,24.17904805326354,False,0.4650135685649326,4.369920967547039
20260927_103759_1243248,u1e3,0,181,SIDE_MINUS,1790476713.2408755,25.89020037651062,1790476713.380875,False,True,False,False,,False,,,SIDE_DISPATCH|RAW_SEED_ATTEMPT|PRE_TIMING_SEED|TIMED_SEED|SEED_ELIGIBILITY|PRE_LOS|POST_LOS|SOLVER_OK|FINAL_INPUT|JOINT_SEED|PREFLIGHT_REJECT,PREFLIGHT_REJECT,DYNAMICS_FAIL,,,0.0,0.0,0.0,-1790476687.350675,-1790476687.350675,-1790476687.350675,0,PRE_LOS,26.030200242996216,26.872067,3.2025227334195248,-0.851529->-1.993973,-0.8515294268171718,-0.8515294268171718,-1.9939730980220127,-0.9071609339820228,-1.932663133773472,0,-0.2547345429069369,-0.2547345429069369,26.28020024299625,26.28020024299625,26.28020024299625,26.28020024299625,26.28020024299625,26.28020024299625,0.25,0.25,0.25,0.0,1.3409991237940102,0.5377644588366184,2.6333891680056203,True,0.7842068033848308,4.173807493085834,20260927_103759_1243248,SIDE_MINUS,1790476713.2408755,25.89020037651062,1790476713.380875,False,True,False,False,,False,,,SIDE_DISPATCH|RAW_SEED_ATTEMPT|PRE_TIMING_SEED|TIMED_SEED|SEED_ELIGIBILITY|PRE_LOS|POST_LOS|SOLVER_OK|FINAL_INPUT|JOINT_SEED|PREFLIGHT_REJECT,PREFLIGHT_REJECT,DYNAMICS_FAIL,,,0.0,0.0,0.0,-1790476687.350675,-1790476687.350675,-1790476687.350675,0,POST_LOS,26.030200242996216,26.872067,3.2025227334195248,-0.851529->-3.383459,-0.8515294268171718,-0.8515294268171718,-3.383458996410454,-0.9071609339820228,-4.69316241411276,0,-0.2547345429069369,-0.2547345429069369,26.24020024299625,26.24020024299625,26.24020024299625,26.24020024299625,26.24020024299625,26.24020024299625,0.21,0.21,0.21,0.0,7.184006442301904,23.34614888346128,119.93252832128516,False,0.7842068033848308,1.4918422555317905
20260927_103759_1243248,u1e3,0,182,SIDE_PLUS,1790476713.2408755,25.89020037651062,1790476713.380875,False,True,False,False,,False,,,SIDE_DISPATCH|RAW_SEED_ATTEMPT|PRE_TIMING_SEED|TIMED_SEED|SEED_ELIGIBILITY|PRE_LOS|POST_LOS|SOLVER_OK|FINAL_INPUT|JOINT_SEED|PREFLIGHT_REJECT,PREFLIGHT_REJECT,DYNAMICS_FAIL,,,0.0,0.0,0.0,-1790476687.350675,-1790476687.350675,-1790476687.350675,0,PRE_LOS,26.030200242996216,26.872067,3.0090697097581964,-0.851529->-2.002477,-0.8515294268171718,-0.8515294268171718,-2.002476752152351,-0.9071609339820228,-1.9526989473803549,0,-0.2547345429069369,-0.2547345429069369,26.28020024299625,26.28020024299625,26.28020024299625,26.28020024299625,26.28020024299625,26.28020024299625,0.25,0.25,0.25,0.0,1.5040248320030176,0.732224841390842,3.5036970243772174,True,0.7842068033848308,4.1516774238384055,20260927_103759_1243248,SIDE_PLUS,1790476713.2408755,25.89020037651062,1790476713.380875,False,True,False,False,,False,,,SIDE_DISPATCH|RAW_SEED_ATTEMPT|PRE_TIMING_SEED|TIMED_SEED|SEED_ELIGIBILITY|PRE_LOS|POST_LOS|SOLVER_OK|FINAL_INPUT|JOINT_SEED|PREFLIGHT_REJECT,PREFLIGHT_REJECT,DYNAMICS_FAIL,,,0.0,0.0,0.0,-1790476687.350675,-1790476687.350675,-1790476687.350675,0,POST_LOS,26.030200242996216,26.872067,3.0090697097581964,-0.851529->+8.702392,-0.8515294268171718,-0.8515294268171718,8.70239238072378,-0.9071609339820228,3.9531717496616254,1,-0.2547345429069369,-0.2547345429069369,26.28020024299625,26.28020024299625,,,,,0.25,0.25,0.25,0.0,22.282795942312912,65.59365454566553,407.4237147380663,False,0.1483902330958851,0.738511396699713
20260927_103759_1243248,u1e4,0,444,SIDE_PLUS,1790476743.919865,56.56918954849243,1790476744.0598643,True,False,False,False,,False,,,SIDE_DISPATCH|RAW_SEED_ATTEMPT|PRE_TIMING_SEED|TIMED_SEED|SEED_ELIGIBILITY|PRE_LOS|POST_LOS|SOLVER_OK|FINAL_INPUT|COMPARATOR_LOSS,,,,OPPONENT_D3_LOWER,1.0,0.3333333333333333,1.784618661648884,57.54932355880737,58.44932317733765,58.70918941497803,0,PRE_LOS,56.70918941497803,59.082308000000005,4.490353358333564,+0.283585->-1.350064,0.2835851744973773,0.2887782545106826,-1.3500637890098532,0.4514292307030254,-1.0644873638428922,1,-0.3567874669680182,-0.3567874669680182,58.27918941497772,58.27918941497772,58.27918941497772,58.27918941497772,58.27918941497772,58.27918941497772,0.5700000000000001,0.5700000000000001,0.5700000000000001,0.0,1.282983169204258,1.3741656100268598,5.041168933946049,True,1.2263660333204731,0.1485256314166304,20260927_103759_1243248,SIDE_PLUS,1790476743.919865,56.56918954849243,1790476744.0598643,True,False,False,False,,False,,,SIDE_DISPATCH|RAW_SEED_ATTEMPT|PRE_TIMING_SEED|TIMED_SEED|SEED_ELIGIBILITY|PRE_LOS|POST_LOS|SOLVER_OK|FINAL_INPUT|COMPARATOR_LOSS,,,,OPPONENT_D3_LOWER,1.0,0.3333333333333333,1.784618661648884,57.54932355880737,58.44932317733765,58.70918941497803,0,POST_LOS,56.70918941497803,59.082308000000005,4.490353358333564,+0.283585->-1.238134,0.2835851744973773,0.530676333380522,-1.2381341269724404,0.4514292307030254,-0.932412023157332,1,-0.3582426885355455,-0.3582426885355455,57.70918941497783,57.70918941497783,58.51918941497767,58.51918941497767,58.51918941497767,58.51918941497767,0.66,0.66,0.66,0.0,1.3787468924646973,1.645939601613213,2.709157543757527,True,1.2263660333204731,0.2862761477969825
20260927_103759_1243248,u1e4,0,447,SIDE_PLUS,1790476744.2163208,56.86564564704895,1790476744.3563206,True,False,True,True,203.0,True,57.035377,57.303431,SIDE_DISPATCH|RAW_SEED_ATTEMPT|PRE_TIMING_SEED|TIMED_SEED|SEED_ELIGIBILITY|PRE_LOS|POST_LOS|SOLVER_OK|FINAL_INPUT|COMPARATOR_WIN|SELECTED|COMMITTED,,,,C3_HIGHER,1.0,0.3333333333333333,1.785198633345618,57.54932355880737,58.44932317733765,59.00564551353455,0,PRE_LOS,57.00564551353455,59.082308000000005,4.559426596966913,+0.469619->-1.194161,0.4696194506709399,0.302439887391787,-1.1941613168372904,0.5588665864892148,-1.0131465618711102,1,-0.358880038096271,-0.358880038096271,58.40564551353427,58.40564551353427,58.40564551353427,58.40564551353427,58.40564551353427,58.40564551353427,0.7000000000000001,0.7000000000000001,0.7000000000000001,0.0,1.216350325467853,1.4392438108887486,3.0829923592878714,True,1.4092433215530071,0.0986950784755112,20260927_103759_1243248,SIDE_PLUS,1790476744.2163208,56.86564564704895,1790476744.3563206,True,False,True,True,203.0,True,57.035377,57.303431,SIDE_DISPATCH|RAW_SEED_ATTEMPT|PRE_TIMING_SEED|TIMED_SEED|SEED_ELIGIBILITY|PRE_LOS|POST_LOS|SOLVER_OK|FINAL_INPUT|COMPARATOR_WIN|SELECTED|COMMITTED,,,,C3_HIGHER,1.0,0.3333333333333333,1.785198633345618,57.54932355880737,58.44932317733765,59.00564551353455,0,POST_LOS,57.00564551353455,59.082308000000005,4.559426596966913,+0.469619->-0.927113,0.4696194506709399,0.446348044277963,-0.9271126121042628,0.5588665864892148,-0.7129948869020528,1,-0.3578886009908134,-0.3578886009908134,57.70564551353441,57.70564551353441,58.7356455135342,58.7356455135342,,58.7356455135342,0.6900000000000001,0.6900000000000001,0.6900000000000001,0.0,1.663538363809245,1.8905335576953204,8.116897484953405,True,1.4092433215530071,0.2091836831980918
20260927_103759_1243248,u1e4,0,448,SIDE_MINUS,1790476744.2163208,56.86564564704895,1790476744.3563206,False,False,False,False,,False,,,SIDE_DISPATCH|RAW_SEED_ATTEMPT|PRE_TIMING_SEED|TIMED_SEED|SEED_ELIGIBILITY|PRE_LOS|POST_LOS|SOLVER_OK|FINAL_INPUT|PREFLIGHT_REJECT,PREFLIGHT_REJECT,DYNAMICS_FAIL,,,0.0,0.0,0.0,-1790476687.350675,-1790476687.350675,-1790476687.350675,0,PRE_LOS,57.00564551353455,59.082308000000005,4.559426596966913,+0.469619->-1.204744,0.4696194506709399,0.2109021361608755,-1.20474391680245,0.5588665864892148,-1.4578382435381332,1,-0.35639895301088,-0.35639895301088,58.20564551353431,58.20564551353431,58.20564551353431,58.20564551353431,58.20564551353431,58.20564551353431,0.5,0.5,0.5,0.0,1.216350325467853,1.614528363404106,4.0705323352206415,True,1.4092433215530071,-0.1443525925782781,20260927_103759_1243248,SIDE_MINUS,1790476744.2163208,56.86564564704895,1790476744.3563206,False,False,False,False,,False,,,SIDE_DISPATCH|RAW_SEED_ATTEMPT|PRE_TIMING_SEED|TIMED_SEED|SEED_ELIGIBILITY|PRE_LOS|POST_LOS|SOLVER_OK|FINAL_INPUT|PREFLIGHT_REJECT,PREFLIGHT_REJECT,DYNAMICS_FAIL,,,0.0,0.0,0.0,-1790476687.350675,-1790476687.350675,-1790476687.350675,0,POST_LOS,57.00564551353455,59.082308000000005,4.559426596966913,+0.469619->-2.646758,0.4696194506709399,-0.7209628580008772,-2.646757531520608,0.5588665864892148,-3.609819730057577,1,-0.3357437325019735,-0.3357437325019735,57.70564551353441,57.70564551353441,57.70564551353441,57.70564551353441,57.70564551353441,57.70564551353441,0.0,0.0,0.0,0.0,5.533465296393475,11.259100478541535,40.59283108851065,False,1.4092433215530071,-0.2557437325019735
20260927_103759_1243248,u1e4,0,450,SIDE_PLUS,1790476744.5038886,57.15321350097656,1790476744.6438885,True,False,False,False,,False,,,SIDE_DISPATCH|RAW_SEED_ATTEMPT|PRE_TIMING_SEED|TIMED_SEED|SEED_ELIGIBILITY|PRE_LOS|POST_LOS|SOLVER_OK|FINAL_INPUT|COMPARATOR_LOSS,,,,OPPONENT_C3_HIGHER,1.0,0.2307692307692307,2.991347519476708,57.54932355880737,58.84932279586792,59.29321336746216,0,PRE_LOS,57.29321336746216,59.082308000000005,4.661211299285959,+0.510862->-1.094767,0.5108623596917687,0.4070430504346551,-1.0947668467858538,0.527701590862323,-0.8636573428617174,1,-0.3595845430290542,-0.3595845430290542,58.53321336746191,58.53321336746191,58.53321336746191,58.53321336746191,58.53321336746191,58.53321336746191,0.78,0.78,0.78,0.0,1.1968011728133856,1.1017038145842983,3.0474506210790007,True,1.6667850227375458,0.1735433814570852,20260927_103759_1243248,SIDE_PLUS,1790476744.5038886,57.15321350097656,1790476744.6438885,True,False,False,False,,False,,,SIDE_DISPATCH|RAW_SEED_ATTEMPT|PRE_TIMING_SEED|TIMED_SEED|SEED_ELIGIBILITY|PRE_LOS|POST_LOS|SOLVER_OK|FINAL_INPUT|COMPARATOR_LOSS,,,,OPPONENT_C3_HIGHER,1.0,0.2307692307692307,2.991347519476708,57.54932355880737,58.84932279586792,59.29321336746216,0,POST_LOS,57.29321336746216,59.082308000000005,4.661211299285959,+0.510862->-0.695096,0.5108623596917687,0.4515240628497892,-0.6950956182420921,0.527701590862323,-0.383706831918726,1,-0.3568619269755064,-0.3568619269755064,57.70321336746208,57.70321336746208,,,,,0.67,0.67,0.67,0.0,1.772830430660957,1.9347308989356948,3.326138315280873,True,1.6667850227375458,0.2143144532201495
20260927_103759_1243248,u1e4,0,451,SIDE_MINUS,1790476744.5038886,57.15321350097656,1790476744.6438885,False,False,False,False,,False,,,SIDE_DISPATCH|RAW_SEED_ATTEMPT|PRE_TIMING_SEED|TIMED_SEED|SEED_ELIGIBILITY|PRE_LOS|POST_LOS|SOLVER_OK|FINAL_INPUT|PREFLIGHT_REJECT,PREFLIGHT_REJECT,DYNAMICS_FAIL,,,0.0,0.0,0.0,-1790476687.350675,-1790476687.350675,-1790476687.350675,0,PRE_LOS,57.29321336746216,59.082308000000005,3.828634547074584,+0.510862->-1.306192,0.5108623596917687,0.3854557841774996,-1.3061924489131715,0.527701590862323,-1.23846219442601,1,-0.355234209977005,-0.355234209977005,58.40321336746194,58.40321336746194,58.40321336746194,58.40321336746194,58.40321336746194,58.40321336746194,0.7000000000000001,0.7000000000000001,0.7000000000000001,0.0,1.3153604350110593,1.6194709924399922,6.52043265470011,True,1.6667850227375458,0.0659902232788489,20260927_103759_1243248,SIDE_MINUS,1790476744.5038886,57.15321350097656,1790476744.6438885,False,False,False,False,,False,,,SIDE_DISPATCH|RAW_SEED_ATTEMPT|PRE_TIMING_SEED|TIMED_SEED|SEED_ELIGIBILITY|PRE_LOS|POST_LOS|SOLVER_OK|FINAL_INPUT|PREFLIGHT_REJECT,PREFLIGHT_REJECT,DYNAMICS_FAIL,,,0.0,0.0,0.0,-1790476687.350675,-1790476687.350675,-1790476687.350675,0,POST_LOS,57.29321336746216,59.082308000000005,3.828634547074584,+0.510862->-2.587378,0.5108623596917687,-0.2966611181631397,-2.5873782692779868,0.527701590862323,-3.1105675824332053,1,-0.3573260227365409,-0.3573260227365409,57.72321336746207,57.72321336746207,57.72321336746207,57.72321336746207,57.72321336746207,57.72321336746207,0.02,0.02,0.02,0.0,10.491367231870257,24.877343663413715,100.37934629932072,False,1.6130850620365822,-0.1856415605309556
20260927_103759_1243248,u1e4,0,453,SIDE_PLUS,1790476744.7971463,57.446471214294434,1790476744.9371462,False,False,False,False,,False,,,SIDE_DISPATCH|RAW_SEED_ATTEMPT|PRE_TIMING_SEED|TIMED_SEED|SEED_ELIGIBILITY|PRE_LOS|POST_LOS|SOLVER_OK|FINAL_INPUT|PREFLIGHT_REJECT,PREFLIGHT_REJECT,DYNAMICS_FAIL,,,0.0,0.0,0.0,-1790476687.350675,-1790476687.350675,-1790476687.350675,0,PRE_LOS,57.58647108078003,59.082308000000005,3.681721258949021,+0.449842->-1.255420,0.449842467112716,0.385355249144144,-1.2554198098348843,0.4409211565120835,-1.1631737196722949,1,-0.3553311767759199,-0.3553311767759199,58.43647108077986,58.43647108077986,58.43647108077986,58.43647108077986,58.43647108077986,58.43647108077986,0.73,0.73,0.73,0.0,1.415518511382582,1.4283774438442869,2.9468066199021505,True,1.9350799965507768,0.0740403084528804,20260927_103759_1243248,SIDE_PLUS,1790476744.7971463,57.446471214294434,1790476744.9371462,False,False,False,False,,False,,,SIDE_DISPATCH|RAW_SEED_ATTEMPT|PRE_TIMING_SEED|TIMED_SEED|SEED_ELIGIBILITY|PRE_LOS|POST_LOS|SOLVER_OK|FINAL_INPUT|PREFLIGHT_REJECT,PREFLIGHT_REJECT,DYNAMICS_FAIL,,,0.0,0.0,0.0,-1790476687.350675,-1790476687.350675,-1790476687.350675,0,POST_LOS,57.58647108078003,59.082308000000005,3.681721258949021,+0.449842->+0.275020,0.449842467112716,0.3973229489882969,0.2750197694028201,0.4409211565120835,0.9847393643348428,0,-0.1892581055365384,-0.1892581055365384,57.94647108077996,57.94647108077996,57.94647108077996,57.94647108077996,57.94647108077996,57.94647108077996,0.24,0.24,0.24,0.0,7.184087403366708,13.878753724808892,52.83525493473044,False,1.1451729287088703,0.1699063036063253
20260927_103759_1243248,u1e4,0,454,SIDE_MINUS,1790476744.7971463,57.446471214294434,1790476744.9371462,False,False,False,False,,False,,,SIDE_DISPATCH|RAW_SEED_ATTEMPT|PRE_TIMING_SEED|TIMED_SEED|SEED_ELIGIBILITY|PRE_LOS|POST_LOS|SOLVER_OK|FINAL_INPUT|PREFLIGHT_REJECT,PREFLIGHT_REJECT,DYNAMICS_FAIL,,,0.0,0.0,0.0,-1790476687.350675,-1790476687.350675,-1790476687.350675,0,PRE_LOS,57.58647108078003,59.082308000000005,3.814328202950655,+0.449842->-1.239928,0.449842467112716,0.3853309028844762,-1.2399275781645454,0.4409211565120835,-1.150206592278315,1,-0.3562976162738592,-0.3562976162738592,58.42647108077986,58.42647108077986,58.42647108077986,58.42647108077986,58.42647108077986,58.42647108077986,0.72,0.72,0.72,0.0,1.3119629068108656,1.4321780551562513,2.428713497414504,True,1.9350799965507768,0.0741175995213972,20260927_103759_1243248,SIDE_MINUS,1790476744.7971463,57.446471214294434,1790476744.9371462,False,False,False,False,,False,,,SIDE_DISPATCH|RAW_SEED_ATTEMPT|PRE_TIMING_SEED|TIMED_SEED|SEED_ELIGIBILITY|PRE_LOS|POST_LOS|SOLVER_OK|FINAL_INPUT|PREFLIGHT_REJECT,PREFLIGHT_REJECT,DYNAMICS_FAIL,,,0.0,0.0,0.0,-1790476687.350675,-1790476687.350675,-1790476687.350675,0,POST_LOS,57.58647108078003,59.082308000000005,3.814328202950655,+0.449842->-6.578318,0.449842467112716,0.3474479248762896,-6.578318323916028,0.4409211565120835,-8.980677106582322,1,-0.35226023546554,-0.35226023546554,57.906471080779966,57.906471080779966,57.906471080779966,57.906471080779966,57.906471080779966,57.906471080779966,0.2,0.2,0.2,0.0,19.370434790432935,44.56269411952601,175.75018621325725,False,-0.1173975838415926,-0.0752508632819623
20260927_103759_1243248,u1e4,0,456,SIDE_PLUS,1790476745.086697,57.736021995544434,1790476745.226697,False,False,False,False,,False,,,SIDE_DISPATCH|RAW_SEED_ATTEMPT|PRE_TIMING_SEED|TIMED_SEED|SEED_ELIGIBILITY|PRE_LOS|POST_LOS|SOLVER_OK|FINAL_INPUT|PREFLIGHT_REJECT,PREFLIGHT_REJECT,DYNAMICS_FAIL,,,0.0,0.0,0.0,-1790476687.350675,-1790476687.350675,-1790476687.350675,0,PRE_LOS,57.87602186203003,59.082308000000005,3.645570554961668,+0.244581->-1.199675,0.2445812718747612,0.2445812718747612,-1.199675038111103,0.2402893344460087,-1.1466586989530625,1,-0.3560001810174767,-0.3560001810174767,58.43602186202992,58.43602186202992,58.43602186202992,58.43602186202992,58.43602186202992,58.43602186202992,0.56,0.56,0.56,0.0,1.433432327420816,1.3840952431022833,3.059824561648804,True,2.198576342461966,0.0742377409061852,20260927_103759_1243248,SIDE_PLUS,1790476745.086697,57.736021995544434,1790476745.226697,False,False,False,False,,False,,,SIDE_DISPATCH|RAW_SEED_ATTEMPT|PRE_TIMING_SEED|TIMED_SEED|SEED_ELIGIBILITY|PRE_LOS|POST_LOS|SOLVER_OK|FINAL_INPUT|PREFLIGHT_REJECT,PREFLIGHT_REJECT,DYNAMICS_FAIL,,,0.0,0.0,0.0,-1790476687.350675,-1790476687.350675,-1790476687.350675,0,POST_LOS,57.87602186203003,59.082308000000005,3.645570554961668,+0.244581->+1.499919,0.2445812718747612,0.2445812718747612,1.499918835950648,0.2402893344460087,2.727422488470098,0,-0.2640504729960132,-0.2640504729960132,58.37602186202993,58.37602186202993,58.37602186202993,58.37602186202993,58.37602186202993,58.37602186202993,0.5,0.5,0.5,0.0,10.932495320650386,23.059617149126147,92.9704687834686,False,1.204129684239714,0.0938337524369495
20260927_103759_1243248,u1e4,0,457,SIDE_MINUS,1790476745.086697,57.736021995544434,1790476745.226697,False,False,False,False,,False,,,SIDE_DISPATCH|RAW_SEED_ATTEMPT|PRE_TIMING_SEED|TIMED_SEED|SEED_ELIGIBILITY|PRE_LOS|POST_LOS|SOLVER_OK|FINAL_INPUT|PREFLIGHT_REJECT,PREFLIGHT_REJECT,DYNAMICS_FAIL,,,0.0,0.0,0.0,-1790476687.350675,-1790476687.350675,-1790476687.350675,0,PRE_LOS,57.87602186203003,59.082308000000005,3.79287211332356,+0.244581->-1.197973,0.2445812718747612,0.2445812718747612,-1.1979730340466797,0.2402893344460087,-1.1438455997053545,1,-0.3561863553595594,-0.3561863553595594,58.43602186202992,58.43602186202992,58.43602186202992,58.43602186202992,58.43602186202992,58.43602186202992,0.56,0.56,0.56,0.0,1.3186522107530216,1.384095243102283,2.4151619355380523,True,2.198576342461966,0.0743159770176052,20260927_103759_1243248,SIDE_MINUS,1790476745.086697,57.736021995544434,1790476745.226697,False,False,False,False,,False,,,SIDE_DISPATCH|RAW_SEED_ATTEMPT|PRE_TIMING_SEED|TIMED_SEED|SEED_ELIGIBILITY|PRE_LOS|POST_LOS|SOLVER_OK|FINAL_INPUT|PREFLIGHT_REJECT,PREFLIGHT_REJECT,DYNAMICS_FAIL,,,0.0,0.0,0.0,-1790476687.350675,-1790476687.350675,-1790476687.350675,0,POST_LOS,57.87602186203003,59.082308000000005,3.79287211332356,+0.244581->-6.097641,0.2445812718747612,0.2445812718747612,-6.0976405391701896,0.2402893344460087,-8.110994522713506,1,-0.3592780900144632,-0.3592780900144632,58.15602186202997,58.15602186202997,58.15602186202997,58.15602186202997,58.15602186202997,58.15602186202997,0.28,0.28,0.28,0.0,15.679831401451365,36.5005780102439,147.4614334762794,False,0.4397803486679315,0.0356484031898466
20260927_103759_1243248,u1e4,0,459,SIDE_PLUS,1790476745.3364165,57.98574137687683,1790476745.4764163,False,False,False,False,,False,,,SIDE_DISPATCH|RAW_SEED_ATTEMPT|PRE_TIMING_SEED|TIMED_SEED|SEED_ELIGIBILITY|PRE_LOS|POST_LOS|SOLVER_OK|FINAL_INPUT|PREFLIGHT_REJECT,PREFLIGHT_REJECT,DYNAMICS_FAIL,,,0.0,0.0,0.0,-1790476687.350675,-1790476687.350675,-1790476687.350675,0,PRE_LOS,58.12574124336243,59.082308000000005,3.329959207739169,-0.032163->-1.224817,-0.0321626351205664,-0.0321626351205664,-1.2248165503413648,-0.034893480475857,-1.2118501655721512,0,-0.3328298501753198,-0.3328298501753198,58.435741243362365,58.435741243362365,58.435741243362365,58.435741243362365,58.435741243362365,58.435741243362365,0.31,0.31,0.31,0.0,1.4613300503217408,0.9929584038736284,3.264174196651907,True,2.4268478663815856,0.0765544790676154,20260927_103759_1243248,SIDE_PLUS,1790476745.3364165,57.98574137687683,1790476745.4764163,False,False,False,False,,False,,,SIDE_DISPATCH|RAW_SEED_ATTEMPT|PRE_TIMING_SEED|TIMED_SEED|SEED_ELIGIBILITY|PRE_LOS|POST_LOS|SOLVER_OK|FINAL_INPUT|PREFLIGHT_REJECT,PREFLIGHT_REJECT,DYNAMICS_FAIL,,,0.0,0.0,0.0,-1790476687.350675,-1790476687.350675,-1790476687.350675,0,POST_LOS,58.12574124336243,59.082308000000005,3.329959207739169,-0.032163->+2.628193,-0.0321626351205664,-0.0321626351205664,2.628192898990372,-0.034893480475857,4.06150783108619,1,-0.3545392784658075,-0.3545392784658075,58.56574124336234,58.56574124336234,58.56574124336234,58.56574124336234,58.56574124336234,58.56574124336234,0.36,0.36,0.36,0.0,17.59329409602756,41.73872167943778,180.6655611339108,False,1.1746237740948275,0.0765544790676154
20260927_103759_1243248,u1e4,0,460,SIDE_MINUS,1790476745.3364165,57.98574137687683,1790476745.4764163,False,False,False,False,,False,,,SIDE_DISPATCH|RAW_SEED_ATTEMPT|PRE_TIMING_SEED|TIMED_SEED|SEED_ELIGIBILITY|PRE_LOS|POST_LOS|SOLVER_OK|FINAL_INPUT|PREFLIGHT_REJECT,PREFLIGHT_REJECT,DYNAMICS_FAIL,,,0.0,0.0,0.0,-1790476687.350675,-1790476687.350675,-1790476687.350675,0,PRE_LOS,58.12574124336243,59.082308000000005,3.469771009440318,-0.032163->-1.218692,-0.0321626351205664,-0.0321626351205664,-1.2186918159079825,-0.034893480475857,-1.20433473060151,0,-0.3328298501753198,-0.3328298501753198,58.435741243362365,58.435741243362365,58.435741243362365,58.435741243362365,58.435741243362365,58.435741243362365,0.31,0.31,0.31,0.0,1.3472339684660186,0.9929584038736288,2.5804544848713817,True,2.4268478663815856,0.0765544790676154,20260927_103759_1243248,SIDE_MINUS,1790476745.3364165,57.98574137687683,1790476745.4764163,False,False,False,False,,False,,,SIDE_DISPATCH|RAW_SEED_ATTEMPT|PRE_TIMING_SEED|TIMED_SEED|SEED_ELIGIBILITY|PRE_LOS|POST_LOS|SOLVER_OK|FINAL_INPUT|PREFLIGHT_REJECT,PREFLIGHT_REJECT,DYNAMICS_FAIL,,,0.0,0.0,0.0,-1790476687.350675,-1790476687.350675,-1790476687.350675,0,POST_LOS,58.12574124336243,59.082308000000005,3.469771009440318,-0.032163->-3.799845,-0.0321626351205664,-0.0321626351205664,-3.799845434656312,-0.034893480475857,-4.736988168134832,0,-0.3328298501753198,-0.3328298501753198,58.33574124336239,58.33574124336239,58.33574124336239,58.33574124336239,58.33574124336239,58.33574124336239,0.21,0.21,0.21,0.0,9.976551017876384,26.205692560500115,114.31331753656252,False,1.4683204745281493,0.0765544790676154
20260927_103759_1243248,u1e4,0,462,SIDE_PLUS,1790476745.3484282,57.99775314331055,1790476745.488428,False,False,False,False,,False,,,SIDE_DISPATCH|RAW_SEED_ATTEMPT|PRE_TIMING_SEED|TIMED_SEED|SEED_ELIGIBILITY|PRE_LOS|POST_LOS|SOLVER_OK|FINAL_INPUT|PREFLIGHT_REJECT,PREFLIGHT_REJECT,DYNAMICS_FAIL,,,0.0,0.0,0.0,-1790476687.350675,-1790476687.350675,-1790476687.350675,0,PRE_LOS,58.13775300979614,59.082308000000005,3.317117206096826,-0.045375->-1.226932,-0.0453751254529606,-0.0453751254529606,-1.2269324292444754,-0.0496042016185359,-1.2165102648817057,0,-0.3216575868212701,-0.3216575868212701,58.43775300979608,58.43775300979608,58.43775300979608,58.43775300979608,58.43775300979608,58.43775300979608,0.3,0.3,0.3,0.0,1.4620222171312438,0.974951630362916,3.2642767505168884,True,2.437921302187924,0.0780110934285182,20260927_103759_1243248,SIDE_PLUS,1790476745.3484282,57.99775314331055,1790476745.488428,False,False,False,False,,False,,,SIDE_DISPATCH|RAW_SEED_ATTEMPT|PRE_TIMING_SEED|TIMED_SEED|SEED_ELIGIBILITY|PRE_LOS|POST_LOS|SOLVER_OK|FINAL_INPUT|PREFLIGHT_REJECT,PREFLIGHT_REJECT,DYNAMICS_FAIL,,,0.0,0.0,0.0,-1790476687.350675,-1790476687.350675,-1790476687.350675,0,POST_LOS,58.13775300979614,59.082308000000005,3.317117206096826,-0.045375->+2.678929,-0.0453751254529606,-0.0453751254529606,2.6789292847105264,-0.0496042016185359,4.125044923456156,1,-0.3518374780977815,-0.3518374780977815,58.577753009796055,58.577753009796055,58.577753009796055,58.577753009796055,58.577753009796055,58.577753009796055,0.35,0.35,0.35,0.0,18.010864445319587,42.933693692534064,186.72339273642237,False,1.17189043819804,0.0780110934285182
20260927_103759_1243248,u1e4,0,463,SIDE_MINUS,1790476745.3484282,57.99775314331055,1790476745.488428,False,False,False,False,,False,,,SIDE_DISPATCH|RAW_SEED_ATTEMPT|PRE_TIMING_SEED|TIMED_SEED|SEED_ELIGIBILITY|PRE_LOS|POST_LOS|SOLVER_OK|FINAL_INPUT|PREFLIGHT_REJECT,PREFLIGHT_REJECT,DYNAMICS_FAIL,,,0.0,0.0,0.0,-1790476687.350675,-1790476687.350675,-1790476687.350675,0,PRE_LOS,58.13775300979614,59.082308000000005,3.4568750066513,-0.045375->-1.220911,-0.0453751254529606,-0.0453751254529606,-1.2209114870758198,-0.0496042016185359,-1.2092027144516615,0,-0.3216575868212701,-0.3216575868212701,58.43775300979608,58.43775300979608,58.43775300979608,58.43775300979608,58.43775300979608,58.43775300979608,0.3,0.3,0.3,0.0,1.3474360598762931,0.9749516303629162,2.581363672601103,True,2.437921302187924,0.0780110934285182,20260927_103759_1243248,SIDE_MINUS,1790476745.3484282,57.99775314331055,1790476745.488428,False,False,False,False,,False,,,SIDE_DISPATCH|RAW_SEED_ATTEMPT|PRE_TIMING_SEED|TIMED_SEED|SEED_ELIGIBILITY|PRE_LOS|POST_LOS|SOLVER_OK|FINAL_INPUT|PREFLIGHT_REJECT,PREFLIGHT_REJECT,DYNAMICS_FAIL,,,0.0,0.0,0.0,-1790476687.350675,-1790476687.350675,-1790476687.350675,0,POST_LOS,58.13775300979614,59.082308000000005,3.4568750066513,-0.045375->-3.703909,-0.0453751254529606,-0.0453751254529606,-3.703909350477415,-0.0496042016185359,-4.604886200248881,0,-0.3216575868212701,-0.3216575868212701,58.3477530097961,58.3477530097961,58.3477530097961,58.3477530097961,58.3477530097961,58.3477530097961,0.21,0.21,0.21,0.0,9.688455146212537,25.62002854938791,111.93670374106068,False,1.5118824698216295,0.0780110934285182
20260927_103759_1243248,u1e4,0,465,SIDE_PLUS,1790476745.3605666,58.009891510009766,1790476745.5005665,False,False,False,False,,False,,,SIDE_DISPATCH|RAW_SEED_ATTEMPT|PRE_TIMING_SEED|TIMED_SEED|SEED_ELIGIBILITY|PRE_LOS|POST_LOS|SOLVER_OK|FINAL_INPUT|PREFLIGHT_REJECT,PREFLIGHT_REJECT,DYNAMICS_FAIL,,,0.0,0.0,0.0,-1790476687.350675,-1790476687.350675,-1790476687.350675,0,PRE_LOS,58.14989137649536,59.082308000000005,3.3048487817346874,-0.060349->-1.229155,-0.0603491887808288,-0.0603491887808288,-1.2291547443215356,-0.0645678718058272,-1.2213774182627923,0,-0.3090032010301307,-0.3090032010301307,58.4398913764953,58.4398913764953,58.4398913764953,58.4398913764953,58.4398913764953,58.4398913764953,0.29,0.29,0.29,0.0,1.46200495021997,0.9568430433580704,3.2628046491450213,True,2.4440176523932307,0.0798634208821467,20260927_103759_1243248,SIDE_PLUS,1790476745.3605666,58.009891510009766,1790476745.5005665,False,False,False,False,,False,,,SIDE_DISPATCH|RAW_SEED_ATTEMPT|PRE_TIMING_SEED|TIMED_SEED|SEED_ELIGIBILITY|PRE_LOS|POST_LOS|SOLVER_OK|FINAL_INPUT|PREFLIGHT_REJECT,PREFLIGHT_REJECT,DYNAMICS_FAIL,,,0.0,0.0,0.0,-1790476687.350675,-1790476687.350675,-1790476687.350675,0,POST_LOS,58.14989137649536,59.082308000000005,3.3048487817346874,-0.060349->+2.726613,-0.0603491887808288,-0.0603491887808288,2.726612607586445,-0.0645678718058272,4.184549234286843,1,-0.3528525339133112,-0.3528525339133112,58.57989137649528,58.57989137649528,58.57989137649528,58.57989137649528,58.57989137649528,58.57989137649528,0.34,0.34,0.34,0.0,18.424592653615527,44.1218072925023,193.02315128808556,False,1.1690609873679576,0.0798634208821467
20260927_103759_1243248,u1e4,0,466,SIDE_MINUS,1790476745.3605666,58.009891510009766,1790476745.5005665,False,False,False,False,,False,,,SIDE_DISPATCH|RAW_SEED_ATTEMPT|PRE_TIMING_SEED|TIMED_SEED|SEED_ELIGIBILITY|PRE_LOS|POST_LOS|SOLVER_OK|FINAL_INPUT|PREFLIGHT_REJECT,PREFLIGHT_REJECT,DYNAMICS_FAIL,,,0.0,0.0,0.0,-1790476687.350675,-1790476687.350675,-1790476687.350675,0,PRE_LOS,58.14989137649536,59.082308000000005,3.444149755794602,-0.060349->-1.222926,-0.0603491887808288,-0.0603491887808288,-1.2229259234617873,-0.0645678718058272,-1.2137818202962225,0,-0.3090032010301307,-0.3090032010301307,58.4398913764953,58.4398913764953,58.4398913764953,58.4398913764953,58.4398913764953,58.4398913764953,0.29,0.29,0.29,0.0,1.3478403880015823,0.9568430433580704,2.5826043137196626,True,2.4440019090277296,0.0798634208821467,20260927_103759_1243248,SIDE_MINUS,1790476745.3605666,58.009891510009766,1790476745.5005665,False,False,False,False,,False,,,SIDE_DISPATCH|RAW_SEED_ATTEMPT|PRE_TIMING_SEED|TIMED_SEED|SEED_ELIGIBILITY|PRE_LOS|POST_LOS|SOLVER_OK|FINAL_INPUT|PREFLIGHT_REJECT,PREFLIGHT_REJECT,DYNAMICS_FAIL,,,0.0,0.0,0.0,-1790476687.350675,-1790476687.350675,-1790476687.350675,0,POST_LOS,58.14989137649536,59.082308000000005,3.444149755794602,-0.060349->-3.606352,-0.0603491887808288,-0.0603491887808288,-3.6063517544001393,-0.0645678718058272,-4.470956491508944,0,-0.3090032010301307,-0.3090032010301307,58.34989137649532,58.34989137649532,58.34989137649532,58.34989137649532,58.34989137649532,58.34989137649532,0.2,0.2,0.2,0.0,9.39157977515612,24.999152328922037,109.53267595916482,False,1.5649415255073778,0.0798634208821467
20260927_103759_1243248,u1e4,0,468,SIDE_PLUS,1790476745.375106,58.02443099021912,1790476745.515106,False,False,False,False,,False,,,SIDE_DISPATCH|RAW_SEED_ATTEMPT|PRE_TIMING_SEED|TIMED_SEED|SEED_ELIGIBILITY|PRE_LOS|POST_LOS|SOLVER_OK|FINAL_INPUT|PREFLIGHT_REJECT,PREFLIGHT_REJECT,DYNAMICS_FAIL,,,0.0,0.0,0.0,-1790476687.350675,-1790476687.350675,-1790476687.350675,0,PRE_LOS,58.16443085670471,59.082308000000005,3.5416751594014317,-0.078411->-1.201961,-0.0784114642181737,-0.0784114642181737,-1.2019608479235373,-0.0826139980124122,-1.1911145955520288,0,-0.2937322546794166,-0.2937322546794166,58.43443085670466,58.43443085670466,58.43443085670466,58.43443085670466,58.43443085670466,58.43443085670466,0.27,0.27,0.27,0.0,1.4610904757054048,0.935271226939158,3.226986217805747,True,2.4440030757160374,0.0825947291992864,20260927_103759_1243248,SIDE_PLUS,1790476745.375106,58.02443099021912,1790476745.515106,False,False,False,False,,False,,,SIDE_DISPATCH|RAW_SEED_ATTEMPT|PRE_TIMING_SEED|TIMED_SEED|SEED_ELIGIBILITY|PRE_LOS|POST_LOS|SOLVER_OK|FINAL_INPUT|PREFLIGHT_REJECT,PREFLIGHT_REJECT,DYNAMICS_FAIL,,,0.0,0.0,0.0,-1790476687.350675,-1790476687.350675,-1790476687.350675,0,POST_LOS,58.16443085670471,59.082308000000005,3.5416751594014317,-0.078411->+2.534883,-0.0784114642181737,-0.0784114642181737,2.534882922196425,-0.0826139980124122,3.870860349768035,1,-0.3505857993549205,-0.3505857993549205,58.63443085670462,58.63443085670462,58.63443085670462,58.63443085670462,,58.63443085670462,0.32,0.32,0.32,0.0,17.784156968430462,39.94179746147866,165.60427425227687,False,1.1321304545477866,0.0825947291992864
20260927_103759_1243248,u1e4,0,469,SIDE_MINUS,1790476745.375106,58.02443099021912,1790476745.515106,False,False,False,False,,False,,,SIDE_DISPATCH|RAW_SEED_ATTEMPT|PRE_TIMING_SEED|TIMED_SEED|SEED_ELIGIBILITY|PRE_LOS|POST_LOS|SOLVER_OK|FINAL_INPUT|PREFLIGHT_REJECT,PREFLIGHT_REJECT,DYNAMICS_FAIL,,,0.0,0.0,0.0,-1790476687.350675,-1790476687.350675,-1790476687.350675,0,PRE_LOS,58.16443085670471,59.082308000000005,3.698142428802232,-0.078411->-1.203747,-0.0784114642181737,-0.0784114642181737,-1.203747220947484,-0.0826139980124122,-1.191657160736992,0,-0.2937322546794166,-0.2937322546794166,58.43443085670466,58.43443085670466,58.43443085670466,58.43443085670466,58.43443085670466,58.43443085670466,0.27,0.27,0.27,0.0,1.3373819570104497,0.935271226939158,2.5072127115631697,True,2.443998665594873,0.0825947291992864,20260927_103759_1243248,SIDE_MINUS,1790476745.375106,58.02443099021912,1790476745.515106,False,False,False,False,,False,,,SIDE_DISPATCH|RAW_SEED_ATTEMPT|PRE_TIMING_SEED|TIMED_SEED|SEED_ELIGIBILITY|PRE_LOS|POST_LOS|SOLVER_OK|FINAL_INPUT|PREFLIGHT_REJECT,PREFLIGHT_REJECT,DYNAMICS_FAIL,,,0.0,0.0,0.0,-1790476687.350675,-1790476687.350675,-1790476687.350675,0,POST_LOS,58.16443085670471,59.082308000000005,3.698142428802232,-0.078411->-3.258529,-0.0784114642181737,-0.0784114642181737,-3.258529321912865,-0.0826139980124122,-3.975090494596961,0,-0.2937322546794166,-0.2937322546794166,58.37443085670467,58.37443085670467,58.37443085670467,58.37443085670467,58.37443085670467,58.37443085670467,0.21,0.21,0.21,0.0,8.306327266479364,20.73303445417821,86.65744563444785,False,1.8461129782024608,0.0825947291992864
20260927_103759_1243248,u1e4,0,471,SIDE_PLUS,1790476745.3900936,58.0394184589386,1790476745.4900937,False,False,False,False,,False,,,SIDE_DISPATCH|RAW_SEED_ATTEMPT|PRE_TIMING_SEED|TIMED_SEED|SEED_ELIGIBILITY|PRE_LOS|POST_LOS|SOLVER_OK|FINAL_INPUT|PREFLIGHT_REJECT,PREFLIGHT_REJECT,DYNAMICS_FAIL,,,0.0,0.0,0.0,-1790476687.350675,-1790476687.350675,-1790476687.350675,0,PRE_LOS,58.13941836357117,59.082308000000005,3.675065456476096,+0.007110->-1.035498,0.0071103962734983,0.0071103962734983,-1.035498493896458,0.0034457922641645,-0.9843657608900016,1,-0.3565240143131055,-0.3565240143131055,58.51941836357109,58.51941836357109,58.51941836357109,58.51941836357109,58.51941836357109,58.51941836357109,0.35,0.35,0.35,0.0,1.502542212712678,0.7604370340623988,3.4548075626751804,True,2.367844461735789,0.0275808530170419,20260927_103759_1243248,SIDE_PLUS,1790476745.3900936,58.0394184589386,1790476745.4900937,False,False,False,False,,False,,,SIDE_DISPATCH|RAW_SEED_ATTEMPT|PRE_TIMING_SEED|TIMED_SEED|SEED_ELIGIBILITY|PRE_LOS|POST_LOS|SOLVER_OK|FINAL_INPUT|PREFLIGHT_REJECT,PREFLIGHT_REJECT,DYNAMICS_FAIL,,,0.0,0.0,0.0,-1790476687.350675,-1790476687.350675,-1790476687.350675,0,POST_LOS,58.13941836357117,59.082308000000005,3.675065456476096,+0.007110->+2.241603,0.0071103962734983,0.0071103962734983,2.241603108573862,0.0034457922641645,3.502941815472606,2,-0.3565396064619704,-0.3565396064619704,58.62941836357107,58.62941836357107,58.62941836357107,58.62941836357107,,58.62941836357107,0.35,0.35,0.35,0.0,15.65302294929444,33.91281926142963,138.7425626401499,False,1.1588082184992463,0.0275808530170419
20260927_103759_1243248,u1e4,0,472,SIDE_MINUS,1790476745.3900936,58.0394184589386,1790476745.4900937,False,False,False,False,,False,,,SIDE_DISPATCH|RAW_SEED_ATTEMPT|PRE_TIMING_SEED|TIMED_SEED|SEED_ELIGIBILITY|PRE_LOS|POST_LOS|SOLVER_OK|FINAL_INPUT|PREFLIGHT_REJECT,PREFLIGHT_REJECT,DYNAMICS_FAIL,,,0.0,0.0,0.0,-1790476687.350675,-1790476687.350675,-1790476687.350675,0,PRE_LOS,58.13941836357117,59.082308000000005,3.819545292225112,+0.007110->-1.038267,0.0071103962734983,0.0071103962734983,-1.0382666108066545,0.0034457922641645,-0.9862947614501292,1,-0.3565239923596016,-0.3565239923596016,58.51941836357109,58.51941836357109,58.51941836357109,58.51941836357109,58.51941836357109,58.51941836357109,0.35,0.35,0.35,0.0,1.3858012936599085,0.6177020314440768,2.7842384546680345,True,2.367844461735789,0.0275808530170419,20260927_103759_1243248,SIDE_MINUS,1790476745.3900936,58.0394184589386,1790476745.4900937,False,False,False,False,,False,,,SIDE_DISPATCH|RAW_SEED_ATTEMPT|PRE_TIMING_SEED|TIMED_SEED|SEED_ELIGIBILITY|PRE_LOS|POST_LOS|SOLVER_OK|FINAL_INPUT|PREFLIGHT_REJECT,PREFLIGHT_REJECT,DYNAMICS_FAIL,,,0.0,0.0,0.0,-1790476687.350675,-1790476687.350675,-1790476687.350675,0,POST_LOS,58.13941836357117,59.082308000000005,3.819545292225112,+0.007110->-3.414594,0.0071103962734983,0.0071103962734983,-3.414594183240104,0.0034457922641645,-4.240180058037164,1,-0.3565131752783541,-0.3565131752783541,58.38941836357112,58.38941836357112,58.38941836357112,58.38941836357112,58.38941836357112,58.38941836357112,0.25,0.25,0.25,0.0,9.628393536561983,23.46801506372941,97.75503051784776,False,1.7151290300748363,0.0275808530170419
20260927_103759_1243248,u1e4,0,474,SIDE_PLUS,1790476745.5230243,58.17234921455383,1790476745.6630242,False,False,False,False,,False,,,SIDE_DISPATCH|RAW_SEED_ATTEMPT|PRE_TIMING_SEED|TIMED_SEED|SEED_ELIGIBILITY|PRE_LOS|POST_LOS|SOLVER_OK|FINAL_INPUT|PREFLIGHT_REJECT,PREFLIGHT_REJECT,DYNAMICS_FAIL,,,0.0,0.0,0.0,-1790476687.350675,-1790476687.350675,-1790476687.350675,0,PRE_LOS,58.31234908103943,59.082308000000005,3.496794055725646,-0.185469->-1.029110,-0.1854687236876089,-0.1854687236876089,-1.029109796339717,-0.1897990645414881,-1.0016450685517635,0,-0.1999351715129595,-0.1999351715129595,58.52234908103939,58.52234908103939,58.52234908103939,58.52234908103939,58.52234908103939,58.52234908103939,0.17,0.17,0.17,0.0,1.5109777341866313,0.7693170997457548,3.5108314746219147,True,2.418708060103591,0.0743742974688008,20260927_103759_1243248,SIDE_PLUS,1790476745.5230243,58.17234921455383,1790476745.6630242,False,False,False,False,,False,,,SIDE_DISPATCH|RAW_SEED_ATTEMPT|PRE_TIMING_SEED|TIMED_SEED|SEED_ELIGIBILITY|PRE_LOS|POST_LOS|SOLVER_OK|FINAL_INPUT|PREFLIGHT_REJECT,PREFLIGHT_REJECT,DYNAMICS_FAIL,,,0.0,0.0,0.0,-1790476687.350675,-1790476687.350675,-1790476687.350675,0,POST_LOS,58.31234908103943,59.082308000000005,3.496794055725646,-0.185469->+2.026953,-0.1854687236876089,-0.1854687236876089,2.026953355550883,-0.1897990645414881,2.8654824422366656,1,-0.3503661928979839,-0.3503661928979839,58.80234908103933,58.80234908103933,,58.80234908103933,,,0.17,0.17,0.17,0.0,17.36121140719836,38.90140896589266,159.4784972562266,False,1.2269476431873862,0.0743742974688008
20260927_103759_1243248,u1e4,0,475,SIDE_MINUS,1790476745.5230243,58.17234921455383,1790476745.6630242,False,False,False,False,,False,,,SIDE_DISPATCH|RAW_SEED_ATTEMPT|PRE_TIMING_SEED|TIMED_SEED|SEED_ELIGIBILITY|PRE_LOS|POST_LOS|SOLVER_OK|FINAL_INPUT|PREFLIGHT_REJECT,PREFLIGHT_REJECT,DYNAMICS_FAIL,,,0.0,0.0,0.0,-1790476687.350675,-1790476687.350675,-1790476687.350675,0,PRE_LOS,58.31234908103943,59.082308000000005,3.637864237167646,-0.185469->-1.029732,-0.1854687236876089,-0.1854687236876089,-1.029732227375502,-0.1897990645414881,-1.0014744609497552,0,-0.1999351715129595,-0.1999351715129595,58.52234908103939,58.52234908103939,58.52234908103939,58.52234908103939,58.52234908103939,58.52234908103939,0.17,0.17,0.17,0.0,1.3959132685676017,0.6249450506076194,2.8203873218150326,True,2.4185957069234725,0.0743742974688008,20260927_103759_1243248,SIDE_MINUS,1790476745.5230243,58.17234921455383,1790476745.6630242,False,False,False,False,,False,,,SIDE_DISPATCH|RAW_SEED_ATTEMPT|PRE_TIMING_SEED|TIMED_SEED|SEED_ELIGIBILITY|PRE_LOS|POST_LOS|SOLVER_OK|FINAL_INPUT|PREFLIGHT_REJECT,PREFLIGHT_REJECT,DYNAMICS_FAIL,,,0.0,0.0,0.0,-1790476687.350675,-1790476687.350675,-1790476687.350675,0,POST_LOS,58.31234908103943,59.082308000000005,3.637864237167646,-0.185469->-2.206988,-0.1854687236876089,-0.1854687236876089,-2.206988440377284,-0.1897990645414881,-2.533903223167694,0,-0.1999351715129595,-0.1999351715129595,58.4823490810394,58.4823490810394,58.4823490810394,58.4823490810394,58.4823490810394,58.4823490810394,0.17,0.17,0.17,0.0,6.137837676462756,16.373248290546144,71.72022174047825,False,2.4351141033238592,0.0743742974688008
20260927_103759_1243248,u1e4,0,477,SIDE_PLUS,1790476745.5363476,58.18567252159119,1790476745.6763475,False,False,False,False,,False,,,SIDE_DISPATCH|RAW_SEED_ATTEMPT|PRE_TIMING_SEED|TIMED_SEED|SEED_ELIGIBILITY|PRE_LOS|POST_LOS|SOLVER_OK|FINAL_INPUT|PREFLIGHT_REJECT,PREFLIGHT_REJECT,DYNAMICS_FAIL,,,0.0,0.0,0.0,-1790476687.350675,-1790476687.350675,-1790476687.350675,0,PRE_LOS,58.32567238807678,59.082308000000005,3.482109605828734,-0.201022->-1.033142,-0.20102171130804,-0.20102171130804,-1.033141744877092,-0.2047741956532082,-1.0078287710121614,0,-0.1864570093419623,-0.1864570093419623,58.51567238807674,58.51567238807674,58.51567238807674,58.51567238807674,58.51567238807674,58.51567238807674,0.16,0.16,0.16,0.0,1.5115206665601797,0.7694146775425446,3.5116254159760234,True,2.418786397489228,0.0809917352315451,20260927_103759_1243248,SIDE_PLUS,1790476745.5363476,58.18567252159119,1790476745.6763475,False,False,False,False,,False,,,SIDE_DISPATCH|RAW_SEED_ATTEMPT|PRE_TIMING_SEED|TIMED_SEED|SEED_ELIGIBILITY|PRE_LOS|POST_LOS|SOLVER_OK|FINAL_INPUT|PREFLIGHT_REJECT,PREFLIGHT_REJECT,DYNAMICS_FAIL,,,0.0,0.0,0.0,-1790476687.350675,-1790476687.350675,-1790476687.350675,0,POST_LOS,58.32567238807678,59.082308000000005,3.482109605828734,-0.201022->+2.028079,-0.20102171130804,-0.20102171130804,2.028079434179604,-0.2047741956532082,2.852560618490429,1,-0.3525809583917949,-0.3525809583917949,58.80567238807669,58.80567238807669,,58.80567238807669,,,0.16,0.16,0.16,0.0,17.593656355015206,39.69260472628943,162.1166562081722,False,1.2347759219149623,0.0809917352315451
20260927_103759_1243248,u1e4,0,478,SIDE_MINUS,1790476745.5363476,58.18567252159119,1790476745.6763475,False,False,False,False,,False,,,SIDE_DISPATCH|RAW_SEED_ATTEMPT|PRE_TIMING_SEED|TIMED_SEED|SEED_ELIGIBILITY|PRE_LOS|POST_LOS|SOLVER_OK|FINAL_INPUT|PREFLIGHT_REJECT,PREFLIGHT_REJECT,DYNAMICS_FAIL,,,0.0,0.0,0.0,-1790476687.350675,-1790476687.350675,-1790476687.350675,0,PRE_LOS,58.32567238807678,59.082308000000005,3.6230102747859703,-0.201022->-1.033431,-0.20102171130804,-0.20102171130804,-1.0334308259804137,-0.2047741956532082,-1.0073022427844829,0,-0.1864570093419623,-0.1864570093419623,58.51567238807674,58.51567238807674,58.51567238807674,58.51567238807674,58.51567238807674,58.51567238807674,0.16,0.16,0.16,0.0,1.3968792495475624,0.6255750254267749,2.8233879406849542,True,2.418667389704103,0.0809917352315451,20260927_103759_1243248,SIDE_MINUS,1790476745.5363476,58.18567252159119,1790476745.6763475,False,False,False,False,,False,,,SIDE_DISPATCH|RAW_SEED_ATTEMPT|PRE_TIMING_SEED|TIMED_SEED|SEED_ELIGIBILITY|PRE_LOS|POST_LOS|SOLVER_OK|FINAL_INPUT|PREFLIGHT_REJECT,PREFLIGHT_REJECT,DYNAMICS_FAIL,,,0.0,0.0,0.0,-1790476687.350675,-1790476687.350675,-1790476687.350675,0,POST_LOS,58.32567238807678,59.082308000000005,3.6230102747859703,-0.201022->-2.135652,-0.20102171130804,-0.20102171130804,-2.1356521058713454,-0.2047741956532082,-2.440301117975229,0,-0.1864570093419623,-0.1864570093419623,58.49567238807675,58.49567238807675,58.49567238807675,58.49567238807675,58.49567238807675,58.49567238807675,0.16,0.16,0.16,0.0,5.839136647457441,15.728392209078498,69.22235428728754,False,2.43340194770766,0.0809917352315451
20260927_103759_1243248,u1e4,0,480,SIDE_PLUS,1790476745.5486884,58.19801330566406,1790476745.6886885,False,False,False,False,,False,,,SIDE_DISPATCH|RAW_SEED_ATTEMPT|PRE_TIMING_SEED|TIMED_SEED|SEED_ELIGIBILITY|PRE_LOS|POST_LOS|SOLVER_OK|FINAL_INPUT|PREFLIGHT_REJECT,PREFLIGHT_REJECT,DYNAMICS_FAIL,,,0.0,0.0,0.0,-1790476687.350675,-1790476687.350675,-1790476687.350675,0,PRE_LOS,58.33801317214966,59.082308000000005,3.470089057752624,-0.215353->-1.035719,-0.2153525327885196,-0.2153525327885196,-1.0357189207584847,-0.2186572532259538,-1.01223801027423,0,-0.1740192580722943,-0.1740192580722943,58.51801317214962,58.51801317214962,58.51801317214962,58.51801317214962,58.51801317214962,58.51801317214962,0.15,0.15,0.15,0.0,1.511478759764299,0.7691640067607269,3.511211472623736,True,2.418825485899652,0.0874360480283236,20260927_103759_1243248,SIDE_PLUS,1790476745.5486884,58.19801330566406,1790476745.6886885,False,False,False,False,,False,,,SIDE_DISPATCH|RAW_SEED_ATTEMPT|PRE_TIMING_SEED|TIMED_SEED|SEED_ELIGIBILITY|PRE_LOS|POST_LOS|SOLVER_OK|FINAL_INPUT|PREFLIGHT_REJECT,PREFLIGHT_REJECT,DYNAMICS_FAIL,,,0.0,0.0,0.0,-1790476687.350675,-1790476687.350675,-1790476687.350675,0,POST_LOS,58.33801317214966,59.082308000000005,3.470089057752624,-0.215353->+2.019895,-0.2153525327885196,-0.2153525327885196,2.0198953291625,-0.2186572532259538,2.827796292988588,1,-0.3546995051981004,-0.3546995051981004,58.81801317214956,58.81801317214956,,58.81801317214956,,,0.15,0.15,0.15,0.0,17.794289594295257,40.37084029510433,164.45763049696922,False,1.2430452343770535,0.0874360480283236
20260927_103759_1243248,u1e4,0,481,SIDE_MINUS,1790476745.5486884,58.19801330566406,1790476745.6886885,False,False,False,False,,False,,,SIDE_DISPATCH|RAW_SEED_ATTEMPT|PRE_TIMING_SEED|TIMED_SEED|SEED_ELIGIBILITY|PRE_LOS|POST_LOS|SOLVER_OK|FINAL_INPUT|PREFLIGHT_REJECT,PREFLIGHT_REJECT,DYNAMICS_FAIL,,,0.0,0.0,0.0,-1790476687.350675,-1790476687.350675,-1790476687.350675,0,PRE_LOS,58.33801317214966,59.082308000000005,3.609933730036392,-0.215353->-1.035982,-0.2153525327885196,-0.2153525327885196,-1.035982496746522,-0.2186572532259538,-1.0117242764486143,0,-0.1740192580722943,-0.1740192580722943,58.51801317214962,58.51801317214962,58.51801317214962,58.51801317214962,58.51801317214962,58.51801317214962,0.15,0.15,0.15,0.0,1.397436131014129,0.6257862074992613,2.8244871253736985,True,2.4187300329151604,0.0874360480283236,20260927_103759_1243248,SIDE_MINUS,1790476745.5486884,58.19801330566406,1790476745.6886885,False,False,False,False,,False,,,SIDE_DISPATCH|RAW_SEED_ATTEMPT|PRE_TIMING_SEED|TIMED_SEED|SEED_ELIGIBILITY|PRE_LOS|POST_LOS|SOLVER_OK|FINAL_INPUT|PREFLIGHT_REJECT,PREFLIGHT_REJECT,DYNAMICS_FAIL,,,0.0,0.0,0.0,-1790476687.350675,-1790476687.350675,-1790476687.350675,0,POST_LOS,58.33801317214966,59.082308000000005,3.609933730036392,-0.215353->-2.068043,-0.2153525327885196,-0.2153525327885196,-2.06804250588209,-0.2186572532259538,-2.3518077772545114,0,-0.1740192580722943,-0.1740192580722943,58.498013172149626,58.498013172149626,58.498013172149626,58.498013172149626,58.498013172149626,58.498013172149626,0.15,0.15,0.15,0.0,5.558403673702806,15.113281639376067,66.81083420338601,False,2.431902585122697,0.0874360480283236
20260927_103759_1243248,u1e4,0,483,SIDE_PLUS,1790476745.563732,58.21305704116821,1790476745.703732,False,False,False,False,,False,,,SIDE_DISPATCH|RAW_SEED_ATTEMPT|PRE_TIMING_SEED|TIMED_SEED|SEED_ELIGIBILITY|PRE_LOS|POST_LOS|SOLVER_OK|FINAL_INPUT|PREFLIGHT_REJECT,PREFLIGHT_REJECT,DYNAMICS_FAIL,,,0.0,0.0,0.0,-1790476687.350675,-1790476687.350675,-1790476687.350675,0,PRE_LOS,58.35305690765381,59.082308000000005,3.454127782693242,-0.232072->-1.031203,-0.2320724085006485,-0.2320724085006485,-1.031202972606816,-0.2355967763851594,-1.0087579622286098,0,-0.1594924518163957,-0.1594924518163957,58.523056907653775,58.523056907653775,58.523056907653775,58.523056907653775,58.523056907653775,58.523056907653775,0.13,0.13,0.13,0.0,1.511754974069062,0.7687340351009484,3.50897322192508,True,2.41889556168781,0.0956832853278832,20260927_103759_1243248,SIDE_PLUS,1790476745.563732,58.21305704116821,1790476745.703732,False,False,False,False,,False,,,SIDE_DISPATCH|RAW_SEED_ATTEMPT|PRE_TIMING_SEED|TIMED_SEED|SEED_ELIGIBILITY|PRE_LOS|POST_LOS|SOLVER_OK|FINAL_INPUT|PREFLIGHT_REJECT,PREFLIGHT_REJECT,DYNAMICS_FAIL,,,0.0,0.0,0.0,-1790476687.350675,-1790476687.350675,-1790476687.350675,0,POST_LOS,58.35305690765381,59.082308000000005,3.454127782693242,-0.232072->+1.978519,-0.2320724085006485,-0.2320724085006485,1.9785192376176024,-0.2355967763851594,2.7328108201288286,1,-0.3545754925773329,-0.3545754925773329,58.82305690765372,58.82305690765372,,58.82305690765372,,,0.13,0.13,0.13,0.0,18.03923518090373,41.23303233233183,167.78094660862192,False,1.2530323954056375,0.0956832853278832
20260927_103759_1243248,u1e4,0,484,SIDE_MINUS,1790476745.563732,58.21305704116821,1790476745.703732,False,False,False,False,,False,,,SIDE_DISPATCH|RAW_SEED_ATTEMPT|PRE_TIMING_SEED|TIMED_SEED|SEED_ELIGIBILITY|PRE_LOS|POST_LOS|SOLVER_OK|FINAL_INPUT|PREFLIGHT_REJECT,PREFLIGHT_REJECT,DYNAMICS_FAIL,,,0.0,0.0,0.0,-1790476687.350675,-1790476687.350675,-1790476687.350675,0,PRE_LOS,58.35305690765381,59.082308000000005,3.594305044248861,-0.232072->-1.031224,-0.2320724085006485,-0.2320724085006485,-1.0312237178662012,-0.2355967763851594,-1.008021056584753,0,-0.1594924518163957,-0.1594924518163957,58.523056907653775,58.523056907653775,58.523056907653775,58.523056907653775,58.523056907653775,58.523056907653775,0.13,0.13,0.13,0.0,1.397720344931781,0.6256865306080924,2.824609059517789,True,2.418796748942796,0.0956832853278832,20260927_103759_1243248,SIDE_MINUS,1790476745.563732,58.21305704116821,1790476745.703732,False,False,False,False,,False,,,SIDE_DISPATCH|RAW_SEED_ATTEMPT|PRE_TIMING_SEED|TIMED_SEED|SEED_ELIGIBILITY|PRE_LOS|POST_LOS|SOLVER_OK|FINAL_INPUT|PREFLIGHT_REJECT,PREFLIGHT_REJECT,DYNAMICS_FAIL,,,0.0,0.0,0.0,-1790476687.350675,-1790476687.350675,-1790476687.350675,0,POST_LOS,58.35305690765381,59.082308000000005,3.594305044248861,-0.232072->-1.968033,-0.2320724085006485,-0.2320724085006485,-1.968033345021963,-0.2355967763851594,-2.21355173060232,0,-0.1594924518163957,-0.1594924518163957,58.50305690765378,58.50305690765378,58.50305690765378,58.50305690765378,58.50305690765378,58.50305690765378,0.13,0.13,0.13,0.0,5.211425013223103,14.342979226630328,63.757858174501024,False,2.430170796947915,0.0956832853278832
20260927_103759_1243248,u1e4,0,486,SIDE_PLUS,1790476745.583941,58.23326587677002,1790476745.7239408,False,False,False,False,,False,,,SIDE_DISPATCH|RAW_SEED_ATTEMPT|PRE_TIMING_SEED|TIMED_SEED|SEED_ELIGIBILITY|PRE_LOS|POST_LOS|SOLVER_OK|FINAL_INPUT|PREFLIGHT_REJECT,PREFLIGHT_REJECT,DYNAMICS_FAIL,,,0.0,0.0,0.0,-1790476687.350675,-1790476687.350675,-1790476687.350675,0,PRE_LOS,58.373265743255615,59.082308000000005,3.434210474275097,-0.254272->-1.031902,-0.2542716594272062,-0.2542716594272062,-1.0319018361171348,-0.2583787302532674,-1.0117716884524708,0,-0.1401767397397841,-0.1401767397397841,58.51326574325559,58.51326574325559,58.51326574325559,58.51326574325559,58.51326574325559,58.51326574325559,0.11,0.11,0.11,0.0,1.511521632868252,0.7688487869740769,3.5139953838681315,True,2.418978078339085,0.1074039009896201,20260927_103759_1243248,SIDE_PLUS,1790476745.583941,58.23326587677002,1790476745.7239408,False,False,False,False,,False,,,SIDE_DISPATCH|RAW_SEED_ATTEMPT|PRE_TIMING_SEED|TIMED_SEED|SEED_ELIGIBILITY|PRE_LOS|POST_LOS|SOLVER_OK|FINAL_INPUT|PREFLIGHT_REJECT,PREFLIGHT_REJECT,DYNAMICS_FAIL,,,0.0,0.0,0.0,-1790476687.350675,-1790476687.350675,-1790476687.350675,0,POST_LOS,58.373265743255615,59.082308000000005,3.434210474275097,-0.254272->+1.953373,-0.2542716594272062,-0.2542716594272062,1.95337329563476,-0.2583787302532674,2.5798637523342665,1,-0.3588972317424257,-0.3588972317424257,58.83326574325552,58.83326574325552,,58.83326574325552,,,0.11,0.11,0.11,0.0,17.915947431571894,40.94158026173665,168.6488116788347,False,1.3931686291348389,0.1074039009896201
20260927_103759_1243248,u1e4,0,487,SIDE_MINUS,1790476745.583941,58.23326587677002,1790476745.7239408,False,False,False,False,,False,,,SIDE_DISPATCH|RAW_SEED_ATTEMPT|PRE_TIMING_SEED|TIMED_SEED|SEED_ELIGIBILITY|PRE_LOS|POST_LOS|SOLVER_OK|FINAL_INPUT|PREFLIGHT_REJECT,PREFLIGHT_REJECT,DYNAMICS_FAIL,,,0.0,0.0,0.0,-1790476687.350675,-1790476687.350675,-1790476687.350675,0,PRE_LOS,58.373265743255615,59.082308000000005,3.5734086838598813,-0.254272->-1.031940,-0.2542716594272062,-0.2542716594272062,-1.0319402404489872,-0.2583787302532674,-1.0110737239938905,0,-0.1401767397397841,-0.1401767397397841,58.51326574325559,58.51326574325559,58.51326574325559,58.51326574325559,58.51326574325559,58.51326574325559,0.11,0.11,0.11,0.0,1.3978112247998489,0.6251722765564859,2.823078126671216,True,2.418890525700616,0.1074039009896201,20260927_103759_1243248,SIDE_MINUS,1790476745.583941,58.23326587677002,1790476745.7239408,False,False,False,False,,False,,,SIDE_DISPATCH|RAW_SEED_ATTEMPT|PRE_TIMING_SEED|TIMED_SEED|SEED_ELIGIBILITY|PRE_LOS|POST_LOS|SOLVER_OK|FINAL_INPUT|PREFLIGHT_REJECT,PREFLIGHT_REJECT,DYNAMICS_FAIL,,,0.0,0.0,0.0,-1790476687.350675,-1790476687.350675,-1790476687.350675,0,POST_LOS,58.373265743255615,59.082308000000005,3.5734086838598813,-0.254272->-1.856460,-0.2542716594272062,-0.2542716594272062,-1.856460121985304,-0.2583787302532674,-2.0658200732138647,0,-0.1401767397397841,-0.1401767397397841,58.50326574325559,58.50326574325559,58.50326574325559,58.50326574325559,58.50326574325559,58.50326574325559,0.11,0.11,0.11,0.0,4.738707035205703,13.278424788527834,59.4917689687858,False,2.428020729875584,0.1074039009896201
20260927_103759_1243248,u1e4,0,489,SIDE_PLUS,1790476745.595563,58.2448878288269,1790476745.7355628,False,False,False,False,,False,,,SIDE_DISPATCH|RAW_SEED_ATTEMPT|PRE_TIMING_SEED|TIMED_SEED|SEED_ELIGIBILITY|PRE_LOS|POST_LOS|SOLVER_OK|FINAL_INPUT|PREFLIGHT_REJECT,PREFLIGHT_REJECT,DYNAMICS_FAIL,,,0.0,0.0,0.0,-1790476687.350675,-1790476687.350675,-1790476687.350675,0,PRE_LOS,58.3848876953125,59.082308000000005,3.422580484036345,-0.265947->-1.034014,-0.2659466966841999,-0.2659466966841999,-1.0340143138420534,-0.2714936796129817,-1.0153740089154233,0,-0.1300330347503024,-0.1300330347503024,58.51488769531248,58.51488769531248,58.51488769531248,58.51488769531248,58.51488769531248,58.51488769531248,0.1,0.1,0.1,0.0,1.51114374760129,0.7680560847275958,3.511425483990372,True,2.4190156760591623,0.1144604357209208,20260927_103759_1243248,SIDE_PLUS,1790476745.595563,58.2448878288269,1790476745.7355628,False,False,False,False,,False,,,SIDE_DISPATCH|RAW_SEED_ATTEMPT|PRE_TIMING_SEED|TIMED_SEED|SEED_ELIGIBILITY|PRE_LOS|POST_LOS|SOLVER_OK|FINAL_INPUT|PREFLIGHT_REJECT,PREFLIGHT_REJECT,DYNAMICS_FAIL,,,0.0,0.0,0.0,-1790476687.350675,-1790476687.350675,-1790476687.350675,0,POST_LOS,58.3848876953125,59.082308000000005,3.422580484036345,-0.265947->+1.944175,-0.2659466966841999,-0.2659466966841999,1.9441749491113915,-0.2714936796129817,2.500469311981396,1,-0.3580799466036439,-0.3580799466036439,58.84488769531241,58.84488769531241,,58.84488769531241,,,0.1,0.1,0.1,0.0,17.827214726712082,40.71665478748206,169.29357100748635,False,1.487988403447163,0.1144604357209208
20260927_103759_1243248,u1e4,0,490,SIDE_MINUS,1790476745.595563,58.2448878288269,1790476745.7355628,False,False,False,False,,False,,,SIDE_DISPATCH|RAW_SEED_ATTEMPT|PRE_TIMING_SEED|TIMED_SEED|SEED_ELIGIBILITY|PRE_LOS|POST_LOS|SOLVER_OK|FINAL_INPUT|PREFLIGHT_REJECT,PREFLIGHT_REJECT,DYNAMICS_FAIL,,,0.0,0.0,0.0,-1790476687.350675,-1790476687.350675,-1790476687.350675,0,PRE_LOS,58.3848876953125,59.082308000000005,3.561340135095773,-0.265947->-1.033930,-0.2659466966841999,-0.2659466966841999,-1.0339296023991913,-0.2714936796129817,-1.0145841950038563,0,-0.1300330347503024,-0.1300330347503024,58.51488769531248,58.51488769531248,58.51488769531248,58.51488769531248,58.51488769531248,58.51488769531248,0.1,0.1,0.1,0.0,1.3977908835912412,0.6248011975974069,2.822160003260341,True,2.4189473261991363,0.1144604357209208,20260927_103759_1243248,SIDE_MINUS,1790476745.595563,58.2448878288269,1790476745.7355628,False,False,False,False,,False,,,SIDE_DISPATCH|RAW_SEED_ATTEMPT|PRE_TIMING_SEED|TIMED_SEED|SEED_ELIGIBILITY|PRE_LOS|POST_LOS|SOLVER_OK|FINAL_INPUT|PREFLIGHT_REJECT,PREFLIGHT_REJECT,DYNAMICS_FAIL,,,0.0,0.0,0.0,-1790476687.350675,-1790476687.350675,-1790476687.350675,0,POST_LOS,58.3848876953125,59.082308000000005,3.561340135095773,-0.265947->-1.816956,-0.2659466966841999,-0.2659466966841999,-1.816956371037156,-0.2714936796129817,-2.011178725714654,0,-0.1300330347503024,-0.1300330347503024,58.50488769531248,58.50488769531248,58.50488769531248,58.50488769531248,58.50488769531248,58.50488769531248,0.1,0.1,0.1,0.0,4.504952924356361,12.750364175005656,57.25784030289977,False,2.4269128648420093,0.1144604357209208
20260927_103759_1243248,u1e4,0,492,SIDE_PLUS,1790476745.612573,58.261897802352905,1790476745.7525728,False,False,False,False,,False,,,SIDE_DISPATCH|RAW_SEED_ATTEMPT|PRE_TIMING_SEED|TIMED_SEED|SEED_ELIGIBILITY|PRE_LOS|POST_LOS|SOLVER_OK|FINAL_INPUT|PREFLIGHT_REJECT,PREFLIGHT_REJECT,DYNAMICS_FAIL,,,0.0,0.0,0.0,-1790476687.350675,-1790476687.350675,-1790476687.350675,0,PRE_LOS,58.4018976688385,59.082308000000005,3.417956374408365,-0.283088->-1.039218,-0.283088204357869,-0.283088204357869,-1.0392183180044097,-0.2907053430619954,-1.0239337712050056,0,-0.1151393466351016,-0.1151393466351016,58.52189766883848,58.52189766883848,58.52189766883848,58.52189766883848,58.52189766883848,58.52189766883848,0.09,0.09,0.09,0.0,1.5066504433015353,0.7628674259467562,3.4928928470769893,True,2.4191134982653866,0.1251823315478941,20260927_103759_1243248,SIDE_PLUS,1790476745.612573,58.261897802352905,1790476745.7525728,False,False,False,False,,False,,,SIDE_DISPATCH|RAW_SEED_ATTEMPT|PRE_TIMING_SEED|TIMED_SEED|SEED_ELIGIBILITY|PRE_LOS|POST_LOS|SOLVER_OK|FINAL_INPUT|PREFLIGHT_REJECT,PREFLIGHT_REJECT,DYNAMICS_FAIL,,,0.0,0.0,0.0,-1790476687.350675,-1790476687.350675,-1790476687.350675,0,POST_LOS,58.4018976688385,59.082308000000005,3.417956374408365,-0.283088->+1.933884,-0.283088204357869,-0.283088204357869,1.933884424489436,-0.2907053430619954,2.390327335426494,1,-0.3485036683534915,-0.3485036683534915,58.86189766883841,58.86189766883841,,58.86189766883841,,,0.09,0.09,0.09,0.0,17.60844477293876,39.97625273990774,168.79961260518672,False,1.651798796243056,0.1251823315478941
20260927_103759_1243248,u1e4,0,493,SIDE_MINUS,1790476745.612573,58.261897802352905,1790476745.7525728,False,False,False,False,,False,,,SIDE_DISPATCH|RAW_SEED_ATTEMPT|PRE_TIMING_SEED|TIMED_SEED|SEED_ELIGIBILITY|PRE_LOS|POST_LOS|SOLVER_OK|FINAL_INPUT|PREFLIGHT_REJECT,PREFLIGHT_REJECT,DYNAMICS_FAIL,,,0.0,0.0,0.0,-1790476687.350675,-1790476687.350675,-1790476687.350675,0,PRE_LOS,58.4018976688385,59.082308000000005,3.556256127000813,-0.283088->-1.039435,-0.283088204357869,-0.283088204357869,-1.0394351880725392,-0.2907053430619954,-1.0234232529757954,0,-0.1151393466351016,-0.1151393466351016,58.52189766883848,58.52189766883848,58.52189766883848,58.52189766883848,58.52189766883848,58.52189766883848,0.09,0.09,0.09,0.0,1.3935654454176154,0.6193980758782577,2.8015138200185072,True,2.419049829137066,0.1251823315478941,20260927_103759_1243248,SIDE_MINUS,1790476745.612573,58.261897802352905,1790476745.7525728,False,False,False,False,,False,,,SIDE_DISPATCH|RAW_SEED_ATTEMPT|PRE_TIMING_SEED|TIMED_SEED|SEED_ELIGIBILITY|PRE_LOS|POST_LOS|SOLVER_OK|FINAL_INPUT|PREFLIGHT_REJECT,PREFLIGHT_REJECT,DYNAMICS_FAIL,,,0.0,0.0,0.0,-1790476687.350675,-1790476687.350675,-1790476687.350675,0,POST_LOS,58.4018976688385,59.082308000000005,3.556256127000813,-0.283088->-1.800371,-0.283088204357869,-0.283088204357869,-1.800371259453632,-0.2907053430619954,-1.9787788499101795,0,-0.1151393466351016,-0.1151393466351016,58.51189766883848,58.51189766883848,58.51189766883848,58.51189766883848,58.51189766883848,58.51189766883848,0.09,0.09,0.09,0.0,4.109673515390054,11.877870960253777,52.79889801111853,False,2.4254093721033003,0.1251823315478941
20260927_103759_1243248,u1e5,0,514,SIDE_PLUS,1790476748.9801598,61.6294846534729,1790476749.1201596,False,True,False,False,,False,,,SIDE_DISPATCH|RAW_SEED_ATTEMPT|PRE_TIMING_SEED|TIMED_SEED|SEED_ELIGIBILITY|PRE_LOS|POST_LOS|SOLVER_OK|FINAL_INPUT|JOINT_SEED|HANDOFF_REJECT,HANDOFF_REJECT,MISSED_FROZEN_ACTIVATION,,,0.0,0.0,0.0,-1790476687.350675,-1790476687.350675,-1790476687.350675,0,PRE_LOS,61.769484519958496,65.07623697082707,3.3067524508685677,+1.512299->-2.157140,1.512298508123308,0.5304132875924144,-2.1571400535945435,1.8452652698250824,-0.2088271152092358,1,-0.5079490976522657,-0.5079490976522657,64.81948451995788,64.81948451995788,,64.81948451995788,,,1.05,1.05,1.05,0.0,1.4655217194005925,0.7436676178893742,3.5960380517635846,True,0.552157331646173,1.68204628321126,20260927_103759_1243248,SIDE_PLUS,1790476748.9801598,61.6294846534729,1790476749.1201596,False,True,False,False,,False,,,SIDE_DISPATCH|RAW_SEED_ATTEMPT|PRE_TIMING_SEED|TIMED_SEED|SEED_ELIGIBILITY|PRE_LOS|POST_LOS|SOLVER_OK|FINAL_INPUT|JOINT_SEED|HANDOFF_REJECT,HANDOFF_REJECT,MISSED_FROZEN_ACTIVATION,,,0.0,0.0,0.0,-1790476687.350675,-1790476687.350675,-1790476687.350675,0,POST_LOS,61.769484519958496,65.07623697082707,3.3067524508685677,+1.512299->-2.157140,1.512298508123308,0.5304132875924144,-2.1571400535945435,1.8452652698250824,-0.2088271152092358,1,-0.5079490976522657,-0.5079490976522657,64.81948451995788,64.81948451995788,,64.81948451995788,,,1.05,1.05,1.05,0.0,1.4655217194005925,0.7436676178893742,3.5960380517635846,True,0.552157331646173,1.68204628321126
20260927_103759_1243248,u1e5,0,517,SIDE_PLUS,1790476749.133487,61.782811880111694,1790476749.2836983,False,True,False,False,,False,,,SIDE_DISPATCH|RAW_SEED_ATTEMPT|PRE_TIMING_SEED|TIMED_SEED|SEED_ELIGIBILITY|PRE_LOS|POST_LOS|SOLVER_OK|FINAL_INPUT|JOINT_SEED|HANDOFF_REJECT,HANDOFF_REJECT,MISSED_FROZEN_ACTIVATION,,,0.0,0.0,0.0,-1790476687.350675,-1790476687.350675,-1790476687.350675,0,PRE_LOS,61.93302321434021,65.06617816460609,3.1331549502658707,+1.454427->-2.156161,1.4544268377837657,0.5154728847122515,-2.1561608923540594,1.7497104555804963,-0.2549594987747807,1,-0.5081639979231024,-0.5081639979231024,64.81302321433964,64.81302321433964,,64.81302321433964,,,1.04,1.04,1.04,0.0,1.4636290613938916,0.7495391319229192,3.681778712037755,True,0.5410169158599649,1.6925448532103504,20260927_103759_1243248,SIDE_PLUS,1790476749.133487,61.782811880111694,1790476749.2836983,False,True,False,False,,False,,,SIDE_DISPATCH|RAW_SEED_ATTEMPT|PRE_TIMING_SEED|TIMED_SEED|SEED_ELIGIBILITY|PRE_LOS|POST_LOS|SOLVER_OK|FINAL_INPUT|JOINT_SEED|HANDOFF_REJECT,HANDOFF_REJECT,MISSED_FROZEN_ACTIVATION,,,0.0,0.0,0.0,-1790476687.350675,-1790476687.350675,-1790476687.350675,0,POST_LOS,61.93302321434021,65.06617816460609,3.1331549502658707,+1.454427->-2.156161,1.4544268377837657,0.5154728847122516,-2.1561608923540594,1.7497104555804963,-0.2549594987747807,1,-0.5081639979231024,-0.5081639979231024,64.81302321433964,64.81302321433964,,64.81302321433964,,,1.04,1.04,1.04,0.0,1.4636290613938951,0.7495391319229191,3.681778712037717,True,0.5410169158599643,1.6925448532103515
20260927_103759_1243248,u1e5,0,520,SIDE_PLUS,1790476749.2707305,61.9200553894043,1790476749.428591,True,True,False,False,,False,,,SIDE_DISPATCH|RAW_SEED_ATTEMPT|PRE_TIMING_SEED|TIMED_SEED|SEED_ELIGIBILITY|PRE_LOS|POST_LOS|SOLVER_OK|FINAL_INPUT|JOINT_SEED|COMPARATOR_LOSS,,,,OPPONENT_D3_LOWER,1.0,1.0,0.1061290225037629,63.44932317733765,63.57291460037232,64.07791590690613,0,PRE_LOS,62.07791590690613,65.30942178740536,3.2315058804992294,+1.401882->-2.545552,1.401881822924449,0.5712197493069763,-2.545552042879689,1.663205490114141,-0.4279641228044108,1,-0.5079547541231936,-0.5079547541231936,64.80791590690558,64.80791590690558,64.80791590690558,64.80791590690558,64.80791590690558,64.80791590690558,1.03,1.03,1.03,0.0,1.453198225326959,0.6979020157745107,3.2523579140097434,True,0.5716650771969787,1.6841560526393384,20260927_103759_1243248,SIDE_PLUS,1790476749.2707305,61.9200553894043,1790476749.428591,True,True,False,False,,False,,,SIDE_DISPATCH|RAW_SEED_ATTEMPT|PRE_TIMING_SEED|TIMED_SEED|SEED_ELIGIBILITY|PRE_LOS|POST_LOS|SOLVER_OK|FINAL_INPUT|JOINT_SEED|COMPARATOR_LOSS,,,,OPPONENT_D3_LOWER,1.0,1.0,0.1061290225037629,63.44932317733765,63.57291460037232,64.07791590690613,0,POST_LOS,62.07791590690613,65.30942178740536,3.2315058804992294,+1.401882->-2.545552,1.401881822924449,0.5712197493069763,-2.545552042879689,1.663205490114141,-0.4279641228044108,1,-0.5079547541231936,-0.5079547541231936,64.80791590690558,64.80791590690558,64.80791590690558,64.80791590690558,64.80791590690558,64.80791590690558,1.03,1.03,1.03,0.0,1.4531982253269573,0.6979020157745185,3.252357914009844,True,0.5716650771969796,1.6841560526393384
20260927_103759_1243248,u1e5,0,523,SIDE_PLUS,1790476749.543918,62.19324278831482,1790476749.6969483,True,True,True,True,222.0,True,62.369112,62.602785,SIDE_DISPATCH|RAW_SEED_ATTEMPT|PRE_TIMING_SEED|TIMED_SEED|SEED_ELIGIBILITY|PRE_LOS|POST_LOS|SOLVER_OK|FINAL_INPUT|JOINT_SEED|COMPARATOR_WIN|SELECTED|COMMITTED,,,,D3_LOWER,1.0,0.5,0.6930985374778982,63.44932317733765,63.97291421890259,64.34627318382263,0,PRE_LOS,62.34627318382263,65.56862,3.531703190486965,+1.321549->-2.503261,1.3215491347999189,0.7478220682862801,-2.503260889562467,1.50258874168268,-0.4782062757238765,1,-0.5063638077520186,-0.5063638077520186,64.92627318382212,64.92627318382212,64.92627318382212,64.92627318382212,64.92627318382212,64.92627318382212,1.15,1.15,1.15,0.0,1.3151394967594676,0.483809148861599,2.026362464383448,True,0.5980440123474413,1.6898487780884894,20260927_103759_1243248,SIDE_PLUS,1790476749.543918,62.19324278831482,1790476749.6969483,True,True,True,True,222.0,True,62.369112,62.602785,SIDE_DISPATCH|RAW_SEED_ATTEMPT|PRE_TIMING_SEED|TIMED_SEED|SEED_ELIGIBILITY|PRE_LOS|POST_LOS|SOLVER_OK|FINAL_INPUT|JOINT_SEED|COMPARATOR_WIN|SELECTED|COMMITTED,,,,D3_LOWER,1.0,0.5,0.6930985374778982,63.44932317733765,63.97291421890259,64.34627318382263,0,POST_LOS,62.34627318382263,65.56862,3.531703190486965,+1.321549->-2.503261,1.3215491347999189,0.7478220682862785,-2.503260889562467,1.50258874168268,-0.4782062757238765,1,-0.5063638077520193,-0.5063638077520193,64.92627318382212,64.92627318382212,64.92627318382212,64.92627318382212,64.92627318382212,64.92627318382212,1.15,1.15,1.15,0.0,1.3151394967594665,0.4838091488615991,2.026362464383459,True,0.5980440123474413,1.6898487780884894
20260927_103759_1243248,u1e5,0,526,SIDE_PLUS,1790476749.811334,62.46065902709961,1790476749.9600277,True,True,True,True,223.0,True,62.635292,62.875878,SIDE_DISPATCH|RAW_SEED_ATTEMPT|PRE_TIMING_SEED|TIMED_SEED|SEED_ELIGIBILITY|PRE_LOS|POST_LOS|SOLVER_OK|FINAL_INPUT|JOINT_SEED|COMPARATOR_WIN|SELECTED|COMMITTED,,,,D3_LOWER,1.0,0.3,2.6284974030812887,63.44932317733765,64.37291383743286,64.60935235023499,0,PRE_LOS,62.609352350234985,65.56862,3.537675271174052,+1.245852->-2.416445,1.245852247650061,0.7815691430491772,-2.4164451386862384,1.3426412937076513,-0.3917543223925896,1,-0.5068933100099877,-0.5068933100099877,64.94935235023452,64.94935235023452,64.94935235023452,64.94935235023452,64.94935235023452,64.94935235023452,1.18,1.18,1.18,0.0,1.294103935238062,0.4529265780822914,1.8926067645426623,True,0.5964267965605079,1.690458079595131,20260927_103759_1243248,SIDE_PLUS,1790476749.811334,62.46065902709961,1790476749.9600277,True,True,True,True,223.0,True,62.635292,62.875878,SIDE_DISPATCH|RAW_SEED_ATTEMPT|PRE_TIMING_SEED|TIMED_SEED|SEED_ELIGIBILITY|PRE_LOS|POST_LOS|SOLVER_OK|FINAL_INPUT|JOINT_SEED|COMPARATOR_WIN|SELECTED|COMMITTED,,,,D3_LOWER,1.0,0.3,2.6284974030812887,63.44932317733765,64.37291383743286,64.60935235023499,0,POST_LOS,62.609352350234985,65.56862,3.537675271174052,+1.245852->-2.416445,1.245852247650061,0.7815691430491772,-2.4164451386862384,1.3426412937076513,-0.3917543223925896,1,-0.5068933100099877,-0.5068933100099877,64.94935235023452,64.94935235023452,64.94935235023452,64.94935235023452,64.94935235023452,64.94935235023452,1.18,1.18,1.18,0.0,1.294103935238062,0.4529265780822914,1.8926067645426623,True,0.5964267965605079,1.690458079595131
20260927_103759_1243248,u1e5,0,529,SIDE_PLUS,1790476750.0924213,62.74174618721008,1790476750.2385955,True,True,True,True,224.0,True,62.915964,63.168641,SIDE_DISPATCH|RAW_SEED_ATTEMPT|PRE_TIMING_SEED|TIMED_SEED|SEED_ELIGIBILITY|PRE_LOS|POST_LOS|SOLVER_OK|FINAL_INPUT|JOINT_SEED|COMPARATOR_WIN|SELECTED|COMMITTED,,,,D3_LOWER,1.0,0.2307692307692307,4.154867788696108,63.44932317733765,64.70935225486755,64.88792061805725,0,PRE_LOS,62.88792061805725,65.56862,3.52261115171992,+1.173393->-2.362384,1.1733925621554604,0.7820093471325968,-2.362383650792745,1.202746369084652,-0.5236995505567946,1,-0.5097535026011802,-0.5097535026011802,64.96792061805684,64.96792061805684,64.96792061805684,64.96792061805684,64.96792061805684,64.96792061805684,1.19,1.19,1.19,0.0,1.3016766770613095,0.4652594417892823,2.0606342486467155,True,0.591916342770026,1.6904577691678606,20260927_103759_1243248,SIDE_PLUS,1790476750.0924213,62.74174618721008,1790476750.2385955,True,True,True,True,224.0,True,62.915964,63.168641,SIDE_DISPATCH|RAW_SEED_ATTEMPT|PRE_TIMING_SEED|TIMED_SEED|SEED_ELIGIBILITY|PRE_LOS|POST_LOS|SOLVER_OK|FINAL_INPUT|JOINT_SEED|COMPARATOR_WIN|SELECTED|COMMITTED,,,,D3_LOWER,1.0,0.2307692307692307,4.154867788696108,63.44932317733765,64.70935225486755,64.88792061805725,0,POST_LOS,62.88792061805725,65.56862,3.52261115171992,+1.173393->-2.362384,1.1733925621554604,0.7820093471325968,-2.362383650792742,1.202746369084652,-0.5236995505567931,1,-0.5097535026011801,-0.5097535026011801,64.96792061805684,64.96792061805684,64.96792061805684,64.96792061805684,64.96792061805684,64.96792061805684,1.19,1.19,1.19,0.0,1.3016766770613095,0.4652594417892898,2.06063424864679,True,0.591916342770026,1.6904577691678606
20260927_103759_1243248,u1e5,0,532,SIDE_PLUS,1790476750.3756592,63.02498412132263,1790476750.5182111,True,True,False,False,,False,,,SIDE_DISPATCH|RAW_SEED_ATTEMPT|PRE_TIMING_SEED|TIMED_SEED|SEED_ELIGIBILITY|PRE_LOS|POST_LOS|SOLVER_OK|FINAL_INPUT|JOINT_SEED|COMPARATOR_LOSS,,,,OPPONENT_D3_LOWER,1.0,0.25,4.608182652229317,63.44932317733765,64.98792052268982,65.16753602027893,0,PRE_LOS,63.16753602027893,65.56862,3.4459754404286143,+1.092402->-2.271508,1.092402029884018,0.7703264842269235,-2.271508199779776,1.0648315454817334,-0.7162166749503827,1,-0.5064841309100726,-0.5064841309100726,64.93753602027857,64.93753602027857,64.93753602027857,64.93753602027857,64.93753602027857,64.93753602027857,1.16,1.16,1.16,0.0,1.3331107562835756,0.5025444696404827,2.2456977204345927,True,0.5828887586892657,1.7079075189829702,20260927_103759_1243248,SIDE_PLUS,1790476750.3756592,63.02498412132263,1790476750.5182111,True,True,False,False,,False,,,SIDE_DISPATCH|RAW_SEED_ATTEMPT|PRE_TIMING_SEED|TIMED_SEED|SEED_ELIGIBILITY|PRE_LOS|POST_LOS|SOLVER_OK|FINAL_INPUT|JOINT_SEED|COMPARATOR_LOSS,,,,OPPONENT_D3_LOWER,1.0,0.25,4.608182652229317,63.44932317733765,64.98792052268982,65.16753602027893,0,POST_LOS,63.16753602027893,65.56862,3.4459754404286143,+1.092402->-2.271508,1.092402029884018,0.7703264842269235,-2.271508199779776,1.0648315454817334,-0.7162166749503827,1,-0.5064841309100726,-0.5064841309100726,64.93753602027857,64.93753602027857,64.93753602027857,64.93753602027857,64.93753602027857,64.93753602027857,1.16,1.16,1.16,0.0,1.3331107562835756,0.5025444696404827,2.2456977204345927,True,0.5828887586892657,1.7079075189829702
20260927_103759_1243248,u1e5,0,535,SIDE_PLUS,1790476750.66322,63.31254482269287,1790476750.8032198,True,True,False,False,,False,,,SIDE_DISPATCH|RAW_SEED_ATTEMPT|PRE_TIMING_SEED|TIMED_SEED|SEED_ELIGIBILITY|PRE_LOS|POST_LOS|SOLVER_OK|FINAL_INPUT|JOINT_SEED|COMPARATOR_LOSS,,,,OPPONENT_C3_HIGHER,1.0,0.1333333333333333,4.812112120342999,63.45254468917847,65.0493233203888,65.45254468917847,0,PRE_LOS,63.45254468917847,65.56862,3.408006396834187,+0.973919->-2.234213,0.9739192182067948,0.7642034455004025,-2.23421349968045,0.928538731388928,-0.6785908875897996,1,-0.5064060886391317,-0.5064060886391317,64.94254468917816,64.94254468917816,64.94254468917816,64.94254468917816,64.94254468917816,64.94254468917816,1.17,1.17,1.17,0.0,1.3130397144286063,0.4831740102837594,2.225318231126208,True,0.5801447433367177,1.7661949063143625,20260927_103759_1243248,SIDE_PLUS,1790476750.66322,63.31254482269287,1790476750.8032198,True,True,False,False,,False,,,SIDE_DISPATCH|RAW_SEED_ATTEMPT|PRE_TIMING_SEED|TIMED_SEED|SEED_ELIGIBILITY|PRE_LOS|POST_LOS|SOLVER_OK|FINAL_INPUT|JOINT_SEED|COMPARATOR_LOSS,,,,OPPONENT_C3_HIGHER,1.0,0.1333333333333333,4.812112120342999,63.45254468917847,65.0493233203888,65.45254468917847,0,POST_LOS,63.45254468917847,65.56862,3.408006396834187,+0.973919->-2.251327,0.9739192182067948,0.7793271730417454,-2.251326571237235,0.928538731388928,-0.7211538242144911,1,-0.5076442960875032,-0.5076442960875032,65.00254468917817,65.00254468917817,65.00254468917817,65.00254468917817,65.00254468917817,65.00254468917817,1.2,1.2,1.2,0.0,1.6236639652373466,1.173759918317974,4.026464472367121,True,0.5843752642079523,1.7661949063143625
20260927_103759_1243248,u1e5,0,537,SIDE_MINUS,1790476750.9418364,63.59116125106812,1790476751.0818362,False,True,False,False,,False,,,SIDE_DISPATCH|RAW_SEED_ATTEMPT|PRE_TIMING_SEED|TIMED_SEED|SEED_ELIGIBILITY|PRE_LOS|POST_LOS|SOLVER_OK|FINAL_INPUT|JOINT_SEED|PREFLIGHT_REJECT,PREFLIGHT_REJECT,DYNAMICS_FAIL,,,0.0,0.0,0.0,-1790476687.350675,-1790476687.350675,-1790476687.350675,0,PRE_LOS,63.73116111755371,65.56862,3.5307387621754,+0.793865->-2.130006,0.7938645206808022,0.7629988984426768,-2.13000643497825,0.7794533294582944,-0.6064285289386993,1,-0.5072809579505322,-0.5072809579505322,64.95116111755347,64.95116111755347,64.95116111755347,64.95116111755347,64.95116111755347,64.95116111755347,1.18,1.18,1.18,0.0,1.1855581167257074,0.3710574867754183,1.6769209510135896,True,0.5796279647022218,1.873856899814245,20260927_103759_1243248,SIDE_MINUS,1790476750.9418364,63.59116125106812,1790476751.0818362,False,True,False,False,,False,,,SIDE_DISPATCH|RAW_SEED_ATTEMPT|PRE_TIMING_SEED|TIMED_SEED|SEED_ELIGIBILITY|PRE_LOS|POST_LOS|SOLVER_OK|FINAL_INPUT|JOINT_SEED|PREFLIGHT_REJECT,PREFLIGHT_REJECT,DYNAMICS_FAIL,,,0.0,0.0,0.0,-1790476687.350675,-1790476687.350675,-1790476687.350675,0,POST_LOS,63.73116111755371,65.56862,3.5307387621754,+0.793865->-3.861253,0.7938645206808022,0.7604877121001686,-3.861253335483057,0.7794533294582944,-4.8480491196645,1,-0.490162859589514,-0.490162859589514,64.09116111755364,64.09116111755364,64.09116111755364,64.09116111755364,,64.09116111755364,0.8200000000000001,0.8200000000000001,0.71,0.0,23.955843672282956,64.21706103412224,295.86945733488943,False,0.4945228555215169,1.829107140431368
20260927_103759_1243248,u1e5,0,538,SIDE_PLUS,1790476750.9418364,63.59116125106812,1790476751.0818362,False,True,False,False,,False,,,SIDE_DISPATCH|RAW_SEED_ATTEMPT|PRE_TIMING_SEED|TIMED_SEED|SEED_ELIGIBILITY|PRE_LOS|POST_LOS|SOLVER_OK|FINAL_INPUT|JOINT_SEED|PREFLIGHT_REJECT,PREFLIGHT_REJECT,DYNAMICS_FAIL,,,0.0,0.0,0.0,-1790476687.350675,-1790476687.350675,-1790476687.350675,0,PRE_LOS,63.73116111755371,65.56862,3.4143719834935675,+0.793865->-2.170727,0.7938645206808022,0.7630007878917046,-2.170727110653422,0.7794533294582944,-0.6237858166693261,1,-0.5058192018444073,-0.5058192018444073,64.95116111755347,64.95116111755347,64.95116111755347,64.95116111755347,64.95116111755347,64.95116111755347,1.18,1.18,1.18,0.0,1.2793886700734325,0.4597488027822765,2.1870048807622813,True,0.5796279647022218,1.873856899814245,20260927_103759_1243248,SIDE_PLUS,1790476750.9418364,63.59116125106812,1790476751.0818362,False,True,False,False,,False,,,SIDE_DISPATCH|RAW_SEED_ATTEMPT|PRE_TIMING_SEED|TIMED_SEED|SEED_ELIGIBILITY|PRE_LOS|POST_LOS|SOLVER_OK|FINAL_INPUT|JOINT_SEED|PREFLIGHT_REJECT,PREFLIGHT_REJECT,DYNAMICS_FAIL,,,0.0,0.0,0.0,-1790476687.350675,-1790476687.350675,-1790476687.350675,0,POST_LOS,63.73116111755371,65.56862,3.4143719834935675,+0.793865->-1.259926,0.7938645206808022,0.7633998361328878,-1.2599255541340189,0.7794533294582944,1.6422983305507328,1,-0.5075459934407328,-0.5075459934407328,,,,,,,1.2,1.2,1.2,0.0,4.323327109969624,9.307110168674578,48.8420484081404,False,0.5796279647022218,0.528505718375498
20260927_103759_1243248,u1e5,0,540,SIDE_MINUS,1790476750.9677677,63.61709237098694,1790476751.107767,False,True,False,False,,False,,,SIDE_DISPATCH|RAW_SEED_ATTEMPT|PRE_TIMING_SEED|TIMED_SEED|SEED_ELIGIBILITY|PRE_LOS|POST_LOS|SOLVER_OK|FINAL_INPUT|JOINT_SEED|PREFLIGHT_REJECT,PREFLIGHT_REJECT,DYNAMICS_FAIL,,,0.0,0.0,0.0,-1790476687.350675,-1790476687.350675,-1790476687.350675,0,PRE_LOS,63.75709223747253,65.56862,3.507083051268447,+0.773292->-2.129174,0.7732922460305505,0.7630829427182055,-2.1291743643764365,0.7567925604197038,-0.6315934711304402,1,-0.5075759096220662,-0.5075759096220662,64.9470922374723,64.9470922374723,64.9470922374723,64.9470922374723,64.9470922374723,64.9470922374723,1.17,1.17,1.17,0.0,1.1847965957833428,0.3732001469689354,1.69008198943069,True,0.5798414053753573,1.8865718930142008,20260927_103759_1243248,SIDE_MINUS,1790476750.9677677,63.61709237098694,1790476751.107767,False,True,False,False,,False,,,SIDE_DISPATCH|RAW_SEED_ATTEMPT|PRE_TIMING_SEED|TIMED_SEED|SEED_ELIGIBILITY|PRE_LOS|POST_LOS|SOLVER_OK|FINAL_INPUT|JOINT_SEED|PREFLIGHT_REJECT,PREFLIGHT_REJECT,DYNAMICS_FAIL,,,0.0,0.0,0.0,-1790476687.350675,-1790476687.350675,-1790476687.350675,0,POST_LOS,63.75709223747253,65.56862,3.507083051268447,+0.773292->-4.332373,0.7732922460305505,0.7629875411910241,-4.332372893919752,0.7567925604197038,-5.331054088030411,1,-0.5026689256241349,-0.5026689256241349,64.11709223747246,64.11709223747246,64.11709223747246,64.11709223747246,,64.11709223747246,0.81,0.81,0.7000000000000001,0.0,23.10642950362292,62.76792720246324,292.30368097839937,False,0.5057923233565715,1.83190437803964
20260927_103759_1243248,u1e5,0,541,SIDE_PLUS,1790476750.9677677,63.61709237098694,1790476751.107767,False,True,False,False,,False,,,SIDE_DISPATCH|RAW_SEED_ATTEMPT|PRE_TIMING_SEED|TIMED_SEED|SEED_ELIGIBILITY|PRE_LOS|POST_LOS|SOLVER_OK|FINAL_INPUT|JOINT_SEED|PREFLIGHT_REJECT,PREFLIGHT_REJECT,DYNAMICS_FAIL,,,0.0,0.0,0.0,-1790476687.350675,-1790476687.350675,-1790476687.350675,0,PRE_LOS,63.75709223747253,65.56862,3.3893284945909894,+0.773292->-2.169732,0.7732922460305505,0.7630830134678166,-2.169732258503002,0.7567925604197038,-0.6501206037595342,1,-0.5090861489235311,-0.5090861489235311,64.9470922374723,64.9470922374723,64.9470922374723,64.9470922374723,64.9470922374723,64.9470922374723,1.17,1.17,1.17,0.0,1.280030501705094,0.4628727918731929,2.211374523448056,True,0.5798414053753573,1.8865718930142008,20260927_103759_1243248,SIDE_PLUS,1790476750.9677677,63.61709237098694,1790476751.107767,False,True,False,False,,False,,,SIDE_DISPATCH|RAW_SEED_ATTEMPT|PRE_TIMING_SEED|TIMED_SEED|SEED_ELIGIBILITY|PRE_LOS|POST_LOS|SOLVER_OK|FINAL_INPUT|JOINT_SEED|PREFLIGHT_REJECT,PREFLIGHT_REJECT,DYNAMICS_FAIL,,,0.0,0.0,0.0,-1790476687.350675,-1790476687.350675,-1790476687.350675,0,POST_LOS,63.75709223747253,65.56862,3.3893284945909894,+0.773292->-1.116926,0.7732922460305505,0.7631046565210631,-1.116926447090182,0.7567925604197038,1.9806492071211568,1,-0.5005548338269956,-0.5005548338269956,64.4070922374724,64.4070922374724,64.4070922374724,64.4070922374724,,64.4070922374724,0.88,0.88,0.88,0.0,5.643493468063153,13.348790853798086,69.0408678993374,False,0.5798414053753573,0.4194350357844353
20260927_103759_1243248,u1e5,0,543,SIDE_MINUS,1790476751.2157283,63.86505317687988,1790476751.355728,False,True,False,False,,False,,,SIDE_DISPATCH|RAW_SEED_ATTEMPT|PRE_TIMING_SEED|TIMED_SEED|SEED_ELIGIBILITY|PRE_LOS|POST_LOS|SOLVER_OK|FINAL_INPUT|JOINT_SEED|PREFLIGHT_REJECT,PREFLIGHT_REJECT,DYNAMICS_FAIL,,,0.0,0.0,0.0,-1790476687.350675,-1790476687.350675,-1790476687.350675,0,PRE_LOS,64.00505304336548,65.56862,3.457342903742771,+0.518863->-2.090042,0.5188627621409325,0.5188627621409325,-2.0900416638977606,0.4894656551720759,-0.861014509626726,1,-0.5086116223997436,-0.5086116223997436,64.95505304336596,64.95505304336596,64.95505304336596,64.95505304336596,64.95505304336596,64.95505304336596,0.95,0.95,0.95,0.0,1.1758595894096346,0.363037957639705,1.8338039763965543,True,0.6056322561600205,2.03017937854276,20260927_103759_1243248,SIDE_MINUS,1790476751.2157283,63.86505317687988,1790476751.355728,False,True,False,False,,False,,,SIDE_DISPATCH|RAW_SEED_ATTEMPT|PRE_TIMING_SEED|TIMED_SEED|SEED_ELIGIBILITY|PRE_LOS|POST_LOS|SOLVER_OK|FINAL_INPUT|JOINT_SEED|PREFLIGHT_REJECT,PREFLIGHT_REJECT,DYNAMICS_FAIL,,,0.0,0.0,0.0,-1790476687.350675,-1790476687.350675,-1790476687.350675,0,POST_LOS,64.00505304336548,65.56862,3.457342903742771,+0.518863->-4.832674,0.5188627621409325,0.5188627621409325,-4.832674208920485,0.4894656551720759,-9.59387801253525,1,-0.5058477186942535,-0.5058477186942535,64.34505304336565,64.34505304336565,64.34505304336565,64.34505304336565,,64.34505304336565,0.54,0.54,0.34,0.0,21.153610694031197,58.55928451088821,280.68703368302863,False,0.6056322561600205,1.650908421868034
20260927_103759_1243248,u1e5,0,544,SIDE_PLUS,1790476751.2157283,63.86505317687988,1790476751.355728,False,True,False,False,,False,,,SIDE_DISPATCH|RAW_SEED_ATTEMPT|PRE_TIMING_SEED|TIMED_SEED|SEED_ELIGIBILITY|PRE_LOS|POST_LOS|SOLVER_OK|FINAL_INPUT|JOINT_SEED|PREFLIGHT_REJECT,PREFLIGHT_REJECT,DYNAMICS_FAIL,,,0.0,0.0,0.0,-1790476687.350675,-1790476687.350675,-1790476687.350675,0,PRE_LOS,64.00505304336548,65.56862,3.3288567618278,+0.518863->-2.119316,0.5188627621409325,0.5188627621409325,-2.119316212998348,0.4894656551720759,-0.8794692148569082,1,-0.5088982381532541,-0.5088982381532541,64.95505304336596,64.95505304336596,64.95505304336596,64.95505304336596,64.95505304336596,64.95505304336596,0.95,0.95,0.95,0.0,1.2725789975276556,0.4817191815900679,2.3912563903892616,True,0.6056322561600205,2.03017937854276,20260927_103759_1243248,SIDE_PLUS,1790476751.2157283,63.86505317687988,1790476751.355728,False,True,False,False,,False,,,SIDE_DISPATCH|RAW_SEED_ATTEMPT|PRE_TIMING_SEED|TIMED_SEED|SEED_ELIGIBILITY|PRE_LOS|POST_LOS|SOLVER_OK|FINAL_INPUT|JOINT_SEED|PREFLIGHT_REJECT,PREFLIGHT_REJECT,DYNAMICS_FAIL,,,0.0,0.0,0.0,-1790476687.350675,-1790476687.350675,-1790476687.350675,0,POST_LOS,64.00505304336548,65.56862,3.3288567618278,+0.518863->+0.062875,0.5188627621409325,0.5188627621409325,0.0628750985965875,0.4894656551720759,4.525783910507615,0,-0.4987568159652979,-0.4987568159652979,64.69505304336583,64.69505304336583,,,,,0.93,0.93,0.93,0.0,8.63788373192232,22.68376368967532,121.79425644214754,False,0.6056322561600205,0.7779757438919128
20260927_103759_1243248,u1e5,0,546,SIDE_MINUS,1790476751.4918952,64.14122009277344,1790476751.631895,False,True,False,False,,False,,,SIDE_DISPATCH|RAW_SEED_ATTEMPT|PRE_TIMING_SEED|TIMED_SEED|SEED_ELIGIBILITY|PRE_LOS|POST_LOS|SOLVER_OK|FINAL_INPUT|JOINT_SEED|PREFLIGHT_REJECT,PREFLIGHT_REJECT,DYNAMICS_FAIL,,,0.0,0.0,0.0,-1790476687.350675,-1790476687.350675,-1790476687.350675,0,PRE_LOS,64.28121995925903,65.56862,3.43379835826932,+0.094065->-2.078906,0.0940654193191909,0.0940654193191909,-2.0789063483157526,0.0682948649876094,-1.1801266970902369,1,-0.508496996001479,-0.508496996001479,64.95121995925938,64.95121995925938,64.95121995925938,64.95121995925938,64.95121995925938,64.95121995925938,0.67,0.67,0.67,0.0,1.1847100700382152,0.3914917411952182,2.020555775326451,True,0.6928645002769991,2.1996596885848057,20260927_103759_1243248,SIDE_MINUS,1790476751.4918952,64.14122009277344,1790476751.631895,False,True,False,False,,False,,,SIDE_DISPATCH|RAW_SEED_ATTEMPT|PRE_TIMING_SEED|TIMED_SEED|SEED_ELIGIBILITY|PRE_LOS|POST_LOS|SOLVER_OK|FINAL_INPUT|JOINT_SEED|PREFLIGHT_REJECT,PREFLIGHT_REJECT,DYNAMICS_FAIL,,,0.0,0.0,0.0,-1790476687.350675,-1790476687.350675,-1790476687.350675,0,POST_LOS,64.28121995925903,65.56862,3.43379835826932,+0.094065->-5.256407,0.0940654193191909,0.0940654193191909,-5.256407328124705,0.0682948649876094,-10.599462541770118,1,-0.5094366518535592,-0.5094366518535592,64.6012199592592,64.6012199592592,64.6012199592592,64.6012199592592,64.6012199592592,64.6012199592592,0.32,0.32,0.32,0.0,16.18675241289533,45.80479292424933,222.51072556730355,False,0.6928645002769991,1.4886425790994111
20260927_103759_1243248,u1e5,0,547,SIDE_PLUS,1790476751.4918952,64.14122009277344,1790476751.631895,False,True,False,False,,False,,,SIDE_DISPATCH|RAW_SEED_ATTEMPT|PRE_TIMING_SEED|TIMED_SEED|SEED_ELIGIBILITY|PRE_LOS|POST_LOS|SOLVER_OK|FINAL_INPUT|JOINT_SEED|PREFLIGHT_REJECT,PREFLIGHT_REJECT,DYNAMICS_FAIL,,,0.0,0.0,0.0,-1790476687.350675,-1790476687.350675,-1790476687.350675,0,PRE_LOS,64.28121995925903,65.56862,3.2927554114288764,+0.094065->-2.092659,0.0940654193191909,0.0940654193191909,-2.092658518664927,0.0682948649876094,-1.1937869808161927,1,-0.5084957384542961,-0.5084957384542961,64.95121995925938,64.95121995925938,64.95121995925938,64.95121995925938,64.95121995925938,64.95121995925938,0.67,0.67,0.67,0.0,1.2872268453415276,0.5214235837216277,2.648454956449097,True,0.6928645002769991,2.183084995398961,20260927_103759_1243248,SIDE_PLUS,1790476751.4918952,64.14122009277344,1790476751.631895,False,True,False,False,,False,,,SIDE_DISPATCH|RAW_SEED_ATTEMPT|PRE_TIMING_SEED|TIMED_SEED|SEED_ELIGIBILITY|PRE_LOS|POST_LOS|SOLVER_OK|FINAL_INPUT|JOINT_SEED|PREFLIGHT_REJECT,PREFLIGHT_REJECT,DYNAMICS_FAIL,,,0.0,0.0,0.0,-1790476687.350675,-1790476687.350675,-1790476687.350675,0,POST_LOS,64.28121995925903,65.56862,3.2927554114288764,+0.094065->+1.818850,0.0940654193191909,0.0940654193191909,1.818850468385428,0.0682948649876094,8.90587644272422,2,-0.5065771567991684,-0.5065771567991684,,,,,,,0.6900000000000001,0.6900000000000001,0.6900000000000001,0.0,13.791213223860288,38.451969343871845,207.76261001630596,False,0.6928645002769991,0.7402858256536264
20260927_103759_1243248,u1e5,0,549,SIDE_MINUS,1790476751.767213,64.41653823852539,1790476751.9072132,False,True,False,False,,False,,,SIDE_DISPATCH|RAW_SEED_ATTEMPT|PRE_TIMING_SEED|TIMED_SEED|SEED_ELIGIBILITY|PRE_LOS|POST_LOS|SOLVER_OK|FINAL_INPUT|JOINT_SEED|PREFLIGHT_REJECT,PREFLIGHT_REJECT,DYNAMICS_FAIL,,,0.0,0.0,0.0,-1790476687.350675,-1790476687.350675,-1790476687.350675,0,PRE_LOS,64.55653810501099,65.56862,2.890623958666574,-0.451591->-2.081316,-0.4515912290102852,-0.4515912290102852,-2.081316278540437,-0.4841238944948707,-1.5664086314019776,0,-0.318788006947609,-0.318788006947609,64.94653810501119,64.94653810501119,64.94653810501119,64.94653810501119,64.94653810501119,64.94653810501119,0.39,0.39,0.39,0.0,1.3437319795764289,0.3050518344271227,1.48731833186399,True,0.8418398849634638,2.1893534718756325,20260927_103759_1243248,SIDE_MINUS,1790476751.767213,64.41653823852539,1790476751.9072132,False,True,False,False,,False,,,SIDE_DISPATCH|RAW_SEED_ATTEMPT|PRE_TIMING_SEED|TIMED_SEED|SEED_ELIGIBILITY|PRE_LOS|POST_LOS|SOLVER_OK|FINAL_INPUT|JOINT_SEED|PREFLIGHT_REJECT,PREFLIGHT_REJECT,DYNAMICS_FAIL,,,0.0,0.0,0.0,-1790476687.350675,-1790476687.350675,-1790476687.350675,0,POST_LOS,64.55653810501099,65.56862,2.890623958666574,-0.451591->-4.013907,-0.4515912290102852,-0.4515912290102852,-4.01390682865471,-0.4841238944948707,-6.798522819644391,0,-0.318788006947609,-0.318788006947609,64.81653810501112,64.81653810501112,64.81653810501112,64.81653810501112,64.81653810501112,64.81653810501112,0.26,0.26,0.26,0.0,9.757020213981528,31.87275548015416,174.47062734912248,False,0.8418398849634638,1.343999432065743
20260927_103759_1243248,u1e5,0,550,SIDE_PLUS,1790476751.767213,64.41653823852539,1790476751.9072132,False,True,False,False,,False,,,SIDE_DISPATCH|RAW_SEED_ATTEMPT|PRE_TIMING_SEED|TIMED_SEED|SEED_ELIGIBILITY|PRE_LOS|POST_LOS|SOLVER_OK|FINAL_INPUT|JOINT_SEED|PREFLIGHT_REJECT,PREFLIGHT_REJECT,DYNAMICS_FAIL,,,0.0,0.0,0.0,-1790476687.350675,-1790476687.350675,-1790476687.350675,0,PRE_LOS,64.55653810501099,65.56862,2.7277839251526506,-0.451591->-2.106438,-0.4515912290102852,-0.4515912290102852,-2.106438299087723,-0.4841238944948707,-1.5940687111564729,0,-0.318788006947609,-0.318788006947609,64.94653810501119,64.94653810501119,64.94653810501119,64.94653810501119,64.94653810501119,64.94653810501119,0.39,0.39,0.39,0.0,1.4527178419572426,0.4121431061775019,2.379561052868546,True,0.8418398849634638,2.1593694251403823,20260927_103759_1243248,SIDE_PLUS,1790476751.767213,64.41653823852539,1790476751.9072132,False,True,False,False,,False,,,SIDE_DISPATCH|RAW_SEED_ATTEMPT|PRE_TIMING_SEED|TIMED_SEED|SEED_ELIGIBILITY|PRE_LOS|POST_LOS|SOLVER_OK|FINAL_INPUT|JOINT_SEED|PREFLIGHT_REJECT,PREFLIGHT_REJECT,DYNAMICS_FAIL,,,0.0,0.0,0.0,-1790476687.350675,-1790476687.350675,-1790476687.350675,0,POST_LOS,64.55653810501099,65.56862,2.7277839251526506,-0.451591->+2.730588,-0.4515912290102852,-0.4515912290102852,2.730587953144298,-0.4841238944948707,10.856899352912794,1,-0.5067296454895182,-0.5067296454895182,,,,,,,0.42,0.42,0.42,0.0,18.88431978233806,55.32936133330264,346.3348156538966,False,0.8418398849634638,0.5087430818905709
20260927_103759_1243248,u1e5,0,552,SIDE_MINUS,1790476752.028324,64.67764902114868,1790476752.168324,True,True,False,False,,False,,,SIDE_DISPATCH|RAW_SEED_ATTEMPT|PRE_TIMING_SEED|TIMED_SEED|SEED_ELIGIBILITY|PRE_LOS|POST_LOS|SOLVER_OK|FINAL_INPUT|JOINT_SEED|COMPARATOR_LOSS,,,,OPPONENT_D3_LOWER,1.0,0.6666666666666666,0.1573922992930576,64.81764888763428,65.04932475090027,66.81764888763428,0,PRE_LOS,64.81764888763428,65.56862,3.3773837883928657,-1.038297->-2.061431,-1.0382971628401807,-1.0382971628401807,-2.06143146491596,-1.0702082484235391,-1.8832335480114308,0,-0.1014191762830542,-0.1014191762830542,64.94764888763434,64.94764888763434,64.94764888763434,64.94764888763434,64.94764888763434,64.94764888763434,0.13,0.13,0.13,0.0,1.188407510596679,0.4360299437477861,2.339266982841961,True,1.0299513151279749,2.204947061737915,20260927_103759_1243248,SIDE_MINUS,1790476752.028324,64.67764902114868,1790476752.168324,True,True,False,False,,False,,,SIDE_DISPATCH|RAW_SEED_ATTEMPT|PRE_TIMING_SEED|TIMED_SEED|SEED_ELIGIBILITY|PRE_LOS|POST_LOS|SOLVER_OK|FINAL_INPUT|JOINT_SEED|COMPARATOR_LOSS,,,,OPPONENT_D3_LOWER,1.0,0.6666666666666666,0.1573922992930576,64.81764888763428,65.04932475090027,66.81764888763428,0,POST_LOS,64.81764888763428,65.56862,3.3773837883928657,-1.038297->-2.061431,-1.0382971628401807,-1.0382971628401807,-2.06143146491596,-1.0702082484235391,-1.8832335480114308,0,-0.1014191762830542,-0.1014191762830542,64.94764888763434,64.94764888763434,64.94764888763434,64.94764888763434,64.94764888763434,64.94764888763434,0.13,0.13,0.13,0.0,1.188407510596679,0.436029943747786,2.339266982841961,True,1.0299513151279749,2.204947061737915
20260927_103759_1243248,u1e5,0,553,SIDE_PLUS,1790476752.028324,64.67764902114868,1790476752.168324,False,True,False,False,,False,,,SIDE_DISPATCH|RAW_SEED_ATTEMPT|PRE_TIMING_SEED|TIMED_SEED|SEED_ELIGIBILITY|PRE_LOS|POST_LOS|SOLVER_OK|FINAL_INPUT|JOINT_SEED|PREFLIGHT_REJECT,PREFLIGHT_REJECT,DYNAMICS_FAIL,,,0.0,0.0,0.0,-1790476687.350675,-1790476687.350675,-1790476687.350675,0,PRE_LOS,64.81764888763428,65.56862,3.1754199340894456,-1.038297->-2.057356,-1.0382971628401807,-1.0382971628401807,-2.057355912674328,-1.0702082484235391,-1.881416282043446,0,-0.1014191762830542,-0.1014191762830542,64.94764888763434,64.94764888763434,64.94764888763434,64.94764888763434,64.94764888763434,64.94764888763434,0.13,0.13,0.13,0.0,1.3341946919240697,0.615980163468266,3.180070707744437,True,1.0299513151279749,2.207536193369692,20260927_103759_1243248,SIDE_PLUS,1790476752.028324,64.67764902114868,1790476752.168324,False,True,False,False,,False,,,SIDE_DISPATCH|RAW_SEED_ATTEMPT|PRE_TIMING_SEED|TIMED_SEED|SEED_ELIGIBILITY|PRE_LOS|POST_LOS|SOLVER_OK|FINAL_INPUT|JOINT_SEED|PREFLIGHT_REJECT,PREFLIGHT_REJECT,DYNAMICS_FAIL,,,0.0,0.0,0.0,-1790476687.350675,-1790476687.350675,-1790476687.350675,0,POST_LOS,64.81764888763428,65.56862,3.1754199340894456,-1.038297->+6.098079,-1.0382971628401807,-1.0382971628401807,6.09807924187086,-1.0702082484235391,2.4299963861837943,1,-0.1014191762830542,-0.1014191762830542,64.94764888763434,64.94764888763434,,64.94764888763434,,,0.13,0.13,0.13,0.0,20.07627914033404,59.50302064185409,325.305812808906,False,0.0438818402075774,2.695809624931618
20260927_103759_1243248,u2e1,1,386,SIDE_MINUS,1790476759.4540904,72.1034152507782,1790476759.5940902,True,False,False,False,,False,,,SIDE_DISPATCH|RAW_SEED_ATTEMPT|PRE_TIMING_SEED|TIMED_SEED|SEED_ELIGIBILITY|PRE_LOS|POST_LOS|SOLVER_OK|FINAL_INPUT|COMPARATOR_LOSS,,,,K2_GATE_REJECT_CANDIDATE,0.3333333333333333,0.0,0.2954026421427304,73.84932327270508,74.08520817756653,74.2434151172638,0,PRE_LOS,72.2434151172638,74.535173,3.8050174463754898,-1.072497->+0.064599,-1.0724967435522608,-1.0625254770613648,0.0645989727604361,-0.9179034873999296,-0.2973048184250025,1,-0.2597791842330473,-0.2597791842330473,73.40341511726439,73.40341511726439,73.40341511726439,73.40341511726439,,,0.54,0.12,0.12,0.0,1.1998564715248587,0.8223121749733611,2.092912902244861,True,0.487381386601554,0.3955357212449983,20260927_103759_1243248,SIDE_MINUS,1790476759.4540904,72.1034152507782,1790476759.5940902,True,False,False,False,,False,,,SIDE_DISPATCH|RAW_SEED_ATTEMPT|PRE_TIMING_SEED|TIMED_SEED|SEED_ELIGIBILITY|PRE_LOS|POST_LOS|SOLVER_OK|FINAL_INPUT|COMPARATOR_LOSS,,,,K2_GATE_REJECT_CANDIDATE,0.3333333333333333,0.0,0.2954026421427304,73.84932327270508,74.08520817756653,74.2434151172638,0,POST_LOS,72.2434151172638,74.535173,3.8050174463754898,-1.072497->+0.064599,-1.0724967435522608,-1.0625254770613648,0.0645989727604361,-0.9179034873999296,-0.2973048184250039,1,-0.2597791842330473,-0.2597791842330473,73.40341511726439,73.40341511726439,73.40341511726439,73.40341511726439,,,0.54,0.12,0.12,0.0,1.1998564715248603,0.8223121749733545,2.092912902244852,True,0.4873813866015549,0.3955357212449983
20260927_103759_1243248,u2e1,1,389,SIDE_MINUS,1790476759.4784572,72.12778210639954,1790476759.618457,True,False,True,True,257.0,True,72.276188,72.536313,SIDE_DISPATCH|RAW_SEED_ATTEMPT|PRE_TIMING_SEED|TIMED_SEED|SEED_ELIGIBILITY|PRE_LOS|POST_LOS|SOLVER_OK|FINAL_INPUT|COMPARATOR_WIN|SELECTED|COMMITTED,,,,,0.6666666666666666,0.0,0.2196871909006168,73.84932327270508,74.08520817756653,74.26778197288513,0,PRE_LOS,72.26778197288513,74.535173,3.78326352348005,-1.062359->+0.055436,-1.062359344960769,-1.0644960759451398,0.0554357245950948,-0.8053274525625111,-0.1781567224201293,1,-0.2592574534946913,-0.2592574534946913,73.40778197288572,73.40778197288572,73.40778197288572,73.40778197288572,,,0.53,0.11,0.11,0.0,1.1958554733919189,0.8104148503332005,2.047198080074273,True,0.4871171268190917,0.396743827972153,20260927_103759_1243248,SIDE_MINUS,1790476759.4784572,72.12778210639954,1790476759.618457,True,False,True,True,257.0,True,72.276188,72.536313,SIDE_DISPATCH|RAW_SEED_ATTEMPT|PRE_TIMING_SEED|TIMED_SEED|SEED_ELIGIBILITY|PRE_LOS|POST_LOS|SOLVER_OK|FINAL_INPUT|COMPARATOR_WIN|SELECTED|COMMITTED,,,,,0.6666666666666666,0.0,0.2196871909006168,73.84932327270508,74.08520817756653,74.26778197288513,0,POST_LOS,72.26778197288513,74.535173,3.78326352348005,-1.062359->-0.046302,-1.062359344960769,-1.161482941402597,-0.0463020237137002,-0.8053274525625111,-0.2736965822155031,0,-0.2379323092750211,-0.2379323092750211,73.40778197288572,73.40778197288572,73.40778197288572,73.40778197288572,73.40778197288572,,0.53,0.0,0.0,0.0,1.137948222112838,0.947965645669159,1.904684360001485,True,0.3861009772095077,0.396743827972153
20260927_103759_1243248,u2e1,1,393,SIDE_PLUS,1790476759.7481563,72.39748120307922,1790476759.8881562,True,False,True,True,258.0,True,72.570106,73.96807,SIDE_DISPATCH|RAW_SEED_ATTEMPT|PRE_TIMING_SEED|TIMED_SEED|SEED_ELIGIBILITY|PRE_LOS|POST_LOS|SOLVER_OK|FINAL_INPUT|COMPARATOR_WIN|SELECTED|COMMITTED,,,,,0.8333333333333333,0.1666666666666666,0.1398268295783692,73.84932327270508,74.3677818775177,74.53748106956482,0,PRE_LOS,72.53748106956482,74.535173,3.8972792346588063,-1.092596->+0.209155,-1.092595665023245,-1.1243242774061843,0.2091553049244905,-0.8712632973119461,-0.2156957095088421,1,-0.2588725664450331,-0.2588725664450331,73.40748106956526,73.40748106956526,73.40748106956526,73.40748106956526,,,0.53,0.13,0.13,0.0,1.1933152818268624,0.8663048099940829,2.932339039190053,True,0.7638384183437121,0.4964964023435522,20260927_103759_1243248,SIDE_PLUS,1790476759.7481563,72.39748120307922,1790476759.8881562,True,False,True,True,258.0,True,72.570106,73.96807,SIDE_DISPATCH|RAW_SEED_ATTEMPT|PRE_TIMING_SEED|TIMED_SEED|SEED_ELIGIBILITY|PRE_LOS|POST_LOS|SOLVER_OK|FINAL_INPUT|COMPARATOR_WIN|SELECTED|COMMITTED,,,,,0.8333333333333333,0.1666666666666666,0.1398268295783692,73.84932327270508,74.3677818775177,74.53748106956482,0,POST_LOS,72.53748106956482,74.535173,3.8972792346588063,-1.092596->+1.013758,-1.092595665023245,-0.5211515768576519,1.01375768583678,-0.8712632973119461,0.7704576566642962,1,-0.2574596932183495,-0.2574596932183495,73.94748106956554,73.94748106956554,73.94748106956554,73.94748106956554,73.94748106956554,74.10748106956562,0.53,0.53,0.53,0.0,1.561344195984905,3.2450472641748456,14.707075415467823,True,0.6212452364618963,0.4964964023435522
20260927_103759_1243248,u3e1,2,138,SIDE_MINUS,1790476720.475147,33.12447190284729,1790476720.6333294,False,True,False,False,,False,,,SIDE_DISPATCH|RAW_SEED_ATTEMPT|PRE_TIMING_SEED|TIMED_SEED|SEED_ELIGIBILITY|PRE_LOS|POST_LOS|SOLVER_OK|FINAL_INPUT|JOINT_SEED|HANDOFF_REJECT,HANDOFF_REJECT,MISSED_FROZEN_ACTIVATION,,,0.0,0.0,0.0,-1790476687.350675,-1790476687.350675,-1790476687.350675,0,PRE_LOS,33.28265428543091,36.94106159362466,3.65840730819375,-1.051245->+2.530373,-1.0512450372962825,0.1909869873924264,2.530372772744545,-1.3103414254074337,1.1732006974022036,1,-0.5055779142363823,-0.5055779142363823,35.89265428543039,35.89265428543039,35.89265428543039,35.89265428543039,35.89265428543039,35.89265428543039,0.41,0.41,0.41,0.0,1.4285611194427712,0.6757991905267468,2.8559053514130417,True,0.3539332230680199,3.276470667566709,20260927_103759_1243248,SIDE_MINUS,1790476720.475147,33.12447190284729,1790476720.6333294,False,True,False,False,,False,,,SIDE_DISPATCH|RAW_SEED_ATTEMPT|PRE_TIMING_SEED|TIMED_SEED|SEED_ELIGIBILITY|PRE_LOS|POST_LOS|SOLVER_OK|FINAL_INPUT|JOINT_SEED|HANDOFF_REJECT,HANDOFF_REJECT,MISSED_FROZEN_ACTIVATION,,,0.0,0.0,0.0,-1790476687.350675,-1790476687.350675,-1790476687.350675,0,POST_LOS,33.28265428543091,36.94106159362466,3.65840730819375,-1.051245->+2.530373,-1.0512450372962825,0.1909869873924265,2.530372772744545,-1.3103414254074337,1.1732006974022036,1,-0.5055779142363823,-0.5055779142363823,35.89265428543039,35.89265428543039,35.89265428543039,35.89265428543039,35.89265428543039,35.89265428543039,0.41,0.41,0.41,0.0,1.4285611194427716,0.6757991905267465,2.855905351413042,True,0.3539332230680195,3.276470667566709
20260927_103759_1243248,u3e1,2,141,SIDE_MINUS,1790476720.7585616,33.40788650512695,1790476720.9382002,True,True,False,False,,False,,,SIDE_DISPATCH|RAW_SEED_ATTEMPT|PRE_TIMING_SEED|TIMED_SEED|SEED_ELIGIBILITY|PRE_LOS|POST_LOS|SOLVER_OK|FINAL_INPUT|JOINT_SEED|COMPARATOR_LOSS,,,,,0.0,0.0,0.0,-1790476687.350675,-1790476687.350675,35.58752512931824,0,PRE_LOS,33.58752512931824,37.002212,3.5875897400211527,-1.091516->+2.796001,-1.0915156871993623,0.2047818087889448,2.796000744280189,-1.2443392626535297,1.2696825569498371,1,-0.5090979782411392,-0.5090979782411392,35.88752512931778,35.88752512931778,35.88752512931778,35.88752512931778,35.88752512931778,35.88752512931778,0.4,0.4,0.4,0.0,1.4914672686789932,0.7127544560649566,2.8306491563329623,True,0.4649356472232313,3.258739328492032,20260927_103759_1243248,SIDE_MINUS,1790476720.7585616,33.40788650512695,1790476720.9382002,True,True,False,False,,False,,,SIDE_DISPATCH|RAW_SEED_ATTEMPT|PRE_TIMING_SEED|TIMED_SEED|SEED_ELIGIBILITY|PRE_LOS|POST_LOS|SOLVER_OK|FINAL_INPUT|JOINT_SEED|COMPARATOR_LOSS,,,,,0.0,0.0,0.0,-1790476687.350675,-1790476687.350675,35.58752512931824,0,POST_LOS,33.58752512931824,37.002212,3.5875897400211527,-1.091516->+2.796001,-1.0915156871993623,0.2047818087889452,2.796000744280189,-1.2443392626535297,1.2696825569498376,1,-0.5090979782411393,-0.5090979782411393,35.88752512931778,35.88752512931778,35.88752512931778,35.88752512931778,35.88752512931778,35.88752512931778,0.4,0.4,0.4,0.0,1.4914672686789932,0.7127544560649567,2.830649156332965,True,0.4649356472232313,3.258739328492032
20260927_103759_1243248,u3e1,2,144,SIDE_MINUS,1790476721.0141644,33.66348934173584,1790476721.1921237,True,True,True,True,121.0,True,33.871051,34.102271,SIDE_DISPATCH|RAW_SEED_ATTEMPT|PRE_TIMING_SEED|TIMED_SEED|SEED_ELIGIBILITY|PRE_LOS|POST_LOS|SOLVER_OK|FINAL_INPUT|JOINT_SEED|COMPARATOR_WIN|SELECTED|COMMITTED,,,,C3_HIGHER,1.0,0.5555555555555556,1.0360934164166542,34.849323987960815,35.687525033950806,35.84144854545593,0,PRE_LOS,33.84144854545593,37.002212,3.7101847142984345,-1.122507->+2.610383,-1.122506562845259,-0.0494275333774878,2.6103825909430767,-1.2214919268993965,1.2631441045096974,1,-0.5071164698288804,-0.5071164698288804,36.0014485454555,36.0014485454555,36.0014485454555,36.0014485454555,36.0014485454555,36.0014485454555,0.52,0.52,0.52,0.0,1.4400359266697018,0.6727913748906741,2.5937224951785,True,0.50004176127627,3.296448461780826,20260927_103759_1243248,SIDE_MINUS,1790476721.0141644,33.66348934173584,1790476721.1921237,True,True,True,True,121.0,True,33.871051,34.102271,SIDE_DISPATCH|RAW_SEED_ATTEMPT|PRE_TIMING_SEED|TIMED_SEED|SEED_ELIGIBILITY|PRE_LOS|POST_LOS|SOLVER_OK|FINAL_INPUT|JOINT_SEED|COMPARATOR_WIN|SELECTED|COMMITTED,,,,C3_HIGHER,1.0,0.5555555555555556,1.0360934164166542,34.849323987960815,35.687525033950806,35.84144854545593,0,POST_LOS,33.84144854545593,37.002212,3.7101847142984345,-1.122507->+2.475602,-1.122506562845259,-0.7108020125148783,2.475602105839456,-1.2214919268993965,1.0347358889945806,1,-0.50622931312292,-0.50622931312292,36.39144854545543,36.39144854545543,36.39144854545543,36.39144854545543,36.39144854545543,36.39144854545543,0.91,0.91,0.91,0.0,2.4893118637816745,2.95917310315736,17.757332550171668,True,0.6465413187166478,3.458582032833431
20260927_103759_1243248,u3e1,2,145,SIDE_PLUS,1790476721.0141644,33.66348934173584,1790476721.1921237,False,True,False,False,,False,,,SIDE_DISPATCH|RAW_SEED_ATTEMPT|PRE_TIMING_SEED|TIMED_SEED|SEED_ELIGIBILITY|PRE_LOS|POST_LOS|SOLVER_OK|FINAL_INPUT|JOINT_SEED|PREFLIGHT_REJECT,PREFLIGHT_REJECT,static map t=1.16667 occupancy=1 pos=-1.43182  2.39834  1.49974,,,0.0,0.0,0.0,-1790476687.350675,-1790476687.350675,-1790476687.350675,0,PRE_LOS,33.84144854545593,37.002212,3.792349818268743,-1.122507->+2.534249,-1.122506562845259,-0.0370766943220144,2.5342488699894123,-1.2214919268993965,1.21001385282797,1,-0.5064044811110584,-0.5064044811110584,36.0114485454555,36.0114485454555,36.0114485454555,36.0114485454555,36.0114485454555,36.0114485454555,0.53,0.53,0.53,0.0,1.3631519266457222,0.6947573533972675,2.470872345336043,True,0.4845472632160686,3.3091157895973744,20260927_103759_1243248,SIDE_PLUS,1790476721.0141644,33.66348934173584,1790476721.1921237,False,True,False,False,,False,,,SIDE_DISPATCH|RAW_SEED_ATTEMPT|PRE_TIMING_SEED|TIMED_SEED|SEED_ELIGIBILITY|PRE_LOS|POST_LOS|SOLVER_OK|FINAL_INPUT|JOINT_SEED|PREFLIGHT_REJECT,PREFLIGHT_REJECT,static map t=1.16667 occupancy=1 pos=-1.43182  2.39834  1.49974,,,0.0,0.0,0.0,-1790476687.350675,-1790476687.350675,-1790476687.350675,0,POST_LOS,33.84144854545593,37.002212,3.792349818268743,-1.122507->+2.538438,-1.122506562845259,0.4799023117787785,2.538438223636114,-1.2214919268993965,1.3548299347206094,1,-0.5040324461338579,-0.5040324461338579,35.67144854545557,35.67144854545557,35.67144854545557,35.67144854545557,35.67144854545557,35.67144854545557,0.19,0.19,0.19,0.0,1.541464553336071,1.4158389747892337,5.425035616996634,True,0.1832223718392194,2.987123990626957
20260927_103759_1243248,u3e1,2,147,SIDE_MINUS,1790476721.3048646,33.95418953895569,1790476721.477752,True,True,True,True,122.0,True,34.135511,34.636492,SIDE_DISPATCH|RAW_SEED_ATTEMPT|PRE_TIMING_SEED|TIMED_SEED|SEED_ELIGIBILITY|PRE_LOS|POST_LOS|SOLVER_OK|FINAL_INPUT|JOINT_SEED|COMPARATOR_WIN|SELECTED|COMMITTED,,,,C3_HIGHER,1.0,0.6363636363636364,1.4231867192600478,34.849323987960815,35.9414484500885,36.12707686424256,0,PRE_LOS,34.127076864242554,37.002212,3.768581388389422,-1.136233->+2.482617,-1.13623305082672,-0.1709692679096999,2.4826174826224885,-1.163616159076461,1.1257705976155474,1,-0.509518872730656,-0.509518872730656,36.09707686424216,36.09707686424216,36.09707686424216,36.09707686424216,36.09707686424216,36.09707686424216,0.61,0.61,0.61,0.0,1.41796743026248,0.6095133584508496,2.5562145314131763,True,0.5227352431189012,3.3553841055108027,20260927_103759_1243248,SIDE_MINUS,1790476721.3048646,33.95418953895569,1790476721.477752,True,True,True,True,122.0,True,34.135511,34.636492,SIDE_DISPATCH|RAW_SEED_ATTEMPT|PRE_TIMING_SEED|TIMED_SEED|SEED_ELIGIBILITY|PRE_LOS|POST_LOS|SOLVER_OK|FINAL_INPUT|JOINT_SEED|COMPARATOR_WIN|SELECTED|COMMITTED,,,,C3_HIGHER,1.0,0.6363636363636364,1.4231867192600478,34.849323987960815,35.9414484500885,36.12707686424256,0,POST_LOS,34.127076864242554,37.002212,3.768581388389422,-1.136233->+2.393317,-1.13623305082672,-0.9022181407956336,2.393316537398233,-1.163616159076461,0.973211001234872,1,-0.5044562689590895,-0.5044562689590895,36.337076864242114,36.337076864242114,36.337076864242114,36.337076864242114,36.337076864242114,36.337076864242114,0.85,0.85,0.85,0.0,2.099337810356185,2.146918771349643,6.620558801131566,True,0.6921935236340289,3.468049285837848
20260927_103759_1243248,u3e1,2,148,SIDE_PLUS,1790476721.3048646,33.95418953895569,1790476721.477752,True,True,False,False,,False,,,SIDE_DISPATCH|RAW_SEED_ATTEMPT|PRE_TIMING_SEED|TIMED_SEED|SEED_ELIGIBILITY|PRE_LOS|POST_LOS|SOLVER_OK|FINAL_INPUT|JOINT_SEED|COMPARATOR_WIN,,,,D3_LOWER,1.0,0.1818181818181818,3.475126866161565,34.849323987960815,35.9414484500885,36.12707686424256,0,PRE_LOS,34.127076864242554,37.002212,3.853527003702001,-1.136233->+2.414600,-1.13623305082672,-0.1504492245112449,2.4146001653306106,-1.163616159076461,1.0793488858430749,1,-0.5060377625547748,-0.5060377625547748,36.08707686424216,36.08707686424216,36.08707686424216,36.08707686424216,36.08707686424216,36.08707686424216,0.6,0.6,0.6,0.0,1.3357185343803435,0.6335621942805917,1.995821342565364,True,0.5137107607943558,3.3687713703852005,20260927_103759_1243248,SIDE_PLUS,1790476721.3048646,33.95418953895569,1790476721.477752,True,True,False,False,,False,,,SIDE_DISPATCH|RAW_SEED_ATTEMPT|PRE_TIMING_SEED|TIMED_SEED|SEED_ELIGIBILITY|PRE_LOS|POST_LOS|SOLVER_OK|FINAL_INPUT|JOINT_SEED|COMPARATOR_WIN,,,,D3_LOWER,1.0,0.1818181818181818,3.475126866161565,34.849323987960815,35.9414484500885,36.12707686424256,0,POST_LOS,34.127076864242554,37.002212,3.853527003702001,-1.136233->+2.421300,-1.13623305082672,0.2984923991894765,2.42129970231678,-1.163616159076461,1.319899556761151,1,-0.5080449154728874,-0.5080449154728874,35.76707686424223,35.76707686424223,35.76707686424223,35.76707686424223,35.76707686424223,35.76707686424223,0.28,0.28,0.28,0.0,1.4986864523492456,1.54048695536151,5.908205724347996,True,0.2401328170213773,3.0512381491967666
20260927_103759_1243248,u3e1,2,151,SIDE_PLUS,1790476721.8433244,34.49264931678772,1790476722.0101378,True,True,False,False,,False,,,SIDE_DISPATCH|RAW_SEED_ATTEMPT|PRE_TIMING_SEED|TIMED_SEED|SEED_ELIGIBILITY|PRE_LOS|POST_LOS|SOLVER_OK|FINAL_INPUT|JOINT_SEED|COMPARATOR_LOSS,,,,OPPONENT_C3_HIGHER,1.0,0.3571428571428571,3.277265400165829,34.849323987960815,36.22707676887512,36.659462690353394,0,PRE_LOS,34.659462690353394,37.002212,4.019995006356442,-1.125120->+2.087092,-1.1251201430763138,-0.7604876190824328,2.0870921850932325,-1.0051514061339326,0.9469505066789516,1,-0.5032060330101927,-0.5032060330101927,36.359462690353055,36.359462690353055,36.359462690353055,36.359462690353055,36.359462690353055,36.359462690353055,0.88,0.88,0.88,0.0,1.4270687758979477,1.3405356129927852,7.255479679638229,True,0.7146630066927808,3.7508184043240345,20260927_103759_1243248,SIDE_PLUS,1790476721.8433244,34.49264931678772,1790476722.0101378,True,True,False,False,,False,,,SIDE_DISPATCH|RAW_SEED_ATTEMPT|PRE_TIMING_SEED|TIMED_SEED|SEED_ELIGIBILITY|PRE_LOS|POST_LOS|SOLVER_OK|FINAL_INPUT|JOINT_SEED|COMPARATOR_LOSS,,,,OPPONENT_C3_HIGHER,1.0,0.3571428571428571,3.277265400165829,34.849323987960815,36.22707676887512,36.659462690353394,0,POST_LOS,34.659462690353394,37.002212,4.019995006356442,-1.125120->+2.151475,-1.1251201430763138,-0.4951219206704683,2.151474973249972,-1.0051514061339326,1.3554673823502708,1,-0.5074118984911745,-0.5074118984911745,36.09946269035311,36.09946269035311,36.09946269035311,36.09946269035311,36.09946269035311,36.09946269035311,0.62,0.62,0.62,0.0,1.7374749311528246,2.362568868097259,13.388332981968606,True,0.4662098450940721,3.3125582305400085
20260927_103759_1243248,u3e1,2,154,SIDE_PLUS,1790476722.122595,34.77191996574402,1790476722.2845068,True,True,True,True,124.0,True,34.971546,35.203324,SIDE_DISPATCH|RAW_SEED_ATTEMPT|PRE_TIMING_SEED|TIMED_SEED|SEED_ELIGIBILITY|PRE_LOS|POST_LOS|SOLVER_OK|FINAL_INPUT|JOINT_SEED|COMPARATOR_WIN|SELECTED|COMMITTED,,,,D3_LOWER,1.0,0.375,3.6667737030830088,34.93383169174194,36.5493233203888,36.93383169174194,0,PRE_LOS,34.93383169174194,37.002212,3.587185616473384,-1.127750->+2.187414,-1.127750346089067,-0.780240101591767,2.1874144157636985,-1.0082402211657744,1.0878787072761529,1,-0.508179307755556,-0.508179307755556,36.36383169174166,36.36383169174166,36.36383169174166,36.36383169174166,36.36383169174166,36.36383169174166,0.88,0.88,0.88,0.0,1.771010590080312,1.2294773170919613,3.6478171979856153,True,0.7644899112575301,3.62473562146915,20260927_103759_1243248,SIDE_PLUS,1790476722.122595,34.77191996574402,1790476722.2845068,True,True,True,True,124.0,True,34.971546,35.203324,SIDE_DISPATCH|RAW_SEED_ATTEMPT|PRE_TIMING_SEED|TIMED_SEED|SEED_ELIGIBILITY|PRE_LOS|POST_LOS|SOLVER_OK|FINAL_INPUT|JOINT_SEED|COMPARATOR_WIN|SELECTED|COMMITTED,,,,D3_LOWER,1.0,0.375,3.6667737030830088,34.93383169174194,36.5493233203888,36.93383169174194,0,POST_LOS,34.93383169174194,37.002212,3.587185616473384,-1.127750->+2.228511,-1.127750346089067,-0.817354965752129,2.228510558454845,-1.0082402211657744,1.360905094353862,1,-0.509421685386434,-0.509421685386434,36.32383169174167,36.32383169174167,36.32383169174167,36.32383169174167,36.32383169174167,36.32383169174167,0.84,0.84,0.84,0.0,2.0597535230911865,2.291391972006676,9.81093432224442,True,0.773692913347473,3.34384675227222
20260927_103759_1243248,u3e1,2,157,SIDE_PLUS,1790476722.4120874,35.06141233444214,1790476722.5692832,True,True,True,True,125.0,True,35.236046,35.435914,SIDE_DISPATCH|RAW_SEED_ATTEMPT|PRE_TIMING_SEED|TIMED_SEED|SEED_ELIGIBILITY|PRE_LOS|POST_LOS|SOLVER_OK|FINAL_INPUT|JOINT_SEED|COMPARATOR_WIN|SELECTED|COMMITTED,,,,,1.0,0.2307692307692307,3.7486083429373407,35.218608140945435,36.5493233203888,37.21860814094544,0,PRE_LOS,35.218608140945435,37.002212,3.756602522385645,-1.042006->+1.736920,-1.0420058456200882,-0.8182136118211596,1.736919906350733,-0.9515117934755184,0.8723946093139257,1,-0.5080459234128569,-0.5080459234128569,36.45860814094519,36.45860814094519,36.45860814094519,36.45860814094519,36.45860814094519,36.45860814094519,0.93,0.93,0.93,0.0,1.476687495183687,1.2123113721111387,3.5970419065020147,True,0.7712497974246268,3.638538576999246,20260927_103759_1243248,SIDE_PLUS,1790476722.4120874,35.06141233444214,1790476722.5692832,True,True,True,True,125.0,True,35.236046,35.435914,SIDE_DISPATCH|RAW_SEED_ATTEMPT|PRE_TIMING_SEED|TIMED_SEED|SEED_ELIGIBILITY|PRE_LOS|POST_LOS|SOLVER_OK|FINAL_INPUT|JOINT_SEED|COMPARATOR_WIN|SELECTED|COMMITTED,,,,,1.0,0.2307692307692307,3.7486083429373407,35.218608140945435,36.5493233203888,37.21860814094544,0,POST_LOS,35.218608140945435,37.002212,3.756602522385645,-1.042006->+1.774193,-1.0420058456200882,-0.8127725134312864,1.7741929165463206,-0.9515117934755184,1.0732295932376232,1,-0.5066689966563518,-0.5066689966563518,36.3786081409452,36.3786081409452,36.3786081409452,36.3786081409452,36.3786081409452,36.3786081409452,0.9,0.9,0.9,0.0,1.5304086616776384,1.6474974795878854,5.445656907241962,True,0.7084599322460776,3.429298672372904
20260927_103759_1243248,u3e1,2,159,SIDE_MINUS,1790476722.664488,35.31381297111511,1790476722.8186138,False,True,False,False,,False,,,SIDE_DISPATCH|RAW_SEED_ATTEMPT|PRE_TIMING_SEED|TIMED_SEED|SEED_ELIGIBILITY|PRE_LOS|POST_LOS|SOLVER_OK|FINAL_INPUT|JOINT_SEED|PREFLIGHT_REJECT,PREFLIGHT_REJECT,DYNAMICS_FAIL,,,0.0,0.0,0.0,-1790476687.350675,-1790476687.350675,-1790476687.350675,0,PRE_LOS,35.46793866157532,37.002212,2.956140348987525,-0.827195->+1.850471,-0.8271945641682383,-0.8126305114611505,1.850471013352018,-0.801206736754412,1.6533565069001157,1,-0.5045411646972527,-0.5045411646972527,36.34793866157514,36.34793866157514,36.34793866157514,36.34793866157514,36.34793866157514,36.34793866157514,0.87,0.87,0.87,0.0,2.120235937993204,1.845663053437078,5.260291592892934,True,0.6581025951052177,2.886521041587991,20260927_103759_1243248,SIDE_MINUS,1790476722.664488,35.31381297111511,1790476722.8186138,False,True,False,False,,False,,,SIDE_DISPATCH|RAW_SEED_ATTEMPT|PRE_TIMING_SEED|TIMED_SEED|SEED_ELIGIBILITY|PRE_LOS|POST_LOS|SOLVER_OK|FINAL_INPUT|JOINT_SEED|PREFLIGHT_REJECT,PREFLIGHT_REJECT,DYNAMICS_FAIL,,,0.0,0.0,0.0,-1790476687.350675,-1790476687.350675,-1790476687.350675,0,POST_LOS,35.46793866157532,37.002212,2.956140348987525,-0.827195->+0.927945,-0.8271945641682383,-0.8126584825332552,0.9279454149783706,-0.801206736754412,-1.0527861374583307,1,-0.5032662271700775,-0.5032662271700775,35.81793866157525,35.81793866157525,35.81793866157525,35.81793866157525,35.81793866157525,35.81793866157525,0.34,0.34,0.34,0.0,8.174862847849976,24.00229570765352,192.22424646716436,False,0.8197416255381804,3.880567837046208
20260927_103759_1243248,u3e1,2,160,SIDE_PLUS,1790476722.664488,35.31381297111511,1790476722.8186138,False,True,False,False,,False,,,SIDE_DISPATCH|RAW_SEED_ATTEMPT|PRE_TIMING_SEED|TIMED_SEED|SEED_ELIGIBILITY|PRE_LOS|POST_LOS|SOLVER_OK|FINAL_INPUT|JOINT_SEED|PREFLIGHT_REJECT,PREFLIGHT_REJECT,DYNAMICS_FAIL,,,0.0,0.0,0.0,-1790476687.350675,-1790476687.350675,-1790476687.350675,0,PRE_LOS,35.46793866157532,37.002212,3.088125260768863,-0.827195->+1.758275,-0.8271945641682383,-0.8126305896240743,1.7582752357249487,-0.801206736754412,1.525622179651143,1,-0.5083045818216736,-0.5083045818216736,36.36793866157514,36.36793866157514,36.36793866157514,36.36793866157514,36.36793866157514,36.36793866157514,0.89,0.89,0.89,0.0,1.9767445277089304,1.7547330127819336,4.6435332207994575,True,0.6567128763687793,2.9776852855908773,20260927_103759_1243248,SIDE_PLUS,1790476722.664488,35.31381297111511,1790476722.8186138,False,True,False,False,,False,,,SIDE_DISPATCH|RAW_SEED_ATTEMPT|PRE_TIMING_SEED|TIMED_SEED|SEED_ELIGIBILITY|PRE_LOS|POST_LOS|SOLVER_OK|FINAL_INPUT|JOINT_SEED|PREFLIGHT_REJECT,PREFLIGHT_REJECT,DYNAMICS_FAIL,,,0.0,0.0,0.0,-1790476687.350675,-1790476687.350675,-1790476687.350675,0,POST_LOS,35.46793866157532,37.002212,3.088125260768863,-0.827195->+1.554903,-0.8271945641682383,-0.8124600421437358,1.5549034326285571,-0.801206736754412,0.7262925120960336,1,-0.4821325591014316,-0.6006916690237296,35.69793866157527,35.69793866157527,,,,,0.84,0.84,0.36,0.15,37.68865149055144,169.11681688381705,1124.143393566361,False,-0.358481807695825,-0.1332272368449354
20260927_103759_1243248,u3e1,2,162,SIDE_MINUS,1790476722.9422064,35.59153127670288,1790476723.0931845,False,True,False,False,,False,,,SIDE_DISPATCH|RAW_SEED_ATTEMPT|PRE_TIMING_SEED|TIMED_SEED|SEED_ELIGIBILITY|PRE_LOS|POST_LOS|SOLVER_OK|FINAL_INPUT|JOINT_SEED|PREFLIGHT_REJECT,PREFLIGHT_REJECT,DYNAMICS_FAIL,,,0.0,0.0,0.0,-1790476687.350675,-1790476687.350675,-1790476687.350675,0,PRE_LOS,35.74250936508179,37.002212,2.927630014966081,-0.405721->+1.691886,-0.4057212828247142,-0.4057212828247142,1.691885712309286,-0.381896740262567,1.585316822845503,1,-0.5049193050100487,-0.5049193050100487,36.37250936508166,36.37250936508166,36.37250936508166,36.37250936508166,36.37250936508166,36.37250936508166,0.63,0.63,0.63,0.0,1.829971900102632,1.717881820709776,4.6239909141850974,True,0.66198795833934,3.075378628438385,20260927_103759_1243248,SIDE_MINUS,1790476722.9422064,35.59153127670288,1790476723.0931845,False,True,False,False,,False,,,SIDE_DISPATCH|RAW_SEED_ATTEMPT|PRE_TIMING_SEED|TIMED_SEED|SEED_ELIGIBILITY|PRE_LOS|POST_LOS|SOLVER_OK|FINAL_INPUT|JOINT_SEED|PREFLIGHT_REJECT,PREFLIGHT_REJECT,DYNAMICS_FAIL,,,0.0,0.0,0.0,-1790476687.350675,-1790476687.350675,-1790476687.350675,0,POST_LOS,35.74250936508179,37.002212,2.927630014966081,-0.405721->-8.188129,-0.4057212828247142,-0.4057212828247142,-8.188129430748704,-0.381896740262567,-3.721446224536253,0,-0.4193958960557615,-0.5793467295672406,36.12250936508171,36.12250936508171,,36.38250936508166,,,0.56,0.56,0.38,0.18,13.952350194420934,37.23125507038524,252.51792781284672,False,-0.2258097313780208,1.1817755822779876
20260927_103759_1243248,u3e1,2,163,SIDE_PLUS,1790476722.9422064,35.59153127670288,1790476723.0931845,False,True,False,False,,False,,,SIDE_DISPATCH|RAW_SEED_ATTEMPT|PRE_TIMING_SEED|TIMED_SEED|SEED_ELIGIBILITY|PRE_LOS|POST_LOS|SOLVER_OK|FINAL_INPUT|JOINT_SEED|PREFLIGHT_REJECT,PREFLIGHT_REJECT,DYNAMICS_FAIL,,,0.0,0.0,0.0,-1790476687.350675,-1790476687.350675,-1790476687.350675,0,PRE_LOS,35.74250936508179,37.002212,3.0546780236436897,-0.405721->+1.649789,-0.4057212828247142,-0.4057212828247142,1.649789467891272,-0.381896740262567,1.5129606283178216,1,-0.5046035471585795,-0.5046035471585795,36.38250936508166,36.38250936508166,36.38250936508166,36.38250936508166,36.38250936508166,36.38250936508166,0.64,0.64,0.64,0.0,1.7211552223147468,1.717881820709776,4.008624242616529,True,0.6628773709036784,3.136232025144044,20260927_103759_1243248,SIDE_PLUS,1790476722.9422064,35.59153127670288,1790476723.0931845,False,True,False,False,,False,,,SIDE_DISPATCH|RAW_SEED_ATTEMPT|PRE_TIMING_SEED|TIMED_SEED|SEED_ELIGIBILITY|PRE_LOS|POST_LOS|SOLVER_OK|FINAL_INPUT|JOINT_SEED|PREFLIGHT_REJECT,PREFLIGHT_REJECT,DYNAMICS_FAIL,,,0.0,0.0,0.0,-1790476687.350675,-1790476687.350675,-1790476687.350675,0,POST_LOS,35.74250936508179,37.002212,3.0546780236436897,-0.405721->+4.342632,-0.4057212828247142,-0.4057212828247142,4.342631848019938,-0.381896740262567,10.369178989460195,1,-0.5021780611003259,-0.6270167056303767,36.02250936508173,36.02250936508173,,36.02250936508173,,,0.4,0.4,0.4,0.0,19.412693977309853,62.78713345926516,363.8813213402188,False,-0.3794758668701971,0.1099296316654331
20260927_103759_1243248,u3e1,2,165,SIDE_MINUS,1790476723.232949,35.88227391242981,1790476723.3814788,False,True,False,False,,False,,,SIDE_DISPATCH|RAW_SEED_ATTEMPT|PRE_TIMING_SEED|TIMED_SEED|SEED_ELIGIBILITY|PRE_LOS|POST_LOS|SOLVER_OK|FINAL_INPUT|JOINT_SEED|PREFLIGHT_REJECT,PREFLIGHT_REJECT,DYNAMICS_FAIL,,,0.0,0.0,0.0,-1790476687.350675,-1790476687.350675,-1790476687.350675,0,PRE_LOS,36.03080368041992,37.002212,2.923152074052973,+0.174421->+1.792378,0.174420967472376,0.174420967472376,1.7923781746165262,0.1988601074967354,1.8058725441607968,0,-0.4178568720179079,-0.4178568720179079,36.38080368041985,36.38080368041985,36.38080368041985,36.38080368041985,36.38080368041985,36.38080368041985,0.35,0.35,0.35,0.0,2.11285931424715,1.246657232072619,5.292773240910024,True,0.6646471825138858,3.0802437388201245,20260927_103759_1243248,SIDE_MINUS,1790476723.232949,35.88227391242981,1790476723.3814788,False,True,False,False,,False,,,SIDE_DISPATCH|RAW_SEED_ATTEMPT|PRE_TIMING_SEED|TIMED_SEED|SEED_ELIGIBILITY|PRE_LOS|POST_LOS|SOLVER_OK|FINAL_INPUT|JOINT_SEED|PREFLIGHT_REJECT,PREFLIGHT_REJECT,DYNAMICS_FAIL,,,0.0,0.0,0.0,-1790476687.350675,-1790476687.350675,-1790476687.350675,0,POST_LOS,36.03080368041992,37.002212,2.923152074052973,+0.174421->-7.958791,0.174420967472376,0.174420967472376,-7.958791472597218,0.1988601074967354,-5.186913616665158,1,-0.5054202221892752,-0.5054202221892752,36.270803680419874,36.270803680419874,,,,,0.34,0.34,0.24,0.1,25.944513790323025,124.21264709625213,1041.457523496564,False,-0.1156039166966227,1.482415187343378
20260927_103759_1243248,u3e1,2,166,SIDE_PLUS,1790476723.232949,35.88227391242981,1790476723.3814788,False,True,False,False,,False,,,SIDE_DISPATCH|RAW_SEED_ATTEMPT|PRE_TIMING_SEED|TIMED_SEED|SEED_ELIGIBILITY|PRE_LOS|POST_LOS|SOLVER_OK|FINAL_INPUT|JOINT_SEED|PREFLIGHT_REJECT,PREFLIGHT_REJECT,DYNAMICS_FAIL,,,0.0,0.0,0.0,-1790476687.350675,-1790476687.350675,-1790476687.350675,0,PRE_LOS,36.03080368041992,37.002212,3.055247175963833,+0.174421->+1.755967,0.174420967472376,0.174420967472376,1.7559670829704292,0.1988601074967354,1.755823706866246,0,-0.4178568720179079,-0.4178568720179079,36.38080368041985,36.38080368041985,36.38080368041985,36.38080368041985,36.38080368041985,36.38080368041985,0.35,0.35,0.35,0.0,1.9649101001530287,1.0648579429939096,4.591183685505417,True,0.6646371217843066,3.1152023589372204,20260927_103759_1243248,SIDE_PLUS,1790476723.232949,35.88227391242981,1790476723.3814788,False,True,False,False,,False,,,SIDE_DISPATCH|RAW_SEED_ATTEMPT|PRE_TIMING_SEED|TIMED_SEED|SEED_ELIGIBILITY|PRE_LOS|POST_LOS|SOLVER_OK|FINAL_INPUT|JOINT_SEED|PREFLIGHT_REJECT,PREFLIGHT_REJECT,DYNAMICS_FAIL,,,0.0,0.0,0.0,-1790476687.350675,-1790476687.350675,-1790476687.350675,0,POST_LOS,36.03080368041992,37.002212,3.055247175963833,+0.174421->+2.566963,0.174420967472376,0.174420967472376,2.566963383205219,0.1988601074967354,4.316072087646205,0,-0.4178568720179079,-0.4178568720179079,36.23080368041988,36.23080368041988,36.23080368041988,36.23080368041988,,36.23080368041988,0.2,0.2,0.2,0.0,16.66310754195283,68.26395021947224,475.8850981127057,False,0.6157175900724445,0.259129746743013
20260927_103759_1243248,u3e1,2,168,SIDE_MINUS,1790476723.4969814,36.14630627632141,1790476723.643473,False,True,False,False,,False,,,SIDE_DISPATCH|RAW_SEED_ATTEMPT|PRE_TIMING_SEED|TIMED_SEED|SEED_ELIGIBILITY|PRE_LOS|POST_LOS|SOLVER_OK|FINAL_INPUT|JOINT_SEED|PREFLIGHT_REJECT,PREFLIGHT_REJECT,DYNAMICS_FAIL,,,0.0,0.0,0.0,-1790476687.350675,-1790476687.350675,-1790476687.350675,0,PRE_LOS,36.292797565460205,37.002212,2.859323868808396,+0.691122->+1.744436,0.6911223153294175,0.6911223153294175,1.744435509533852,0.7317453781685093,1.81337174110396,0,-0.1212613928093388,-0.1212613928093388,36.38279756546019,36.38279756546019,36.38279756546019,36.38279756546019,36.38279756546019,36.38279756546019,0.09,0.09,0.09,0.0,2.0698159496589303,1.1864077703983162,5.039792257199195,True,0.6764098106484093,3.12238215738224,20260927_103759_1243248,SIDE_MINUS,1790476723.4969814,36.14630627632141,1790476723.643473,False,True,False,False,,False,,,SIDE_DISPATCH|RAW_SEED_ATTEMPT|PRE_TIMING_SEED|TIMED_SEED|SEED_ELIGIBILITY|PRE_LOS|POST_LOS|SOLVER_OK|FINAL_INPUT|JOINT_SEED|PREFLIGHT_REJECT,PREFLIGHT_REJECT,DYNAMICS_FAIL,,,0.0,0.0,0.0,-1790476687.350675,-1790476687.350675,-1790476687.350675,0,POST_LOS,36.292797565460205,37.002212,2.859323868808396,+0.691122->-11.632509,0.6911223153294175,0.6911223153294175,-11.632509259998244,0.7317453781685093,-9.145976616705637,1,-0.4216544768661338,-0.5632800910052206,36.52279756546016,,,,,,0.11,0.11,0.11,0.0,32.15351534676076,160.75797573410208,1465.327732316727,False,-0.3416544768661337,0.8465978051008238
20260927_103759_1243248,u3e1,2,169,SIDE_PLUS,1790476723.4969814,36.14630627632141,1790476723.643473,True,True,True,True,129.0,True,36.307855,36.570138,SIDE_DISPATCH|RAW_SEED_ATTEMPT|PRE_TIMING_SEED|TIMED_SEED|SEED_ELIGIBILITY|PRE_LOS|POST_LOS|SOLVER_OK|FINAL_INPUT|JOINT_SEED|COMPARATOR_WIN|SELECTED|COMMITTED,,,,D3_LOWER,1.0,0.6666666666666666,0.0700956160664046,36.292797565460205,36.54932475090027,38.292797565460205,0,PRE_LOS,36.292797565460205,37.002212,2.996735263321784,+0.691122->+1.725492,0.6911223153294175,0.6911223153294175,1.725492039287959,0.7317453781685093,1.7905532739106884,0,-0.1212613928093388,-0.1212613928093388,36.38279756546019,36.38279756546019,36.38279756546019,36.38279756546019,36.38279756546019,36.38279756546019,0.09,0.09,0.09,0.0,1.9213267621149344,0.9917814114687616,4.347908824232953,True,0.6764098106484093,3.1361363251006718,20260927_103759_1243248,SIDE_PLUS,1790476723.4969814,36.14630627632141,1790476723.643473,True,True,True,True,129.0,True,36.307855,36.570138,SIDE_DISPATCH|RAW_SEED_ATTEMPT|PRE_TIMING_SEED|TIMED_SEED|SEED_ELIGIBILITY|PRE_LOS|POST_LOS|SOLVER_OK|FINAL_INPUT|JOINT_SEED|COMPARATOR_WIN|SELECTED|COMMITTED,,,,D3_LOWER,1.0,0.6666666666666666,0.0700956160664046,36.292797565460205,36.54932475090027,38.292797565460205,0,POST_LOS,36.292797565460205,37.002212,2.996735263321784,+0.691122->+1.725492,0.6911223153294175,0.6911223153294175,1.725492039287959,0.7317453781685093,1.7905532739106884,0,-0.1212613928093388,-0.1212613928093388,36.38279756546019,36.38279756546019,36.38279756546019,36.38279756546019,36.38279756546019,36.38279756546019,0.09,0.09,0.09,0.0,1.9213267621149344,0.9917814114687616,4.347908824232953,True,0.6764098106484093,3.1361363251006718
20260927_103759_1243248,u3e2,2,333,SIDE_MINUS,1790476755.4785638,68.1278886795044,1790476755.6185637,False,True,False,False,,False,,,SIDE_DISPATCH|RAW_SEED_ATTEMPT|PRE_TIMING_SEED|TIMED_SEED|SEED_ELIGIBILITY|PRE_LOS|POST_LOS|SOLVER_OK|FINAL_INPUT|JOINT_SEED|PREFLIGHT_REJECT,PREFLIGHT_REJECT,DYNAMICS_FAIL,,,0.0,0.0,0.0,-1790476687.350675,-1790476687.350675,-1790476687.350675,0,PRE_LOS,68.26788854598999,71.63358712035101,3.36569857436102,-1.605044->+0.355120,-1.60504385048369,-1.31422503487691,0.3551201303188698,-2.447021511404177,-0.2835732110489563,1,-0.5070962325882123,-0.5070962325882123,70.237888545991,,,,,,1.2,1.2,1.2,0.0,1.48659626997374,0.7784915664629138,3.865785663124082,True,0.7375947418748521,1.0371108932306532,20260927_103759_1243248,SIDE_MINUS,1790476755.4785638,68.1278886795044,1790476755.6185637,False,True,False,False,,False,,,SIDE_DISPATCH|RAW_SEED_ATTEMPT|PRE_TIMING_SEED|TIMED_SEED|SEED_ELIGIBILITY|PRE_LOS|POST_LOS|SOLVER_OK|FINAL_INPUT|JOINT_SEED|PREFLIGHT_REJECT,PREFLIGHT_REJECT,DYNAMICS_FAIL,,,0.0,0.0,0.0,-1790476687.350675,-1790476687.350675,-1790476687.350675,0,POST_LOS,68.26788854598999,71.63358712035101,3.36569857436102,-1.605044->+0.355104,-1.60504385048369,-11.003992315230391,0.3551037267441874,-2.447021511404177,-0.2835889359164339,3,-0.5049521708177709,-0.6177593043454863,70.237888545991,71.06788854599142,,,,,1.0,1.0,0.94,0.05,43.36429361243712,115.53333120544224,539.9818363754318,False,-0.0525813793135663,0.1829201421728616
20260927_103759_1243248,u3e2,2,336,SIDE_MINUS,1790476755.505806,68.1551308631897,1790476755.6458058,False,True,False,False,,False,,,SIDE_DISPATCH|RAW_SEED_ATTEMPT|PRE_TIMING_SEED|TIMED_SEED|SEED_ELIGIBILITY|PRE_LOS|POST_LOS|SOLVER_OK|FINAL_INPUT|JOINT_SEED|PREFLIGHT_REJECT,PREFLIGHT_REJECT,DYNAMICS_FAIL,,,0.0,0.0,0.0,-1790476687.350675,-1790476687.350675,-1790476687.350675,0,PRE_LOS,68.2951307296753,71.63694564535896,3.341814915683666,-1.610648->+0.364773,-1.6106479560313454,-1.322015296636729,0.3647727507714732,-2.449481076531092,-0.2701730688902015,1,-0.5091888760831158,-0.5091888760831158,70.24513072967629,,,,,,1.2,1.2,1.2,0.0,1.488087543246323,0.7827908221274865,4.083061035175897,True,0.7397254535425666,1.047165262164338,20260927_103759_1243248,SIDE_MINUS,1790476755.505806,68.1551308631897,1790476755.6458058,False,True,False,False,,False,,,SIDE_DISPATCH|RAW_SEED_ATTEMPT|PRE_TIMING_SEED|TIMED_SEED|SEED_ELIGIBILITY|PRE_LOS|POST_LOS|SOLVER_OK|FINAL_INPUT|JOINT_SEED|PREFLIGHT_REJECT,PREFLIGHT_REJECT,DYNAMICS_FAIL,,,0.0,0.0,0.0,-1790476687.350675,-1790476687.350675,-1790476687.350675,0,POST_LOS,68.2951307296753,71.63694564535896,3.341814915683666,-1.610648->+0.364772,-1.6106479560313454,-10.923256570380929,0.364772193949067,-2.449481076531092,-0.2701736033576121,3,-0.4971093378177884,-0.6294182096614767,70.24513072967629,71.08513072967672,,,,,1.01,1.01,0.95,0.02,44.850467555002,120.244193746867,564.7987545500617,False,-0.0721223679486389,0.2064927087515574
20260927_103759_1243248,u3e2,2,339,SIDE_MINUS,1790476755.5319352,68.18126010894775,1790476755.671935,False,True,False,False,,False,,,SIDE_DISPATCH|RAW_SEED_ATTEMPT|PRE_TIMING_SEED|TIMED_SEED|SEED_ELIGIBILITY|PRE_LOS|POST_LOS|SOLVER_OK|FINAL_INPUT|JOINT_SEED|PREFLIGHT_REJECT,PREFLIGHT_REJECT,DYNAMICS_FAIL,,,0.0,0.0,0.0,-1790476687.350675,-1790476687.350675,-1790476687.350675,0,PRE_LOS,68.32125997543335,71.6404909526474,3.3192309772140423,-1.615865->+0.355696,-1.615864556772596,-1.3294033800184848,0.3556956021860544,-2.4520940718381925,-0.2622065468635183,1,-0.5082357534563854,-0.5082357534563854,70.24125997543433,,,,,,1.2,1.2,1.2,0.0,1.4893696843642672,0.7859120512707577,4.286507098547279,True,0.7414383838951413,1.0569479198839846,20260927_103759_1243248,SIDE_MINUS,1790476755.5319352,68.18126010894775,1790476755.671935,False,True,False,False,,False,,,SIDE_DISPATCH|RAW_SEED_ATTEMPT|PRE_TIMING_SEED|TIMED_SEED|SEED_ELIGIBILITY|PRE_LOS|POST_LOS|SOLVER_OK|FINAL_INPUT|JOINT_SEED|PREFLIGHT_REJECT,PREFLIGHT_REJECT,DYNAMICS_FAIL,,,0.0,0.0,0.0,-1790476687.350675,-1790476687.350675,-1790476687.350675,0,POST_LOS,68.32125997543335,71.6404909526474,3.3192309772140423,-1.615865->+0.355629,-1.615864556772596,-9.034151150440133,0.3556294641365161,-2.4520940718381925,-0.2622700733808973,3,-0.50693469099744,-0.6263930981420395,70.24125997543433,71.06125997543475,,71.06125997543475,,,0.99,0.99,0.93,0.02,41.04927234861988,109.9842559713427,514.4122180056685,False,-0.1098391668131583,0.2338229350670674
20260927_103759_1243248,u3e2,2,345,SIDE_MINUS,1790476755.7326057,68.38193035125732,1790476755.872605,False,True,False,False,,False,,,SIDE_DISPATCH|RAW_SEED_ATTEMPT|PRE_TIMING_SEED|TIMED_SEED|SEED_ELIGIBILITY|PRE_LOS|POST_LOS|SOLVER_OK|FINAL_INPUT|JOINT_SEED|PREFLIGHT_REJECT,PREFLIGHT_REJECT,DYNAMICS_FAIL,,,0.0,0.0,0.0,-1790476687.350675,-1790476687.350675,-1790476687.350675,0,PRE_LOS,68.52193021774292,71.80051534887194,3.278585131129016,-1.665360->+0.661927,-1.6653601323358402,-1.407941160580653,0.6619269381846071,-2.4702320619700022,-0.0610638252567289,1,-0.5089556634650932,-0.5089556634650932,70.2419302177438,70.85193021774411,,,,,1.18,1.18,1.18,0.0,1.5468106547246416,0.9175893970915588,5.874022692106326,True,0.7513900344471225,1.1227822994111218,20260927_103759_1243248,SIDE_MINUS,1790476755.7326057,68.38193035125732,1790476755.872605,False,True,False,False,,False,,,SIDE_DISPATCH|RAW_SEED_ATTEMPT|PRE_TIMING_SEED|TIMED_SEED|SEED_ELIGIBILITY|PRE_LOS|POST_LOS|SOLVER_OK|FINAL_INPUT|JOINT_SEED|PREFLIGHT_REJECT,PREFLIGHT_REJECT,DYNAMICS_FAIL,,,0.0,0.0,0.0,-1790476687.350675,-1790476687.350675,-1790476687.350675,0,POST_LOS,68.52193021774292,71.80051534887194,3.278585131129016,-1.665360->+0.661872,-1.6653601323358402,-2.4175080360310144,0.661872051900315,-2.4702320619700022,-0.0611176037164907,3,-0.491938171490292,-0.6199649499734085,70.2419302177438,71.2219302177443,,,,,1.01,1.01,0.84,0.23,41.59054969047472,113.10845027685936,535.0216443613639,False,-0.2961059109497751,0.4172106517471095
20260927_103759_1243248,u3e2,2,348,SIDE_MINUS,1790476755.7555754,68.4049003124237,1790476755.8955753,True,True,True,True,247.0,True,68.569152,68.802698,SIDE_DISPATCH|RAW_SEED_ATTEMPT|PRE_TIMING_SEED|TIMED_SEED|SEED_ELIGIBILITY|PRE_LOS|POST_LOS|SOLVER_OK|FINAL_INPUT|JOINT_SEED|COMPARATOR_WIN|SELECTED|COMMITTED,,,,,0.0,0.0,0.0,-1790476687.350675,-1790476687.350675,70.5449001789093,0,PRE_LOS,68.5449001789093,71.8070127581494,3.262112579240098,-1.672206->+0.680132,-1.672206163024479,-1.4175152997528253,0.6801322391489277,-2.442380348841759,-0.0968028674767342,1,-0.5097305282738421,-0.5097305282738421,70.24490017891017,70.86490017891049,,,,,1.19,1.19,1.19,0.0,1.5431229685012562,0.9457575822032552,6.019519163276589,True,0.7539481247286806,1.1341136727387362,20260927_103759_1243248,SIDE_MINUS,1790476755.7555754,68.4049003124237,1790476755.8955753,True,True,True,True,247.0,True,68.569152,68.802698,SIDE_DISPATCH|RAW_SEED_ATTEMPT|PRE_TIMING_SEED|TIMED_SEED|SEED_ELIGIBILITY|PRE_LOS|POST_LOS|SOLVER_OK|FINAL_INPUT|JOINT_SEED|COMPARATOR_WIN|SELECTED|COMMITTED,,,,,0.0,0.0,0.0,-1790476687.350675,-1790476687.350675,70.5449001789093,0,POST_LOS,68.5449001789093,71.8070127581494,3.262112579240098,-1.672206->+0.680132,-1.672206163024479,-1.6625787577574895,0.6801322242603206,-2.442380348841759,-0.0968028816662489,1,-0.5060869612532052,-0.5060869612532052,70.24490017891017,70.24490017891017,,,,,1.09,1.09,1.09,0.0,1.9130496919010884,2.004166672014975,13.244129000296756,True,0.9186738941159478,1.1773539638695103
20260927_103759_1243248,u3e2,2,354,SIDE_MINUS,1790476756.3058262,68.9551510810852,1790476756.445826,False,True,False,False,,False,,,SIDE_DISPATCH|RAW_SEED_ATTEMPT|PRE_TIMING_SEED|TIMED_SEED|SEED_ELIGIBILITY|PRE_LOS|POST_LOS|SOLVER_OK|FINAL_INPUT|JOINT_SEED|HANDOFF_REJECT,HANDOFF_REJECT,MISSED_FROZEN_ACTIVATION,,,0.0,0.0,0.0,-1790476687.350675,-1790476687.350675,-1790476687.350675,0,PRE_LOS,69.0951509475708,72.036267,3.1415444379252584,-1.845336->+1.457134,-1.8453360046914744,-1.4586160861864643,1.4571337975849548,-2.368715512736231,1.0338146605007812,1,-0.5062206865887905,-0.5062206865887905,70.24515094757139,70.24515094757139,71.72515094757215,71.72515094757215,,71.72515094757215,1.17,1.17,1.17,0.0,1.7398533413538355,1.1617871929795365,5.002911592721866,True,0.3232615617855375,1.0479843455282845,20260927_103759_1243248,SIDE_MINUS,1790476756.3058262,68.9551510810852,1790476756.445826,False,True,False,False,,False,,,SIDE_DISPATCH|RAW_SEED_ATTEMPT|PRE_TIMING_SEED|TIMED_SEED|SEED_ELIGIBILITY|PRE_LOS|POST_LOS|SOLVER_OK|FINAL_INPUT|JOINT_SEED|HANDOFF_REJECT,HANDOFF_REJECT,MISSED_FROZEN_ACTIVATION,,,0.0,0.0,0.0,-1790476687.350675,-1790476687.350675,-1790476687.350675,0,POST_LOS,69.0951509475708,72.036267,3.1415444379252584,-1.845336->+1.415906,-1.8453360046914744,-1.4300511649237415,1.4159059965063374,-2.368715512736231,0.9934989245576198,1,-0.4990067764334752,-0.4990067764334752,70.24515094757139,70.53515094757154,,,,,1.09,1.09,1.09,0.0,3.535624794049731,6.811485827950564,43.20456720022456,False,0.5161170651405083,1.055218583912931
20260927_103759_1243248,u3e2,2,357,SIDE_MINUS,1790476756.4231205,69.07244515419006,1790476756.56977,False,True,False,False,,False,,,SIDE_DISPATCH|RAW_SEED_ATTEMPT|PRE_TIMING_SEED|TIMED_SEED|SEED_ELIGIBILITY|PRE_LOS|POST_LOS|SOLVER_OK|FINAL_INPUT|JOINT_SEED|PREFLIGHT_REJECT,PREFLIGHT_REJECT,DYNAMICS_FAIL,,,0.0,0.0,0.0,-1790476687.350675,-1790476687.350675,-1790476687.350675,0,PRE_LOS,69.21909475326538,72.036267,3.2431942151079323,-1.875707->+1.203632,-1.875707208311008,-1.6440520778680787,1.2036319164588327,-2.312303279114584,0.8737173924824174,1,-0.5053143874496713,-0.5053143874496713,70.2390947532659,70.2390947532659,,,,,1.06,1.06,1.06,0.0,1.6712921246568169,1.1289411480033609,5.282596773572162,True,0.3506429674283188,1.1056023198089349,20260927_103759_1243248,SIDE_MINUS,1790476756.4231205,69.07244515419006,1790476756.56977,False,True,False,False,,False,,,SIDE_DISPATCH|RAW_SEED_ATTEMPT|PRE_TIMING_SEED|TIMED_SEED|SEED_ELIGIBILITY|PRE_LOS|POST_LOS|SOLVER_OK|FINAL_INPUT|JOINT_SEED|PREFLIGHT_REJECT,PREFLIGHT_REJECT,DYNAMICS_FAIL,,,0.0,0.0,0.0,-1790476687.350675,-1790476687.350675,-1790476687.350675,0,POST_LOS,69.21909475326538,72.036267,3.2431942151079323,-1.875707->+0.937596,-1.875707208311008,-1.5909466030439037,0.9375963648221142,-2.312303279114584,0.6161645403489212,1,-0.5059325993140863,-0.5059325993140863,70.2390947532659,70.2390947532659,,70.2390947532659,,,0.9,0.9,0.9,0.0,3.350037142867381,5.827134295857238,37.94886829822661,False,0.4676001773050135,1.1344734766764908
20260927_103759_1243248,u3e2,2,360,SIDE_MINUS,1790476756.5923102,69.24163508415222,1790476756.7364376,False,True,False,False,,False,,,SIDE_DISPATCH|RAW_SEED_ATTEMPT|PRE_TIMING_SEED|TIMED_SEED|SEED_ELIGIBILITY|PRE_LOS|POST_LOS|SOLVER_OK|FINAL_INPUT|JOINT_SEED|HANDOFF_REJECT,HANDOFF_REJECT,MISSED_FROZEN_ACTIVATION,,,0.0,0.0,0.0,-1790476687.350675,-1790476687.350675,-1790476687.350675,0,PRE_LOS,69.38576245307922,72.036267,2.901303581297819,-1.908241->+1.824332,-1.9082408967932287,-1.5139894061356127,1.824331941738044,-2.232323114944351,1.6350877915538484,1,-0.5077437585553483,-0.5077437585553483,70.23576245307966,70.23576245307966,71.47576245308029,71.47576245308029,71.47576245308029,71.47576245308029,1.2,1.2,1.2,0.0,2.0115659147014004,1.4697911759311515,7.155858742810348,True,0.3100959242029202,1.17155510651313,20260927_103759_1243248,SIDE_MINUS,1790476756.5923102,69.24163508415222,1790476756.7364376,False,True,False,False,,False,,,SIDE_DISPATCH|RAW_SEED_ATTEMPT|PRE_TIMING_SEED|TIMED_SEED|SEED_ELIGIBILITY|PRE_LOS|POST_LOS|SOLVER_OK|FINAL_INPUT|JOINT_SEED|HANDOFF_REJECT,HANDOFF_REJECT,MISSED_FROZEN_ACTIVATION,,,0.0,0.0,0.0,-1790476687.350675,-1790476687.350675,-1790476687.350675,0,POST_LOS,69.38576245307922,72.036267,2.901303581297819,-1.908241->+1.779379,-1.9082408967932287,-1.9619965563619,1.7793791970629589,-2.232323114944351,1.5910070799056448,1,-0.5024066202478062,-0.5024066202478062,70.23576245307966,70.23576245307966,70.23576245307966,70.23576245307966,70.23576245307966,70.23576245307966,0.64,0.64,0.64,0.0,3.3058319207253577,4.457344251858956,28.054844364982987,False,0.2057968180218388,1.16263161563132
20260927_103759_1243248,u3e2,2,363,SIDE_MINUS,1790476756.713353,69.3626778125763,1790476756.865165,False,True,False,False,,False,,,SIDE_DISPATCH|RAW_SEED_ATTEMPT|PRE_TIMING_SEED|TIMED_SEED|SEED_ELIGIBILITY|PRE_LOS|POST_LOS|SOLVER_OK|FINAL_INPUT|JOINT_SEED|HANDOFF_REJECT,HANDOFF_REJECT,MISSED_FROZEN_ACTIVATION,,,0.0,0.0,0.0,-1790476687.350675,-1790476687.350675,-1790476687.350675,0,PRE_LOS,69.5144898891449,72.036267,2.7091627555575943,-1.912285->+1.887371,-1.9122848608535796,-1.462469257221651,1.8873708397689977,-2.1693820138801083,1.663357882558169,1,-0.5065093945862694,-0.5065093945862694,70.24448988914527,70.73448988914552,71.42448988914587,71.42448988914587,71.42448988914587,71.42448988914587,1.17,1.17,1.17,0.0,2.034928059524628,1.528737551957972,7.092763113520621,True,0.3262868609525504,1.1759509563954007,20260927_103759_1243248,SIDE_MINUS,1790476756.713353,69.3626778125763,1790476756.865165,False,True,False,False,,False,,,SIDE_DISPATCH|RAW_SEED_ATTEMPT|PRE_TIMING_SEED|TIMED_SEED|SEED_ELIGIBILITY|PRE_LOS|POST_LOS|SOLVER_OK|FINAL_INPUT|JOINT_SEED|HANDOFF_REJECT,HANDOFF_REJECT,MISSED_FROZEN_ACTIVATION,,,0.0,0.0,0.0,-1790476687.350675,-1790476687.350675,-1790476687.350675,0,POST_LOS,69.5144898891449,72.036267,2.7091627555575943,-1.912285->+1.878404,-1.9122848608535796,-2.019563544885024,1.8784042633180351,-2.1693820138801083,1.6545241144471357,1,-0.5032639630612262,-0.5032639630612262,70.24448988914527,70.24448988914527,70.24448988914527,70.24448988914527,,70.24448988914527,0.71,0.71,0.71,0.0,3.354398444850884,5.579880658483661,30.474011782112907,False,0.2631695859944519,1.2125121013106712
20260927_103759_1243248,u3e2,2,366,SIDE_MINUS,1790476756.815899,69.46522355079651,1790476756.9727652,False,True,False,False,,False,,,SIDE_DISPATCH|RAW_SEED_ATTEMPT|PRE_TIMING_SEED|TIMED_SEED|SEED_ELIGIBILITY|PRE_LOS|POST_LOS|SOLVER_OK|FINAL_INPUT|JOINT_SEED|HANDOFF_REJECT,HANDOFF_REJECT,MISSED_FROZEN_ACTIVATION,,,0.0,0.0,0.0,-1790476687.350675,-1790476687.350675,-1790476687.350675,0,PRE_LOS,69.62209010124207,72.036267,2.52228206183904,-1.900059->+1.960928,-1.9000587346533344,-1.4111728245847912,1.9609278354405,-2.103754941774273,1.6888819963791364,1,-0.509534471989298,-0.509534471989298,70.24209010124238,70.69209010124261,71.36209010124296,71.36209010124296,71.36209010124296,71.36209010124296,1.11,1.11,1.11,0.0,2.1037069234808885,1.7988147967363983,7.129760189031416,True,0.302318904933159,1.151299575003029,20260927_103759_1243248,SIDE_MINUS,1790476756.815899,69.46522355079651,1790476756.9727652,False,True,False,False,,False,,,SIDE_DISPATCH|RAW_SEED_ATTEMPT|PRE_TIMING_SEED|TIMED_SEED|SEED_ELIGIBILITY|PRE_LOS|POST_LOS|SOLVER_OK|FINAL_INPUT|JOINT_SEED|HANDOFF_REJECT,HANDOFF_REJECT,MISSED_FROZEN_ACTIVATION,,,0.0,0.0,0.0,-1790476687.350675,-1790476687.350675,-1790476687.350675,0,POST_LOS,69.62209010124207,72.036267,2.52228206183904,-1.900059->+1.962574,-1.9000587346533344,-1.97289255731436,1.9625737100448837,-2.103754941774273,1.6905161454927056,1,-0.505012173714782,-0.505012173714782,70.24209010124238,70.24209010124238,70.24209010124238,70.24209010124238,71.39209010124297,70.24209010124238,0.74,0.74,0.74,0.0,3.8975180722985656,8.159371892398843,49.62107034849102,False,0.288345086764357,1.224560535692531
20260927_103759_1243248,u3e2,2,369,SIDE_MINUS,1790476756.947714,69.5970389842987,1790476757.1109698,False,True,False,False,,False,,,SIDE_DISPATCH|RAW_SEED_ATTEMPT|PRE_TIMING_SEED|TIMED_SEED|SEED_ELIGIBILITY|PRE_LOS|POST_LOS|SOLVER_OK|FINAL_INPUT|JOINT_SEED|HANDOFF_REJECT,HANDOFF_REJECT,MISSED_FROZEN_ACTIVATION,,,0.0,0.0,0.0,-1790476687.350675,-1790476687.350675,-1790476687.350675,0,PRE_LOS,69.76029467582703,72.036267,2.541031448883223,-1.841215->+2.166658,-1.8412154577391608,-1.379934474000139,2.1666582311141696,-1.9755101214091573,1.8924883381230504,1,-0.5073444768888559,-0.5073444768888559,70.24029467582727,70.67029467582749,71.33029467582783,71.33029467582783,71.33029467582783,71.33029467582783,1.08,1.08,1.08,0.0,2.14399883599053,1.8977128600893176,5.616913555651791,True,0.2665178232411746,1.1252242195120978,20260927_103759_1243248,SIDE_MINUS,1790476756.947714,69.5970389842987,1790476757.1109698,False,True,False,False,,False,,,SIDE_DISPATCH|RAW_SEED_ATTEMPT|PRE_TIMING_SEED|TIMED_SEED|SEED_ELIGIBILITY|PRE_LOS|POST_LOS|SOLVER_OK|FINAL_INPUT|JOINT_SEED|HANDOFF_REJECT,HANDOFF_REJECT,MISSED_FROZEN_ACTIVATION,,,0.0,0.0,0.0,-1790476687.350675,-1790476687.350675,-1790476687.350675,0,POST_LOS,69.76029467582703,72.036267,2.541031448883223,-1.841215->+2.208048,-1.8412154577391608,-1.732029132516746,2.2080476495101187,-1.9755101214091573,1.93343227889495,1,-0.5063699094240963,-0.5063699094240963,70.24029467582727,70.24029467582727,70.24029467582727,70.24029467582727,71.32029467582782,70.24029467582727,0.72,0.72,0.72,0.0,4.171675919606988,8.597634514189131,56.03771107804744,False,0.2527601279945301,1.167357246732677
20260927_103759_1243248,u3e2,2,372,SIDE_MINUS,1790476757.0574253,69.70675015449524,1790476757.2253168,False,True,False,False,,False,,,SIDE_DISPATCH|RAW_SEED_ATTEMPT|PRE_TIMING_SEED|TIMED_SEED|SEED_ELIGIBILITY|PRE_LOS|POST_LOS|SOLVER_OK|FINAL_INPUT|JOINT_SEED|HANDOFF_REJECT,HANDOFF_REJECT,MISSED_FROZEN_ACTIVATION,,,0.0,0.0,0.0,-1790476687.350675,-1790476687.350675,-1790476687.350675,0,PRE_LOS,69.87464165687561,72.036267,2.411380676915432,-1.765965->+2.188736,-1.7659650960618962,-1.3640383357485788,2.188735584840276,-1.8578081467223144,1.864444112304274,1,-0.5025323286426722,-0.5025323286426722,70.2446416568758,70.65464165687601,71.31464165687635,71.31464165687635,71.31464165687635,71.31464165687635,1.05,1.05,1.05,0.0,2.163267842964678,1.8007826258451256,5.669681968092762,True,0.2358450481428016,1.1026749457097609,20260927_103759_1243248,SIDE_MINUS,1790476757.0574253,69.70675015449524,1790476757.2253168,False,True,False,False,,False,,,SIDE_DISPATCH|RAW_SEED_ATTEMPT|PRE_TIMING_SEED|TIMED_SEED|SEED_ELIGIBILITY|PRE_LOS|POST_LOS|SOLVER_OK|FINAL_INPUT|JOINT_SEED|HANDOFF_REJECT,HANDOFF_REJECT,MISSED_FROZEN_ACTIVATION,,,0.0,0.0,0.0,-1790476687.350675,-1790476687.350675,-1790476687.350675,0,POST_LOS,69.87464165687561,72.036267,2.411380676915432,-1.765965->+2.236658,-1.7659650960618962,-1.566292998929822,2.2366580632511224,-1.8578081467223144,1.9122884746912432,1,-0.5016833455877657,-0.5016833455877657,70.2446416568758,70.2446416568758,71.28464165687633,71.28464165687633,71.28464165687633,71.28464165687633,0.87,0.87,0.87,0.0,4.278970029125924,9.003913013381789,60.155989941794985,False,0.2512459378677282,1.152489467469385
20260927_103759_1243248,u3e2,2,378,SIDE_MINUS,1790476757.2908633,69.94018816947937,1790476757.4670131,False,True,False,False,,False,,,SIDE_DISPATCH|RAW_SEED_ATTEMPT|PRE_TIMING_SEED|TIMED_SEED|SEED_ELIGIBILITY|PRE_LOS|POST_LOS|SOLVER_OK|FINAL_INPUT|JOINT_SEED|PREFLIGHT_REJECT,PREFLIGHT_REJECT,DYNAMICS_FAIL,,,0.0,0.0,0.0,-1790476687.350675,-1790476687.350675,-1790476687.350675,0,PRE_LOS,70.11633801460266,72.036267,2.309356873981276,-1.517452->+2.293196,-1.5174523986356652,-1.3587893374849886,2.29319599946346,-1.509283232040959,1.9827086666959288,1,-0.5056364813846261,-0.5056364813846261,70.23633801460272,70.66633801460294,71.31633801460328,71.31633801460328,71.31633801460328,71.31633801460328,1.07,1.07,1.07,0.0,2.172096958448224,1.3852814985644386,5.474042126821264,True,0.2082109669364957,1.0847728966683188,20260927_103759_1243248,SIDE_MINUS,1790476757.2908633,69.94018816947937,1790476757.4670131,False,True,False,False,,False,,,SIDE_DISPATCH|RAW_SEED_ATTEMPT|PRE_TIMING_SEED|TIMED_SEED|SEED_ELIGIBILITY|PRE_LOS|POST_LOS|SOLVER_OK|FINAL_INPUT|JOINT_SEED|PREFLIGHT_REJECT,PREFLIGHT_REJECT,DYNAMICS_FAIL,,,0.0,0.0,0.0,-1790476687.350675,-1790476687.350675,-1790476687.350675,0,POST_LOS,70.11633801460266,72.036267,2.309356873981276,-1.517452->+3.650032,-1.5174523986356652,-1.4346924102592036,3.650031909320829,-1.509283232040959,3.400959787717297,1,-0.4600776048570297,-0.4600776048570297,70.23633801460272,70.29633801460275,70.29633801460275,70.29633801460275,70.29633801460275,70.29633801460275,0.37,0.37,0.37,0.0,16.626635735439464,55.336010862760375,376.018305091518,False,0.3127937196269141,1.1080281996499126
20260927_103759_1243248,u3e2,2,379,SIDE_PLUS,1790476757.2908633,69.94018816947937,1790476757.4670131,False,False,False,False,,False,,,SIDE_DISPATCH|RAW_SEED_ATTEMPT|PRE_TIMING_SEED|TIMED_SEED|SEED_ELIGIBILITY|PRE_LOS|POST_LOS|SOLVER_OK|FINAL_INPUT|JOINT_SEED|PREFLIGHT_REJECT,PREFLIGHT_REJECT,DYNAMICS_FAIL,,,0.0,0.0,0.0,-1790476687.350675,-1790476687.350675,-1790476687.350675,0,PRE_LOS,70.11633801460266,72.036267,2.3273698592369114,-1.517452->+2.275242,-1.5174523986356652,-1.358966145929032,2.275242029525869,-1.509283232040959,1.965345823664072,1,-0.5084935613121807,-0.5084935613121807,70.23633801460272,70.66633801460294,71.31633801460328,71.31633801460328,71.31633801460328,71.31633801460328,1.07,1.07,1.07,0.0,2.165417873306856,1.3241379917177905,6.663767941451557,True,0.2365922070245348,1.086594714045749,20260927_103759_1243248,SIDE_PLUS,1790476757.2908633,69.94018816947937,1790476757.4670131,False,False,False,False,,False,,,SIDE_DISPATCH|RAW_SEED_ATTEMPT|PRE_TIMING_SEED|TIMED_SEED|SEED_ELIGIBILITY|PRE_LOS|POST_LOS|SOLVER_OK|FINAL_INPUT|JOINT_SEED|PREFLIGHT_REJECT,PREFLIGHT_REJECT,DYNAMICS_FAIL,,,0.0,0.0,0.0,-1790476687.350675,-1790476687.350675,-1790476687.350675,0,POST_LOS,70.11633801460266,72.036267,2.3273698592369114,-1.517452->-1.517244,-1.5174523986356652,-1.1471005008438395,-1.5172442635331251,-1.509283232040959,-2.026612025562318,2,-0.4883056131685475,-0.4883056131685475,70.23633801460272,70.3963380146028,,,,,0.85,0.85,0.36,0.23,36.30974535509912,146.36325666836322,1032.7621972707525,False,0.0331324227133062,1.0507978756273435
20260927_103759_1243248,u3e2,2,381,SIDE_MINUS,1790476757.553428,70.20275282859802,1790476757.7237473,False,True,False,False,,False,,,SIDE_DISPATCH|RAW_SEED_ATTEMPT|PRE_TIMING_SEED|TIMED_SEED|SEED_ELIGIBILITY|PRE_LOS|POST_LOS|SOLVER_OK|FINAL_INPUT|JOINT_SEED|PREFLIGHT_REJECT,PREFLIGHT_REJECT,DYNAMICS_FAIL,,,0.0,0.0,0.0,-1790476687.350675,-1790476687.350675,-1790476687.350675,0,PRE_LOS,70.37307214736938,72.036267,2.328172234608357,-1.154526->+2.223947,-1.154525554439959,-1.154525554439959,2.2239467623892746,-1.0335845577255671,2.0068963867585583,1,-0.5062067611957419,-0.5062067611957419,70.37307214736938,70.67307214736954,71.34307214736988,71.34307214736988,71.34307214736988,71.34307214736988,0.96,0.96,0.96,0.0,2.026491041421507,1.0426654372643962,5.813792323838757,True,0.2132523165877325,1.0939658059422923,20260927_103759_1243248,SIDE_MINUS,1790476757.553428,70.20275282859802,1790476757.7237473,False,True,False,False,,False,,,SIDE_DISPATCH|RAW_SEED_ATTEMPT|PRE_TIMING_SEED|TIMED_SEED|SEED_ELIGIBILITY|PRE_LOS|POST_LOS|SOLVER_OK|FINAL_INPUT|JOINT_SEED|PREFLIGHT_REJECT,PREFLIGHT_REJECT,DYNAMICS_FAIL,,,0.0,0.0,0.0,-1790476687.350675,-1790476687.350675,-1790476687.350675,0,POST_LOS,70.37307214736938,72.036267,2.328172234608357,-1.154526->+8.473684,-1.154525554439959,-1.154525554439959,8.47368379301832,-1.0335845577255671,8.565992346546517,1,-0.4902198371183129,-0.4902198371183129,70.37307214736938,70.6030721473695,70.6030721473695,70.6030721473695,70.6030721473695,70.6030721473695,0.38,0.38,0.34,0.07,29.23505852923189,105.486925177619,839.9503075345663,False,0.347662509322799,1.0939658059422923
20260927_103759_1243248,u3e2,2,382,SIDE_PLUS,1790476757.553428,70.20275282859802,1790476757.7237473,False,True,False,False,,False,,,SIDE_DISPATCH|RAW_SEED_ATTEMPT|PRE_TIMING_SEED|TIMED_SEED|SEED_ELIGIBILITY|PRE_LOS|POST_LOS|SOLVER_OK|FINAL_INPUT|JOINT_SEED|PREFLIGHT_REJECT,PREFLIGHT_REJECT,DYNAMICS_FAIL,,,0.0,0.0,0.0,-1790476687.350675,-1790476687.350675,-1790476687.350675,0,PRE_LOS,70.37307214736938,72.036267,2.4285723267169894,-1.154526->+2.111057,-1.154525554439959,-1.154525554439959,2.111057397317809,-1.0335845577255671,1.9052719437110524,1,-0.5092435919759638,-0.5092435919759638,70.37307214736938,70.67307214736954,71.36307214736989,71.36307214736989,71.36307214736989,71.36307214736989,0.98,0.98,0.98,0.0,1.9856469895763769,0.9808968840049338,6.4358209495611725,True,0.2087062731239157,1.0939658059422923,20260927_103759_1243248,SIDE_PLUS,1790476757.553428,70.20275282859802,1790476757.7237473,False,True,False,False,,False,,,SIDE_DISPATCH|RAW_SEED_ATTEMPT|PRE_TIMING_SEED|TIMED_SEED|SEED_ELIGIBILITY|PRE_LOS|POST_LOS|SOLVER_OK|FINAL_INPUT|JOINT_SEED|PREFLIGHT_REJECT,PREFLIGHT_REJECT,DYNAMICS_FAIL,,,0.0,0.0,0.0,-1790476687.350675,-1790476687.350675,-1790476687.350675,0,POST_LOS,70.37307214736938,72.036267,2.4285723267169894,-1.154526->-4.307478,-1.154525554439959,-1.154525554439959,-4.307477546932714,-1.0335845577255671,-4.830977343941621,2,-0.4873158583017196,-0.4873158583017196,70.37307214736938,70.66307214736953,70.86307214736964,70.86307214736964,,70.86307214736964,0.5,0.5,0.5,0.0,22.71911006456804,90.87495331531152,706.8556453140164,False,0.1262428837542457,1.0939658059422923
20260927_103759_1243248,u3e2,2,390,SIDE_MINUS,1790476758.659066,71.30839085578918,1790476758.8164804,True,True,False,False,,False,,,SIDE_DISPATCH|RAW_SEED_ATTEMPT|PRE_TIMING_SEED|TIMED_SEED|SEED_ELIGIBILITY|PRE_LOS|POST_LOS|SOLVER_OK|FINAL_INPUT|JOINT_SEED|COMPARATOR_LOSS,,,,K2_BASELINE_UNAVAILABLE,0.0,0.0,0.0,71.46580529212952,71.54932475090027,73.46580529212952,0,PRE_LOS,71.46580529212952,72.036267,2.9294951625597303,+0.852024->+1.637875,0.8520235398593934,0.8520235398593934,1.637875195103928,0.2585480393035683,0.6729564449747208,0,0.0493712615139295,0.0493712615139295,71.46580529212952,71.46580529212952,71.46580529212952,71.46580529212952,71.46580529212952,71.46580529212952,0.0,0.0,0.0,0.0,1.2988335288865014,1.0417198063501594,2.5446542907284724,True,0.6811657247403096,1.8687685237185463,20260927_103759_1243248,SIDE_MINUS,1790476758.659066,71.30839085578918,1790476758.8164804,True,True,False,False,,False,,,SIDE_DISPATCH|RAW_SEED_ATTEMPT|PRE_TIMING_SEED|TIMED_SEED|SEED_ELIGIBILITY|PRE_LOS|POST_LOS|SOLVER_OK|FINAL_INPUT|JOINT_SEED|COMPARATOR_LOSS,,,,K2_BASELINE_UNAVAILABLE,0.0,0.0,0.0,71.46580529212952,71.54932475090027,73.46580529212952,0,POST_LOS,71.46580529212952,72.036267,2.9294951625597303,+0.852024->+1.637875,0.8520235398593934,0.8520235398593934,1.637875195103928,0.2585480393035683,0.6729564449747208,0,0.0493712615139295,0.0493712615139295,71.46580529212952,71.46580529212952,71.46580529212952,71.46580529212952,71.46580529212952,71.46580529212952,0.0,0.0,0.0,0.0,1.2988335288865014,1.0417198063501594,2.5446542907284724,True,0.6811657247403096,1.8687685237185463
20260927_103759_1243248,u3e2,2,393,SIDE_MINUS,1790476758.6824734,71.33179831504822,1790476758.835421,True,True,False,False,,False,,,SIDE_DISPATCH|RAW_SEED_ATTEMPT|PRE_TIMING_SEED|TIMED_SEED|SEED_ELIGIBILITY|PRE_LOS|POST_LOS|SOLVER_OK|FINAL_INPUT|JOINT_SEED|COMPARATOR_LOSS,,,,K2_BASELINE_UNAVAILABLE,0.0,0.0,0.0,71.48474597930908,71.54932475090027,73.48474597930908,0,PRE_LOS,71.48474597930908,72.036267,2.912639958559528,+0.886725->+1.638327,0.886725411705599,0.886725411705599,1.6383265264124214,0.2464125736550992,0.6315773610904197,0,0.070032144200647,0.070032144200647,71.48474597930908,71.48474597930908,71.48474597930908,71.48474597930908,71.48474597930908,71.48474597930908,0.0,0.0,0.0,0.0,1.2800309329256605,1.0137578573821375,2.5453415096716983,True,0.7016963524683395,1.880556850278476,20260927_103759_1243248,SIDE_MINUS,1790476758.6824734,71.33179831504822,1790476758.835421,True,True,False,False,,False,,,SIDE_DISPATCH|RAW_SEED_ATTEMPT|PRE_TIMING_SEED|TIMED_SEED|SEED_ELIGIBILITY|PRE_LOS|POST_LOS|SOLVER_OK|FINAL_INPUT|JOINT_SEED|COMPARATOR_LOSS,,,,K2_BASELINE_UNAVAILABLE,0.0,0.0,0.0,71.48474597930908,71.54932475090027,73.48474597930908,0,POST_LOS,71.48474597930908,72.036267,2.912639958559528,+0.886725->+1.638327,0.886725411705599,0.886725411705599,1.6383265264124214,0.2464125736550992,0.6315773610904197,0,0.070032144200647,0.070032144200647,71.48474597930908,71.48474597930908,71.48474597930908,71.48474597930908,71.48474597930908,71.48474597930908,0.0,0.0,0.0,0.0,1.2800309329256605,1.0137578573821375,2.5453415096716983,True,0.7016963524683395,1.880556850278476
20260927_103759_1243248,u3e3,2,390,SIDE_MINUS,1790476758.659066,71.30839085578918,1790476758.8164804,True,True,False,False,,False,,,SIDE_DISPATCH|RAW_SEED_ATTEMPT|PRE_TIMING_SEED|TIMED_SEED|SEED_ELIGIBILITY|PRE_LOS|POST_LOS|SOLVER_OK|FINAL_INPUT|JOINT_SEED|COMPARATOR_LOSS,,,,K2_BASELINE_UNAVAILABLE,0.0,0.0,0.0,71.46580529212952,71.54932475090027,73.46580529212952,0,PRE_LOS,71.46580529212952,74.39530045468925,2.9294951625597303,-1.375559->+1.767189,-1.375559367790456,-0.5788791472624215,1.7671887522971748,-1.5345042345656128,-0.0877303889319979,1,-0.359282162251251,-0.359282162251251,74.24580529213094,74.24580529213094,,,,,0.86,0.86,0.86,0.0,1.2988335288865014,1.0417198063501594,2.5446542907284724,True,0.6811657247403096,1.8687685237185463,20260927_103759_1243248,SIDE_MINUS,1790476758.659066,71.30839085578918,1790476758.8164804,True,True,False,False,,False,,,SIDE_DISPATCH|RAW_SEED_ATTEMPT|PRE_TIMING_SEED|TIMED_SEED|SEED_ELIGIBILITY|PRE_LOS|POST_LOS|SOLVER_OK|FINAL_INPUT|JOINT_SEED|COMPARATOR_LOSS,,,,K2_BASELINE_UNAVAILABLE,0.0,0.0,0.0,71.46580529212952,71.54932475090027,73.46580529212952,0,POST_LOS,71.46580529212952,74.39530045468925,2.9294951625597303,-1.375559->+1.767189,-1.375559367790456,-0.5788791472624215,1.7671887522971748,-1.5345042345656128,-0.0877303889319979,1,-0.359282162251251,-0.359282162251251,74.24580529213094,74.24580529213094,,,,,0.86,0.86,0.86,0.0,1.2988335288865014,1.0417198063501594,2.5446542907284724,True,0.6811657247403096,1.8687685237185463
20260927_103759_1243248,u3e3,2,393,SIDE_MINUS,1790476758.6824734,71.33179831504822,1790476758.835421,True,True,False,False,,False,,,SIDE_DISPATCH|RAW_SEED_ATTEMPT|PRE_TIMING_SEED|TIMED_SEED|SEED_ELIGIBILITY|PRE_LOS|POST_LOS|SOLVER_OK|FINAL_INPUT|JOINT_SEED|COMPARATOR_LOSS,,,,K2_BASELINE_UNAVAILABLE,0.0,0.0,0.0,71.48474597930908,71.54932475090027,73.48474597930908,0,PRE_LOS,71.48474597930908,74.3973859378686,2.912639958559528,-1.364708->+1.789340,-1.3647077490437989,-0.5780437257167794,1.7893398488012673,-1.5074584971436185,-0.1451782196790437,1,-0.3580586049470914,-0.3580586049470914,74.2447459793105,74.2447459793105,,,,,0.86,0.86,0.86,0.0,1.2800309329256605,1.0137578573821375,2.5453415096716983,True,0.7016963524683395,1.880556850278476,20260927_103759_1243248,SIDE_MINUS,1790476758.6824734,71.33179831504822,1790476758.835421,True,True,False,False,,False,,,SIDE_DISPATCH|RAW_SEED_ATTEMPT|PRE_TIMING_SEED|TIMED_SEED|SEED_ELIGIBILITY|PRE_LOS|POST_LOS|SOLVER_OK|FINAL_INPUT|JOINT_SEED|COMPARATOR_LOSS,,,,K2_BASELINE_UNAVAILABLE,0.0,0.0,0.0,71.48474597930908,71.54932475090027,73.48474597930908,0,POST_LOS,71.48474597930908,74.3973859378686,2.912639958559528,-1.364708->+1.789340,-1.3647077490437989,-0.5780437257167794,1.7893398488012673,-1.5074584971436185,-0.1451782196790437,1,-0.3580586049470914,-0.3580586049470914,74.2447459793105,74.2447459793105,,,,,0.86,0.86,0.86,0.0,1.2800309329256605,1.0137578573821375,2.5453415096716983,True,0.7016963524683395,1.880556850278476
20260927_103759_1243248,u3e3,2,396,SIDE_MINUS,1790476758.940019,71.58934378623962,1790476759.0890307,True,True,False,False,,False,,,SIDE_DISPATCH|RAW_SEED_ATTEMPT|PRE_TIMING_SEED|TIMED_SEED|SEED_ELIGIBILITY|PRE_LOS|POST_LOS|SOLVER_OK|FINAL_INPUT|JOINT_SEED|COMPARATOR_LOSS,,,,OPPONENT_D3_LOWER,1.0,0.3333333333333333,0.832269610262744,73.04932355880737,73.58474588394165,73.73835563659668,0,PRE_LOS,71.73835563659668,74.60544802833014,2.8670923917334585,-1.232422->+2.073348,-1.2324224649967992,-0.6299210295958824,2.073348103278736,-1.3103225824917402,-0.0268969648120348,1,-0.3574235170669171,-0.3574235170669171,74.28835563659798,74.28835563659798,74.28835563659798,74.28835563659798,,74.28835563659798,0.87,0.87,0.87,0.0,1.1199966803722674,0.7831606782906263,2.414956351602826,True,0.6943405187420845,2.0169972403548337,20260927_103759_1243248,SIDE_MINUS,1790476758.940019,71.58934378623962,1790476759.0890307,True,True,False,False,,False,,,SIDE_DISPATCH|RAW_SEED_ATTEMPT|PRE_TIMING_SEED|TIMED_SEED|SEED_ELIGIBILITY|PRE_LOS|POST_LOS|SOLVER_OK|FINAL_INPUT|JOINT_SEED|COMPARATOR_LOSS,,,,OPPONENT_D3_LOWER,1.0,0.3333333333333333,0.832269610262744,73.04932355880737,73.58474588394165,73.73835563659668,0,POST_LOS,71.73835563659668,74.60544802833014,2.8670923917334585,-1.232422->+2.073348,-1.2324224649967992,-0.6299210295958824,2.073348103278736,-1.3103225824917402,-0.0268969648120348,1,-0.3574235170669171,-0.3574235170669171,74.28835563659798,74.28835563659798,74.28835563659798,74.28835563659798,,74.28835563659798,0.87,0.87,0.87,0.0,1.1199966803722674,0.7831606782906263,2.414956351602826,True,0.6943405187420845,2.0169972403548337
20260927_103759_1243248,u3e3,2,399,SIDE_MINUS,1790476759.2276292,71.87695407867432,1790476759.3725982,True,True,True,True,256.0,True,72.036059,72.276188,SIDE_DISPATCH|RAW_SEED_ATTEMPT|PRE_TIMING_SEED|TIMED_SEED|SEED_ELIGIBILITY|PRE_LOS|POST_LOS|SOLVER_OK|FINAL_INPUT|JOINT_SEED|COMPARATOR_WIN|SELECTED|COMMITTED,,,,C3_HIGHER,1.0,0.375,1.488214042621098,73.04932355880737,73.83835554122925,74.02192306518555,0,PRE_LOS,72.02192306518555,74.70227899999999,2.7257717910127117,-1.114354->+2.123287,-1.1143541583721337,-0.645289968442213,2.123287476267844,-1.1233592688647438,-0.0583648191641512,1,-0.3583170445358642,-0.3583170445358642,73.24192306518617,73.24192306518617,74.33192306518673,74.33192306518673,,74.33192306518673,0.85,0.85,0.85,0.0,1.0630635845072145,0.5840874837216052,2.0990320052935227,True,0.6865302849290011,2.1242460785387243,20260927_103759_1243248,SIDE_MINUS,1790476759.2276292,71.87695407867432,1790476759.3725982,True,True,True,True,256.0,True,72.036059,72.276188,SIDE_DISPATCH|RAW_SEED_ATTEMPT|PRE_TIMING_SEED|TIMED_SEED|SEED_ELIGIBILITY|PRE_LOS|POST_LOS|SOLVER_OK|FINAL_INPUT|JOINT_SEED|COMPARATOR_WIN|SELECTED|COMMITTED,,,,C3_HIGHER,1.0,0.375,1.488214042621098,73.04932355880737,73.83835554122925,74.02192306518555,0,POST_LOS,72.02192306518555,74.70227899999999,2.7257717910127117,-1.114354->+2.123287,-1.1143541583721337,-0.6452899684422131,2.123287476267844,-1.1233592688647438,-0.0583648191641512,1,-0.3583170445358642,-0.3583170445358642,73.24192306518617,73.24192306518617,74.33192306518673,74.33192306518673,,74.33192306518673,0.85,0.85,0.85,0.0,1.0630635845072145,0.5840874837216052,2.0990320052935223,True,0.6865302849290011,2.1242460785387243
20260927_103759_1243248,u3e3,2,402,SIDE_MINUS,1790476759.5045128,72.15383768081665,1790476759.6473165,True,True,True,True,257.0,True,72.305451,72.536313,SIDE_DISPATCH|RAW_SEED_ATTEMPT|PRE_TIMING_SEED|TIMED_SEED|SEED_ELIGIBILITY|PRE_LOS|POST_LOS|SOLVER_OK|FINAL_INPUT|JOINT_SEED|COMPARATOR_WIN|SELECTED|COMMITTED,,,,D3_LOWER,0.9090909090909092,0.1818181818181818,2.812941605487897,73.04932355880737,74.12192296981812,74.29664134979248,0,PRE_LOS,72.29664134979248,74.70227899999999,2.406589530936383,-1.019423->+2.113134,-1.0194230879928363,-0.605611078689572,2.11313431886647,-0.9766352454099456,0.1082509648877215,1,-0.3581618362003312,-0.3581618362003312,74.2766413497935,74.2766413497935,74.2766413497935,74.2766413497935,,74.2766413497935,0.86,0.86,0.86,0.0,1.0685614916002502,0.431846359965494,2.0160121595910327,True,0.6827495230781087,2.191056021114931,20260927_103759_1243248,SIDE_MINUS,1790476759.5045128,72.15383768081665,1790476759.6473165,True,True,True,True,257.0,True,72.305451,72.536313,SIDE_DISPATCH|RAW_SEED_ATTEMPT|PRE_TIMING_SEED|TIMED_SEED|SEED_ELIGIBILITY|PRE_LOS|POST_LOS|SOLVER_OK|FINAL_INPUT|JOINT_SEED|COMPARATOR_WIN|SELECTED|COMMITTED,,,,D3_LOWER,0.9090909090909092,0.1818181818181818,2.812941605487897,73.04932355880737,74.12192296981812,74.29664134979248,0,POST_LOS,72.29664134979248,74.70227899999999,2.406589530936383,-1.019423->+2.113134,-1.0194230879928363,-0.605611078689572,2.11313431886647,-0.9766352454099456,0.1082509648877215,1,-0.3581618362003312,-0.3581618362003312,74.2766413497935,74.2766413497935,74.2766413497935,74.2766413497935,,74.2766413497935,0.86,0.86,0.86,0.0,1.0685614916002502,0.4318463599654938,2.0160121595910327,True,0.6827495230781087,2.191056021114931
20260927_103759_1243248,u3e3,2,405,SIDE_MINUS,1790476759.7614694,72.41079425811768,1790476759.901579,True,True,True,True,258.0,True,72.570106,72.803205,SIDE_DISPATCH|RAW_SEED_ATTEMPT|PRE_TIMING_SEED|TIMED_SEED|SEED_ELIGIBILITY|PRE_LOS|POST_LOS|SOLVER_OK|FINAL_INPUT|JOINT_SEED|COMPARATOR_WIN|SELECTED|COMMITTED,,,,D3_LOWER,0.8571428571428571,0.1428571428571428,3.0550598099735846,73.04932355880737,74.39664125442505,74.55090355873108,0,PRE_LOS,72.55090355873108,74.64483489547212,2.0939313367410373,-0.937195->+2.063358,-0.9371951863718978,-0.5837912119794083,2.063358230759452,-0.8677928144363568,0.1757784367380106,1,-0.3590926118386484,-0.3590926118386484,74.25090355873195,74.25090355873195,74.25090355873195,74.25090355873195,,74.25090355873195,0.87,0.87,0.87,0.0,1.092116153670214,0.4803977315747424,2.0036554451090978,True,0.682509700864312,2.2346283590526386,20260927_103759_1243248,SIDE_MINUS,1790476759.7614694,72.41079425811768,1790476759.901579,True,True,True,True,258.0,True,72.570106,72.803205,SIDE_DISPATCH|RAW_SEED_ATTEMPT|PRE_TIMING_SEED|TIMED_SEED|SEED_ELIGIBILITY|PRE_LOS|POST_LOS|SOLVER_OK|FINAL_INPUT|JOINT_SEED|COMPARATOR_WIN|SELECTED|COMMITTED,,,,D3_LOWER,0.8571428571428571,0.1428571428571428,3.0550598099735846,73.04932355880737,74.39664125442505,74.55090355873108,0,POST_LOS,72.55090355873108,74.64483489547212,2.0939313367410373,-0.937195->+2.063358,-0.9371951863718978,-0.5837912119794083,2.063358230759452,-0.8677928144363568,0.1757784367380106,1,-0.3590926118386484,-0.3590926118386484,74.25090355873195,74.25090355873195,74.25090355873195,74.25090355873195,,74.25090355873195,0.87,0.87,0.87,0.0,1.092116153670214,0.4803977315747424,2.0036554451090978,True,0.682509700864312,2.2346283590526386
20260927_103759_1243248,u3e3,2,418,SIDE_PLUS,1790476760.6253166,73.27464151382446,1790476760.7653165,False,True,False,False,,False,,,SIDE_DISPATCH|RAW_SEED_ATTEMPT|PRE_TIMING_SEED|TIMED_SEED|SEED_ELIGIBILITY|PRE_LOS|POST_LOS|SOLVER_OK|FINAL_INPUT|JOINT_SEED|PREFLIGHT_REJECT,PREFLIGHT_REJECT,DYNAMICS_FAIL,,,0.0,0.0,0.0,-1790476687.350675,-1790476687.350675,-1790476687.350675,0,PRE_LOS,73.41464138031006,74.70227899999999,3.1500799286570684,-0.312271->+2.048509,-0.3122707126391841,-0.3122707126391841,2.048508807912412,-0.2880663616253749,0.6894612645137572,1,-0.3551384772777537,-0.3551384772777537,74.10464138031041,74.10464138031041,74.10464138031041,74.10464138031041,74.10464138031041,74.10464138031041,0.6900000000000001,0.6900000000000001,0.6900000000000001,0.0,1.2362610789232251,0.7705617650375828,4.534907517630747,True,0.7945084389643655,2.446002531501688,20260927_103759_1243248,SIDE_PLUS,1790476760.6253166,73.27464151382446,1790476760.7653165,False,True,False,False,,False,,,SIDE_DISPATCH|RAW_SEED_ATTEMPT|PRE_TIMING_SEED|TIMED_SEED|SEED_ELIGIBILITY|PRE_LOS|POST_LOS|SOLVER_OK|FINAL_INPUT|JOINT_SEED|PREFLIGHT_REJECT,PREFLIGHT_REJECT,DYNAMICS_FAIL,,,0.0,0.0,0.0,-1790476687.350675,-1790476687.350675,-1790476687.350675,0,POST_LOS,73.41464138031006,74.70227899999999,3.1500799286570684,-0.312271->-2.726550,-0.3122707126391841,-0.3122707126391841,-2.7265498315553884,-0.2880663616253749,5.336519000467597,2,-0.356609664238914,-0.356609664238914,73.71464138031021,73.71464138031021,73.71464138031021,73.71464138031021,73.71464138031021,73.94464138031033,0.53,0.3,0.3,0.0,13.902715832954822,41.82856922158464,297.79548945228856,False,0.4519696438436356,1.6381592327519467
20260927_103759_1243248,u3e3,2,424,SIDE_PLUS,1790476760.6917095,73.34103441238403,1790476760.8317094,False,True,False,False,,False,,,SIDE_DISPATCH|RAW_SEED_ATTEMPT|PRE_TIMING_SEED|TIMED_SEED|SEED_ELIGIBILITY|PRE_LOS|POST_LOS|SOLVER_OK|FINAL_INPUT|JOINT_SEED|PREFLIGHT_REJECT,PREFLIGHT_REJECT,DYNAMICS_FAIL,,,0.0,0.0,0.0,-1790476687.350675,-1790476687.350675,-1790476687.350675,0,PRE_LOS,73.48103427886963,74.70227899999999,3.08773447235083,-0.203216->+2.060440,-0.203216155928212,-0.203216155928212,2.060440359630092,-0.1847793672093725,0.7818633209927143,1,-0.3583181955856744,-0.3583181955856744,74.10103427886995,74.10103427886995,74.10103427886995,74.10103427886995,74.10103427886995,74.10103427886995,0.62,0.62,0.62,0.0,1.2528571936017492,0.8245571883342904,4.501191845516774,True,0.8223268811757871,2.4666781042293624,20260927_103759_1243248,SIDE_PLUS,1790476760.6917095,73.34103441238403,1790476760.8317094,False,True,False,False,,False,,,SIDE_DISPATCH|RAW_SEED_ATTEMPT|PRE_TIMING_SEED|TIMED_SEED|SEED_ELIGIBILITY|PRE_LOS|POST_LOS|SOLVER_OK|FINAL_INPUT|JOINT_SEED|PREFLIGHT_REJECT,PREFLIGHT_REJECT,DYNAMICS_FAIL,,,0.0,0.0,0.0,-1790476687.350675,-1790476687.350675,-1790476687.350675,0,POST_LOS,73.48103427886963,74.70227899999999,3.08773447235083,-0.203216->+0.357515,-0.203216155928212,-0.203216155928212,0.3575146775939686,-0.1847793672093725,5.648516114104411,1,-0.3590106679157467,-0.3590106679157467,73.77103427886978,73.77103427886978,73.77103427886978,73.77103427886978,73.77103427886978,73.94103427886986,0.46,0.29,0.29,0.0,10.664281321202209,31.417130567313063,231.98952826768576,False,0.7951898204361663,2.252364980968028
20260927_103759_1243248,u3e3,2,427,SIDE_PLUS,1790476760.717817,73.36714196205139,1790476760.857817,False,True,False,False,,False,,,SIDE_DISPATCH|RAW_SEED_ATTEMPT|PRE_TIMING_SEED|TIMED_SEED|SEED_ELIGIBILITY|PRE_LOS|POST_LOS|SOLVER_OK|FINAL_INPUT|JOINT_SEED|PREFLIGHT_REJECT,PREFLIGHT_REJECT,DYNAMICS_FAIL,,,0.0,0.0,0.0,-1790476687.350675,-1790476687.350675,-1790476687.350675,0,PRE_LOS,73.50714182853699,74.70227899999999,3.068967765394936,-0.159524->+2.058913,-0.1595239657464177,-0.1595239657464177,2.058913238745391,-0.1418178919234058,0.8163745699298596,1,-0.3573437856796803,-0.3573437856796803,74.09714182853729,74.09714182853729,74.09714182853729,74.09714182853729,74.09714182853729,74.09714182853729,0.59,0.59,0.59,0.0,1.25867325611821,0.845773037171497,4.518111054268566,True,0.8345570264735289,2.474809637977359,20260927_103759_1243248,SIDE_PLUS,1790476760.717817,73.36714196205139,1790476760.857817,False,True,False,False,,False,,,SIDE_DISPATCH|RAW_SEED_ATTEMPT|PRE_TIMING_SEED|TIMED_SEED|SEED_ELIGIBILITY|PRE_LOS|POST_LOS|SOLVER_OK|FINAL_INPUT|JOINT_SEED|PREFLIGHT_REJECT,PREFLIGHT_REJECT,DYNAMICS_FAIL,,,0.0,0.0,0.0,-1790476687.350675,-1790476687.350675,-1790476687.350675,0,POST_LOS,73.50714182853699,74.70227899999999,3.068967765394936,-0.159524->+3.406074,-0.1595239657464177,-0.1595239657464177,3.406073710826058,-0.1418178919234058,6.222523806795722,1,-0.358101444750814,-0.358101444750814,73.79714182853714,73.79714182853714,73.79714182853714,73.79714182853714,73.79714182853714,73.93714182853721,0.43,0.29,0.29,0.0,9.969634084916636,28.14821640547267,206.27451244260843,False,0.8345570264735289,2.474809637977359
20260927_103759_1243248,u3e3,2,448,SIDE_PLUS,1790476760.9459012,73.59522604942322,1790476761.085901,False,True,False,False,,False,,,SIDE_DISPATCH|RAW_SEED_ATTEMPT|PRE_TIMING_SEED|TIMED_SEED|SEED_ELIGIBILITY|PRE_LOS|POST_LOS|SOLVER_OK|FINAL_INPUT|JOINT_SEED|PREFLIGHT_REJECT,PREFLIGHT_REJECT,DYNAMICS_FAIL,,,0.0,0.0,0.0,-1790476687.350675,-1790476687.350675,-1790476687.350675,0,PRE_LOS,73.73522591590881,74.70227899999999,3.1392080952594954,+0.260353->+2.086733,0.2603526525213799,0.2603526525213799,2.0867330787176384,0.289625165718993,1.2007960234815782,0,-0.2471199151989631,-0.2471199151989631,74.08522591590899,74.08522591590899,74.08522591590899,74.08522591590899,74.08522591590899,74.08522591590899,0.35,0.35,0.35,0.0,1.2956222980051448,0.9392335693367304,4.332340546356301,True,0.9716214173746628,2.54541435774764,20260927_103759_1243248,SIDE_PLUS,1790476760.9459012,73.59522604942322,1790476761.085901,False,True,False,False,,False,,,SIDE_DISPATCH|RAW_SEED_ATTEMPT|PRE_TIMING_SEED|TIMED_SEED|SEED_ELIGIBILITY|PRE_LOS|POST_LOS|SOLVER_OK|FINAL_INPUT|JOINT_SEED|PREFLIGHT_REJECT,PREFLIGHT_REJECT,DYNAMICS_FAIL,,,0.0,0.0,0.0,-1790476687.350675,-1790476687.350675,-1790476687.350675,0,POST_LOS,73.73522591590881,74.70227899999999,3.1392080952594954,+0.260353->+4.906868,0.2603526525213799,0.2603526525213799,4.906867633064644,0.289625165718993,4.531507975710805,0,-0.2471199151989631,-0.2471199151989631,73.97522591590894,73.97522591590894,73.97522591590894,73.97522591590894,73.97522591590894,73.97522591590894,0.24,0.24,0.24,0.0,7.0416770089458405,19.449847667540197,130.10908916197914,False,0.9716214173746628,2.54541435774764
20260927_103759_1243248,u3e3,2,457,SIDE_PLUS,1790476761.0375836,73.68690848350525,1790476761.1775837,False,True,False,False,,False,,,SIDE_DISPATCH|RAW_SEED_ATTEMPT|PRE_TIMING_SEED|TIMED_SEED|SEED_ELIGIBILITY|PRE_LOS|POST_LOS|SOLVER_OK|FINAL_INPUT|JOINT_SEED|PREFLIGHT_REJECT,PREFLIGHT_REJECT,DYNAMICS_FAIL,,,0.0,0.0,0.0,-1790476687.350675,-1790476687.350675,-1790476687.350675,0,PRE_LOS,73.82690834999084,74.70227899999999,3.061617329495138,+0.427985->+2.094896,0.4279846388540572,0.4279846388540572,2.094896130124337,0.4904481706733216,1.3569485696391317,0,-0.1829699102269675,-0.1829699102269675,74.07690834999097,74.07690834999097,74.07690834999097,74.07690834999097,74.07690834999097,74.07690834999097,0.25,0.25,0.25,0.0,1.301777980010716,1.0003281934958783,4.366165059236764,True,1.0406294318558589,2.573468605666505,20260927_103759_1243248,SIDE_PLUS,1790476761.0375836,73.68690848350525,1790476761.1775837,False,True,False,False,,False,,,SIDE_DISPATCH|RAW_SEED_ATTEMPT|PRE_TIMING_SEED|TIMED_SEED|SEED_ELIGIBILITY|PRE_LOS|POST_LOS|SOLVER_OK|FINAL_INPUT|JOINT_SEED|PREFLIGHT_REJECT,PREFLIGHT_REJECT,DYNAMICS_FAIL,,,0.0,0.0,0.0,-1790476687.350675,-1790476687.350675,-1790476687.350675,0,POST_LOS,73.82690834999084,74.70227899999999,3.061617329495138,+0.427985->+2.860979,0.4279846388540572,0.4279846388540572,2.860978615895485,0.4904481706733216,3.008037789366592,0,-0.1829699102269675,-0.1829699102269675,74.03690834999095,74.03690834999095,74.03690834999095,74.03690834999095,74.03690834999095,74.03690834999095,0.21,0.21,0.21,0.0,3.924479386105432,11.349697442078282,68.77264963198533,False,1.0406294318558589,2.573468605666505
20260927_103759_1243248,u3e3,2,460,SIDE_PLUS,1790476761.0638273,73.71315217018127,1790476761.2038271,False,True,False,False,,False,,,SIDE_DISPATCH|RAW_SEED_ATTEMPT|PRE_TIMING_SEED|TIMED_SEED|SEED_ELIGIBILITY|PRE_LOS|POST_LOS|SOLVER_OK|FINAL_INPUT|JOINT_SEED|PREFLIGHT_REJECT,PREFLIGHT_REJECT,DYNAMICS_FAIL,,,0.0,0.0,0.0,-1790476687.350675,-1790476687.350675,-1790476687.350675,0,PRE_LOS,73.85315203666687,74.70227899999999,3.04042938336058,+0.500656->+2.096189,0.5006562125874574,0.5006562125874574,2.09618932792905,0.550540866284654,1.3996529098434494,0,-0.1572391016217087,-0.1572391016217087,74.08315203666699,74.08315203666699,74.08315203666699,74.08315203666699,74.08315203666699,74.08315203666699,0.23,0.23,0.23,0.0,1.3026516910032733,1.0173337190713378,4.373525520570501,True,1.0616522924280516,2.5814637392314843,20260927_103759_1243248,SIDE_PLUS,1790476761.0638273,73.71315217018127,1790476761.2038271,False,True,False,False,,False,,,SIDE_DISPATCH|RAW_SEED_ATTEMPT|PRE_TIMING_SEED|TIMED_SEED|SEED_ELIGIBILITY|PRE_LOS|POST_LOS|SOLVER_OK|FINAL_INPUT|JOINT_SEED|PREFLIGHT_REJECT,PREFLIGHT_REJECT,DYNAMICS_FAIL,,,0.0,0.0,0.0,-1790476687.350675,-1790476687.350675,-1790476687.350675,0,POST_LOS,73.85315203666687,74.70227899999999,3.04042938336058,+0.500656->+2.509574,0.5006562125874574,0.5006562125874574,2.5095743305427947,0.550540866284654,2.7618891192480683,0,-0.1572391016217087,-0.1572391016217087,74.05315203666697,74.05315203666697,74.05315203666697,74.05315203666697,74.05315203666697,74.05315203666697,0.2,0.2,0.2,0.0,3.483226992847174,9.7263269592518,59.20325401679917,False,1.0616522924280516,2.5814637392314843
20260927_103759_1243248,u3e3,2,463,SIDE_PLUS,1790476761.092408,73.74173283576965,1790476761.2324078,False,True,False,False,,False,,,SIDE_DISPATCH|RAW_SEED_ATTEMPT|PRE_TIMING_SEED|TIMED_SEED|SEED_ELIGIBILITY|PRE_LOS|POST_LOS|SOLVER_OK|FINAL_INPUT|JOINT_SEED|CERTIFICATE_REJECT,CERTIFICATE_REJECT,,,,0.0,0.0,0.0,-1790476687.350675,-1790476687.350675,-1790476687.350675,0,PRE_LOS,73.88173270225525,74.70227899999999,3.0161131332898634,+0.583267->+2.100256,0.5832668406279264,0.5832668406279264,2.100256386989216,0.6171805259294609,1.4549094311362485,0,-0.1291025387802016,-0.1291025387802016,74.08173270225535,74.08173270225535,74.08173270225535,74.08173270225535,74.08173270225535,74.08173270225535,0.2,0.2,0.2,0.0,1.3031476862783686,1.035577467720678,4.355551826203736,True,1.0851410689033183,2.590154392835356,20260927_103759_1243248,SIDE_PLUS,1790476761.092408,73.74173283576965,1790476761.2324078,False,True,False,False,,False,,,SIDE_DISPATCH|RAW_SEED_ATTEMPT|PRE_TIMING_SEED|TIMED_SEED|SEED_ELIGIBILITY|PRE_LOS|POST_LOS|SOLVER_OK|FINAL_INPUT|JOINT_SEED|CERTIFICATE_REJECT,CERTIFICATE_REJECT,,,,0.0,0.0,0.0,-1790476687.350675,-1790476687.350675,-1790476687.350675,0,POST_LOS,73.88173270225525,74.70227899999999,3.0161131332898634,+0.583267->+2.164286,0.5832668406279264,0.5832668406279264,2.164286242886996,0.6171805259294609,1.6673806869572974,0,-0.1291025387802016,-0.1291025387802016,74.07173270225535,74.07173270225535,74.07173270225535,74.07173270225535,74.07173270225535,74.07173270225535,0.19,0.19,0.19,0.0,1.4133106823412682,2.2375493865986167,5.95414106320668,True,1.0851410689033183,2.590154392835356
