run,episode,drone,candidate,kind,batch,batch_s,activation,hard_safe,seed_eligible,selected,committed,trajectory_id,executed,execution_begin,execution_end,stages,first_reject,reject_reason,solver_reason,comparator_reason,K2,C3,D3,comparison_begin,comparison_end,checked_until,fallback,stage,common_K3_loss_seconds,common_self_loss_seconds,sustained_recovery_time,sustained_K3_recovery_time,common_window_covered,begin,end,duration,actual_geometric_side,side_start,side_at_loss,side_end,production_frame_side_start,production_frame_side_end,axis_crossings,min_shadow_clearance,min_all_los_clearance,shadow_exit_time,first_binary_recovery_time,first_persistent_recovery_time,persistent_02,persistent_05,first_persistent_K3_recovery_time,K3_loss_seconds,self_loss_seconds,LOS_loss_seconds,fov_loss_seconds,max_v,max_a,max_j,pvaj_strict_ok,body_static_clearance,body_dynamic_clearance,refrecovery,refloss,faster,sustained_recovery_time_final,common_K3_loss_seconds_final,collapsed
20260927_103759_1243248,u1e1,0,25,SIDE_PLUS,1790476693.5079944,6.157319307327271,1790476693.6479945,True,True,False,False,,False,,,SIDE_DISPATCH|RAW_SEED_ATTEMPT|PRE_TIMING_SEED|TIMED_SEED|SEED_ELIGIBILITY|PRE_LOS|POST_LOS|SOLVER_OK|FINAL_INPUT|JOINT_SEED|COMPARATOR_LOSS,,,,,0.0,0.0,0.0,-1790476687.350675,-1790476687.350675,8.297319173812866,0,PRE_LOS,0.84,0.84,8.807319173812813,8.807319173812813,True,6.297319173812866,9.40255,3.974153258280923,+1.390926->-2.627272,1.390925756623728,0.8073404258090358,-2.627272396342685,1.4866289144160858,0.4735706504664234,1,-0.3779758027244295,-0.3779758027244295,8.807319173812813,8.807319173812813,8.807319173812813,8.807319173812813,8.807319173812813,8.807319173812813,0.8,0.8,0.8,0.0,1.2700564957176652,0.425771921438409,1.6481759787762127,True,1.0260823046785672,5.567304099233171,8.807319173812813,0.87,False,8.807319173812813,0.84,False
20260927_103759_1243248,u1e1,0,28,SIDE_PLUS,1790476693.7632046,6.412529468536377,1790476693.9032044,True,True,True,True,25.0,True,6.569491,6.835735,SIDE_DISPATCH|RAW_SEED_ATTEMPT|PRE_TIMING_SEED|TIMED_SEED|SEED_ELIGIBILITY|PRE_LOS|POST_LOS|SOLVER_OK|FINAL_INPUT|JOINT_SEED|COMPARATOR_WIN|SELECTED|COMMITTED,,,,D3_LOWER,1.0,0.4,0.7405357091261728,7.949323654174805,8.397319078445435,8.552529335021973,0,PRE_LOS,0.84,0.84,8.812529335021924,8.812529335021924,True,6.552529335021973,9.40255,3.931964724892472,+1.366765->-2.646827,1.3667646930430968,0.8123811357774308,-2.646826528846195,1.4313527151083665,0.4429179385106873,1,-0.3778585439908835,-0.3778585439908835,8.812529335021924,8.812529335021924,8.812529335021924,8.812529335021924,8.812529335021924,8.812529335021924,0.8,0.8,0.8,0.0,1.301486367992049,0.4411807369255009,1.6949840647724854,True,1.015857689536396,5.701649746473135,8.812529335021924,0.84,False,8.812529335021924,0.84,False
20260927_103759_1243248,u1e1,0,31,SIDE_PLUS,1790476694.0555573,6.7048821449279785,1790476694.195557,True,True,True,True,26.0,True,6.875762,7.135432,SIDE_DISPATCH|RAW_SEED_ATTEMPT|PRE_TIMING_SEED|TIMED_SEED|SEED_ELIGIBILITY|PRE_LOS|POST_LOS|SOLVER_OK|FINAL_INPUT|JOINT_SEED|COMPARATOR_WIN|SELECTED|COMMITTED,,,,D3_LOWER,0.75,0.25,2.0236580493661225,7.949323654174805,8.652529239654541,8.844882011413574,0,PRE_LOS,0.85,0.85,,,True,6.844882011413574,9.40255,3.9660848630734256,+1.343639->-2.556781,1.3436386756869858,0.8350216015895563,-2.5567806686360752,1.3660183571688105,0.5327125187801406,1,-0.3793453667041733,-0.3793453667041733,8.834882011413532,8.834882011413532,8.834882011413532,8.834882011413532,8.834882011413532,8.834882011413532,0.8,0.8,0.8,0.0,1.26081309216057,0.3959699982635247,1.5341724214647168,True,1.0163027346035232,5.913752778004492,,0.85,False,,0.85,False
20260927_103759_1243248,u1e1,0,34,SIDE_PLUS,1790476694.3478253,6.997150182723999,1790476694.4878252,True,True,True,True,27.0,True,7.171969,7.369829,SIDE_DISPATCH|RAW_SEED_ATTEMPT|PRE_TIMING_SEED|TIMED_SEED|SEED_ELIGIBILITY|PRE_LOS|POST_LOS|SOLVER_OK|FINAL_INPUT|JOINT_SEED|COMPARATOR_WIN|SELECTED|COMMITTED,,,,,0.6000000000000001,0.2,2.8054014061152017,7.949323654174805,8.944881916046143,9.137150049209597,0,PRE_LOS,0.86,0.86,,,True,7.137150049209595,9.40255,3.9177533292591766,+1.321448->-2.527818,1.3214476081271995,0.8413704149267284,-2.5278179132617344,1.3063039278207424,0.5801813821357081,1,-0.375908975332814,-0.375908975332814,8.847150049209558,8.847150049209558,8.847150049209558,8.847150049209558,8.847150049209558,8.847150049209558,0.8,0.8,0.8,0.0,1.26920158548878,0.4097151548976919,1.6427091923795067,True,1.0163071849622431,6.169726956421255,,0.86,False,,0.86,False
20260927_103759_1243248,u1e1,0,44,SIDE_MINUS,1790476695.045847,7.69517183303833,1790476695.1858468,True,True,True,True,30.0,True,7.8739,7.969268,SIDE_DISPATCH|RAW_SEED_ATTEMPT|PRE_TIMING_SEED|TIMED_SEED|SEED_ELIGIBILITY|PRE_LOS|POST_LOS|SOLVER_OK|FINAL_INPUT|JOINT_SEED|COMPARATOR_WIN|SELECTED|COMMITTED,,,,D3_LOWER,1.0,0.3333333333333333,2.4617389395349347,7.849324941635132,8.949323892593384,9.835171699523926,0,PRE_LOS,0.8300000000000001,0.8300000000000001,8.785171699523906,8.785171699523906,True,7.835171699523926,9.40255,3.306158464536284,+0.986367->-2.114807,0.9863674256355748,0.7573117100907997,-2.114806543098899,0.9064728770717724,-0.6978532806621324,1,-0.3778678576210434,-0.3778678576210434,8.785171699523906,8.785171699523906,8.785171699523906,8.785171699523906,8.785171699523906,8.785171699523906,0.78,0.78,0.78,0.0,1.5694734253536986,0.9735039463912764,4.347327715018831,True,0.943462371240606,6.427537216749451,8.765171699523906,0.81,False,8.765171699523906,0.81,False
20260927_103759_1243248,u1e1,0,46,SIDE_PLUS,1790476695.1955357,7.844860553741455,1790476695.3355355,False,True,False,False,,False,,,SIDE_DISPATCH|RAW_SEED_ATTEMPT|PRE_TIMING_SEED|TIMED_SEED|SEED_ELIGIBILITY|PRE_LOS|POST_LOS|SOLVER_OK|FINAL_INPUT|JOINT_SEED|PREFLIGHT_REJECT,PREFLIGHT_REJECT,DYNAMICS_FAIL,,,0.0,0.0,0.0,-1790476687.350675,-1790476687.350675,-1790476687.350675,0,PRE_LOS,0.8,0.8,8.784860420227034,8.784860420227034,True,7.984860420227051,9.40255,3.283766314065453,+0.797487->-2.113621,0.79748696193511,0.7568062338206496,-2.113621470950947,0.757970330273652,-0.7361073219013655,1,-0.3777801232008871,-0.3777801232008871,8.784860420227034,8.784860420227034,8.784860420227034,8.784860420227034,8.784860420227034,8.784860420227034,0.78,0.78,0.78,0.0,1.662497649690452,1.003820843380934,4.912121435439963,True,0.9757289809751436,6.452820814869233,8.784860420227034,0.8,False,,1.12,False
20260927_103759_1243248,u1e1,0,49,SIDE_PLUS,1790476695.4387937,8.088118553161621,1790476695.5787935,False,True,False,False,,False,,,SIDE_DISPATCH|RAW_SEED_ATTEMPT|PRE_TIMING_SEED|TIMED_SEED|SEED_ELIGIBILITY|PRE_LOS|POST_LOS|SOLVER_OK|FINAL_INPUT|JOINT_SEED|PREFLIGHT_REJECT,PREFLIGHT_REJECT,DYNAMICS_FAIL,,,0.0,0.0,0.0,-1790476687.350675,-1790476687.350675,-1790476687.350675,0,PRE_LOS,0.56,0.56,8.788118419647205,8.788118419647205,True,8.228118419647217,9.40255,3.250007767641771,+0.311652->-2.077891,0.3116522819878112,0.3116522819878112,-2.077890566722533,0.2746095715275751,-1.078620799190395,1,-0.3737653052353997,-0.3737653052353997,8.788118419647205,8.788118419647205,8.788118419647205,8.788118419647205,8.788118419647205,8.788118419647205,0.56,0.56,0.56,0.0,1.689629876620703,1.0422935538991387,5.112308795725425,True,1.018010041716281,6.461960833398951,8.788118419647205,0.56,False,,0.88,False
20260927_103759_1243248,u1e1,0,50,SIDE_MINUS,1790476695.4387937,8.088118553161621,1790476695.5787935,False,True,False,False,,False,,,SIDE_DISPATCH|RAW_SEED_ATTEMPT|PRE_TIMING_SEED|TIMED_SEED|SEED_ELIGIBILITY|PRE_LOS|POST_LOS|SOLVER_OK|FINAL_INPUT|JOINT_SEED|PREFLIGHT_REJECT,PREFLIGHT_REJECT,DYNAMICS_FAIL,,,0.0,0.0,0.0,-1790476687.350675,-1790476687.350675,-1790476687.350675,0,PRE_LOS,0.56,0.56,8.788118419647205,8.788118419647205,True,8.228118419647217,9.40255,3.415519561138261,+0.311652->-2.053756,0.3116522819878112,0.3116522819878112,-2.053755690043233,0.2746095715275751,-1.0405007958756014,1,-0.3737555151918501,-0.3737555151918501,8.788118419647205,8.788118419647205,8.788118419647205,8.788118419647205,8.788118419647205,8.788118419647205,0.56,0.56,0.56,0.0,1.5600722726886267,0.8730759331759048,4.29060974578526,True,1.051648649543719,6.473279217362571,8.788118419647205,0.56,False,,0.55,False
20260927_103759_1243248,u1e1,0,52,SIDE_PLUS,1790476695.716669,8.365994215011597,1790476695.8566692,False,True,False,False,,False,,,SIDE_DISPATCH|RAW_SEED_ATTEMPT|PRE_TIMING_SEED|TIMED_SEED|SEED_ELIGIBILITY|PRE_LOS|POST_LOS|SOLVER_OK|FINAL_INPUT|JOINT_SEED|PREFLIGHT_REJECT,PREFLIGHT_REJECT,DYNAMICS_FAIL,,,0.0,0.0,0.0,-1790476687.350675,-1790476687.350675,-1790476687.350675,0,PRE_LOS,0.28,0.28,8.785994081497186,8.785994081497186,True,8.505994081497192,9.40255,3.1615097026240524,-0.403144->-2.034930,-0.4031441879515304,-0.4031441879515304,-2.034929807236385,-0.4552854151542572,-1.5192810861717951,0,-0.240965484821272,-0.240965484821272,8.785994081497186,8.785994081497186,8.785994081497186,8.785994081497186,8.785994081497186,8.785994081497186,0.28,0.28,0.28,0.0,1.6879395698090014,1.0499322407315947,5.211028970882417,True,1.052004425350627,6.462018758633355,8.785994081497186,0.28,False,,0.6,False
20260927_103759_1243248,u1e1,0,55,SIDE_PLUS,1790476696.0129504,8.662275314331055,1790476696.1529503,False,True,False,False,,False,,,SIDE_DISPATCH|RAW_SEED_ATTEMPT|PRE_TIMING_SEED|TIMED_SEED|SEED_ELIGIBILITY|PRE_LOS|POST_LOS|SOLVER_OK|FINAL_INPUT|JOINT_SEED|HANDOFF_REJECT,HANDOFF_REJECT,MISSED_FROZEN_ACTIVATION,,,0.0,0.0,0.0,-1790476687.350675,-1790476687.350675,-1790476687.350675,0,PRE_LOS,0.0,0.0,8.80227518081665,8.80227518081665,True,8.80227518081665,9.40255,3.290118179572094,-1.205887->-2.050594,-1.205886933922056,-1.205886933922056,-2.050594008724949,0.5762539407751338,0.1575685358449624,0,0.0336776460144596,0.0336776460144596,8.80227518081665,8.80227518081665,8.80227518081665,8.80227518081665,8.80227518081665,8.80227518081665,0.0,0.0,0.0,0.0,1.5270082457449206,0.7876213688559209,3.694333695585412,True,1.0617520913509113,6.477327483413483,8.80227518081665,0.0,False,8.80227518081665,0.0,False
20260927_103759_1243248,u1e1,0,58,SIDE_PLUS,1790476696.140674,8.789999008178711,1790476696.2883213,False,True,False,False,,False,,,SIDE_DISPATCH|RAW_SEED_ATTEMPT|PRE_TIMING_SEED|TIMED_SEED|SEED_ELIGIBILITY|PRE_LOS|POST_LOS|SOLVER_OK|FINAL_INPUT|JOINT_SEED|PREFLIGHT_REJECT,PREFLIGHT_REJECT,DYNAMICS_FAIL,,,0.0,0.0,0.0,-1790476687.350675,-1790476687.350675,-1790476687.350675,0,PRE_LOS,0.0,0.0,,,True,8.93764615058899,9.40255,3.143592593931471,-1.503370->-2.053366,-1.5033701182937529,-1.5033701182937529,-2.053365610519992,0.5040485654490813,0.1869952964949055,0,0.1558532419537841,0.1558532419537841,8.93764615058899,8.93764615058899,8.93764615058899,8.93764615058899,,8.93764615058899,0.0,0.0,0.0,0.0,1.5197918239701491,0.7846415442938569,3.735812109170473,True,1.054539604534597,6.475607041617063,,0.0,False,,0.0,False
20260927_103759_1243248,u1e2,0,49,SIDE_PLUS,1790476695.4387937,8.088118553161621,1790476695.5787935,False,True,False,False,,False,,,SIDE_DISPATCH|RAW_SEED_ATTEMPT|PRE_TIMING_SEED|TIMED_SEED|SEED_ELIGIBILITY|PRE_LOS|POST_LOS|SOLVER_OK|FINAL_INPUT|JOINT_SEED|PREFLIGHT_REJECT,PREFLIGHT_REJECT,DYNAMICS_FAIL,,,0.0,0.0,0.0,-1790476687.350675,-1790476687.350675,-1790476687.350675,0,PRE_LOS,1.88,1.88,,,False,8.228118419647217,11.478126187288987,3.250007767641771,+1.847704->-1.386080,1.8477036506561964,0.4989234947200351,-1.3860802892787372,2.859674403478916,-1.224216828794933,1,-0.6289389931046296,-0.6289389931046296,,,,,,,1.01,1.01,1.01,0.0,1.689629876620703,1.0422935538991387,5.112308795725425,True,0.4235899769476634,5.021101931655954,,2.03,False,,2.45,False
20260927_103759_1243248,u1e2,0,50,SIDE_MINUS,1790476695.4387937,8.088118553161621,1790476695.5787935,False,True,False,False,,False,,,SIDE_DISPATCH|RAW_SEED_ATTEMPT|PRE_TIMING_SEED|TIMED_SEED|SEED_ELIGIBILITY|PRE_LOS|POST_LOS|SOLVER_OK|FINAL_INPUT|JOINT_SEED|PREFLIGHT_REJECT,PREFLIGHT_REJECT,DYNAMICS_FAIL,,,0.0,0.0,0.0,-1790476687.350675,-1790476687.350675,-1790476687.350675,0,PRE_LOS,1.96,1.96,,,False,8.228118419647217,11.643637980785478,3.415519561138261,+1.847704->-1.550177,1.8477036506561964,0.6146255328991034,-1.5501769586460767,2.859674403478916,-1.2197961219163538,1,-0.6261373550309216,-0.6261373550309216,,,,,,,1.17,1.17,1.17,0.0,1.5600722726886267,0.8730759331759048,4.29060974578526,True,0.4292097493741716,4.923983020125428,,2.03,False,,1.99,False
20260927_103759_1243248,u1e2,0,52,SIDE_PLUS,1790476695.716669,8.365994215011597,1790476695.8566692,False,True,False,False,,False,,,SIDE_DISPATCH|RAW_SEED_ATTEMPT|PRE_TIMING_SEED|TIMED_SEED|SEED_ELIGIBILITY|PRE_LOS|POST_LOS|SOLVER_OK|FINAL_INPUT|JOINT_SEED|PREFLIGHT_REJECT,PREFLIGHT_REJECT,DYNAMICS_FAIL,,,0.0,0.0,0.0,-1790476687.350675,-1790476687.350675,-1790476687.350675,0,PRE_LOS,1.73,1.73,,,False,8.505994081497192,11.667503784121244,3.1615097026240524,+1.751286->-1.791890,1.7512863792421691,0.5622164271976223,-1.7918897872291497,2.422646890621033,-1.8469189785084763,1,-0.6281820054351006,-0.6281820054351006,,,,,,,1.19,1.19,1.19,0.0,1.6879395698090014,1.0499322407315947,5.211028970882417,True,0.4016730784559705,5.008310412473733,,1.99,False,,2.53,False
20260927_103759_1243248,u1e2,0,55,SIDE_PLUS,1790476696.0129504,8.662275314331055,1790476696.1529503,False,True,False,False,,False,,,SIDE_DISPATCH|RAW_SEED_ATTEMPT|PRE_TIMING_SEED|TIMED_SEED|SEED_ELIGIBILITY|PRE_LOS|POST_LOS|SOLVER_OK|FINAL_INPUT|JOINT_SEED|HANDOFF_REJECT,HANDOFF_REJECT,MISSED_FROZEN_ACTIVATION,,,0.0,0.0,0.0,-1790476687.350675,-1790476687.350675,-1790476687.350675,0,PRE_LOS,1.36,1.36,,,False,8.80227518081665,12.092393360388744,3.290118179572094,+1.637001->-2.438229,1.6370008036682682,0.7353373351789104,-2.438228938403293,1.9439854172646505,-0.2788005336522162,1,-0.6268141417726045,-0.6268141417726045,11.702275180816589,11.702275180816589,11.702275180816589,11.702275180816589,,11.702275180816589,1.22,1.22,1.22,0.0,1.5270082457449206,0.7876213688559209,3.694333695585412,True,0.447948739137242,4.927014335009392,,1.41,False,,0.86,False
20260927_103759_1243248,u1e2,0,58,SIDE_PLUS,1790476696.140674,8.789999008178711,1790476696.2883213,False,True,False,False,,False,,,SIDE_DISPATCH|RAW_SEED_ATTEMPT|PRE_TIMING_SEED|TIMED_SEED|SEED_ELIGIBILITY|PRE_LOS|POST_LOS|SOLVER_OK|FINAL_INPUT|JOINT_SEED|PREFLIGHT_REJECT,PREFLIGHT_REJECT,DYNAMICS_FAIL,,,0.0,0.0,0.0,-1790476687.350675,-1790476687.350675,-1790476687.350675,0,PRE_LOS,1.38,1.38,,,False,8.93764615058899,12.08123874452046,3.143592593931471,+1.583607->-2.422773,1.5836067485191505,0.7141927189740962,-2.422773215145875,1.827103369709164,-0.2347010017500636,1,-0.6289236303205172,-0.6289236303205172,11.70764615058893,11.70764615058893,11.70764615058893,11.70764615058893,,11.70764615058893,1.22,1.22,1.22,0.0,1.5197918239701491,0.7846415442938569,3.735812109170473,True,0.4379509260459082,4.932160225443064,,1.4,False,,1.54,False
20260927_103759_1243248,u1e2,0,61,SIDE_PLUS,1790476696.292932,8.942256927490234,1790476696.4371874,False,True,False,False,,False,,,SIDE_DISPATCH|RAW_SEED_ATTEMPT|PRE_TIMING_SEED|TIMED_SEED|SEED_ELIGIBILITY|PRE_LOS|POST_LOS|SOLVER_OK|FINAL_INPUT|JOINT_SEED|HANDOFF_REJECT,HANDOFF_REJECT,MISSED_FROZEN_ACTIVATION,,,0.0,0.0,0.0,-1790476687.350675,-1790476687.350675,-1790476687.350675,0,PRE_LOS,1.35,1.35,11.726512327194158,11.726512327194158,True,9.086512327194214,12.384779029705715,3.2982667025115004,+1.524541->-2.754123,1.5245414674243118,0.7928348018353759,-2.7541225018510063,1.7321242178657197,-0.3878417582475396,1,-0.6291440000423174,-0.6291440000423174,11.726512327194158,11.726512327194158,11.726512327194158,11.726512327194158,11.726512327194158,11.726512327194158,1.24,1.24,1.24,0.0,1.4817797103257748,0.7061892812043424,3.21663746133477,True,0.4641236935782318,4.886283940891143,11.796512327194156,1.41,True,11.896512327194154,1.45,True
20260927_103759_1243248,u1e2,0,64,SIDE_PLUS,1790476696.4186783,9.068003177642822,1790476696.5699923,False,True,False,False,,False,,,SIDE_DISPATCH|RAW_SEED_ATTEMPT|PRE_TIMING_SEED|TIMED_SEED|SEED_ELIGIBILITY|PRE_LOS|POST_LOS|SOLVER_OK|FINAL_INPUT|JOINT_SEED|PREFLIGHT_REJECT,PREFLIGHT_REJECT,DYNAMICS_FAIL,,,0.0,0.0,0.0,-1790476687.350675,-1790476687.350675,-1790476687.350675,0,PRE_LOS,1.36,1.36,11.739317197799627,11.739317197799627,True,9.219317197799684,12.40378246679462,3.1844652689949373,+1.470685->-2.756442,1.4706847841330293,0.7933595918779832,-2.75644204369804,1.6444341349540574,-0.4140415117960817,1,-0.625300214220395,-0.625300214220395,11.739317197799627,11.739317197799627,11.739317197799627,11.739317197799627,11.739317197799627,11.739317197799627,1.26,1.26,1.26,0.0,1.4721485519461808,0.7018002169835578,3.241467581087455,True,0.4558262388356842,4.872493576745685,11.789317197799628,1.4,True,11.939317197799625,1.67,True
20260927_103759_1243248,u1e2,0,67,SIDE_PLUS,1790476696.573877,9.223201990127563,1790476696.7218852,False,True,False,False,,False,,,SIDE_DISPATCH|RAW_SEED_ATTEMPT|PRE_TIMING_SEED|TIMED_SEED|SEED_ELIGIBILITY|PRE_LOS|POST_LOS|SOLVER_OK|FINAL_INPUT|JOINT_SEED|PREFLIGHT_REJECT,PREFLIGHT_REJECT,DYNAMICS_FAIL,,,0.0,0.0,0.0,-1790476687.350675,-1790476687.350675,-1790476687.350675,0,PRE_LOS,1.4,1.4,11.83121009826655,11.83121009826655,True,9.371210098266602,12.535609,3.5015684405612624,+1.411628->-2.699785,1.4116284231388998,0.8691908623375253,-2.6997852289850144,1.546546696508828,-0.4336919694848937,1,-0.6289447333398134,-0.6289447333398134,11.83121009826655,11.83121009826655,11.83121009826655,11.83121009826655,11.83121009826655,11.83121009826655,1.35,1.35,1.35,0.0,1.3294827381560477,0.479231610537873,1.993710156990074,True,0.4883144205563656,4.774696843426938,11.861210098266548,1.45,True,,1.93,True
20260927_103759_1243248,u1e2,0,70,SIDE_PLUS,1790476696.863296,9.51262092590332,1790476697.0074227,False,True,False,False,,False,,,SIDE_DISPATCH|RAW_SEED_ATTEMPT|PRE_TIMING_SEED|TIMED_SEED|SEED_ELIGIBILITY|PRE_LOS|POST_LOS|SOLVER_OK|FINAL_INPUT|JOINT_SEED|PREFLIGHT_REJECT,PREFLIGHT_REJECT,DYNAMICS_FAIL,,,0.0,0.0,0.0,-1790476687.350675,-1790476687.350675,-1790476687.350675,0,PRE_LOS,1.44,1.44,11.866747579574538,11.866747579574538,True,9.656747579574583,12.535609,3.5520277066705277,+1.294141->-2.623516,1.2941413420032468,0.8625787264056027,-2.62351565667809,1.3539570864035892,-0.384666367007486,1,-0.6281763993872964,-0.6281763993872964,11.866747579574538,11.866747579574538,11.866747579574538,11.866747579574538,11.866747579574538,11.866747579574538,1.38,1.38,1.38,0.0,1.2750116158241716,0.4127594314182768,1.7418252559367495,True,0.476987733207646,4.726885180224343,11.866747579574538,1.45,False,,1.93,False
20260927_103759_1243248,u1e2,0,73,SIDE_PLUS,1790476697.142484,9.791808843612673,1790476697.2838635,True,True,True,True,38.0,True,9.970604,10.202681,SIDE_DISPATCH|RAW_SEED_ATTEMPT|PRE_TIMING_SEED|TIMED_SEED|SEED_ELIGIBILITY|PRE_LOS|POST_LOS|SOLVER_OK|FINAL_INPUT|JOINT_SEED|COMPARATOR_WIN|SELECTED|COMMITTED,,,,,1.0,0.1875,6.337756520084942,10.249323606491089,11.756747484207152,11.933188438415527,0,PRE_LOS,1.47,1.47,11.883188438415486,11.883188438415486,True,9.933188438415527,12.535609,3.5998861709175234,+1.176733->-2.537143,1.1767330810600427,0.8514312903709347,-2.537142851213846,1.1833350837191638,-0.3326776380652509,1,-0.6297329664459891,-0.6297329664459891,11.883188438415486,11.883188438415486,11.883188438415486,11.883188438415486,11.883188438415486,11.883188438415486,1.4,1.4,1.4,0.0,1.235754254317994,0.3788333430573271,1.671017217167868,True,0.466265353351825,4.681463438075944,,1.77,True,,1.77,True
20260927_103759_1243248,u1e2,0,79,SIDE_PLUS,1790476697.674817,10.32414197921753,1790476697.814817,False,True,False,False,,False,,,SIDE_DISPATCH|RAW_SEED_ATTEMPT|PRE_TIMING_SEED|TIMED_SEED|SEED_ELIGIBILITY|PRE_LOS|POST_LOS|SOLVER_OK|FINAL_INPUT|JOINT_SEED|PREFLIGHT_REJECT,PREFLIGHT_REJECT,DYNAMICS_FAIL,,,0.0,0.0,0.0,-1790476687.350675,-1790476687.350675,-1790476687.350675,0,PRE_LOS,1.45,1.45,11.914141845703094,11.914141845703094,True,10.464141845703123,12.535609,3.4976449572674286,+0.916739->-2.182590,0.9167387479004188,0.909832330609753,-2.182590427325859,0.9141018856716034,-0.6606425241671312,1,-0.6292233627058625,-0.6292233627058625,11.914141845703094,11.914141845703094,11.914141845703094,11.914141845703094,11.914141845703094,11.914141845703094,1.43,1.43,1.43,0.0,1.37505512398535,0.6227517864310297,2.772402257259118,True,0.5036305100974137,4.432921649217512,11.914141845703094,1.45,False,,1.78,False
20260927_103759_1243248,u1e2,0,80,SIDE_MINUS,1790476697.674817,10.32414197921753,1790476697.814817,False,True,False,False,,False,,,SIDE_DISPATCH|RAW_SEED_ATTEMPT|PRE_TIMING_SEED|TIMED_SEED|SEED_ELIGIBILITY|PRE_LOS|POST_LOS|SOLVER_OK|FINAL_INPUT|JOINT_SEED|PREFLIGHT_REJECT,PREFLIGHT_REJECT,DYNAMICS_FAIL,,,0.0,0.0,0.0,-1790476687.350675,-1790476687.350675,-1790476687.350675,0,PRE_LOS,1.46,1.46,11.924141845703094,11.924141845703094,True,10.464141845703123,12.535609,3.6097029989220335,+0.916739->-2.127836,0.9167387479004188,0.9098322173465816,-2.1278358343558885,0.9141018856716034,-0.6269841750302437,1,-0.6272031807321198,-0.6272031807321198,11.924141845703094,11.924141845703094,11.924141845703094,11.924141845703094,11.924141845703094,11.924141845703094,1.44,1.44,1.44,0.0,1.282791341990253,0.6336527682670805,2.9697909495903585,True,0.5036305100974137,4.414268773991647,11.914141845703094,1.45,False,,1.47,False
20260927_103759_1243248,u1e2,0,82,SIDE_PLUS,1790476697.9509428,10.6002676486969,1790476698.0909426,False,True,False,False,,False,,,SIDE_DISPATCH|RAW_SEED_ATTEMPT|PRE_TIMING_SEED|TIMED_SEED|SEED_ELIGIBILITY|PRE_LOS|POST_LOS|SOLVER_OK|FINAL_INPUT|JOINT_SEED|PREFLIGHT_REJECT,PREFLIGHT_REJECT,DYNAMICS_FAIL,,,0.0,0.0,0.0,-1790476687.350675,-1790476687.350675,-1790476687.350675,0,PRE_LOS,1.16,1.16,11.90026751518247,11.90026751518247,True,10.740267515182495,12.535609,3.3473518492971763,+0.722391->-2.111330,0.7223913084334556,0.7223913084334556,-2.111329716293626,0.6965650344849995,-1.1019544655354212,1,-0.6285625709506246,-0.6285625709506246,11.90026751518247,11.90026751518247,11.90026751518247,11.90026751518247,11.90026751518247,11.90026751518247,1.16,1.16,1.16,0.0,1.4652779276378138,0.7297835650691319,2.9589200266470046,True,0.5400915683038277,4.337697283517774,11.90026751518247,1.16,False,,1.44,False
20260927_103759_1243248,u1e2,0,83,SIDE_MINUS,1790476697.9509428,10.6002676486969,1790476698.0909426,False,True,False,False,,False,,,SIDE_DISPATCH|RAW_SEED_ATTEMPT|PRE_TIMING_SEED|TIMED_SEED|SEED_ELIGIBILITY|PRE_LOS|POST_LOS|SOLVER_OK|FINAL_INPUT|JOINT_SEED|PREFLIGHT_REJECT,PREFLIGHT_REJECT,DYNAMICS_FAIL,,,0.0,0.0,0.0,-1790476687.350675,-1790476687.350675,-1790476687.350675,0,PRE_LOS,1.17,1.17,11.91026751518247,11.91026751518247,True,10.740267515182495,12.535609,3.513105853520565,+0.722391->-2.037591,0.7223913084334556,0.7223913084334556,-2.0375906688746843,0.6965650344849995,-1.0074251287048108,1,-0.6295687835208473,-0.6295687835208473,11.91026751518247,11.91026751518247,11.91026751518247,11.91026751518247,11.91026751518247,11.91026751518247,1.17,1.17,1.17,0.0,1.3475754220230869,0.682401240496501,2.3388648561097223,True,0.5400915683038277,4.330058668218611,11.90026751518247,1.16,False,,1.14,False
20260927_103759_1243248,u1e2,0,85,SIDE_PLUS,1790476698.2187166,10.868041515350342,1790476698.3587165,False,True,False,False,,False,,,SIDE_DISPATCH|RAW_SEED_ATTEMPT|PRE_TIMING_SEED|TIMED_SEED|SEED_ELIGIBILITY|PRE_LOS|POST_LOS|SOLVER_OK|FINAL_INPUT|JOINT_SEED|PREFLIGHT_REJECT,PREFLIGHT_REJECT,DYNAMICS_FAIL,,,0.0,0.0,0.0,-1790476687.350675,-1790476687.350675,-1790476687.350675,0,PRE_LOS,0.9,0.9,11.908041381835918,11.908041381835918,True,11.008041381835938,12.535609,3.230198107163584,+0.394255->-2.065719,0.394254949935774,0.394254949935774,-2.0657192483058484,0.3675015870947162,-1.354000025547193,1,-0.6286468712087647,-0.6286468712087647,11.908041381835918,11.908041381835918,11.908041381835918,11.908041381835918,11.908041381835918,11.908041381835918,0.9,0.9,0.9,0.0,1.469503514785721,0.7189918896814155,3.1722521614211634,True,0.5906667353051365,4.323810243720004,11.908041381835918,0.9,False,,1.23,False
20260927_103759_1243248,u1e2,0,86,SIDE_MINUS,1790476698.2187166,10.868041515350342,1790476698.3587165,False,True,False,False,,False,,,SIDE_DISPATCH|RAW_SEED_ATTEMPT|PRE_TIMING_SEED|TIMED_SEED|SEED_ELIGIBILITY|PRE_LOS|POST_LOS|SOLVER_OK|FINAL_INPUT|JOINT_SEED|PREFLIGHT_REJECT,PREFLIGHT_REJECT,DYNAMICS_FAIL,,,0.0,0.0,0.0,-1790476687.350675,-1790476687.350675,-1790476687.350675,0,PRE_LOS,0.9,0.9,11.908041381835918,11.908041381835918,True,11.008041381835938,12.535609,3.396938089826746,+0.394255->-2.012748,0.394254949935774,0.394254949935774,-2.012747834797778,0.3675015870947162,-1.2781975745337324,1,-0.6284745156704695,-0.6284745156704695,11.908041381835918,11.908041381835918,11.908041381835918,11.908041381835918,11.908041381835918,11.908041381835918,0.9,0.9,0.9,0.0,1.3438235808690355,0.7189918896814155,2.46799811005251,True,0.5906667353051365,4.321484385431236,11.908041381835918,0.9,False,,0.84,False
20260927_103759_1243248,u1e2,0,88,SIDE_PLUS,1790476698.479532,11.128856897354126,1790476698.619532,False,True,False,False,,False,,,SIDE_DISPATCH|RAW_SEED_ATTEMPT|PRE_TIMING_SEED|TIMED_SEED|SEED_ELIGIBILITY|PRE_LOS|POST_LOS|SOLVER_OK|FINAL_INPUT|JOINT_SEED|PREFLIGHT_REJECT,PREFLIGHT_REJECT,DYNAMICS_FAIL,,,0.0,0.0,0.0,-1790476687.350675,-1790476687.350675,-1790476687.350675,0,PRE_LOS,0.64,0.64,11.908856763839708,11.908856763839708,True,11.268856763839722,12.535609,3.1945029159157943,-0.074977->-2.033166,-0.0749768220696585,-0.0749768220696585,-2.033166466383292,-0.0848066015968704,-1.605026919851553,0,-0.5944173006312905,-0.5944173006312905,11.908856763839708,11.908856763839708,11.908856763839708,11.908856763839708,11.908856763839708,11.908856763839708,0.64,0.64,0.64,0.0,1.4696067916324886,0.6995797452826665,3.3497485136698653,True,0.6521599519478158,4.323569685704233,11.908856763839708,0.64,False,,0.97,False
20260927_103759_1243248,u1e2,0,89,SIDE_MINUS,1790476698.479532,11.128856897354126,1790476698.619532,False,True,False,False,,False,,,SIDE_DISPATCH|RAW_SEED_ATTEMPT|PRE_TIMING_SEED|TIMED_SEED|SEED_ELIGIBILITY|PRE_LOS|POST_LOS|SOLVER_OK|FINAL_INPUT|JOINT_SEED|PREFLIGHT_REJECT,PREFLIGHT_REJECT,DYNAMICS_FAIL,,,0.0,0.0,0.0,-1790476687.350675,-1790476687.350675,-1790476687.350675,0,PRE_LOS,0.64,0.64,11.908856763839708,11.908856763839708,True,11.268856763839722,12.535609,3.3617961155224454,-0.074977->-2.004403,-0.0749768220696585,-0.0749768220696585,-2.0044034652247187,-0.0848066015968704,-1.554312152528788,0,-0.5944173006312905,-0.5944173006312905,11.908856763839708,11.908856763839708,11.908856763839708,11.908856763839708,11.908856763839708,11.908856763839708,0.64,0.64,0.64,0.0,1.3422293037991295,0.6186882432427158,2.588031872804611,True,0.6521599519478158,4.326151902982756,11.908856763839708,0.64,False,,0.47,False
20260927_103759_1243248,u1e2,0,91,SIDE_PLUS,1790476698.7699206,11.419245481491089,1790476698.9099205,False,True,False,False,,False,,,SIDE_DISPATCH|RAW_SEED_ATTEMPT|PRE_TIMING_SEED|TIMED_SEED|SEED_ELIGIBILITY|PRE_LOS|POST_LOS|SOLVER_OK|FINAL_INPUT|JOINT_SEED|PREFLIGHT_REJECT,PREFLIGHT_REJECT,DYNAMICS_FAIL,,,0.0,0.0,0.0,-1790476687.350675,-1790476687.350675,-1790476687.350675,0,PRE_LOS,0.35,0.35,11.909245347976675,11.909245347976675,True,11.559245347976685,12.535609,3.155403523445031,-0.654028->-2.009260,-0.6540279757980996,-0.6540279757980996,-2.009259937925754,-0.6841106983495056,-1.8584959452595475,0,-0.3322183504209885,-0.3322183504209885,11.909245347976675,11.909245347976675,11.909245347976675,11.909245347976675,11.909245347976675,11.909245347976675,0.35,0.35,0.35,0.0,1.450587509968806,0.6910189846768748,3.386716128529533,True,0.7573760955221582,4.325466348384945,11.909245347976675,0.35,False,,0.66,False
20260927_103759_1243248,u1e2,0,92,SIDE_MINUS,1790476698.7699206,11.419245481491089,1790476698.9099205,False,True,False,False,,False,,,SIDE_DISPATCH|RAW_SEED_ATTEMPT|PRE_TIMING_SEED|TIMED_SEED|SEED_ELIGIBILITY|PRE_LOS|POST_LOS|SOLVER_OK|FINAL_INPUT|JOINT_SEED|PREFLIGHT_REJECT,PREFLIGHT_REJECT,DYNAMICS_FAIL,,,0.0,0.0,0.0,-1790476687.350675,-1790476687.350675,-1790476687.350675,0,PRE_LOS,0.35,0.35,11.909245347976675,11.909245347976675,True,11.559245347976685,12.535609,3.3219084911470347,-0.654028->-2.000086,-0.6540279757980996,-0.6540279757980996,-2.0000864445060045,-0.6841106983495056,-1.8363602355424904,0,-0.3322183504209885,-0.3322183504209885,11.909245347976675,11.909245347976675,11.909245347976675,11.909245347976675,11.909245347976675,11.909245347976675,0.35,0.35,0.35,0.0,1.321819812212266,0.529296019183237,2.6104888180027657,True,0.7573760955221582,4.328577148041997,11.909245347976675,0.35,False,11.79924534797668,0.24,False
20260927_103759_1243248,u1e2,0,94,SIDE_PLUS,1790476699.048902,11.698226928710938,1790476699.188902,False,True,False,False,,False,,,SIDE_DISPATCH|RAW_SEED_ATTEMPT|PRE_TIMING_SEED|TIMED_SEED|SEED_ELIGIBILITY|PRE_LOS|POST_LOS|SOLVER_OK|FINAL_INPUT|JOINT_SEED|PREFLIGHT_REJECT,PREFLIGHT_REJECT,DYNAMICS_FAIL,,,0.0,0.0,0.0,-1790476687.350675,-1790476687.350675,-1790476687.350675,0,PRE_LOS,0.07,0.07,11.908226795196532,11.908226795196532,True,11.838226795196531,12.535609,3.160568761218461,-1.189977->-1.999113,-1.1899768955470016,-1.1899768955470016,-1.9991130985501715,-1.2350349119283954,-2.016133194358277,0,-0.0814329631374622,-0.0814329631374622,11.908226795196532,11.908226795196532,11.908226795196532,11.908226795196532,11.908226795196532,11.908226795196532,0.07,0.07,0.07,0.0,1.407920116126056,0.6484526118105689,3.2299145199210755,True,0.9148801423099956,4.329085803074254,11.908226795196532,0.07,False,,0.11,False
20260927_103759_1243248,u1e2,0,95,SIDE_MINUS,1790476699.048902,11.698226928710938,1790476699.188902,True,True,False,False,,False,,,SIDE_DISPATCH|RAW_SEED_ATTEMPT|PRE_TIMING_SEED|TIMED_SEED|SEED_ELIGIBILITY|PRE_LOS|POST_LOS|SOLVER_OK|FINAL_INPUT|JOINT_SEED|COMPARATOR_LOSS,,,,OPPONENT_D3_LOWER,1.0,0.6666666666666666,0.0714030849090955,11.838226795196531,12.049324750900269,13.838226795196531,0,PRE_LOS,0.07,0.07,11.908226795196532,11.908226795196532,True,11.838226795196531,12.535609,3.324458654066259,-1.189977->-1.998889,-1.1899768955470016,-1.1899768955470016,-1.9988887759406213,-1.2350349119283954,-2.01141868266581,0,-0.0814329631374622,-0.0814329631374622,11.908226795196532,11.908226795196532,11.908226795196532,11.908226795196532,11.908226795196532,11.908226795196532,0.07,0.07,0.07,0.0,1.2836901499110105,0.4932133550202797,2.4818975880834118,True,0.9148801423099956,4.330215047057941,11.908226795196532,0.07,False,11.908226795196532,0.07,False
20260927_103759_1243248,u1e3,0,136,SIDE_PLUS,1790476710.14392,22.7932448387146,1790476710.2839198,False,True,False,False,,False,,,SIDE_DISPATCH|RAW_SEED_ATTEMPT|PRE_TIMING_SEED|TIMED_SEED|SEED_ELIGIBILITY|PRE_LOS|POST_LOS|SOLVER_OK|FINAL_INPUT|JOINT_SEED|HANDOFF_REJECT,HANDOFF_REJECT,MISSED_FROZEN_ACTIVATION,,,0.0,0.0,0.0,-1790476687.350675,-1790476687.350675,-1790476687.350675,0,PRE_LOS,1.43,1.43,,,False,22.933244705200195,26.44553383224413,3.5122891270439345,+1.280922->-2.229345,1.2809215274560948,0.6227430342902899,-2.229345202406464,1.5674559927857372,-0.2490905957686888,1,-0.6268823205581466,-0.6268823205581466,26.173244705200705,26.173244705200705,,26.173244705200705,,,1.17,1.17,1.17,0.0,1.4636927711157657,0.7551774433975367,3.645844092818221,True,0.4297717979103289,4.340935176193375,,1.45,False,,1.43,False
20260927_103759_1243248,u1e3,0,139,SIDE_PLUS,1790476710.280585,22.9299099445343,1790476710.4291785,False,True,False,False,,False,,,SIDE_DISPATCH|RAW_SEED_ATTEMPT|PRE_TIMING_SEED|TIMED_SEED|SEED_ELIGIBILITY|PRE_LOS|POST_LOS|SOLVER_OK|FINAL_INPUT|JOINT_SEED|HANDOFF_REJECT,HANDOFF_REJECT,MISSED_FROZEN_ACTIVATION,,,0.0,0.0,0.0,-1790476687.350675,-1790476687.350675,-1790476687.350675,0,PRE_LOS,1.42,1.42,,,False,23.078503370285038,26.475504876653456,3.397001506368422,+1.302162->-2.246207,1.3021618267075914,0.6481428048705494,-2.2462068956610497,1.5560725213518278,-0.2759681650659275,1,-0.6261435915358504,-0.6261435915358504,26.17850337028552,26.17850337028552,,26.17850337028552,,,1.17,1.17,1.17,0.0,1.45185740479981,0.7486236813760069,3.659981947464777,True,0.4384276171732922,4.348650785368725,,1.45,False,,1.42,False
20260927_103759_1243248,u1e3,0,142,SIDE_PLUS,1790476710.4063191,23.055644035339355,1790476710.5615084,False,True,False,False,,False,,,SIDE_DISPATCH|RAW_SEED_ATTEMPT|PRE_TIMING_SEED|TIMED_SEED|SEED_ELIGIBILITY|PRE_LOS|POST_LOS|SOLVER_OK|FINAL_INPUT|JOINT_SEED|HANDOFF_REJECT,HANDOFF_REJECT,MISSED_FROZEN_ACTIVATION,,,0.0,0.0,0.0,-1790476687.350675,-1790476687.350675,-1790476687.350675,0,PRE_LOS,1.4,1.4,26.1808333110814,26.1808333110814,True,23.210833311080933,26.631127576639905,3.4202942655589714,+1.312886->-2.479560,1.3128858511503014,0.6878789154606061,-2.479559579797169,1.5390577375698475,-0.388021288319835,1,-0.6248529457546121,-0.6248529457546121,26.1808333110814,26.1808333110814,26.1808333110814,26.1808333110814,,26.1808333110814,1.17,1.17,1.17,0.0,1.4551305387390914,0.7304212411604817,3.45938622286447,True,0.469254566498215,4.202356965946829,26.1908333110814,1.43,False,26.1808333110814,1.4,False
20260927_103759_1243248,u1e3,0,148,SIDE_PLUS,1790476710.6280866,23.277411460876465,1790476710.7918167,False,True,False,False,,False,,,SIDE_DISPATCH|RAW_SEED_ATTEMPT|PRE_TIMING_SEED|TIMED_SEED|SEED_ELIGIBILITY|PRE_LOS|POST_LOS|SOLVER_OK|FINAL_INPUT|JOINT_SEED|HANDOFF_REJECT,HANDOFF_REJECT,MISSED_FROZEN_ACTIVATION,,,0.0,0.0,0.0,-1790476687.350675,-1790476687.350675,-1790476687.350675,0,PRE_LOS,1.42,1.42,26.171141605377624,26.171141605377624,True,23.4411416053772,26.59770750486818,3.156565899490981,+1.328623->-2.467332,1.3286228548147323,0.6542502101764723,-2.4673322588896776,1.4933985802001295,-0.4075170251196932,1,-0.6292508177373974,-0.6292508177373974,26.171141605377624,26.171141605377624,26.171141605377624,26.171141605377624,,26.171141605377624,1.16,1.16,1.16,0.0,1.4451885006343694,0.7280850120917632,3.5227389343642,True,0.4728913115761686,4.20543697654185,26.191141605377627,1.44,False,26.171141605377624,1.42,False
20260927_103759_1243248,u1e3,0,151,SIDE_PLUS,1790476710.747843,23.397167921066284,1790476710.9161046,True,True,True,True,85.0,True,23.602081,23.836,SIDE_DISPATCH|RAW_SEED_ATTEMPT|PRE_TIMING_SEED|TIMED_SEED|SEED_ELIGIBILITY|PRE_LOS|POST_LOS|SOLVER_OK|FINAL_INPUT|JOINT_SEED|COMPARATOR_WIN|SELECTED|COMMITTED,,,,,0.0,0.0,0.0,-1790476687.350675,-1790476687.350675,25.56542944908142,0,PRE_LOS,1.4,1.4,26.205429449081837,26.205429449081837,True,23.56542944908142,26.872067,3.4618837521373487,+1.329284->-2.698357,1.3292839872026931,0.7642777017092536,-2.6983574213483768,1.4510785111730036,-0.457018030312647,1,-0.6290155361617791,-0.6290155361617791,26.205429449081837,26.205429449081837,26.205429449081837,26.205429449081837,26.205429449081837,26.205429449081837,1.2,1.2,1.2,0.0,1.3706648615859671,0.5697229718517542,2.44239362318347,True,0.5491286868085443,4.005918331570493,26.205429449081837,1.4,False,26.205429449081837,1.4,False
20260927_103759_1243248,u1e3,0,181,SIDE_MINUS,1790476713.2408755,25.89020037651062,1790476713.380875,False,True,False,False,,False,,,SIDE_DISPATCH|RAW_SEED_ATTEMPT|PRE_TIMING_SEED|TIMED_SEED|SEED_ELIGIBILITY|PRE_LOS|POST_LOS|SOLVER_OK|FINAL_INPUT|JOINT_SEED|PREFLIGHT_REJECT,PREFLIGHT_REJECT,DYNAMICS_FAIL,,,0.0,0.0,0.0,-1790476687.350675,-1790476687.350675,-1790476687.350675,0,PRE_LOS,0.25,0.25,26.28020024299625,26.28020024299625,True,26.030200242996216,26.872067,3.2025227334195248,-0.851529->-1.993973,-0.8515294268171718,-0.8515294268171718,-1.9939730980220127,-0.9071609339820228,-1.932663133773472,0,-0.2547345429069369,-0.2547345429069369,26.28020024299625,26.28020024299625,26.28020024299625,26.28020024299625,26.28020024299625,26.28020024299625,0.25,0.25,0.25,0.0,1.3409991237940102,0.5377644588366184,2.6333891680056203,True,0.7842068033848308,4.173807493085834,26.28020024299625,0.25,False,26.24020024299625,0.21,False
20260927_103759_1243248,u1e3,0,182,SIDE_PLUS,1790476713.2408755,25.89020037651062,1790476713.380875,False,True,False,False,,False,,,SIDE_DISPATCH|RAW_SEED_ATTEMPT|PRE_TIMING_SEED|TIMED_SEED|SEED_ELIGIBILITY|PRE_LOS|POST_LOS|SOLVER_OK|FINAL_INPUT|JOINT_SEED|PREFLIGHT_REJECT,PREFLIGHT_REJECT,DYNAMICS_FAIL,,,0.0,0.0,0.0,-1790476687.350675,-1790476687.350675,-1790476687.350675,0,PRE_LOS,0.25,0.25,26.28020024299625,26.28020024299625,True,26.030200242996216,26.872067,3.0090697097581964,-0.851529->-2.002477,-0.8515294268171718,-0.8515294268171718,-2.002476752152351,-0.9071609339820228,-1.9526989473803549,0,-0.2547345429069369,-0.2547345429069369,26.28020024299625,26.28020024299625,26.28020024299625,26.28020024299625,26.28020024299625,26.28020024299625,0.25,0.25,0.25,0.0,1.5040248320030176,0.732224841390842,3.5036970243772174,True,0.7842068033848308,4.1516774238384055,26.28020024299625,0.25,False,,0.44,False
20260927_103759_1243248,u1e4,0,444,SIDE_PLUS,1790476743.919865,56.56918954849243,1790476744.0598643,True,False,False,False,,False,,,SIDE_DISPATCH|RAW_SEED_ATTEMPT|PRE_TIMING_SEED|TIMED_SEED|SEED_ELIGIBILITY|PRE_LOS|POST_LOS|SOLVER_OK|FINAL_INPUT|COMPARATOR_LOSS,,,,OPPONENT_D3_LOWER,1.0,0.3333333333333333,1.784618661648884,57.54932355880737,58.44932317733765,58.70918941497803,0,PRE_LOS,0.7000000000000001,0.7000000000000001,58.27918941497772,58.27918941497772,True,56.70918941497803,59.082308000000005,4.490353358333564,+0.283585->-1.350064,0.2835851744973773,0.2887782545106826,-1.3500637890098532,0.4514292307030254,-1.0644873638428922,1,-0.3567874669680182,-0.3567874669680182,58.27918941497772,58.27918941497772,58.27918941497772,58.27918941497772,58.27918941497772,58.27918941497772,0.5700000000000001,0.5700000000000001,0.5700000000000001,0.0,1.282983169204258,1.3741656100268598,5.041168933946049,True,1.2263660333204731,0.1485256314166304,58.11918941497775,0.63,False,,0.6900000000000001,False
20260927_103759_1243248,u1e4,0,447,SIDE_PLUS,1790476744.2163208,56.86564564704895,1790476744.3563206,True,False,True,True,203.0,True,57.035377,57.303431,SIDE_DISPATCH|RAW_SEED_ATTEMPT|PRE_TIMING_SEED|TIMED_SEED|SEED_ELIGIBILITY|PRE_LOS|POST_LOS|SOLVER_OK|FINAL_INPUT|COMPARATOR_WIN|SELECTED|COMMITTED,,,,C3_HIGHER,1.0,0.3333333333333333,1.785198633345618,57.54932355880737,58.44932317733765,59.00564551353455,0,PRE_LOS,0.8300000000000001,0.8300000000000001,58.40564551353427,58.40564551353427,True,57.00564551353455,59.082308000000005,4.559426596966913,+0.469619->-1.194161,0.4696194506709399,0.302439887391787,-1.1941613168372904,0.5588665864892148,-1.0131465618711102,1,-0.358880038096271,-0.358880038096271,58.40564551353427,58.40564551353427,58.40564551353427,58.40564551353427,58.40564551353427,58.40564551353427,0.7000000000000001,0.7000000000000001,0.7000000000000001,0.0,1.216350325467853,1.4392438108887486,3.0829923592878714,True,1.4092433215530071,0.0986950784755112,,0.94,True,,0.94,True
20260927_103759_1243248,u1e4,0,448,SIDE_MINUS,1790476744.2163208,56.86564564704895,1790476744.3563206,False,False,False,False,,False,,,SIDE_DISPATCH|RAW_SEED_ATTEMPT|PRE_TIMING_SEED|TIMED_SEED|SEED_ELIGIBILITY|PRE_LOS|POST_LOS|SOLVER_OK|FINAL_INPUT|PREFLIGHT_REJECT,PREFLIGHT_REJECT,DYNAMICS_FAIL,,,0.0,0.0,0.0,-1790476687.350675,-1790476687.350675,-1790476687.350675,0,PRE_LOS,0.68,0.68,58.20564551353431,58.20564551353431,True,57.00564551353455,59.082308000000005,4.559426596966913,+0.469619->-1.204744,0.4696194506709399,0.2109021361608755,-1.20474391680245,0.5588665864892148,-1.4578382435381332,1,-0.35639895301088,-0.35639895301088,58.20564551353431,58.20564551353431,58.20564551353431,58.20564551353431,58.20564551353431,58.20564551353431,0.5,0.5,0.5,0.0,1.216350325467853,1.614528363404106,4.0705323352206415,True,1.4092433215530071,-0.1443525925782781,,0.94,True,57.70564551353441,0.28,False
20260927_103759_1243248,u1e4,0,450,SIDE_PLUS,1790476744.5038886,57.15321350097656,1790476744.6438885,True,False,False,False,,False,,,SIDE_DISPATCH|RAW_SEED_ATTEMPT|PRE_TIMING_SEED|TIMED_SEED|SEED_ELIGIBILITY|PRE_LOS|POST_LOS|SOLVER_OK|FINAL_INPUT|COMPARATOR_LOSS,,,,OPPONENT_C3_HIGHER,1.0,0.2307692307692307,2.991347519476708,57.54932355880737,58.84932279586792,59.29321336746216,0,PRE_LOS,0.8300000000000001,0.8300000000000001,,,True,57.29321336746216,59.082308000000005,4.661211299285959,+0.510862->-1.094767,0.5108623596917687,0.4070430504346551,-1.0947668467858538,0.527701590862323,-0.8636573428617174,1,-0.3595845430290542,-0.3595845430290542,58.53321336746191,58.53321336746191,58.53321336746191,58.53321336746191,58.53321336746191,58.53321336746191,0.78,0.78,0.78,0.0,1.1968011728133856,1.1017038145842983,3.0474506210790007,True,1.6667850227375458,0.1735433814570852,58.39321336746194,0.71,False,,0.97,False
20260927_103759_1243248,u1e4,0,451,SIDE_MINUS,1790476744.5038886,57.15321350097656,1790476744.6438885,False,False,False,False,,False,,,SIDE_DISPATCH|RAW_SEED_ATTEMPT|PRE_TIMING_SEED|TIMED_SEED|SEED_ELIGIBILITY|PRE_LOS|POST_LOS|SOLVER_OK|FINAL_INPUT|PREFLIGHT_REJECT,PREFLIGHT_REJECT,DYNAMICS_FAIL,,,0.0,0.0,0.0,-1790476687.350675,-1790476687.350675,-1790476687.350675,0,PRE_LOS,0.72,0.72,58.40321336746194,58.40321336746194,True,57.29321336746216,59.082308000000005,3.828634547074584,+0.510862->-1.306192,0.5108623596917687,0.3854557841774996,-1.3061924489131715,0.527701590862323,-1.23846219442601,1,-0.355234209977005,-0.355234209977005,58.40321336746194,58.40321336746194,58.40321336746194,58.40321336746194,58.40321336746194,58.40321336746194,0.7000000000000001,0.7000000000000001,0.7000000000000001,0.0,1.3153604350110593,1.6194709924399922,6.52043265470011,True,1.6667850227375458,0.0659902232788489,58.39321336746194,0.71,False,57.72321336746207,0.22,False
20260927_103759_1243248,u1e4,0,453,SIDE_PLUS,1790476744.7971463,57.446471214294434,1790476744.9371462,False,False,False,False,,False,,,SIDE_DISPATCH|RAW_SEED_ATTEMPT|PRE_TIMING_SEED|TIMED_SEED|SEED_ELIGIBILITY|PRE_LOS|POST_LOS|SOLVER_OK|FINAL_INPUT|PREFLIGHT_REJECT,PREFLIGHT_REJECT,DYNAMICS_FAIL,,,0.0,0.0,0.0,-1790476687.350675,-1790476687.350675,-1790476687.350675,0,PRE_LOS,0.75,0.75,58.43647108077986,58.43647108077986,True,57.58647108078003,59.082308000000005,3.681721258949021,+0.449842->-1.255420,0.449842467112716,0.385355249144144,-1.2554198098348843,0.4409211565120835,-1.1631737196722949,1,-0.3553311767759199,-0.3553311767759199,58.43647108077986,58.43647108077986,58.43647108077986,58.43647108077986,58.43647108077986,58.43647108077986,0.73,0.73,0.73,0.0,1.415518511382582,1.4283774438442869,2.9468066199021505,True,1.9350799965507768,0.0740403084528804,58.42647108077986,0.74,False,57.94647108077996,0.25,False
20260927_103759_1243248,u1e4,0,454,SIDE_MINUS,1790476744.7971463,57.446471214294434,1790476744.9371462,False,False,False,False,,False,,,SIDE_DISPATCH|RAW_SEED_ATTEMPT|PRE_TIMING_SEED|TIMED_SEED|SEED_ELIGIBILITY|PRE_LOS|POST_LOS|SOLVER_OK|FINAL_INPUT|PREFLIGHT_REJECT,PREFLIGHT_REJECT,DYNAMICS_FAIL,,,0.0,0.0,0.0,-1790476687.350675,-1790476687.350675,-1790476687.350675,0,PRE_LOS,0.74,0.74,58.42647108077986,58.42647108077986,True,57.58647108078003,59.082308000000005,3.814328202950655,+0.449842->-1.239928,0.449842467112716,0.3853309028844762,-1.2399275781645454,0.4409211565120835,-1.150206592278315,1,-0.3562976162738592,-0.3562976162738592,58.42647108077986,58.42647108077986,58.42647108077986,58.42647108077986,58.42647108077986,58.42647108077986,0.72,0.72,0.72,0.0,1.3119629068108656,1.4321780551562513,2.428713497414504,True,1.9350799965507768,0.0741175995213972,58.42647108077986,0.74,False,,0.44,False
20260927_103759_1243248,u1e4,0,456,SIDE_PLUS,1790476745.086697,57.736021995544434,1790476745.226697,False,False,False,False,,False,,,SIDE_DISPATCH|RAW_SEED_ATTEMPT|PRE_TIMING_SEED|TIMED_SEED|SEED_ELIGIBILITY|PRE_LOS|POST_LOS|SOLVER_OK|FINAL_INPUT|PREFLIGHT_REJECT,PREFLIGHT_REJECT,DYNAMICS_FAIL,,,0.0,0.0,0.0,-1790476687.350675,-1790476687.350675,-1790476687.350675,0,PRE_LOS,0.56,0.56,58.43602186202992,58.43602186202992,True,57.87602186203003,59.082308000000005,3.645570554961668,+0.244581->-1.199675,0.2445812718747612,0.2445812718747612,-1.199675038111103,0.2402893344460087,-1.1466586989530625,1,-0.3560001810174767,-0.3560001810174767,58.43602186202992,58.43602186202992,58.43602186202992,58.43602186202992,58.43602186202992,58.43602186202992,0.56,0.56,0.56,0.0,1.433432327420816,1.3840952431022833,3.059824561648804,True,2.198576342461966,0.0742377409061852,58.43602186202992,0.56,False,58.37602186202993,0.5,False
20260927_103759_1243248,u1e4,0,457,SIDE_MINUS,1790476745.086697,57.736021995544434,1790476745.226697,False,False,False,False,,False,,,SIDE_DISPATCH|RAW_SEED_ATTEMPT|PRE_TIMING_SEED|TIMED_SEED|SEED_ELIGIBILITY|PRE_LOS|POST_LOS|SOLVER_OK|FINAL_INPUT|PREFLIGHT_REJECT,PREFLIGHT_REJECT,DYNAMICS_FAIL,,,0.0,0.0,0.0,-1790476687.350675,-1790476687.350675,-1790476687.350675,0,PRE_LOS,0.56,0.56,58.43602186202992,58.43602186202992,True,57.87602186203003,59.082308000000005,3.79287211332356,+0.244581->-1.197973,0.2445812718747612,0.2445812718747612,-1.1979730340466797,0.2402893344460087,-1.1438455997053545,1,-0.3561863553595594,-0.3561863553595594,58.43602186202992,58.43602186202992,58.43602186202992,58.43602186202992,58.43602186202992,58.43602186202992,0.56,0.56,0.56,0.0,1.3186522107530216,1.384095243102283,2.4151619355380523,True,2.198576342461966,0.0743159770176052,58.43602186202992,0.56,False,58.15602186202997,0.28,False
20260927_103759_1243248,u1e4,0,459,SIDE_PLUS,1790476745.3364165,57.98574137687683,1790476745.4764163,False,False,False,False,,False,,,SIDE_DISPATCH|RAW_SEED_ATTEMPT|PRE_TIMING_SEED|TIMED_SEED|SEED_ELIGIBILITY|PRE_LOS|POST_LOS|SOLVER_OK|FINAL_INPUT|PREFLIGHT_REJECT,PREFLIGHT_REJECT,DYNAMICS_FAIL,,,0.0,0.0,0.0,-1790476687.350675,-1790476687.350675,-1790476687.350675,0,PRE_LOS,0.31,0.31,58.435741243362365,58.435741243362365,True,58.12574124336243,59.082308000000005,3.329959207739169,-0.032163->-1.224817,-0.0321626351205664,-0.0321626351205664,-1.2248165503413648,-0.034893480475857,-1.2118501655721512,0,-0.3328298501753198,-0.3328298501753198,58.435741243362365,58.435741243362365,58.435741243362365,58.435741243362365,58.435741243362365,58.435741243362365,0.31,0.31,0.31,0.0,1.4613300503217408,0.9929584038736284,3.264174196651907,True,2.4268478663815856,0.0765544790676154,58.435741243362365,0.31,False,,0.44,False
20260927_103759_1243248,u1e4,0,460,SIDE_MINUS,1790476745.3364165,57.98574137687683,1790476745.4764163,False,False,False,False,,False,,,SIDE_DISPATCH|RAW_SEED_ATTEMPT|PRE_TIMING_SEED|TIMED_SEED|SEED_ELIGIBILITY|PRE_LOS|POST_LOS|SOLVER_OK|FINAL_INPUT|PREFLIGHT_REJECT,PREFLIGHT_REJECT,DYNAMICS_FAIL,,,0.0,0.0,0.0,-1790476687.350675,-1790476687.350675,-1790476687.350675,0,PRE_LOS,0.31,0.31,58.435741243362365,58.435741243362365,True,58.12574124336243,59.082308000000005,3.469771009440318,-0.032163->-1.218692,-0.0321626351205664,-0.0321626351205664,-1.2186918159079825,-0.034893480475857,-1.20433473060151,0,-0.3328298501753198,-0.3328298501753198,58.435741243362365,58.435741243362365,58.435741243362365,58.435741243362365,58.435741243362365,58.435741243362365,0.31,0.31,0.31,0.0,1.3472339684660186,0.9929584038736288,2.5804544848713817,True,2.4268478663815856,0.0765544790676154,58.435741243362365,0.31,False,58.33574124336239,0.21,False
20260927_103759_1243248,u1e4,0,462,SIDE_PLUS,1790476745.3484282,57.99775314331055,1790476745.488428,False,False,False,False,,False,,,SIDE_DISPATCH|RAW_SEED_ATTEMPT|PRE_TIMING_SEED|TIMED_SEED|SEED_ELIGIBILITY|PRE_LOS|POST_LOS|SOLVER_OK|FINAL_INPUT|PREFLIGHT_REJECT,PREFLIGHT_REJECT,DYNAMICS_FAIL,,,0.0,0.0,0.0,-1790476687.350675,-1790476687.350675,-1790476687.350675,0,PRE_LOS,0.3,0.3,58.43775300979608,58.43775300979608,True,58.13775300979614,59.082308000000005,3.317117206096826,-0.045375->-1.226932,-0.0453751254529606,-0.0453751254529606,-1.2269324292444754,-0.0496042016185359,-1.2165102648817057,0,-0.3216575868212701,-0.3216575868212701,58.43775300979608,58.43775300979608,58.43775300979608,58.43775300979608,58.43775300979608,58.43775300979608,0.3,0.3,0.3,0.0,1.4620222171312438,0.974951630362916,3.2642767505168884,True,2.437921302187924,0.0780110934285182,58.43775300979608,0.3,False,,0.44,False
20260927_103759_1243248,u1e4,0,463,SIDE_MINUS,1790476745.3484282,57.99775314331055,1790476745.488428,False,False,False,False,,False,,,SIDE_DISPATCH|RAW_SEED_ATTEMPT|PRE_TIMING_SEED|TIMED_SEED|SEED_ELIGIBILITY|PRE_LOS|POST_LOS|SOLVER_OK|FINAL_INPUT|PREFLIGHT_REJECT,PREFLIGHT_REJECT,DYNAMICS_FAIL,,,0.0,0.0,0.0,-1790476687.350675,-1790476687.350675,-1790476687.350675,0,PRE_LOS,0.3,0.3,58.43775300979608,58.43775300979608,True,58.13775300979614,59.082308000000005,3.4568750066513,-0.045375->-1.220911,-0.0453751254529606,-0.0453751254529606,-1.2209114870758198,-0.0496042016185359,-1.2092027144516615,0,-0.3216575868212701,-0.3216575868212701,58.43775300979608,58.43775300979608,58.43775300979608,58.43775300979608,58.43775300979608,58.43775300979608,0.3,0.3,0.3,0.0,1.3474360598762931,0.9749516303629162,2.581363672601103,True,2.437921302187924,0.0780110934285182,58.43775300979608,0.3,False,58.3477530097961,0.21,False
20260927_103759_1243248,u1e4,0,465,SIDE_PLUS,1790476745.3605666,58.009891510009766,1790476745.5005665,False,False,False,False,,False,,,SIDE_DISPATCH|RAW_SEED_ATTEMPT|PRE_TIMING_SEED|TIMED_SEED|SEED_ELIGIBILITY|PRE_LOS|POST_LOS|SOLVER_OK|FINAL_INPUT|PREFLIGHT_REJECT,PREFLIGHT_REJECT,DYNAMICS_FAIL,,,0.0,0.0,0.0,-1790476687.350675,-1790476687.350675,-1790476687.350675,0,PRE_LOS,0.29,0.29,58.4398913764953,58.4398913764953,True,58.14989137649536,59.082308000000005,3.3048487817346874,-0.060349->-1.229155,-0.0603491887808288,-0.0603491887808288,-1.2291547443215356,-0.0645678718058272,-1.2213774182627923,0,-0.3090032010301307,-0.3090032010301307,58.4398913764953,58.4398913764953,58.4398913764953,58.4398913764953,58.4398913764953,58.4398913764953,0.29,0.29,0.29,0.0,1.46200495021997,0.9568430433580704,3.2628046491450213,True,2.4440176523932307,0.0798634208821467,58.4398913764953,0.29,False,,0.43,False
20260927_103759_1243248,u1e4,0,466,SIDE_MINUS,1790476745.3605666,58.009891510009766,1790476745.5005665,False,False,False,False,,False,,,SIDE_DISPATCH|RAW_SEED_ATTEMPT|PRE_TIMING_SEED|TIMED_SEED|SEED_ELIGIBILITY|PRE_LOS|POST_LOS|SOLVER_OK|FINAL_INPUT|PREFLIGHT_REJECT,PREFLIGHT_REJECT,DYNAMICS_FAIL,,,0.0,0.0,0.0,-1790476687.350675,-1790476687.350675,-1790476687.350675,0,PRE_LOS,0.29,0.29,58.4398913764953,58.4398913764953,True,58.14989137649536,59.082308000000005,3.444149755794602,-0.060349->-1.222926,-0.0603491887808288,-0.0603491887808288,-1.2229259234617873,-0.0645678718058272,-1.2137818202962225,0,-0.3090032010301307,-0.3090032010301307,58.4398913764953,58.4398913764953,58.4398913764953,58.4398913764953,58.4398913764953,58.4398913764953,0.29,0.29,0.29,0.0,1.3478403880015823,0.9568430433580704,2.5826043137196626,True,2.4440019090277296,0.0798634208821467,58.4398913764953,0.29,False,58.34989137649532,0.2,False
20260927_103759_1243248,u1e4,0,468,SIDE_PLUS,1790476745.375106,58.02443099021912,1790476745.515106,False,False,False,False,,False,,,SIDE_DISPATCH|RAW_SEED_ATTEMPT|PRE_TIMING_SEED|TIMED_SEED|SEED_ELIGIBILITY|PRE_LOS|POST_LOS|SOLVER_OK|FINAL_INPUT|PREFLIGHT_REJECT,PREFLIGHT_REJECT,DYNAMICS_FAIL,,,0.0,0.0,0.0,-1790476687.350675,-1790476687.350675,-1790476687.350675,0,PRE_LOS,0.27,0.27,58.43443085670466,58.43443085670466,True,58.16443085670471,59.082308000000005,3.5416751594014317,-0.078411->-1.201961,-0.0784114642181737,-0.0784114642181737,-1.2019608479235373,-0.0826139980124122,-1.1911145955520288,0,-0.2937322546794166,-0.2937322546794166,58.43443085670466,58.43443085670466,58.43443085670466,58.43443085670466,58.43443085670466,58.43443085670466,0.27,0.27,0.27,0.0,1.4610904757054048,0.935271226939158,3.226986217805747,True,2.4440030757160374,0.0825947291992864,58.43443085670466,0.27,False,,0.47,False
20260927_103759_1243248,u1e4,0,469,SIDE_MINUS,1790476745.375106,58.02443099021912,1790476745.515106,False,False,False,False,,False,,,SIDE_DISPATCH|RAW_SEED_ATTEMPT|PRE_TIMING_SEED|TIMED_SEED|SEED_ELIGIBILITY|PRE_LOS|POST_LOS|SOLVER_OK|FINAL_INPUT|PREFLIGHT_REJECT,PREFLIGHT_REJECT,DYNAMICS_FAIL,,,0.0,0.0,0.0,-1790476687.350675,-1790476687.350675,-1790476687.350675,0,PRE_LOS,0.27,0.27,58.43443085670466,58.43443085670466,True,58.16443085670471,59.082308000000005,3.698142428802232,-0.078411->-1.203747,-0.0784114642181737,-0.0784114642181737,-1.203747220947484,-0.0826139980124122,-1.191657160736992,0,-0.2937322546794166,-0.2937322546794166,58.43443085670466,58.43443085670466,58.43443085670466,58.43443085670466,58.43443085670466,58.43443085670466,0.27,0.27,0.27,0.0,1.3373819570104497,0.935271226939158,2.5072127115631697,True,2.443998665594873,0.0825947291992864,58.43443085670466,0.27,False,58.37443085670467,0.21,False
20260927_103759_1243248,u1e4,0,471,SIDE_PLUS,1790476745.3900936,58.0394184589386,1790476745.4900937,False,False,False,False,,False,,,SIDE_DISPATCH|RAW_SEED_ATTEMPT|PRE_TIMING_SEED|TIMED_SEED|SEED_ELIGIBILITY|PRE_LOS|POST_LOS|SOLVER_OK|FINAL_INPUT|PREFLIGHT_REJECT,PREFLIGHT_REJECT,DYNAMICS_FAIL,,,0.0,0.0,0.0,-1790476687.350675,-1790476687.350675,-1790476687.350675,0,PRE_LOS,0.38,0.38,,,True,58.13941836357117,59.082308000000005,3.675065456476096,+0.007110->-1.035498,0.0071103962734983,0.0071103962734983,-1.035498493896458,0.0034457922641645,-0.9843657608900016,1,-0.3565240143131055,-0.3565240143131055,58.51941836357109,58.51941836357109,58.51941836357109,58.51941836357109,58.51941836357109,58.51941836357109,0.35,0.35,0.35,0.0,1.502542212712678,0.7604370340623988,3.4548075626751804,True,2.367844461735789,0.0275808530170419,,0.38,False,,0.49,False
20260927_103759_1243248,u1e4,0,472,SIDE_MINUS,1790476745.3900936,58.0394184589386,1790476745.4900937,False,False,False,False,,False,,,SIDE_DISPATCH|RAW_SEED_ATTEMPT|PRE_TIMING_SEED|TIMED_SEED|SEED_ELIGIBILITY|PRE_LOS|POST_LOS|SOLVER_OK|FINAL_INPUT|PREFLIGHT_REJECT,PREFLIGHT_REJECT,DYNAMICS_FAIL,,,0.0,0.0,0.0,-1790476687.350675,-1790476687.350675,-1790476687.350675,0,PRE_LOS,0.38,0.38,,,True,58.13941836357117,59.082308000000005,3.819545292225112,+0.007110->-1.038267,0.0071103962734983,0.0071103962734983,-1.0382666108066545,0.0034457922641645,-0.9862947614501292,1,-0.3565239923596016,-0.3565239923596016,58.51941836357109,58.51941836357109,58.51941836357109,58.51941836357109,58.51941836357109,58.51941836357109,0.35,0.35,0.35,0.0,1.3858012936599085,0.6177020314440768,2.7842384546680345,True,2.367844461735789,0.0275808530170419,,0.38,False,58.38941836357112,0.25,False
20260927_103759_1243248,u1e4,0,474,SIDE_PLUS,1790476745.5230243,58.17234921455383,1790476745.6630242,False,False,False,False,,False,,,SIDE_DISPATCH|RAW_SEED_ATTEMPT|PRE_TIMING_SEED|TIMED_SEED|SEED_ELIGIBILITY|PRE_LOS|POST_LOS|SOLVER_OK|FINAL_INPUT|PREFLIGHT_REJECT,PREFLIGHT_REJECT,DYNAMICS_FAIL,,,0.0,0.0,0.0,-1790476687.350675,-1790476687.350675,-1790476687.350675,0,PRE_LOS,0.21,0.21,,,True,58.31234908103943,59.082308000000005,3.496794055725646,-0.185469->-1.029110,-0.1854687236876089,-0.1854687236876089,-1.029109796339717,-0.1897990645414881,-1.0016450685517635,0,-0.1999351715129595,-0.1999351715129595,58.52234908103939,58.52234908103939,58.52234908103939,58.52234908103939,58.52234908103939,58.52234908103939,0.17,0.17,0.17,0.0,1.5109777341866313,0.7693170997457548,3.5108314746219147,True,2.418708060103591,0.0743742974688008,,0.21,False,,0.47,False
20260927_103759_1243248,u1e4,0,475,SIDE_MINUS,1790476745.5230243,58.17234921455383,1790476745.6630242,False,False,False,False,,False,,,SIDE_DISPATCH|RAW_SEED_ATTEMPT|PRE_TIMING_SEED|TIMED_SEED|SEED_ELIGIBILITY|PRE_LOS|POST_LOS|SOLVER_OK|FINAL_INPUT|PREFLIGHT_REJECT,PREFLIGHT_REJECT,DYNAMICS_FAIL,,,0.0,0.0,0.0,-1790476687.350675,-1790476687.350675,-1790476687.350675,0,PRE_LOS,0.21,0.21,,,True,58.31234908103943,59.082308000000005,3.637864237167646,-0.185469->-1.029732,-0.1854687236876089,-0.1854687236876089,-1.029732227375502,-0.1897990645414881,-1.0014744609497552,0,-0.1999351715129595,-0.1999351715129595,58.52234908103939,58.52234908103939,58.52234908103939,58.52234908103939,58.52234908103939,58.52234908103939,0.17,0.17,0.17,0.0,1.3959132685676017,0.6249450506076194,2.8203873218150326,True,2.4185957069234725,0.0743742974688008,,0.21,False,58.4823490810394,0.17,False
20260927_103759_1243248,u1e4,0,477,SIDE_PLUS,1790476745.5363476,58.18567252159119,1790476745.6763475,False,False,False,False,,False,,,SIDE_DISPATCH|RAW_SEED_ATTEMPT|PRE_TIMING_SEED|TIMED_SEED|SEED_ELIGIBILITY|PRE_LOS|POST_LOS|SOLVER_OK|FINAL_INPUT|PREFLIGHT_REJECT,PREFLIGHT_REJECT,DYNAMICS_FAIL,,,0.0,0.0,0.0,-1790476687.350675,-1790476687.350675,-1790476687.350675,0,PRE_LOS,0.19,0.19,,,True,58.32567238807678,59.082308000000005,3.482109605828734,-0.201022->-1.033142,-0.20102171130804,-0.20102171130804,-1.033141744877092,-0.2047741956532082,-1.0078287710121614,0,-0.1864570093419623,-0.1864570093419623,58.51567238807674,58.51567238807674,58.51567238807674,58.51567238807674,58.51567238807674,58.51567238807674,0.16,0.16,0.16,0.0,1.5115206665601797,0.7694146775425446,3.5116254159760234,True,2.418786397489228,0.0809917352315451,,0.19,False,,0.46,False
20260927_103759_1243248,u1e4,0,478,SIDE_MINUS,1790476745.5363476,58.18567252159119,1790476745.6763475,False,False,False,False,,False,,,SIDE_DISPATCH|RAW_SEED_ATTEMPT|PRE_TIMING_SEED|TIMED_SEED|SEED_ELIGIBILITY|PRE_LOS|POST_LOS|SOLVER_OK|FINAL_INPUT|PREFLIGHT_REJECT,PREFLIGHT_REJECT,DYNAMICS_FAIL,,,0.0,0.0,0.0,-1790476687.350675,-1790476687.350675,-1790476687.350675,0,PRE_LOS,0.19,0.19,,,True,58.32567238807678,59.082308000000005,3.6230102747859703,-0.201022->-1.033431,-0.20102171130804,-0.20102171130804,-1.0334308259804137,-0.2047741956532082,-1.0073022427844829,0,-0.1864570093419623,-0.1864570093419623,58.51567238807674,58.51567238807674,58.51567238807674,58.51567238807674,58.51567238807674,58.51567238807674,0.16,0.16,0.16,0.0,1.3968792495475624,0.6255750254267749,2.8233879406849542,True,2.418667389704103,0.0809917352315451,,0.19,False,,0.17,False
20260927_103759_1243248,u1e4,0,480,SIDE_PLUS,1790476745.5486884,58.19801330566406,1790476745.6886885,False,False,False,False,,False,,,SIDE_DISPATCH|RAW_SEED_ATTEMPT|PRE_TIMING_SEED|TIMED_SEED|SEED_ELIGIBILITY|PRE_LOS|POST_LOS|SOLVER_OK|FINAL_INPUT|PREFLIGHT_REJECT,PREFLIGHT_REJECT,DYNAMICS_FAIL,,,0.0,0.0,0.0,-1790476687.350675,-1790476687.350675,-1790476687.350675,0,PRE_LOS,0.18,0.18,,,True,58.33801317214966,59.082308000000005,3.470089057752624,-0.215353->-1.035719,-0.2153525327885196,-0.2153525327885196,-1.0357189207584847,-0.2186572532259538,-1.01223801027423,0,-0.1740192580722943,-0.1740192580722943,58.51801317214962,58.51801317214962,58.51801317214962,58.51801317214962,58.51801317214962,58.51801317214962,0.15,0.15,0.15,0.0,1.511478759764299,0.7691640067607269,3.511211472623736,True,2.418825485899652,0.0874360480283236,,0.18,False,,0.45,False
20260927_103759_1243248,u1e4,0,481,SIDE_MINUS,1790476745.5486884,58.19801330566406,1790476745.6886885,False,False,False,False,,False,,,SIDE_DISPATCH|RAW_SEED_ATTEMPT|PRE_TIMING_SEED|TIMED_SEED|SEED_ELIGIBILITY|PRE_LOS|POST_LOS|SOLVER_OK|FINAL_INPUT|PREFLIGHT_REJECT,PREFLIGHT_REJECT,DYNAMICS_FAIL,,,0.0,0.0,0.0,-1790476687.350675,-1790476687.350675,-1790476687.350675,0,PRE_LOS,0.18,0.18,,,True,58.33801317214966,59.082308000000005,3.609933730036392,-0.215353->-1.035982,-0.2153525327885196,-0.2153525327885196,-1.035982496746522,-0.2186572532259538,-1.0117242764486143,0,-0.1740192580722943,-0.1740192580722943,58.51801317214962,58.51801317214962,58.51801317214962,58.51801317214962,58.51801317214962,58.51801317214962,0.15,0.15,0.15,0.0,1.397436131014129,0.6257862074992613,2.8244871253736985,True,2.4187300329151604,0.0874360480283236,,0.18,False,,0.16,False
20260927_103759_1243248,u1e4,0,483,SIDE_PLUS,1790476745.563732,58.21305704116821,1790476745.703732,False,False,False,False,,False,,,SIDE_DISPATCH|RAW_SEED_ATTEMPT|PRE_TIMING_SEED|TIMED_SEED|SEED_ELIGIBILITY|PRE_LOS|POST_LOS|SOLVER_OK|FINAL_INPUT|PREFLIGHT_REJECT,PREFLIGHT_REJECT,DYNAMICS_FAIL,,,0.0,0.0,0.0,-1790476687.350675,-1790476687.350675,-1790476687.350675,0,PRE_LOS,0.17,0.17,,,True,58.35305690765381,59.082308000000005,3.454127782693242,-0.232072->-1.031203,-0.2320724085006485,-0.2320724085006485,-1.031202972606816,-0.2355967763851594,-1.0087579622286098,0,-0.1594924518163957,-0.1594924518163957,58.523056907653775,58.523056907653775,58.523056907653775,58.523056907653775,58.523056907653775,58.523056907653775,0.13,0.13,0.13,0.0,1.511754974069062,0.7687340351009484,3.50897322192508,True,2.41889556168781,0.0956832853278832,,0.17,False,,0.43,False
20260927_103759_1243248,u1e4,0,484,SIDE_MINUS,1790476745.563732,58.21305704116821,1790476745.703732,False,False,False,False,,False,,,SIDE_DISPATCH|RAW_SEED_ATTEMPT|PRE_TIMING_SEED|TIMED_SEED|SEED_ELIGIBILITY|PRE_LOS|POST_LOS|SOLVER_OK|FINAL_INPUT|PREFLIGHT_REJECT,PREFLIGHT_REJECT,DYNAMICS_FAIL,,,0.0,0.0,0.0,-1790476687.350675,-1790476687.350675,-1790476687.350675,0,PRE_LOS,0.17,0.17,,,True,58.35305690765381,59.082308000000005,3.594305044248861,-0.232072->-1.031224,-0.2320724085006485,-0.2320724085006485,-1.0312237178662012,-0.2355967763851594,-1.008021056584753,0,-0.1594924518163957,-0.1594924518163957,58.523056907653775,58.523056907653775,58.523056907653775,58.523056907653775,58.523056907653775,58.523056907653775,0.13,0.13,0.13,0.0,1.397720344931781,0.6256865306080924,2.824609059517789,True,2.418796748942796,0.0956832853278832,,0.17,False,,0.15,False
20260927_103759_1243248,u1e4,0,486,SIDE_PLUS,1790476745.583941,58.23326587677002,1790476745.7239408,False,False,False,False,,False,,,SIDE_DISPATCH|RAW_SEED_ATTEMPT|PRE_TIMING_SEED|TIMED_SEED|SEED_ELIGIBILITY|PRE_LOS|POST_LOS|SOLVER_OK|FINAL_INPUT|PREFLIGHT_REJECT,PREFLIGHT_REJECT,DYNAMICS_FAIL,,,0.0,0.0,0.0,-1790476687.350675,-1790476687.350675,-1790476687.350675,0,PRE_LOS,0.14,0.14,,,True,58.373265743255615,59.082308000000005,3.434210474275097,-0.254272->-1.031902,-0.2542716594272062,-0.2542716594272062,-1.0319018361171348,-0.2583787302532674,-1.0117716884524708,0,-0.1401767397397841,-0.1401767397397841,58.51326574325559,58.51326574325559,58.51326574325559,58.51326574325559,58.51326574325559,58.51326574325559,0.11,0.11,0.11,0.0,1.511521632868252,0.7688487869740769,3.5139953838681315,True,2.418978078339085,0.1074039009896201,,0.14,False,,0.41,False
20260927_103759_1243248,u1e4,0,487,SIDE_MINUS,1790476745.583941,58.23326587677002,1790476745.7239408,False,False,False,False,,False,,,SIDE_DISPATCH|RAW_SEED_ATTEMPT|PRE_TIMING_SEED|TIMED_SEED|SEED_ELIGIBILITY|PRE_LOS|POST_LOS|SOLVER_OK|FINAL_INPUT|PREFLIGHT_REJECT,PREFLIGHT_REJECT,DYNAMICS_FAIL,,,0.0,0.0,0.0,-1790476687.350675,-1790476687.350675,-1790476687.350675,0,PRE_LOS,0.14,0.14,,,True,58.373265743255615,59.082308000000005,3.5734086838598813,-0.254272->-1.031940,-0.2542716594272062,-0.2542716594272062,-1.0319402404489872,-0.2583787302532674,-1.0110737239938905,0,-0.1401767397397841,-0.1401767397397841,58.51326574325559,58.51326574325559,58.51326574325559,58.51326574325559,58.51326574325559,58.51326574325559,0.11,0.11,0.11,0.0,1.3978112247998489,0.6251722765564859,2.823078126671216,True,2.418890525700616,0.1074039009896201,,0.14,False,,0.13,False
20260927_103759_1243248,u1e4,0,489,SIDE_PLUS,1790476745.595563,58.2448878288269,1790476745.7355628,False,False,False,False,,False,,,SIDE_DISPATCH|RAW_SEED_ATTEMPT|PRE_TIMING_SEED|TIMED_SEED|SEED_ELIGIBILITY|PRE_LOS|POST_LOS|SOLVER_OK|FINAL_INPUT|PREFLIGHT_REJECT,PREFLIGHT_REJECT,DYNAMICS_FAIL,,,0.0,0.0,0.0,-1790476687.350675,-1790476687.350675,-1790476687.350675,0,PRE_LOS,0.13,0.13,,,True,58.3848876953125,59.082308000000005,3.422580484036345,-0.265947->-1.034014,-0.2659466966841999,-0.2659466966841999,-1.0340143138420534,-0.2714936796129817,-1.0153740089154233,0,-0.1300330347503024,-0.1300330347503024,58.51488769531248,58.51488769531248,58.51488769531248,58.51488769531248,58.51488769531248,58.51488769531248,0.1,0.1,0.1,0.0,1.51114374760129,0.7680560847275958,3.511425483990372,True,2.4190156760591623,0.1144604357209208,,0.13,False,,0.4,False
20260927_103759_1243248,u1e4,0,490,SIDE_MINUS,1790476745.595563,58.2448878288269,1790476745.7355628,False,False,False,False,,False,,,SIDE_DISPATCH|RAW_SEED_ATTEMPT|PRE_TIMING_SEED|TIMED_SEED|SEED_ELIGIBILITY|PRE_LOS|POST_LOS|SOLVER_OK|FINAL_INPUT|PREFLIGHT_REJECT,PREFLIGHT_REJECT,DYNAMICS_FAIL,,,0.0,0.0,0.0,-1790476687.350675,-1790476687.350675,-1790476687.350675,0,PRE_LOS,0.13,0.13,,,True,58.3848876953125,59.082308000000005,3.561340135095773,-0.265947->-1.033930,-0.2659466966841999,-0.2659466966841999,-1.0339296023991913,-0.2714936796129817,-1.0145841950038563,0,-0.1300330347503024,-0.1300330347503024,58.51488769531248,58.51488769531248,58.51488769531248,58.51488769531248,58.51488769531248,58.51488769531248,0.1,0.1,0.1,0.0,1.3977908835912412,0.6248011975974069,2.822160003260341,True,2.4189473261991363,0.1144604357209208,,0.13,False,,0.12,False
20260927_103759_1243248,u1e4,0,492,SIDE_PLUS,1790476745.612573,58.261897802352905,1790476745.7525728,False,False,False,False,,False,,,SIDE_DISPATCH|RAW_SEED_ATTEMPT|PRE_TIMING_SEED|TIMED_SEED|SEED_ELIGIBILITY|PRE_LOS|POST_LOS|SOLVER_OK|FINAL_INPUT|PREFLIGHT_REJECT,PREFLIGHT_REJECT,DYNAMICS_FAIL,,,0.0,0.0,0.0,-1790476687.350675,-1790476687.350675,-1790476687.350675,0,PRE_LOS,0.12,0.12,,,True,58.4018976688385,59.082308000000005,3.417956374408365,-0.283088->-1.039218,-0.283088204357869,-0.283088204357869,-1.0392183180044097,-0.2907053430619954,-1.0239337712050056,0,-0.1151393466351016,-0.1151393466351016,58.52189766883848,58.52189766883848,58.52189766883848,58.52189766883848,58.52189766883848,58.52189766883848,0.09,0.09,0.09,0.0,1.5066504433015353,0.7628674259467562,3.4928928470769893,True,2.4191134982653866,0.1251823315478941,,0.12,False,,0.39,False
20260927_103759_1243248,u1e4,0,493,SIDE_MINUS,1790476745.612573,58.261897802352905,1790476745.7525728,False,False,False,False,,False,,,SIDE_DISPATCH|RAW_SEED_ATTEMPT|PRE_TIMING_SEED|TIMED_SEED|SEED_ELIGIBILITY|PRE_LOS|POST_LOS|SOLVER_OK|FINAL_INPUT|PREFLIGHT_REJECT,PREFLIGHT_REJECT,DYNAMICS_FAIL,,,0.0,0.0,0.0,-1790476687.350675,-1790476687.350675,-1790476687.350675,0,PRE_LOS,0.12,0.12,,,True,58.4018976688385,59.082308000000005,3.556256127000813,-0.283088->-1.039435,-0.283088204357869,-0.283088204357869,-1.0394351880725392,-0.2907053430619954,-1.0234232529757954,0,-0.1151393466351016,-0.1151393466351016,58.52189766883848,58.52189766883848,58.52189766883848,58.52189766883848,58.52189766883848,58.52189766883848,0.09,0.09,0.09,0.0,1.3935654454176154,0.6193980758782577,2.8015138200185072,True,2.419049829137066,0.1251823315478941,,0.12,False,,0.11,False
20260927_103759_1243248,u1e5,0,514,SIDE_PLUS,1790476748.9801598,61.6294846534729,1790476749.1201596,False,True,False,False,,False,,,SIDE_DISPATCH|RAW_SEED_ATTEMPT|PRE_TIMING_SEED|TIMED_SEED|SEED_ELIGIBILITY|PRE_LOS|POST_LOS|SOLVER_OK|FINAL_INPUT|JOINT_SEED|HANDOFF_REJECT,HANDOFF_REJECT,MISSED_FROZEN_ACTIVATION,,,0.0,0.0,0.0,-1790476687.350675,-1790476687.350675,-1790476687.350675,0,PRE_LOS,1.26,1.26,,,False,61.769484519958496,65.07623697082707,3.3067524508685677,+1.512299->-2.157140,1.512298508123308,0.5304132875924144,-2.1571400535945435,1.8452652698250824,-0.2088271152092358,1,-0.5079490976522657,-0.5079490976522657,64.81948451995788,64.81948451995788,,64.81948451995788,,,1.05,1.05,1.05,0.0,1.4655217194005925,0.7436676178893742,3.5960380517635846,True,0.552157331646173,1.68204628321126,,1.29,False,,1.26,False
20260927_103759_1243248,u1e5,0,517,SIDE_PLUS,1790476749.133487,61.782811880111694,1790476749.2836983,False,True,False,False,,False,,,SIDE_DISPATCH|RAW_SEED_ATTEMPT|PRE_TIMING_SEED|TIMED_SEED|SEED_ELIGIBILITY|PRE_LOS|POST_LOS|SOLVER_OK|FINAL_INPUT|JOINT_SEED|HANDOFF_REJECT,HANDOFF_REJECT,MISSED_FROZEN_ACTIVATION,,,0.0,0.0,0.0,-1790476687.350675,-1790476687.350675,-1790476687.350675,0,PRE_LOS,1.27,1.27,,,False,61.93302321434021,65.06617816460609,3.1331549502658707,+1.454427->-2.156161,1.4544268377837657,0.5154728847122515,-2.1561608923540594,1.7497104555804963,-0.2549594987747807,1,-0.5081639979231024,-0.5081639979231024,64.81302321433964,64.81302321433964,,64.81302321433964,,,1.04,1.04,1.04,0.0,1.4636290613938916,0.7495391319229192,3.681778712037755,True,0.5410169158599649,1.6925448532103504,,1.29,False,,1.27,False
20260927_103759_1243248,u1e5,0,520,SIDE_PLUS,1790476749.2707305,61.9200553894043,1790476749.428591,True,True,False,False,,False,,,SIDE_DISPATCH|RAW_SEED_ATTEMPT|PRE_TIMING_SEED|TIMED_SEED|SEED_ELIGIBILITY|PRE_LOS|POST_LOS|SOLVER_OK|FINAL_INPUT|JOINT_SEED|COMPARATOR_LOSS,,,,OPPONENT_D3_LOWER,1.0,1.0,0.1061290225037629,63.44932317733765,63.57291460037232,64.07791590690613,0,PRE_LOS,1.22,1.22,64.80791590690558,64.80791590690558,True,62.07791590690613,65.30942178740536,3.2315058804992294,+1.401882->-2.545552,1.401881822924449,0.5712197493069763,-2.545552042879689,1.663205490114141,-0.4279641228044108,1,-0.5079547541231936,-0.5079547541231936,64.80791590690558,64.80791590690558,64.80791590690558,64.80791590690558,64.80791590690558,64.80791590690558,1.03,1.03,1.03,0.0,1.453198225326959,0.6979020157745107,3.2523579140097434,True,0.5716650771969787,1.6841560526393384,64.87791590690557,1.28,True,64.80791590690558,1.22,False
20260927_103759_1243248,u1e5,0,523,SIDE_PLUS,1790476749.543918,62.19324278831482,1790476749.6969483,True,True,True,True,222.0,True,62.369112,62.602785,SIDE_DISPATCH|RAW_SEED_ATTEMPT|PRE_TIMING_SEED|TIMED_SEED|SEED_ELIGIBILITY|PRE_LOS|POST_LOS|SOLVER_OK|FINAL_INPUT|JOINT_SEED|COMPARATOR_WIN|SELECTED|COMMITTED,,,,D3_LOWER,1.0,0.5,0.6930985374778982,63.44932317733765,63.97291421890259,64.34627318382263,0,PRE_LOS,1.22,1.22,64.92627318382212,64.92627318382212,True,62.34627318382263,65.56862,3.531703190486965,+1.321549->-2.503261,1.3215491347999189,0.7478220682862801,-2.503260889562467,1.50258874168268,-0.4782062757238765,1,-0.5063638077520186,-0.5063638077520186,64.92627318382212,64.92627318382212,64.92627318382212,64.92627318382212,64.92627318382212,64.92627318382212,1.15,1.15,1.15,0.0,1.3151394967594676,0.483809148861599,2.026362464383448,True,0.5980440123474413,1.6898487780884894,64.92627318382212,1.22,False,64.92627318382212,1.22,False
20260927_103759_1243248,u1e5,0,526,SIDE_PLUS,1790476749.811334,62.46065902709961,1790476749.9600277,True,True,True,True,223.0,True,62.635292,62.875878,SIDE_DISPATCH|RAW_SEED_ATTEMPT|PRE_TIMING_SEED|TIMED_SEED|SEED_ELIGIBILITY|PRE_LOS|POST_LOS|SOLVER_OK|FINAL_INPUT|JOINT_SEED|COMPARATOR_WIN|SELECTED|COMMITTED,,,,D3_LOWER,1.0,0.3,2.6284974030812887,63.44932317733765,64.37291383743286,64.60935235023499,0,PRE_LOS,1.2,1.2,64.94935235023452,64.94935235023452,True,62.609352350234985,65.56862,3.537675271174052,+1.245852->-2.416445,1.245852247650061,0.7815691430491772,-2.4164451386862384,1.3426412937076513,-0.3917543223925896,1,-0.5068933100099877,-0.5068933100099877,64.94935235023452,64.94935235023452,64.94935235023452,64.94935235023452,64.94935235023452,64.94935235023452,1.18,1.18,1.18,0.0,1.294103935238062,0.4529265780822914,1.8926067645426623,True,0.5964267965605079,1.690458079595131,64.94935235023452,1.2,False,64.94935235023452,1.2,False
20260927_103759_1243248,u1e5,0,529,SIDE_PLUS,1790476750.0924213,62.74174618721008,1790476750.2385955,True,True,True,True,224.0,True,62.915964,63.168641,SIDE_DISPATCH|RAW_SEED_ATTEMPT|PRE_TIMING_SEED|TIMED_SEED|SEED_ELIGIBILITY|PRE_LOS|POST_LOS|SOLVER_OK|FINAL_INPUT|JOINT_SEED|COMPARATOR_WIN|SELECTED|COMMITTED,,,,D3_LOWER,1.0,0.2307692307692307,4.154867788696108,63.44932317733765,64.70935225486755,64.88792061805725,0,PRE_LOS,1.21,1.21,64.96792061805684,64.96792061805684,True,62.88792061805725,65.56862,3.52261115171992,+1.173393->-2.362384,1.1733925621554604,0.7820093471325968,-2.362383650792745,1.202746369084652,-0.5236995505567946,1,-0.5097535026011802,-0.5097535026011802,64.96792061805684,64.96792061805684,64.96792061805684,64.96792061805684,64.96792061805684,64.96792061805684,1.19,1.19,1.19,0.0,1.3016766770613095,0.4652594417892823,2.0606342486467155,True,0.591916342770026,1.6904577691678606,64.96792061805684,1.21,False,64.96792061805684,1.21,False
20260927_103759_1243248,u1e5,0,532,SIDE_PLUS,1790476750.3756592,63.02498412132263,1790476750.5182111,True,True,False,False,,False,,,SIDE_DISPATCH|RAW_SEED_ATTEMPT|PRE_TIMING_SEED|TIMED_SEED|SEED_ELIGIBILITY|PRE_LOS|POST_LOS|SOLVER_OK|FINAL_INPUT|JOINT_SEED|COMPARATOR_LOSS,,,,OPPONENT_D3_LOWER,1.0,0.25,4.608182652229317,63.44932317733765,64.98792052268982,65.16753602027893,0,PRE_LOS,1.19,1.19,64.93753602027857,64.93753602027857,True,63.16753602027893,65.56862,3.4459754404286143,+1.092402->-2.271508,1.092402029884018,0.7703264842269235,-2.271508199779776,1.0648315454817334,-0.7162166749503827,1,-0.5064841309100726,-0.5064841309100726,64.93753602027857,64.93753602027857,64.93753602027857,64.93753602027857,64.93753602027857,64.93753602027857,1.16,1.16,1.16,0.0,1.3331107562835756,0.5025444696404827,2.2456977204345927,True,0.5828887586892657,1.7079075189829702,64.93753602027857,1.19,False,64.93753602027857,1.19,False
20260927_103759_1243248,u1e5,0,535,SIDE_PLUS,1790476750.66322,63.31254482269287,1790476750.8032198,True,True,False,False,,False,,,SIDE_DISPATCH|RAW_SEED_ATTEMPT|PRE_TIMING_SEED|TIMED_SEED|SEED_ELIGIBILITY|PRE_LOS|POST_LOS|SOLVER_OK|FINAL_INPUT|JOINT_SEED|COMPARATOR_LOSS,,,,OPPONENT_C3_HIGHER,1.0,0.1333333333333333,4.812112120342999,63.45254468917847,65.0493233203888,65.45254468917847,0,PRE_LOS,1.2,1.2,64.94254468917816,64.94254468917816,True,63.45254468917847,65.56862,3.408006396834187,+0.973919->-2.234213,0.9739192182067948,0.7642034455004025,-2.23421349968045,0.928538731388928,-0.6785908875897996,1,-0.5064060886391317,-0.5064060886391317,64.94254468917816,64.94254468917816,64.94254468917816,64.94254468917816,64.94254468917816,64.94254468917816,1.17,1.17,1.17,0.0,1.3130397144286063,0.4831740102837594,2.225318231126208,True,0.5801447433367177,1.7661949063143625,64.94254468917816,1.2,False,,1.25,False
20260927_103759_1243248,u1e5,0,540,SIDE_MINUS,1790476750.9677677,63.61709237098694,1790476751.107767,False,True,False,False,,False,,,SIDE_DISPATCH|RAW_SEED_ATTEMPT|PRE_TIMING_SEED|TIMED_SEED|SEED_ELIGIBILITY|PRE_LOS|POST_LOS|SOLVER_OK|FINAL_INPUT|JOINT_SEED|PREFLIGHT_REJECT,PREFLIGHT_REJECT,DYNAMICS_FAIL,,,0.0,0.0,0.0,-1790476687.350675,-1790476687.350675,-1790476687.350675,0,PRE_LOS,1.19,1.19,64.9470922374723,64.9470922374723,True,63.75709223747253,65.56862,3.507083051268447,+0.773292->-2.129174,0.7732922460305505,0.7630829427182055,-2.1291743643764365,0.7567925604197038,-0.6315934711304402,1,-0.5075759096220662,-0.5075759096220662,64.9470922374723,64.9470922374723,64.9470922374723,64.9470922374723,64.9470922374723,64.9470922374723,1.17,1.17,1.17,0.0,1.1847965957833428,0.3732001469689354,1.69008198943069,True,0.5798414053753573,1.8865718930142008,64.9470922374723,1.19,False,,1.13,False
20260927_103759_1243248,u1e5,0,541,SIDE_PLUS,1790476750.9677677,63.61709237098694,1790476751.107767,False,True,False,False,,False,,,SIDE_DISPATCH|RAW_SEED_ATTEMPT|PRE_TIMING_SEED|TIMED_SEED|SEED_ELIGIBILITY|PRE_LOS|POST_LOS|SOLVER_OK|FINAL_INPUT|JOINT_SEED|PREFLIGHT_REJECT,PREFLIGHT_REJECT,DYNAMICS_FAIL,,,0.0,0.0,0.0,-1790476687.350675,-1790476687.350675,-1790476687.350675,0,PRE_LOS,1.19,1.19,64.9470922374723,64.9470922374723,True,63.75709223747253,65.56862,3.3893284945909894,+0.773292->-2.169732,0.7732922460305505,0.7630830134678166,-2.169732258503002,0.7567925604197038,-0.6501206037595342,1,-0.5090861489235311,-0.5090861489235311,64.9470922374723,64.9470922374723,64.9470922374723,64.9470922374723,64.9470922374723,64.9470922374723,1.17,1.17,1.17,0.0,1.280030501705094,0.4628727918731929,2.211374523448056,True,0.5798414053753573,1.8865718930142008,64.9470922374723,1.19,False,,1.2,False
20260927_103759_1243248,u1e5,0,543,SIDE_MINUS,1790476751.2157283,63.86505317687988,1790476751.355728,False,True,False,False,,False,,,SIDE_DISPATCH|RAW_SEED_ATTEMPT|PRE_TIMING_SEED|TIMED_SEED|SEED_ELIGIBILITY|PRE_LOS|POST_LOS|SOLVER_OK|FINAL_INPUT|JOINT_SEED|PREFLIGHT_REJECT,PREFLIGHT_REJECT,DYNAMICS_FAIL,,,0.0,0.0,0.0,-1790476687.350675,-1790476687.350675,-1790476687.350675,0,PRE_LOS,0.95,0.95,64.95505304336596,64.95505304336596,True,64.00505304336548,65.56862,3.457342903742771,+0.518863->-2.090042,0.5188627621409325,0.5188627621409325,-2.0900416638977606,0.4894656551720759,-0.861014509626726,1,-0.5086116223997436,-0.5086116223997436,64.95505304336596,64.95505304336596,64.95505304336596,64.95505304336596,64.95505304336596,64.95505304336596,0.95,0.95,0.95,0.0,1.1758595894096346,0.363037957639705,1.8338039763965543,True,0.6056322561600205,2.03017937854276,64.94505304336596,0.94,False,,0.84,False
20260927_103759_1243248,u1e5,0,544,SIDE_PLUS,1790476751.2157283,63.86505317687988,1790476751.355728,False,True,False,False,,False,,,SIDE_DISPATCH|RAW_SEED_ATTEMPT|PRE_TIMING_SEED|TIMED_SEED|SEED_ELIGIBILITY|PRE_LOS|POST_LOS|SOLVER_OK|FINAL_INPUT|JOINT_SEED|PREFLIGHT_REJECT,PREFLIGHT_REJECT,DYNAMICS_FAIL,,,0.0,0.0,0.0,-1790476687.350675,-1790476687.350675,-1790476687.350675,0,PRE_LOS,0.95,0.95,64.95505304336596,64.95505304336596,True,64.00505304336548,65.56862,3.3288567618278,+0.518863->-2.119316,0.5188627621409325,0.5188627621409325,-2.119316212998348,0.4894656551720759,-0.8794692148569082,1,-0.5088982381532541,-0.5088982381532541,64.95505304336596,64.95505304336596,64.95505304336596,64.95505304336596,64.95505304336596,64.95505304336596,0.95,0.95,0.95,0.0,1.2725789975276556,0.4817191815900679,2.3912563903892616,True,0.6056322561600205,2.03017937854276,64.94505304336596,0.94,False,,1.23,False
20260927_103759_1243248,u1e5,0,546,SIDE_MINUS,1790476751.4918952,64.14122009277344,1790476751.631895,False,True,False,False,,False,,,SIDE_DISPATCH|RAW_SEED_ATTEMPT|PRE_TIMING_SEED|TIMED_SEED|SEED_ELIGIBILITY|PRE_LOS|POST_LOS|SOLVER_OK|FINAL_INPUT|JOINT_SEED|PREFLIGHT_REJECT,PREFLIGHT_REJECT,DYNAMICS_FAIL,,,0.0,0.0,0.0,-1790476687.350675,-1790476687.350675,-1790476687.350675,0,PRE_LOS,0.67,0.67,64.95121995925938,64.95121995925938,True,64.28121995925903,65.56862,3.43379835826932,+0.094065->-2.078906,0.0940654193191909,0.0940654193191909,-2.0789063483157526,0.0682948649876094,-1.1801266970902369,1,-0.508496996001479,-0.508496996001479,64.95121995925938,64.95121995925938,64.95121995925938,64.95121995925938,64.95121995925938,64.95121995925938,0.67,0.67,0.67,0.0,1.1847100700382152,0.3914917411952182,2.020555775326451,True,0.6928645002769991,2.1996596885848057,64.95121995925938,0.67,False,,0.42,False
20260927_103759_1243248,u1e5,0,547,SIDE_PLUS,1790476751.4918952,64.14122009277344,1790476751.631895,False,True,False,False,,False,,,SIDE_DISPATCH|RAW_SEED_ATTEMPT|PRE_TIMING_SEED|TIMED_SEED|SEED_ELIGIBILITY|PRE_LOS|POST_LOS|SOLVER_OK|FINAL_INPUT|JOINT_SEED|PREFLIGHT_REJECT,PREFLIGHT_REJECT,DYNAMICS_FAIL,,,0.0,0.0,0.0,-1790476687.350675,-1790476687.350675,-1790476687.350675,0,PRE_LOS,0.67,0.67,64.95121995925938,64.95121995925938,True,64.28121995925903,65.56862,3.2927554114288764,+0.094065->-2.092659,0.0940654193191909,0.0940654193191909,-2.092658518664927,0.0682948649876094,-1.1937869808161927,1,-0.5084957384542961,-0.5084957384542961,64.95121995925938,64.95121995925938,64.95121995925938,64.95121995925938,64.95121995925938,64.95121995925938,0.67,0.67,0.67,0.0,1.2872268453415276,0.5214235837216277,2.648454956449097,True,0.6928645002769991,2.183084995398961,64.95121995925938,0.67,False,,0.99,False
20260927_103759_1243248,u1e5,0,549,SIDE_MINUS,1790476751.767213,64.41653823852539,1790476751.9072132,False,True,False,False,,False,,,SIDE_DISPATCH|RAW_SEED_ATTEMPT|PRE_TIMING_SEED|TIMED_SEED|SEED_ELIGIBILITY|PRE_LOS|POST_LOS|SOLVER_OK|FINAL_INPUT|JOINT_SEED|PREFLIGHT_REJECT,PREFLIGHT_REJECT,DYNAMICS_FAIL,,,0.0,0.0,0.0,-1790476687.350675,-1790476687.350675,-1790476687.350675,0,PRE_LOS,0.39,0.39,64.94653810501119,64.94653810501119,True,64.55653810501099,65.56862,2.890623958666574,-0.451591->-2.081316,-0.4515912290102852,-0.4515912290102852,-2.081316278540437,-0.4841238944948707,-1.5664086314019776,0,-0.318788006947609,-0.318788006947609,64.94653810501119,64.94653810501119,64.94653810501119,64.94653810501119,64.94653810501119,64.94653810501119,0.39,0.39,0.39,0.0,1.3437319795764289,0.3050518344271227,1.48731833186399,True,0.8418398849634638,2.1893534718756325,64.94653810501119,0.39,False,64.81653810501112,0.26,False
20260927_103759_1243248,u1e5,0,550,SIDE_PLUS,1790476751.767213,64.41653823852539,1790476751.9072132,False,True,False,False,,False,,,SIDE_DISPATCH|RAW_SEED_ATTEMPT|PRE_TIMING_SEED|TIMED_SEED|SEED_ELIGIBILITY|PRE_LOS|POST_LOS|SOLVER_OK|FINAL_INPUT|JOINT_SEED|PREFLIGHT_REJECT,PREFLIGHT_REJECT,DYNAMICS_FAIL,,,0.0,0.0,0.0,-1790476687.350675,-1790476687.350675,-1790476687.350675,0,PRE_LOS,0.39,0.39,64.94653810501119,64.94653810501119,True,64.55653810501099,65.56862,2.7277839251526506,-0.451591->-2.106438,-0.4515912290102852,-0.4515912290102852,-2.106438299087723,-0.4841238944948707,-1.5940687111564729,0,-0.318788006947609,-0.318788006947609,64.94653810501119,64.94653810501119,64.94653810501119,64.94653810501119,64.94653810501119,64.94653810501119,0.39,0.39,0.39,0.0,1.4527178419572426,0.4121431061775019,2.379561052868546,True,0.8418398849634638,2.1593694251403823,64.94653810501119,0.39,False,,0.72,False
20260927_103759_1243248,u1e5,0,552,SIDE_MINUS,1790476752.028324,64.67764902114868,1790476752.168324,True,True,False,False,,False,,,SIDE_DISPATCH|RAW_SEED_ATTEMPT|PRE_TIMING_SEED|TIMED_SEED|SEED_ELIGIBILITY|PRE_LOS|POST_LOS|SOLVER_OK|FINAL_INPUT|JOINT_SEED|COMPARATOR_LOSS,,,,OPPONENT_D3_LOWER,1.0,0.6666666666666666,0.1573922992930576,64.81764888763428,65.04932475090027,66.81764888763428,0,PRE_LOS,0.13,0.13,64.94764888763434,64.94764888763434,True,64.81764888763428,65.56862,3.3773837883928657,-1.038297->-2.061431,-1.0382971628401807,-1.0382971628401807,-2.06143146491596,-1.0702082484235391,-1.8832335480114308,0,-0.1014191762830542,-0.1014191762830542,64.94764888763434,64.94764888763434,64.94764888763434,64.94764888763434,64.94764888763434,64.94764888763434,0.13,0.13,0.13,0.0,1.188407510596679,0.4360299437477861,2.339266982841961,True,1.0299513151279749,2.204947061737915,64.94764888763434,0.13,False,64.94764888763434,0.13,False
20260927_103759_1243248,u1e5,0,553,SIDE_PLUS,1790476752.028324,64.67764902114868,1790476752.168324,False,True,False,False,,False,,,SIDE_DISPATCH|RAW_SEED_ATTEMPT|PRE_TIMING_SEED|TIMED_SEED|SEED_ELIGIBILITY|PRE_LOS|POST_LOS|SOLVER_OK|FINAL_INPUT|JOINT_SEED|PREFLIGHT_REJECT,PREFLIGHT_REJECT,DYNAMICS_FAIL,,,0.0,0.0,0.0,-1790476687.350675,-1790476687.350675,-1790476687.350675,0,PRE_LOS,0.13,0.13,64.94764888763434,64.94764888763434,True,64.81764888763428,65.56862,3.1754199340894456,-1.038297->-2.057356,-1.0382971628401807,-1.0382971628401807,-2.057355912674328,-1.0702082484235391,-1.881416282043446,0,-0.1014191762830542,-0.1014191762830542,64.94764888763434,64.94764888763434,64.94764888763434,64.94764888763434,64.94764888763434,64.94764888763434,0.13,0.13,0.13,0.0,1.3341946919240697,0.615980163468266,3.180070707744437,True,1.0299513151279749,2.207536193369692,64.94764888763434,0.13,False,,0.2,False
20260927_103759_1243248,u2e1,1,389,SIDE_MINUS,1790476759.4784572,72.12778210639954,1790476759.618457,True,False,True,True,257.0,True,72.276188,72.536313,SIDE_DISPATCH|RAW_SEED_ATTEMPT|PRE_TIMING_SEED|TIMED_SEED|SEED_ELIGIBILITY|PRE_LOS|POST_LOS|SOLVER_OK|FINAL_INPUT|COMPARATOR_WIN|SELECTED|COMMITTED,,,,,0.6666666666666666,0.0,0.2196871909006168,73.84932327270508,74.08520817756653,74.26778197288513,0,PRE_LOS,1.0,0.41,,,True,72.26778197288513,74.535173,3.78326352348005,-1.062359->+0.055436,-1.062359344960769,-1.0644960759451398,0.0554357245950948,-0.8053274525625111,-0.1781567224201293,1,-0.2592574534946913,-0.2592574534946913,73.40778197288572,73.40778197288572,73.40778197288572,73.40778197288572,,,0.53,0.11,0.11,0.0,1.1958554733919189,0.8104148503332005,2.047198080074273,True,0.4871171268190917,0.396743827972153,,1.0,False,,1.0,False
20260927_103759_1243248,u2e1,1,393,SIDE_PLUS,1790476759.7481563,72.39748120307922,1790476759.8881562,True,False,True,True,258.0,True,72.570106,73.96807,SIDE_DISPATCH|RAW_SEED_ATTEMPT|PRE_TIMING_SEED|TIMED_SEED|SEED_ELIGIBILITY|PRE_LOS|POST_LOS|SOLVER_OK|FINAL_INPUT|COMPARATOR_WIN|SELECTED|COMMITTED,,,,,0.8333333333333333,0.1666666666666666,0.1398268295783692,73.84932327270508,74.3677818775177,74.53748106956482,0,PRE_LOS,1.0,0.43,,,True,72.53748106956482,74.535173,3.8972792346588063,-1.092596->+0.209155,-1.092595665023245,-1.1243242774061843,0.2091553049244905,-0.8712632973119461,-0.2156957095088421,1,-0.2588725664450331,-0.2588725664450331,73.40748106956526,73.40748106956526,73.40748106956526,73.40748106956526,,,0.53,0.13,0.13,0.0,1.1933152818268624,0.8663048099940829,2.932339039190053,True,0.7638384183437121,0.4964964023435522,,0.87,False,,0.87,False
20260927_103759_1243248,u3e1,2,138,SIDE_MINUS,1790476720.475147,33.12447190284729,1790476720.6333294,False,True,False,False,,False,,,SIDE_DISPATCH|RAW_SEED_ATTEMPT|PRE_TIMING_SEED|TIMED_SEED|SEED_ELIGIBILITY|PRE_LOS|POST_LOS|SOLVER_OK|FINAL_INPUT|JOINT_SEED|HANDOFF_REJECT,HANDOFF_REJECT,MISSED_FROZEN_ACTIVATION,,,0.0,0.0,0.0,-1790476687.350675,-1790476687.350675,-1790476687.350675,0,PRE_LOS,1.02,1.02,35.89265428543039,35.89265428543039,True,33.28265428543091,36.94106159362466,3.65840730819375,-1.051245->+2.530373,-1.0512450372962825,0.1909869873924264,2.530372772744545,-1.3103414254074337,1.1732006974022036,1,-0.5055779142363823,-0.5055779142363823,35.89265428543039,35.89265428543039,35.89265428543039,35.89265428543039,35.89265428543039,35.89265428543039,0.41,0.41,0.41,0.0,1.4285611194427712,0.6757991905267468,2.8559053514130417,True,0.3539332230680199,3.276470667566709,36.112654285430345,1.19,True,35.89265428543039,1.02,False
20260927_103759_1243248,u3e1,2,141,SIDE_MINUS,1790476720.7585616,33.40788650512695,1790476720.9382002,True,True,False,False,,False,,,SIDE_DISPATCH|RAW_SEED_ATTEMPT|PRE_TIMING_SEED|TIMED_SEED|SEED_ELIGIBILITY|PRE_LOS|POST_LOS|SOLVER_OK|FINAL_INPUT|JOINT_SEED|COMPARATOR_LOSS,,,,,0.0,0.0,0.0,-1790476687.350675,-1790476687.350675,35.58752512931824,0,PRE_LOS,1.01,1.01,35.88752512931778,35.88752512931778,True,33.58752512931824,37.002212,3.5875897400211527,-1.091516->+2.796001,-1.0915156871993623,0.2047818087889448,2.796000744280189,-1.2443392626535297,1.2696825569498371,1,-0.5090979782411392,-0.5090979782411392,35.88752512931778,35.88752512931778,35.88752512931778,35.88752512931778,35.88752512931778,35.88752512931778,0.4,0.4,0.4,0.0,1.4914672686789932,0.7127544560649566,2.8306491563329623,True,0.4649356472232313,3.258739328492032,36.11752512931773,1.19,True,35.88752512931778,1.01,False
20260927_103759_1243248,u3e1,2,144,SIDE_MINUS,1790476721.0141644,33.66348934173584,1790476721.1921237,True,True,True,True,121.0,True,33.871051,34.102271,SIDE_DISPATCH|RAW_SEED_ATTEMPT|PRE_TIMING_SEED|TIMED_SEED|SEED_ELIGIBILITY|PRE_LOS|POST_LOS|SOLVER_OK|FINAL_INPUT|JOINT_SEED|COMPARATOR_WIN|SELECTED|COMMITTED,,,,C3_HIGHER,1.0,0.5555555555555556,1.0360934164166542,34.849323987960815,35.687525033950806,35.84144854545593,0,PRE_LOS,1.0,1.0,36.0014485454555,36.0014485454555,True,33.84144854545593,37.002212,3.7101847142984345,-1.122507->+2.610383,-1.122506562845259,-0.0494275333774878,2.6103825909430767,-1.2214919268993965,1.2631441045096974,1,-0.5071164698288804,-0.5071164698288804,36.0014485454555,36.0014485454555,36.0014485454555,36.0014485454555,36.0014485454555,36.0014485454555,0.52,0.52,0.52,0.0,1.4400359266697018,0.6727913748906741,2.5937224951785,True,0.50004176127627,3.296448461780826,36.39144854545543,1.12,True,36.39144854545543,1.12,True
20260927_103759_1243248,u3e1,2,145,SIDE_PLUS,1790476721.0141644,33.66348934173584,1790476721.1921237,False,True,False,False,,False,,,SIDE_DISPATCH|RAW_SEED_ATTEMPT|PRE_TIMING_SEED|TIMED_SEED|SEED_ELIGIBILITY|PRE_LOS|POST_LOS|SOLVER_OK|FINAL_INPUT|JOINT_SEED|PREFLIGHT_REJECT,PREFLIGHT_REJECT,static map t=1.16667 occupancy=1 pos=-1.43182  2.39834  1.49974,,,0.0,0.0,0.0,-1790476687.350675,-1790476687.350675,-1790476687.350675,0,PRE_LOS,1.02,1.02,36.0114485454555,36.0114485454555,True,33.84144854545593,37.002212,3.792349818268743,-1.122507->+2.534249,-1.122506562845259,-0.0370766943220144,2.5342488699894123,-1.2214919268993965,1.21001385282797,1,-0.5064044811110584,-0.5064044811110584,36.0114485454555,36.0114485454555,36.0114485454555,36.0114485454555,36.0114485454555,36.0114485454555,0.53,0.53,0.53,0.0,1.3631519266457222,0.6947573533972675,2.470872345336043,True,0.4845472632160686,3.3091157895973744,36.39144854545543,1.12,True,35.67144854545557,0.86,False
20260927_103759_1243248,u3e1,2,147,SIDE_MINUS,1790476721.3048646,33.95418953895569,1790476721.477752,True,True,True,True,122.0,True,34.135511,34.636492,SIDE_DISPATCH|RAW_SEED_ATTEMPT|PRE_TIMING_SEED|TIMED_SEED|SEED_ELIGIBILITY|PRE_LOS|POST_LOS|SOLVER_OK|FINAL_INPUT|JOINT_SEED|COMPARATOR_WIN|SELECTED|COMMITTED,,,,C3_HIGHER,1.0,0.6363636363636364,1.4231867192600478,34.849323987960815,35.9414484500885,36.12707686424256,0,PRE_LOS,1.06,1.06,36.09707686424216,36.09707686424216,True,34.127076864242554,37.002212,3.768581388389422,-1.136233->+2.482617,-1.13623305082672,-0.1709692679096999,2.4826174826224885,-1.163616159076461,1.1257705976155474,1,-0.509518872730656,-0.509518872730656,36.09707686424216,36.09707686424216,36.09707686424216,36.09707686424216,36.09707686424216,36.09707686424216,0.61,0.61,0.61,0.0,1.41796743026248,0.6095133584508496,2.5562145314131763,True,0.5227352431189012,3.3553841055108027,36.337076864242114,0.87,False,36.337076864242114,0.87,False
20260927_103759_1243248,u3e1,2,148,SIDE_PLUS,1790476721.3048646,33.95418953895569,1790476721.477752,True,True,False,False,,False,,,SIDE_DISPATCH|RAW_SEED_ATTEMPT|PRE_TIMING_SEED|TIMED_SEED|SEED_ELIGIBILITY|PRE_LOS|POST_LOS|SOLVER_OK|FINAL_INPUT|JOINT_SEED|COMPARATOR_WIN,,,,D3_LOWER,1.0,0.1818181818181818,3.475126866161565,34.849323987960815,35.9414484500885,36.12707686424256,0,PRE_LOS,1.05,1.05,36.08707686424216,36.08707686424216,True,34.127076864242554,37.002212,3.853527003702001,-1.136233->+2.414600,-1.13623305082672,-0.1504492245112449,2.4146001653306106,-1.163616159076461,1.0793488858430749,1,-0.5060377625547748,-0.5060377625547748,36.08707686424216,36.08707686424216,36.08707686424216,36.08707686424216,36.08707686424216,36.08707686424216,0.6,0.6,0.6,0.0,1.3357185343803435,0.6335621942805917,1.995821342565364,True,0.5137107607943558,3.3687713703852005,36.337076864242114,0.87,False,35.76707686424223,0.86,False
20260927_103759_1243248,u3e1,2,151,SIDE_PLUS,1790476721.8433244,34.49264931678772,1790476722.0101378,True,True,False,False,,False,,,SIDE_DISPATCH|RAW_SEED_ATTEMPT|PRE_TIMING_SEED|TIMED_SEED|SEED_ELIGIBILITY|PRE_LOS|POST_LOS|SOLVER_OK|FINAL_INPUT|JOINT_SEED|COMPARATOR_LOSS,,,,OPPONENT_C3_HIGHER,1.0,0.3571428571428571,3.277265400165829,34.849323987960815,36.22707676887512,36.659462690353394,0,PRE_LOS,0.98,0.98,36.359462690353055,36.359462690353055,True,34.659462690353394,37.002212,4.019995006356442,-1.125120->+2.087092,-1.1251201430763138,-0.7604876190824328,2.0870921850932325,-1.0051514061339326,0.9469505066789516,1,-0.5032060330101927,-0.5032060330101927,36.359462690353055,36.359462690353055,36.359462690353055,36.359462690353055,36.359462690353055,36.359462690353055,0.88,0.88,0.88,0.0,1.4270687758979477,1.3405356129927852,7.255479679638229,True,0.7146630066927808,3.7508184043240345,36.359462690353055,0.98,False,36.09946269035311,0.81,False
20260927_103759_1243248,u3e1,2,154,SIDE_PLUS,1790476722.122595,34.77191996574402,1790476722.2845068,True,True,True,True,124.0,True,34.971546,35.203324,SIDE_DISPATCH|RAW_SEED_ATTEMPT|PRE_TIMING_SEED|TIMED_SEED|SEED_ELIGIBILITY|PRE_LOS|POST_LOS|SOLVER_OK|FINAL_INPUT|JOINT_SEED|COMPARATOR_WIN|SELECTED|COMMITTED,,,,D3_LOWER,1.0,0.375,3.6667737030830088,34.93383169174194,36.5493233203888,36.93383169174194,0,PRE_LOS,0.98,0.98,36.36383169174166,36.36383169174166,True,34.93383169174194,37.002212,3.587185616473384,-1.127750->+2.187414,-1.127750346089067,-0.780240101591767,2.1874144157636985,-1.0082402211657744,1.0878787072761529,1,-0.508179307755556,-0.508179307755556,36.36383169174166,36.36383169174166,36.36383169174166,36.36383169174166,36.36383169174166,36.36383169174166,0.88,0.88,0.88,0.0,1.771010590080312,1.2294773170919613,3.6478171979856153,True,0.7644899112575301,3.62473562146915,36.32383169174167,0.92,False,36.32383169174167,0.92,False
20260927_103759_1243248,u3e1,2,157,SIDE_PLUS,1790476722.4120874,35.06141233444214,1790476722.5692832,True,True,True,True,125.0,True,35.236046,35.435914,SIDE_DISPATCH|RAW_SEED_ATTEMPT|PRE_TIMING_SEED|TIMED_SEED|SEED_ELIGIBILITY|PRE_LOS|POST_LOS|SOLVER_OK|FINAL_INPUT|JOINT_SEED|COMPARATOR_WIN|SELECTED|COMMITTED,,,,,1.0,0.2307692307692307,3.7486083429373407,35.218608140945435,36.5493233203888,37.21860814094544,0,PRE_LOS,1.06,1.06,,,True,35.218608140945435,37.002212,3.756602522385645,-1.042006->+1.736920,-1.0420058456200882,-0.8182136118211596,1.736919906350733,-0.9515117934755184,0.8723946093139257,1,-0.5080459234128569,-0.5080459234128569,36.45860814094519,36.45860814094519,36.45860814094519,36.45860814094519,36.45860814094519,36.45860814094519,0.93,0.93,0.93,0.0,1.476687495183687,1.2123113721111387,3.5970419065020147,True,0.7712497974246268,3.638538576999246,36.3786081409452,0.98,False,36.3786081409452,0.98,False
20260927_103759_1243248,u3e1,2,159,SIDE_MINUS,1790476722.664488,35.31381297111511,1790476722.8186138,False,True,False,False,,False,,,SIDE_DISPATCH|RAW_SEED_ATTEMPT|PRE_TIMING_SEED|TIMED_SEED|SEED_ELIGIBILITY|PRE_LOS|POST_LOS|SOLVER_OK|FINAL_INPUT|JOINT_SEED|PREFLIGHT_REJECT,PREFLIGHT_REJECT,DYNAMICS_FAIL,,,0.0,0.0,0.0,-1790476687.350675,-1790476687.350675,-1790476687.350675,0,PRE_LOS,0.88,0.88,36.34793866157514,36.34793866157514,True,35.46793866157532,37.002212,2.956140348987525,-0.827195->+1.850471,-0.8271945641682383,-0.8126305114611505,1.850471013352018,-0.801206736754412,1.6533565069001157,1,-0.5045411646972527,-0.5045411646972527,36.34793866157514,36.34793866157514,36.34793866157514,36.34793866157514,36.34793866157514,36.34793866157514,0.87,0.87,0.87,0.0,2.120235937993204,1.845663053437078,5.260291592892934,True,0.6581025951052177,2.886521041587991,36.36793866157514,0.9,False,,0.55,False
20260927_103759_1243248,u3e1,2,160,SIDE_PLUS,1790476722.664488,35.31381297111511,1790476722.8186138,False,True,False,False,,False,,,SIDE_DISPATCH|RAW_SEED_ATTEMPT|PRE_TIMING_SEED|TIMED_SEED|SEED_ELIGIBILITY|PRE_LOS|POST_LOS|SOLVER_OK|FINAL_INPUT|JOINT_SEED|PREFLIGHT_REJECT,PREFLIGHT_REJECT,DYNAMICS_FAIL,,,0.0,0.0,0.0,-1790476687.350675,-1790476687.350675,-1790476687.350675,0,PRE_LOS,0.9,0.9,36.36793866157514,36.36793866157514,True,35.46793866157532,37.002212,3.088125260768863,-0.827195->+1.758275,-0.8271945641682383,-0.8126305896240743,1.7582752357249487,-0.801206736754412,1.525622179651143,1,-0.5083045818216736,-0.5083045818216736,36.36793866157514,36.36793866157514,36.36793866157514,36.36793866157514,36.36793866157514,36.36793866157514,0.89,0.89,0.89,0.0,1.9767445277089304,1.7547330127819336,4.6435332207994575,True,0.6567128763687793,2.9776852855908773,36.36793866157514,0.9,False,,1.14,False
20260927_103759_1243248,u3e1,2,162,SIDE_MINUS,1790476722.9422064,35.59153127670288,1790476723.0931845,False,True,False,False,,False,,,SIDE_DISPATCH|RAW_SEED_ATTEMPT|PRE_TIMING_SEED|TIMED_SEED|SEED_ELIGIBILITY|PRE_LOS|POST_LOS|SOLVER_OK|FINAL_INPUT|JOINT_SEED|PREFLIGHT_REJECT,PREFLIGHT_REJECT,DYNAMICS_FAIL,,,0.0,0.0,0.0,-1790476687.350675,-1790476687.350675,-1790476687.350675,0,PRE_LOS,0.63,0.63,36.37250936508166,36.37250936508166,True,35.74250936508179,37.002212,2.927630014966081,-0.405721->+1.691886,-0.4057212828247142,-0.4057212828247142,1.691885712309286,-0.381896740262567,1.585316822845503,1,-0.5049193050100487,-0.5049193050100487,36.37250936508166,36.37250936508166,36.37250936508166,36.37250936508166,36.37250936508166,36.37250936508166,0.63,0.63,0.63,0.0,1.829971900102632,1.717881820709776,4.6239909141850974,True,0.66198795833934,3.075378628438385,36.38250936508166,0.64,False,,0.63,False
20260927_103759_1243248,u3e1,2,163,SIDE_PLUS,1790476722.9422064,35.59153127670288,1790476723.0931845,False,True,False,False,,False,,,SIDE_DISPATCH|RAW_SEED_ATTEMPT|PRE_TIMING_SEED|TIMED_SEED|SEED_ELIGIBILITY|PRE_LOS|POST_LOS|SOLVER_OK|FINAL_INPUT|JOINT_SEED|PREFLIGHT_REJECT,PREFLIGHT_REJECT,DYNAMICS_FAIL,,,0.0,0.0,0.0,-1790476687.350675,-1790476687.350675,-1790476687.350675,0,PRE_LOS,0.64,0.64,36.38250936508166,36.38250936508166,True,35.74250936508179,37.002212,3.0546780236436897,-0.405721->+1.649789,-0.4057212828247142,-0.4057212828247142,1.649789467891272,-0.381896740262567,1.5129606283178216,1,-0.5046035471585795,-0.5046035471585795,36.38250936508166,36.38250936508166,36.38250936508166,36.38250936508166,36.38250936508166,36.38250936508166,0.64,0.64,0.64,0.0,1.7211552223147468,1.717881820709776,4.008624242616529,True,0.6628773709036784,3.136232025144044,36.38250936508166,0.64,False,,0.66,False
20260927_103759_1243248,u3e1,2,165,SIDE_MINUS,1790476723.232949,35.88227391242981,1790476723.3814788,False,True,False,False,,False,,,SIDE_DISPATCH|RAW_SEED_ATTEMPT|PRE_TIMING_SEED|TIMED_SEED|SEED_ELIGIBILITY|PRE_LOS|POST_LOS|SOLVER_OK|FINAL_INPUT|JOINT_SEED|PREFLIGHT_REJECT,PREFLIGHT_REJECT,DYNAMICS_FAIL,,,0.0,0.0,0.0,-1790476687.350675,-1790476687.350675,-1790476687.350675,0,PRE_LOS,0.35,0.35,36.38080368041985,36.38080368041985,True,36.03080368041992,37.002212,2.923152074052973,+0.174421->+1.792378,0.174420967472376,0.174420967472376,1.7923781746165262,0.1988601074967354,1.8058725441607968,0,-0.4178568720179079,-0.4178568720179079,36.38080368041985,36.38080368041985,36.38080368041985,36.38080368041985,36.38080368041985,36.38080368041985,0.35,0.35,0.35,0.0,2.11285931424715,1.246657232072619,5.292773240910024,True,0.6646471825138858,3.0802437388201245,36.38080368041985,0.35,False,,0.59,False
20260927_103759_1243248,u3e1,2,166,SIDE_PLUS,1790476723.232949,35.88227391242981,1790476723.3814788,False,True,False,False,,False,,,SIDE_DISPATCH|RAW_SEED_ATTEMPT|PRE_TIMING_SEED|TIMED_SEED|SEED_ELIGIBILITY|PRE_LOS|POST_LOS|SOLVER_OK|FINAL_INPUT|JOINT_SEED|PREFLIGHT_REJECT,PREFLIGHT_REJECT,DYNAMICS_FAIL,,,0.0,0.0,0.0,-1790476687.350675,-1790476687.350675,-1790476687.350675,0,PRE_LOS,0.35,0.35,36.38080368041985,36.38080368041985,True,36.03080368041992,37.002212,3.055247175963833,+0.174421->+1.755967,0.174420967472376,0.174420967472376,1.7559670829704292,0.1988601074967354,1.755823706866246,0,-0.4178568720179079,-0.4178568720179079,36.38080368041985,36.38080368041985,36.38080368041985,36.38080368041985,36.38080368041985,36.38080368041985,0.35,0.35,0.35,0.0,1.9649101001530287,1.0648579429939096,4.591183685505417,True,0.6646371217843066,3.1152023589372204,36.38080368041985,0.35,False,,0.3,False
20260927_103759_1243248,u3e1,2,168,SIDE_MINUS,1790476723.4969814,36.14630627632141,1790476723.643473,False,True,False,False,,False,,,SIDE_DISPATCH|RAW_SEED_ATTEMPT|PRE_TIMING_SEED|TIMED_SEED|SEED_ELIGIBILITY|PRE_LOS|POST_LOS|SOLVER_OK|FINAL_INPUT|JOINT_SEED|PREFLIGHT_REJECT,PREFLIGHT_REJECT,DYNAMICS_FAIL,,,0.0,0.0,0.0,-1790476687.350675,-1790476687.350675,-1790476687.350675,0,PRE_LOS,0.09,0.09,36.38279756546019,36.38279756546019,True,36.292797565460205,37.002212,2.859323868808396,+0.691122->+1.744436,0.6911223153294175,0.6911223153294175,1.744435509533852,0.7317453781685093,1.81337174110396,0,-0.1212613928093388,-0.1212613928093388,36.38279756546019,36.38279756546019,36.38279756546019,36.38279756546019,36.38279756546019,36.38279756546019,0.09,0.09,0.09,0.0,2.0698159496589303,1.1864077703983162,5.039792257199195,True,0.6764098106484093,3.12238215738224,36.38279756546019,0.09,False,,0.41,False
20260927_103759_1243248,u3e1,2,169,SIDE_PLUS,1790476723.4969814,36.14630627632141,1790476723.643473,True,True,True,True,129.0,True,36.307855,36.570138,SIDE_DISPATCH|RAW_SEED_ATTEMPT|PRE_TIMING_SEED|TIMED_SEED|SEED_ELIGIBILITY|PRE_LOS|POST_LOS|SOLVER_OK|FINAL_INPUT|JOINT_SEED|COMPARATOR_WIN|SELECTED|COMMITTED,,,,D3_LOWER,1.0,0.6666666666666666,0.0700956160664046,36.292797565460205,36.54932475090027,38.292797565460205,0,PRE_LOS,0.09,0.09,36.38279756546019,36.38279756546019,True,36.292797565460205,37.002212,2.996735263321784,+0.691122->+1.725492,0.6911223153294175,0.6911223153294175,1.725492039287959,0.7317453781685093,1.7905532739106884,0,-0.1212613928093388,-0.1212613928093388,36.38279756546019,36.38279756546019,36.38279756546019,36.38279756546019,36.38279756546019,36.38279756546019,0.09,0.09,0.09,0.0,1.9213267621149344,0.9917814114687616,4.347908824232953,True,0.6764098106484093,3.1361363251006718,36.38279756546019,0.09,False,36.38279756546019,0.09,False
20260927_103759_1243248,u3e2,2,348,SIDE_MINUS,1790476755.7555754,68.4049003124237,1790476755.8955753,True,True,True,True,247.0,True,68.569152,68.802698,SIDE_DISPATCH|RAW_SEED_ATTEMPT|PRE_TIMING_SEED|TIMED_SEED|SEED_ELIGIBILITY|PRE_LOS|POST_LOS|SOLVER_OK|FINAL_INPUT|JOINT_SEED|COMPARATOR_WIN|SELECTED|COMMITTED,,,,,0.0,0.0,0.0,-1790476687.350675,-1790476687.350675,70.5449001789093,0,PRE_LOS,1.57,1.57,,,True,68.5449001789093,71.8070127581494,3.262112579240098,-1.672206->+0.680132,-1.672206163024479,-1.4175152997528253,0.6801322391489277,-2.442380348841759,-0.0968028674767342,1,-0.5097305282738421,-0.5097305282738421,70.24490017891017,70.86490017891049,,,,,1.19,1.19,1.19,0.0,1.5431229685012562,0.9457575822032552,6.019519163276589,True,0.7539481247286806,1.1341136727387362,,1.39,False,,1.39,False
20260927_103759_1243248,u3e2,2,357,SIDE_MINUS,1790476756.4231205,69.07244515419006,1790476756.56977,False,True,False,False,,False,,,SIDE_DISPATCH|RAW_SEED_ATTEMPT|PRE_TIMING_SEED|TIMED_SEED|SEED_ELIGIBILITY|PRE_LOS|POST_LOS|SOLVER_OK|FINAL_INPUT|JOINT_SEED|PREFLIGHT_REJECT,PREFLIGHT_REJECT,DYNAMICS_FAIL,,,0.0,0.0,0.0,-1790476687.350675,-1790476687.350675,-1790476687.350675,0,PRE_LOS,1.36,1.36,,,True,69.21909475326538,72.036267,3.2431942151079323,-1.875707->+1.203632,-1.875707208311008,-1.6440520778680787,1.2036319164588327,-2.312303279114584,0.8737173924824174,1,-0.5053143874496713,-0.5053143874496713,70.2390947532659,70.2390947532659,,,,,1.06,1.06,1.06,0.0,1.6712921246568169,1.1289411480033609,5.282596773572162,True,0.3506429674283188,1.1056023198089349,,1.55,False,,1.2,False
20260927_103759_1243248,u3e2,2,360,SIDE_MINUS,1790476756.5923102,69.24163508415222,1790476756.7364376,False,True,False,False,,False,,,SIDE_DISPATCH|RAW_SEED_ATTEMPT|PRE_TIMING_SEED|TIMED_SEED|SEED_ELIGIBILITY|PRE_LOS|POST_LOS|SOLVER_OK|FINAL_INPUT|JOINT_SEED|HANDOFF_REJECT,HANDOFF_REJECT,MISSED_FROZEN_ACTIVATION,,,0.0,0.0,0.0,-1790476687.350675,-1790476687.350675,-1790476687.350675,0,PRE_LOS,1.23,1.23,,,True,69.38576245307922,72.036267,2.901303581297819,-1.908241->+1.824332,-1.9082408967932287,-1.5139894061356127,1.824331941738044,-2.232323114944351,1.6350877915538484,1,-0.5077437585553483,-0.5077437585553483,70.23576245307966,70.23576245307966,71.47576245308029,71.47576245308029,71.47576245308029,71.47576245308029,1.2,1.2,1.2,0.0,2.0115659147014004,1.4697911759311515,7.155858742810348,True,0.3100959242029202,1.17155510651313,,1.42,False,,0.86,False
20260927_103759_1243248,u3e2,2,366,SIDE_MINUS,1790476756.815899,69.46522355079651,1790476756.9727652,False,True,False,False,,False,,,SIDE_DISPATCH|RAW_SEED_ATTEMPT|PRE_TIMING_SEED|TIMED_SEED|SEED_ELIGIBILITY|PRE_LOS|POST_LOS|SOLVER_OK|FINAL_INPUT|JOINT_SEED|HANDOFF_REJECT,HANDOFF_REJECT,MISSED_FROZEN_ACTIVATION,,,0.0,0.0,0.0,-1790476687.350675,-1790476687.350675,-1790476687.350675,0,PRE_LOS,1.16,1.16,71.36209010124296,71.36209010124296,True,69.62209010124207,72.036267,2.52228206183904,-1.900059->+1.960928,-1.9000587346533344,-1.4111728245847912,1.9609278354405,-2.103754941774273,1.6888819963791364,1,-0.509534471989298,-0.509534471989298,70.24209010124238,70.69209010124261,71.36209010124296,71.36209010124296,71.36209010124296,71.36209010124296,1.11,1.11,1.11,0.0,2.1037069234808885,1.7988147967363983,7.129760189031416,True,0.302318904933159,1.151299575003029,,1.26,True,71.39209010124297,0.74,False
20260927_103759_1243248,u3e2,2,369,SIDE_MINUS,1790476756.947714,69.5970389842987,1790476757.1109698,False,True,False,False,,False,,,SIDE_DISPATCH|RAW_SEED_ATTEMPT|PRE_TIMING_SEED|TIMED_SEED|SEED_ELIGIBILITY|PRE_LOS|POST_LOS|SOLVER_OK|FINAL_INPUT|JOINT_SEED|HANDOFF_REJECT,HANDOFF_REJECT,MISSED_FROZEN_ACTIVATION,,,0.0,0.0,0.0,-1790476687.350675,-1790476687.350675,-1790476687.350675,0,PRE_LOS,1.14,1.14,71.33029467582783,71.33029467582783,True,69.76029467582703,72.036267,2.541031448883223,-1.841215->+2.166658,-1.8412154577391608,-1.379934474000139,2.1666582311141696,-1.9755101214091573,1.8924883381230504,1,-0.5073444768888559,-0.5073444768888559,70.24029467582727,70.67029467582749,71.33029467582783,71.33029467582783,71.33029467582783,71.33029467582783,1.08,1.08,1.08,0.0,2.14399883599053,1.8977128600893176,5.616913555651791,True,0.2665178232411746,1.1252242195120978,71.39029467582786,1.2,True,71.32029467582782,0.72,False
20260927_103759_1243248,u3e2,2,372,SIDE_MINUS,1790476757.0574253,69.70675015449524,1790476757.2253168,False,True,False,False,,False,,,SIDE_DISPATCH|RAW_SEED_ATTEMPT|PRE_TIMING_SEED|TIMED_SEED|SEED_ELIGIBILITY|PRE_LOS|POST_LOS|SOLVER_OK|FINAL_INPUT|JOINT_SEED|HANDOFF_REJECT,HANDOFF_REJECT,MISSED_FROZEN_ACTIVATION,,,0.0,0.0,0.0,-1790476687.350675,-1790476687.350675,-1790476687.350675,0,PRE_LOS,1.12,1.12,71.31464165687635,71.31464165687635,True,69.87464165687561,72.036267,2.411380676915432,-1.765965->+2.188736,-1.7659650960618962,-1.3640383357485788,2.188735584840276,-1.8578081467223144,1.864444112304274,1,-0.5025323286426722,-0.5025323286426722,70.2446416568758,70.65464165687601,71.31464165687635,71.31464165687635,71.31464165687635,71.31464165687635,1.05,1.05,1.05,0.0,2.163267842964678,1.8007826258451256,5.669681968092762,True,0.2358450481428016,1.1026749457097609,71.35464165687637,1.17,True,71.28464165687633,0.87,False
20260927_103759_1243248,u3e2,2,378,SIDE_MINUS,1790476757.2908633,69.94018816947937,1790476757.4670131,False,True,False,False,,False,,,SIDE_DISPATCH|RAW_SEED_ATTEMPT|PRE_TIMING_SEED|TIMED_SEED|SEED_ELIGIBILITY|PRE_LOS|POST_LOS|SOLVER_OK|FINAL_INPUT|JOINT_SEED|PREFLIGHT_REJECT,PREFLIGHT_REJECT,DYNAMICS_FAIL,,,0.0,0.0,0.0,-1790476687.350675,-1790476687.350675,-1790476687.350675,0,PRE_LOS,1.13,1.13,71.31633801460328,71.31633801460328,True,70.11633801460266,72.036267,2.309356873981276,-1.517452->+2.293196,-1.5174523986356652,-1.3587893374849886,2.29319599946346,-1.509283232040959,1.9827086666959288,1,-0.5056364813846261,-0.5056364813846261,70.23633801460272,70.66633801460294,71.31633801460328,71.31633801460328,71.31633801460328,71.31633801460328,1.07,1.07,1.07,0.0,2.172096958448224,1.3852814985644386,5.474042126821264,True,0.2082109669364957,1.0847728966683188,71.3563380146033,1.17,True,,0.48,False
20260927_103759_1243248,u3e2,2,379,SIDE_PLUS,1790476757.2908633,69.94018816947937,1790476757.4670131,False,False,False,False,,False,,,SIDE_DISPATCH|RAW_SEED_ATTEMPT|PRE_TIMING_SEED|TIMED_SEED|SEED_ELIGIBILITY|PRE_LOS|POST_LOS|SOLVER_OK|FINAL_INPUT|JOINT_SEED|PREFLIGHT_REJECT,PREFLIGHT_REJECT,DYNAMICS_FAIL,,,0.0,0.0,0.0,-1790476687.350675,-1790476687.350675,-1790476687.350675,0,PRE_LOS,1.13,1.13,71.31633801460328,71.31633801460328,True,70.11633801460266,72.036267,2.3273698592369114,-1.517452->+2.275242,-1.5174523986356652,-1.358966145929032,2.275242029525869,-1.509283232040959,1.965345823664072,1,-0.5084935613121807,-0.5084935613121807,70.23633801460272,70.66633801460294,71.31633801460328,71.31633801460328,71.31633801460328,71.31633801460328,1.07,1.07,1.07,0.0,2.165417873306856,1.3241379917177905,6.663767941451557,True,0.2365922070245348,1.086594714045749,71.3563380146033,1.17,True,,1.18,True
20260927_103759_1243248,u3e2,2,381,SIDE_MINUS,1790476757.553428,70.20275282859802,1790476757.7237473,False,True,False,False,,False,,,SIDE_DISPATCH|RAW_SEED_ATTEMPT|PRE_TIMING_SEED|TIMED_SEED|SEED_ELIGIBILITY|PRE_LOS|POST_LOS|SOLVER_OK|FINAL_INPUT|JOINT_SEED|PREFLIGHT_REJECT,PREFLIGHT_REJECT,DYNAMICS_FAIL,,,0.0,0.0,0.0,-1790476687.350675,-1790476687.350675,-1790476687.350675,0,PRE_LOS,0.96,0.96,71.34307214736988,71.34307214736988,True,70.37307214736938,72.036267,2.328172234608357,-1.154526->+2.223947,-1.154525554439959,-1.154525554439959,2.2239467623892746,-1.0335845577255671,2.0068963867585583,1,-0.5062067611957419,-0.5062067611957419,70.37307214736938,70.67307214736954,71.34307214736988,71.34307214736988,71.34307214736988,71.34307214736988,0.96,0.96,0.96,0.0,2.026491041421507,1.0426654372643962,5.813792323838757,True,0.2132523165877325,1.0939658059422923,71.3830721473699,1.0,True,,0.6,False
20260927_103759_1243248,u3e2,2,382,SIDE_PLUS,1790476757.553428,70.20275282859802,1790476757.7237473,False,True,False,False,,False,,,SIDE_DISPATCH|RAW_SEED_ATTEMPT|PRE_TIMING_SEED|TIMED_SEED|SEED_ELIGIBILITY|PRE_LOS|POST_LOS|SOLVER_OK|FINAL_INPUT|JOINT_SEED|PREFLIGHT_REJECT,PREFLIGHT_REJECT,DYNAMICS_FAIL,,,0.0,0.0,0.0,-1790476687.350675,-1790476687.350675,-1790476687.350675,0,PRE_LOS,0.98,0.98,71.36307214736989,71.36307214736989,True,70.37307214736938,72.036267,2.4285723267169894,-1.154526->+2.111057,-1.154525554439959,-1.154525554439959,2.111057397317809,-1.0335845577255671,1.9052719437110524,1,-0.5092435919759638,-0.5092435919759638,70.37307214736938,70.67307214736954,71.36307214736989,71.36307214736989,71.36307214736989,71.36307214736989,0.98,0.98,0.98,0.0,1.9856469895763769,0.9808968840049338,6.4358209495611725,True,0.2087062731239157,1.0939658059422923,71.3830721473699,1.0,False,,0.7000000000000001,False
20260927_103759_1243248,u3e2,2,393,SIDE_MINUS,1790476758.6824734,71.33179831504822,1790476758.835421,True,True,False,False,,False,,,SIDE_DISPATCH|RAW_SEED_ATTEMPT|PRE_TIMING_SEED|TIMED_SEED|SEED_ELIGIBILITY|PRE_LOS|POST_LOS|SOLVER_OK|FINAL_INPUT|JOINT_SEED|COMPARATOR_LOSS,,,,K2_BASELINE_UNAVAILABLE,0.0,0.0,0.0,71.48474597930908,71.54932475090027,73.48474597930908,0,PRE_LOS,0.0,0.0,,,True,71.48474597930908,72.036267,2.912639958559528,+0.886725->+1.638327,0.886725411705599,0.886725411705599,1.6383265264124214,0.2464125736550992,0.6315773610904197,0,0.070032144200647,0.070032144200647,71.48474597930908,71.48474597930908,71.48474597930908,71.48474597930908,71.48474597930908,71.48474597930908,0.0,0.0,0.0,0.0,1.2800309329256605,1.0137578573821375,2.5453415096716983,True,0.7016963524683395,1.880556850278476,,0.0,False,,0.0,False
20260927_103759_1243248,u3e3,2,393,SIDE_MINUS,1790476758.6824734,71.33179831504822,1790476758.835421,True,True,False,False,,False,,,SIDE_DISPATCH|RAW_SEED_ATTEMPT|PRE_TIMING_SEED|TIMED_SEED|SEED_ELIGIBILITY|PRE_LOS|POST_LOS|SOLVER_OK|FINAL_INPUT|JOINT_SEED|COMPARATOR_LOSS,,,,K2_BASELINE_UNAVAILABLE,0.0,0.0,0.0,71.48474597930908,71.54932475090027,73.48474597930908,0,PRE_LOS,1.07,1.07,,,False,71.48474597930908,74.3973859378686,2.912639958559528,-1.364708->+1.789340,-1.3647077490437989,-0.5780437257167794,1.7893398488012673,-1.5074584971436185,-0.1451782196790437,1,-0.3580586049470914,-0.3580586049470914,74.2447459793105,74.2447459793105,,,,,0.86,0.86,0.86,0.0,1.2800309329256605,1.0137578573821375,2.5453415096716983,True,0.7016963524683395,1.880556850278476,,1.08,False,,1.07,False
20260927_103759_1243248,u3e3,2,396,SIDE_MINUS,1790476758.940019,71.58934378623962,1790476759.0890307,True,True,False,False,,False,,,SIDE_DISPATCH|RAW_SEED_ATTEMPT|PRE_TIMING_SEED|TIMED_SEED|SEED_ELIGIBILITY|PRE_LOS|POST_LOS|SOLVER_OK|FINAL_INPUT|JOINT_SEED|COMPARATOR_LOSS,,,,OPPONENT_D3_LOWER,1.0,0.3333333333333333,0.832269610262744,73.04932355880737,73.58474588394165,73.73835563659668,0,PRE_LOS,1.06,1.06,,,True,71.73835563659668,74.60544802833014,2.8670923917334585,-1.232422->+2.073348,-1.2324224649967992,-0.6299210295958824,2.073348103278736,-1.3103225824917402,-0.0268969648120348,1,-0.3574235170669171,-0.3574235170669171,74.28835563659798,74.28835563659798,74.28835563659798,74.28835563659798,,74.28835563659798,0.87,0.87,0.87,0.0,1.1199966803722674,0.7831606782906263,2.414956351602826,True,0.6943405187420845,2.0169972403548337,,1.07,False,,1.06,False
20260927_103759_1243248,u3e3,2,399,SIDE_MINUS,1790476759.2276292,71.87695407867432,1790476759.3725982,True,True,True,True,256.0,True,72.036059,72.276188,SIDE_DISPATCH|RAW_SEED_ATTEMPT|PRE_TIMING_SEED|TIMED_SEED|SEED_ELIGIBILITY|PRE_LOS|POST_LOS|SOLVER_OK|FINAL_INPUT|JOINT_SEED|COMPARATOR_WIN|SELECTED|COMMITTED,,,,C3_HIGHER,1.0,0.375,1.488214042621098,73.04932355880737,73.83835554122925,74.02192306518555,0,PRE_LOS,1.07,1.07,,,True,72.02192306518555,74.70227899999999,2.7257717910127117,-1.114354->+2.123287,-1.1143541583721337,-0.645289968442213,2.123287476267844,-1.1233592688647438,-0.0583648191641512,1,-0.3583170445358642,-0.3583170445358642,73.24192306518617,73.24192306518617,74.33192306518673,74.33192306518673,,74.33192306518673,0.85,0.85,0.85,0.0,1.0630635845072145,0.5840874837216052,2.0990320052935227,True,0.6865302849290011,2.1242460785387243,,1.07,False,,1.07,False
20260927_103759_1243248,u3e3,2,402,SIDE_MINUS,1790476759.5045128,72.15383768081665,1790476759.6473165,True,True,True,True,257.0,True,72.305451,72.536313,SIDE_DISPATCH|RAW_SEED_ATTEMPT|PRE_TIMING_SEED|TIMED_SEED|SEED_ELIGIBILITY|PRE_LOS|POST_LOS|SOLVER_OK|FINAL_INPUT|JOINT_SEED|COMPARATOR_WIN|SELECTED|COMMITTED,,,,D3_LOWER,0.9090909090909092,0.1818181818181818,2.812941605487897,73.04932355880737,74.12192296981812,74.29664134979248,0,PRE_LOS,1.05,1.05,,,True,72.29664134979248,74.70227899999999,2.406589530936383,-1.019423->+2.113134,-1.0194230879928363,-0.605611078689572,2.11313431886647,-0.9766352454099456,0.1082509648877215,1,-0.3581618362003312,-0.3581618362003312,74.2766413497935,74.2766413497935,74.2766413497935,74.2766413497935,,74.2766413497935,0.86,0.86,0.86,0.0,1.0685614916002502,0.431846359965494,2.0160121595910327,True,0.6827495230781087,2.191056021114931,,1.05,False,,1.05,False
20260927_103759_1243248,u3e3,2,405,SIDE_MINUS,1790476759.7614694,72.41079425811768,1790476759.901579,True,True,True,True,258.0,True,72.570106,72.803205,SIDE_DISPATCH|RAW_SEED_ATTEMPT|PRE_TIMING_SEED|TIMED_SEED|SEED_ELIGIBILITY|PRE_LOS|POST_LOS|SOLVER_OK|FINAL_INPUT|JOINT_SEED|COMPARATOR_WIN|SELECTED|COMMITTED,,,,D3_LOWER,0.8571428571428571,0.1428571428571428,3.0550598099735846,73.04932355880737,74.39664125442505,74.55090355873108,0,PRE_LOS,1.04,1.04,,,True,72.55090355873108,74.64483489547212,2.0939313367410373,-0.937195->+2.063358,-0.9371951863718978,-0.5837912119794083,2.063358230759452,-0.8677928144363568,0.1757784367380106,1,-0.3590926118386484,-0.3590926118386484,74.25090355873195,74.25090355873195,74.25090355873195,74.25090355873195,,74.25090355873195,0.87,0.87,0.87,0.0,1.092116153670214,0.4803977315747424,2.0036554451090978,True,0.682509700864312,2.2346283590526386,,1.04,False,,1.04,False
