run,episode,drone,candidate,kind,batch,batch_s,activation,hard_safe,seed_eligible,selected,committed,trajectory_id,executed,execution_begin,execution_end,stages,first_reject,reject_reason,solver_reason,comparator_reason,K2,C3,D3,comparison_begin,comparison_end,checked_until,fallback,stage,common_K3_loss_seconds,common_self_loss_seconds,sustained_recovery_time,sustained_K3_recovery_time,common_window_covered,begin,end,duration,actual_geometric_side,side_start,side_at_loss,side_end,production_frame_side_start,production_frame_side_end,axis_crossings,min_shadow_clearance,min_all_los_clearance,shadow_exit_time,first_binary_recovery_time,first_persistent_recovery_time,persistent_02,persistent_05,first_persistent_K3_recovery_time,K3_loss_seconds,self_loss_seconds,LOS_loss_seconds,fov_loss_seconds,max_v,max_a,max_j,pvaj_strict_ok,body_static_clearance,body_dynamic_clearance,refrecovery,refloss,faster,sustained_recovery_time_final,common_K3_loss_seconds_final,collapsed
20260927_103759_1243248,u1e1,0,25,SIDE_PLUS,1790476693.5079944,6.157319307327271,1790476693.6479945,True,True,False,False,,False,,,SIDE_DISPATCH|RAW_SEED_ATTEMPT|PRE_TIMING_SEED|TIMED_SEED|SEED_ELIGIBILITY|PRE_LOS|POST_LOS|SOLVER_OK|FINAL_INPUT|JOINT_SEED|COMPARATOR_LOSS,,,,,0.0,0.0,0.0,-1790476687.350675,-1790476687.350675,8.297319173812866,0,TIMED_SEED,0.86,0.86,,,True,6.297319173812866,9.40255,4.684726530813796,+1.390926->-2.254723,1.390925756623728,1.3974718488713764,-2.2547229690341686,1.4866289144160858,1.2621337065589031,1,-0.3754078407650731,-0.3754078407650731,8.00731917381283,8.00731917381283,9.037319173812808,9.037319173812808,,9.037319173812808,0.63,0.63,0.63,0.0,1.2246481607990003,0.919941584194182,3.631496773369072,True,1.1137984714882192,5.567304099233171,8.807319173812813,0.87,False,8.807319173812813,0.84,False
20260927_103759_1243248,u1e1,0,26,SIDE_MINUS,1790476693.5079944,6.157319307327271,1790476693.6479945,True,True,False,False,,False,,,SIDE_DISPATCH|RAW_SEED_ATTEMPT|PRE_TIMING_SEED|TIMED_SEED|SEED_ELIGIBILITY|SOLVER_OK|FINAL_INPUT|JOINT_SEED|COMPARATOR_LOSS,,,,,0.0,0.0,0.0,-1790476687.350675,-1790476687.350675,8.297319173812866,0,TIMED_SEED,0.95,0.95,8.587319173812817,8.587319173812817,True,6.297319173812866,9.40255,4.684726530813796,+1.390926->-2.120295,1.390925756623728,0.0735718035047004,-2.120294743027765,1.4866289144160858,0.0231999962901331,1,-0.3763355786627067,-0.3763355786627067,8.587319173812817,8.587319173812817,8.587319173812817,8.587319173812817,8.587319173812817,8.587319173812817,0.58,0.58,0.58,0.0,1.3022566654188354,0.9197819668243722,4.004383380888713,True,0.6224466980446401,5.567304099233171,8.807319173812813,0.87,False,8.807319173812813,0.87,False
20260927_103759_1243248,u1e1,0,28,SIDE_PLUS,1790476693.7632046,6.412529468536377,1790476693.9032044,True,True,True,True,25.0,True,6.569491,6.835735,SIDE_DISPATCH|RAW_SEED_ATTEMPT|PRE_TIMING_SEED|TIMED_SEED|SEED_ELIGIBILITY|PRE_LOS|POST_LOS|SOLVER_OK|FINAL_INPUT|JOINT_SEED|COMPARATOR_WIN|SELECTED|COMMITTED,,,,D3_LOWER,1.0,0.4,0.7405357091261728,7.949323654174805,8.397319078445435,8.552529335021973,0,TIMED_SEED,0.91,0.91,,,True,6.552529335021973,9.40255,4.776418946651225,+1.366765->-2.253836,1.3667646930430968,1.2760383734830691,-2.253835585636768,1.4313527151083665,1.3930033181797852,1,-0.3799924028891773,-0.3799924028891773,8.012529335021942,8.012529335021942,9.04252933502192,9.04252933502192,,9.04252933502192,0.68,0.68,0.68,0.0,1.2193748378097966,0.8729588096950975,3.4129883880819003,True,1.062462065064634,5.701649746473135,8.812529335021924,0.84,False,8.812529335021924,0.84,False
20260927_103759_1243248,u1e1,0,29,SIDE_MINUS,1790476693.7632046,6.412529468536377,1790476693.9032044,True,True,False,False,,False,,,SIDE_DISPATCH|RAW_SEED_ATTEMPT|PRE_TIMING_SEED|TIMED_SEED|SEED_ELIGIBILITY|SOLVER_OK|FINAL_INPUT|JOINT_SEED|COMPARATOR_LOSS,,,,OPPONENT_D3_LOWER,1.0,0.4,0.7818378750560493,7.949323654174805,8.397319078445435,8.552529335021973,0,TIMED_SEED,0.84,0.84,8.602529335021929,8.602529335021929,True,6.552529335021973,9.40255,4.776418946651225,+1.366765->-2.115049,1.3667646930430968,0.2603207781823832,-2.115049148211427,1.4313527151083665,-0.1409228952174374,1,-0.3791289714508465,-0.3791289714508465,8.602529335021929,8.602529335021929,8.602529335021929,8.602529335021929,8.602529335021929,8.602529335021929,0.59,0.59,0.59,0.0,1.2952803453609614,0.8959294970161127,3.72716722886971,True,0.7389971991719944,5.701649746473135,8.812529335021924,0.84,False,8.802529335021925,0.86,False
20260927_103759_1243248,u1e1,0,31,SIDE_PLUS,1790476694.0555573,6.7048821449279785,1790476694.195557,True,True,True,True,26.0,True,6.875762,7.135432,SIDE_DISPATCH|RAW_SEED_ATTEMPT|PRE_TIMING_SEED|TIMED_SEED|SEED_ELIGIBILITY|PRE_LOS|POST_LOS|SOLVER_OK|FINAL_INPUT|JOINT_SEED|COMPARATOR_WIN|SELECTED|COMMITTED,,,,D3_LOWER,0.75,0.25,2.0236580493661225,7.949323654174805,8.652529239654541,8.844882011413574,0,TIMED_SEED,0.95,0.95,,,True,6.844882011413574,9.40255,4.832220142521418,+1.343639->-2.236887,1.3436386756869858,1.1337610607404862,-2.236887164763205,1.3660183571688105,1.5014236435346366,1,-0.3790277728451218,-0.3790277728451218,8.00488201141355,8.00488201141355,9.054882011413529,9.054882011413529,,9.054882011413529,0.7000000000000001,0.7000000000000001,0.7000000000000001,0.0,1.2120962013886711,0.8439150839244716,3.3019186385291253,True,1.02921576572428,5.913752778004492,,0.85,False,,0.85,False
20260927_103759_1243248,u1e1,0,32,SIDE_MINUS,1790476694.0555573,6.7048821449279785,1790476694.195557,True,True,False,False,,False,,,SIDE_DISPATCH|RAW_SEED_ATTEMPT|PRE_TIMING_SEED|TIMED_SEED|SEED_ELIGIBILITY|SOLVER_OK|FINAL_INPUT|JOINT_SEED|COMPARATOR_LOSS,,,,OPPONENT_D3_LOWER,0.75,0.25,2.050400275899408,7.949323654174805,8.652529239654541,8.844882011413574,0,TIMED_SEED,0.81,0.81,8.654882011413536,8.654882011413536,True,6.844882011413574,9.40255,4.832220142521418,+1.343639->-2.078654,1.3436386756869858,0.484879455844698,-2.07865373060097,1.3660183571688105,-0.1975362448197429,1,-0.3755915966611179,-0.3755915966611179,8.654882011413536,8.654882011413536,8.654882011413536,8.654882011413536,8.654882011413536,8.654882011413536,0.65,0.65,0.65,0.0,1.2732013580372497,0.8821963326417046,3.6096778933283074,True,0.8712344354467989,5.913752778004492,,0.85,True,,0.86,True
20260927_103759_1243248,u1e1,0,34,SIDE_PLUS,1790476694.3478253,6.997150182723999,1790476694.4878252,True,True,True,True,27.0,True,7.171969,7.369829,SIDE_DISPATCH|RAW_SEED_ATTEMPT|PRE_TIMING_SEED|TIMED_SEED|SEED_ELIGIBILITY|PRE_LOS|POST_LOS|SOLVER_OK|FINAL_INPUT|JOINT_SEED|COMPARATOR_WIN|SELECTED|COMMITTED,,,,,0.6000000000000001,0.2,2.8054014061152017,7.949323654174805,8.944881916046143,9.137150049209597,0,TIMED_SEED,1.0,1.0,,,True,7.137150049209595,9.40255,4.876962904775846,+1.321448->-2.217482,1.3214476081271995,1.0044502637924242,-2.2174819253784053,1.3063039278207424,1.520471469678763,1,-0.3752820824018189,-0.3752820824018189,8.007150049209576,8.007150049209576,9.047150049209554,9.047150049209554,,9.047150049209554,0.76,0.76,0.76,0.0,1.20873040659792,0.8301803112046882,3.2121590326030764,True,1.0169593532075605,6.169726956421255,,0.86,False,,0.86,False
20260927_103759_1243248,u1e1,0,35,SIDE_MINUS,1790476694.3478253,6.997150182723999,1790476694.4878252,True,True,False,False,,False,,,SIDE_DISPATCH|RAW_SEED_ATTEMPT|PRE_TIMING_SEED|TIMED_SEED|SEED_ELIGIBILITY|SOLVER_OK|FINAL_INPUT|JOINT_SEED|COMPARATOR_LOSS,,,,OPPONENT_D3_LOWER,0.6000000000000001,0.2,2.837931824138594,7.949323654174805,8.944881916046143,9.137150049209597,0,TIMED_SEED,0.81,0.81,8.72715004920956,8.72715004920956,True,7.137150049209595,9.40255,4.876962904775846,+1.321448->-2.055860,1.3214476081271995,0.6725134271781191,-2.055859586124103,1.3063039278207424,-0.1671893562564334,1,-0.3761526845997138,-0.3761526845997138,8.72715004920956,8.72715004920956,8.72715004920956,8.72715004920956,8.72715004920956,8.72715004920956,0.72,0.72,0.72,0.0,1.24121370948813,0.859857044215494,3.39805478312928,True,1.0042345950356495,6.169726956421255,,0.86,True,,0.86,True
20260927_103759_1243248,u1e1,0,37,SIDE_PLUS,1790476694.6052516,7.2545764446258545,1790476694.7452514,True,True,False,False,,False,,,SIDE_DISPATCH|RAW_SEED_ATTEMPT|PRE_TIMING_SEED|TIMED_SEED|SEED_ELIGIBILITY|SOLVER_FAILED|FINAL_INPUT|JOINT_SEED|COMPARATOR_WIN,,,,,0.0,0.0,0.0,-1790476687.350675,-1790476687.350675,9.39457631111145,1,TIMED_SEED,1.02,1.02,,,True,7.39457631111145,9.40255,4.8531565151852245,+1.274213->-1.834164,1.2742127779527568,0.8888590751229632,-1.8341640052905637,1.1653451169619686,0.7421528367978846,1,-0.3778953031367839,-0.3778953031367839,9.024576311111415,9.024576311111415,9.024576311111415,9.024576311111415,,9.024576311111415,0.8,0.8,0.8,0.0,1.3240576216187805,0.7027235144405677,2.584085109393263,True,1.0205358049564373,6.413102668886044,8.714576311111422,0.77,False,,1.02,False
20260927_103759_1243248,u1e1,0,38,SIDE_MINUS,1790476694.6052516,7.2545764446258545,1790476694.7452514,True,True,True,True,28.0,True,7.404016,7.673391,SIDE_DISPATCH|RAW_SEED_ATTEMPT|PRE_TIMING_SEED|TIMED_SEED|SEED_ELIGIBILITY|SOLVER_FAILED|FINAL_INPUT|JOINT_SEED|COMPARATOR_WIN|SELECTED|COMMITTED,,,,,0.0,0.0,0.0,-1790476687.350675,-1790476687.350675,9.39457631111145,1,TIMED_SEED,0.77,0.77,8.714576311111422,8.714576311111422,True,7.39457631111145,9.40255,4.8531565151852245,+1.274213->-1.950429,1.2742127779527568,0.7453854163692377,-1.9504285868160007,1.1653451169619686,-0.8222131090925545,1,-0.3766700146463404,-0.3766700146463404,8.714576311111422,8.714576311111422,8.714576311111422,8.714576311111422,8.714576311111422,8.714576311111422,0.71,0.71,0.71,0.0,1.4381942351300956,1.1695570250960443,4.566000089316202,True,0.7207850393680464,6.132177362637255,8.714576311111422,0.77,False,8.714576311111422,0.77,False
20260927_103759_1243248,u1e1,0,40,SIDE_PLUS,1790476694.8854327,7.534757614135742,1790476695.0254326,True,True,False,False,,False,,,SIDE_DISPATCH|RAW_SEED_ATTEMPT|PRE_TIMING_SEED|TIMED_SEED|SEED_ELIGIBILITY|SOLVER_FAILED|FINAL_INPUT|JOINT_SEED|COMPARATOR_WIN,,,,,0.0,0.0,0.0,-1790476687.350675,-1790476687.350675,9.674757480621338,1,TIMED_SEED,1.01,1.01,,,True,7.674757480621338,9.40255,5.0514270877483725,+1.140287->-1.697274,1.1402874932952014,0.7764640809904803,-1.697273662225518,0.9795023030242844,0.3624866773510606,1,-0.3775750746725487,-0.3775750746725487,8.97475748062131,8.97475748062131,8.97475748062131,8.97475748062131,,8.97475748062131,0.8,0.8,0.8,0.0,1.4067502863295525,0.9195637207379004,4.904136682773804,True,1.050617002674464,6.662666423528672,8.804757480621314,0.85,False,,1.01,False
20260927_103759_1243248,u1e1,0,41,SIDE_MINUS,1790476694.8854327,7.534757614135742,1790476695.0254326,True,True,True,True,29.0,True,7.719919,7.83672,SIDE_DISPATCH|RAW_SEED_ATTEMPT|PRE_TIMING_SEED|TIMED_SEED|SEED_ELIGIBILITY|SOLVER_FAILED|FINAL_INPUT|JOINT_SEED|COMPARATOR_WIN|SELECTED|COMMITTED,,,,,0.0,0.0,0.0,-1790476687.350675,-1790476687.350675,9.674757480621338,1,TIMED_SEED,0.85,0.85,8.804757480621314,8.804757480621314,True,7.674757480621338,9.40255,5.0514270877483725,+1.140287->-1.337280,1.1402874932952014,0.7574809464812702,-1.33728007026128,0.9795023030242844,-0.6149771678703155,1,-0.3737951403977455,-0.3737951403977455,8.804757480621314,8.804757480621314,8.804757480621314,8.804757480621314,8.804757480621314,8.804757480621314,0.8,0.8,0.8,0.0,1.041508380455446,1.0529192398841167,2.991111497047225,True,1.0052278286707472,6.008582167807065,8.804757480621314,0.85,False,8.804757480621314,0.85,False
20260927_103759_1243248,u1e1,0,43,SIDE_PLUS,1790476695.045847,7.69517183303833,1790476695.1858468,True,True,False,False,,False,,,SIDE_DISPATCH|RAW_SEED_ATTEMPT|PRE_TIMING_SEED|TIMED_SEED|SEED_ELIGIBILITY|SOLVER_OK|FINAL_INPUT|JOINT_SEED|COMPARATOR_WIN,,,,D3_LOWER,1.0,0.3333333333333333,2.4799334761226484,7.849324941635132,8.949323892593384,9.835171699523926,0,TIMED_SEED,0.96,0.96,,,True,7.835171699523926,9.40255,4.881666362376735,+0.986367->-1.750498,0.9863674256355748,0.7607416171683946,-1.7504981793200414,0.9064728770717724,0.3554016737227488,1,-0.3762788760757053,-0.3762788760757053,8.915171699523903,8.915171699523903,8.915171699523903,8.915171699523903,,8.915171699523903,0.8,0.8,0.8,0.0,1.4271090507288695,0.9735039463912766,5.582053089605684,True,1.0652040062881252,6.771370401131604,8.765171699523906,0.81,False,8.775171699523906,0.8200000000000001,False
20260927_103759_1243248,u1e1,0,44,SIDE_MINUS,1790476695.045847,7.69517183303833,1790476695.1858468,True,True,True,True,30.0,True,7.8739,7.969268,SIDE_DISPATCH|RAW_SEED_ATTEMPT|PRE_TIMING_SEED|TIMED_SEED|SEED_ELIGIBILITY|PRE_LOS|POST_LOS|SOLVER_OK|FINAL_INPUT|JOINT_SEED|COMPARATOR_WIN|SELECTED|COMMITTED,,,,D3_LOWER,1.0,0.3333333333333333,2.4617389395349347,7.849324941635132,8.949323892593384,9.835171699523926,0,TIMED_SEED,0.85,0.85,8.805171699523905,8.805171699523905,True,7.835171699523926,9.40255,4.891012868845785,+0.986367->-1.337335,0.9863674256355748,0.7574720241995189,-1.3373353922619549,0.9064728770717724,-0.5806963753078024,1,-0.3732021200759318,-0.3732021200759318,8.805171699523905,8.805171699523905,8.805171699523905,8.805171699523905,8.805171699523905,8.805171699523905,0.8,0.8,0.8,0.0,1.041508380455446,1.0529192398841167,1.9962951519218213,True,1.0052281755197243,6.00806254181036,8.765171699523906,0.81,False,8.765171699523906,0.81,False
20260927_103759_1243248,u1e1,0,46,SIDE_PLUS,1790476695.1955357,7.844860553741455,1790476695.3355355,False,True,False,False,,False,,,SIDE_DISPATCH|RAW_SEED_ATTEMPT|PRE_TIMING_SEED|TIMED_SEED|SEED_ELIGIBILITY|PRE_LOS|POST_LOS|SOLVER_OK|FINAL_INPUT|JOINT_SEED|PREFLIGHT_REJECT,PREFLIGHT_REJECT,DYNAMICS_FAIL,,,0.0,0.0,0.0,-1790476687.350675,-1790476687.350675,-1790476687.350675,0,TIMED_SEED,0.88,0.88,,,True,7.984860420227051,9.40255,5.02764814107617,+0.797487->-1.778250,0.79748696193511,0.7568109957189417,-1.7782504990647117,0.757970330273652,0.1442141447427214,1,-0.3764637285039426,-0.3764637285039426,8.864860420227032,8.864860420227032,8.864860420227032,8.864860420227032,8.864860420227032,8.864860420227032,0.8,0.8,0.8,0.0,1.423791252438429,1.04786640862909,5.929922205766185,True,1.0736070265037954,6.842682342360567,8.784860420227034,0.8,False,,1.12,False
20260927_103759_1243248,u1e1,0,47,SIDE_MINUS,1790476695.1955357,7.844860553741455,1790476695.3355355,True,True,False,False,,False,,,SIDE_DISPATCH|RAW_SEED_ATTEMPT|PRE_TIMING_SEED|TIMED_SEED|SEED_ELIGIBILITY|SOLVER_FAILED|FINAL_INPUT|JOINT_SEED|COMPARATOR_LOSS,,,,OPPONENT_C3_HIGHER,1.0,0.1111111111111111,2.36889436644957,7.984860420227051,8.949323892593384,9.98486042022705,1,TIMED_SEED,0.81,0.81,8.794860420227034,8.794860420227034,True,7.984860420227051,9.40255,5.02764814107617,+0.797487->-1.518508,0.79748696193511,0.7568065642540883,-1.518507702611675,0.757970330273652,-0.5615450720270997,1,-0.3785000622038849,-0.3785000622038849,8.794860420227034,8.794860420227034,8.794860420227034,8.794860420227034,8.794860420227034,8.794860420227034,0.79,0.79,0.79,0.0,1.0350059735099009,0.8254414049744112,2.34288151832308,True,1.0736070265037954,6.1825457778463,8.784860420227034,0.8,False,8.794860420227034,0.81,False
20260927_103759_1243248,u1e1,0,49,SIDE_PLUS,1790476695.4387937,8.088118553161621,1790476695.5787935,False,True,False,False,,False,,,SIDE_DISPATCH|RAW_SEED_ATTEMPT|PRE_TIMING_SEED|TIMED_SEED|SEED_ELIGIBILITY|PRE_LOS|POST_LOS|SOLVER_OK|FINAL_INPUT|JOINT_SEED|PREFLIGHT_REJECT,PREFLIGHT_REJECT,DYNAMICS_FAIL,,,0.0,0.0,0.0,-1790476687.350675,-1790476687.350675,-1790476687.350675,0,TIMED_SEED,0.58,0.58,8.808118419647204,8.808118419647204,True,8.228118419647217,9.40255,5.051652541329142,+0.311652->-1.786489,0.3116522819878112,0.3116522819878112,-1.7864892841221005,0.2746095715275751,-0.4571778445065422,1,-0.3734916743616822,-0.3734916743616822,8.808118419647204,8.808118419647204,8.808118419647204,8.808118419647204,8.808118419647204,8.808118419647204,0.58,0.58,0.58,0.0,1.4527150859811937,1.1886004397834344,5.64978997726226,True,1.0912292262985412,6.759002681330068,8.788118419647205,0.56,False,,0.88,False
20260927_103759_1243248,u1e1,0,50,SIDE_MINUS,1790476695.4387937,8.088118553161621,1790476695.5787935,False,True,False,False,,False,,,SIDE_DISPATCH|RAW_SEED_ATTEMPT|PRE_TIMING_SEED|TIMED_SEED|SEED_ELIGIBILITY|PRE_LOS|POST_LOS|SOLVER_OK|FINAL_INPUT|JOINT_SEED|PREFLIGHT_REJECT,PREFLIGHT_REJECT,DYNAMICS_FAIL,,,0.0,0.0,0.0,-1790476687.350675,-1790476687.350675,-1790476687.350675,0,TIMED_SEED,0.56,0.56,8.788118419647205,8.788118419647205,True,8.228118419647217,9.40255,5.051652541329142,+0.311652->-2.008546,0.3116522819878112,0.3116522819878112,-2.008546025534007,0.2746095715275751,-1.0793769764899808,1,-0.3738502594278406,-0.3738502594278406,8.788118419647205,8.788118419647205,8.788118419647205,8.788118419647205,8.788118419647205,8.788118419647205,0.56,0.56,0.56,0.0,1.2592571060457387,0.6998713461281055,2.8256666433217874,True,0.9982530362641592,6.399066728984307,8.788118419647205,0.56,False,,0.55,False
20260927_103759_1243248,u1e1,0,52,SIDE_PLUS,1790476695.716669,8.365994215011597,1790476695.8566692,False,True,False,False,,False,,,SIDE_DISPATCH|RAW_SEED_ATTEMPT|PRE_TIMING_SEED|TIMED_SEED|SEED_ELIGIBILITY|PRE_LOS|POST_LOS|SOLVER_OK|FINAL_INPUT|JOINT_SEED|PREFLIGHT_REJECT,PREFLIGHT_REJECT,DYNAMICS_FAIL,,,0.0,0.0,0.0,-1790476687.350675,-1790476687.350675,-1790476687.350675,0,TIMED_SEED,0.28,0.28,8.785994081497186,8.785994081497186,True,8.505994081497192,9.40255,4.906940627521829,-0.403144->-1.838488,-0.4031441879515304,-0.4031441879515304,-1.838487999079146,-0.4552854151542572,-1.1769331345503236,0,-0.240965484821272,-0.240965484821272,8.785994081497186,8.785994081497186,8.785994081497186,8.785994081497186,8.785994081497186,8.785994081497186,0.28,0.28,0.28,0.0,1.4864275818165529,1.285977444309429,5.554492779885442,True,1.1533508638875332,6.582761348877005,8.785994081497186,0.28,False,,0.6,False
20260927_103759_1243248,u1e1,0,53,SIDE_MINUS,1790476695.716669,8.365994215011597,1790476695.8566692,True,True,True,True,33.0,True,8.536334,8.937712,SIDE_DISPATCH|RAW_SEED_ATTEMPT|PRE_TIMING_SEED|TIMED_SEED|SEED_ELIGIBILITY|SOLVER_FAILED|FINAL_INPUT|JOINT_SEED|COMPARATOR_WIN|SELECTED|COMMITTED,,,,D3_LOWER,1.0,0.5,0.4076332739262828,8.505994081497192,8.949323892593384,10.505994081497192,1,TIMED_SEED,0.28,0.28,8.785994081497186,8.785994081497186,True,8.505994081497192,9.40255,4.906940627521829,-0.403144->-2.061122,-0.4031441879515304,-0.4031441879515304,-2.061121932393683,-0.4552854151542572,-1.53664988561424,0,-0.240965484821272,-0.240965484821272,8.785994081497186,8.785994081497186,8.785994081497186,8.785994081497186,8.785994081497186,8.785994081497186,0.28,0.28,0.28,0.0,1.2891172967130442,0.7945209731206636,3.2838856773754173,True,1.047900472361579,6.47617699024268,8.785994081497186,0.28,False,8.785994081497186,0.28,False
20260927_103759_1243248,u1e1,0,55,SIDE_PLUS,1790476696.0129504,8.662275314331055,1790476696.1529503,False,True,False,False,,False,,,SIDE_DISPATCH|RAW_SEED_ATTEMPT|PRE_TIMING_SEED|TIMED_SEED|SEED_ELIGIBILITY|PRE_LOS|POST_LOS|SOLVER_OK|FINAL_INPUT|JOINT_SEED|HANDOFF_REJECT,HANDOFF_REJECT,MISSED_FROZEN_ACTIVATION,,,0.0,0.0,0.0,-1790476687.350675,-1790476687.350675,-1790476687.350675,0,TIMED_SEED,0.0,0.0,8.80227518081665,8.80227518081665,True,8.80227518081665,9.40255,4.824569474928642,-1.205887->-2.031992,-1.205886933922056,-1.205886933922056,-2.0319924223085124,0.5762539407751338,0.2557989076963304,0,0.0336776460144596,0.0336776460144596,8.80227518081665,8.80227518081665,8.80227518081665,8.80227518081665,8.80227518081665,8.80227518081665,0.0,0.0,0.0,0.0,1.340991871140059,1.310244364267485,5.396813385393885,True,1.1683549372094642,6.552196955373472,8.80227518081665,0.0,False,8.80227518081665,0.0,False
20260927_103759_1243248,u1e1,0,58,SIDE_PLUS,1790476696.140674,8.789999008178711,1790476696.2883213,False,True,False,False,,False,,,SIDE_DISPATCH|RAW_SEED_ATTEMPT|PRE_TIMING_SEED|TIMED_SEED|SEED_ELIGIBILITY|PRE_LOS|POST_LOS|SOLVER_OK|FINAL_INPUT|JOINT_SEED|PREFLIGHT_REJECT,PREFLIGHT_REJECT,DYNAMICS_FAIL,,,0.0,0.0,0.0,-1790476687.350675,-1790476687.350675,-1790476687.350675,0,TIMED_SEED,0.0,0.0,,,True,8.93764615058899,9.40255,4.63877989051027,-1.503370->-2.043787,-1.5033701182937529,-1.5033701182937529,-2.0437872364846976,0.5040485654490813,0.2422642480959533,0,0.1558532419537841,0.1558532419537841,8.93764615058899,8.93764615058899,8.93764615058899,8.93764615058899,,8.93764615058899,0.0,0.0,0.0,0.0,1.3537222101379638,1.3906867771231572,5.894629992542621,True,1.114623602848665,6.518268370440445,,0.0,False,,0.0,False
20260927_103759_1243248,u1e1,0,59,SIDE_MINUS,1790476696.140674,8.789999008178711,1790476696.2883213,True,True,True,True,34.0,True,8.969267,9.203437,SIDE_DISPATCH|RAW_SEED_ATTEMPT|PRE_TIMING_SEED|TIMED_SEED|SEED_ELIGIBILITY|SOLVER_OK|FINAL_INPUT|JOINT_SEED|COMPARATOR_WIN|SELECTED|COMMITTED,,,,D3_LOWER,1.0,0.25,0.6109814643302547,10.249323606491089,10.60599398612976,10.93764615058899,0,TIMED_SEED,0.0,0.0,,,True,8.93764615058899,9.40255,4.475288558430032,-1.503370->-2.064638,-1.5033701182937529,-1.5033701182937529,-2.064637577375628,0.5040485654490813,0.1808497401444738,0,0.1558532419537841,0.1558532419537841,8.93764615058899,8.93764615058899,8.93764615058899,8.93764615058899,,8.93764615058899,0.0,0.0,0.0,0.0,1.296066870524041,0.4952710885907805,1.7254326983980537,True,1.0443330128719477,6.474787460572547,,0.0,False,,0.0,False
20260927_103759_1243248,u1e2,0,49,SIDE_PLUS,1790476695.4387937,8.088118553161621,1790476695.5787935,False,True,False,False,,False,,,SIDE_DISPATCH|RAW_SEED_ATTEMPT|PRE_TIMING_SEED|TIMED_SEED|SEED_ELIGIBILITY|PRE_LOS|POST_LOS|SOLVER_OK|FINAL_INPUT|JOINT_SEED|PREFLIGHT_REJECT,PREFLIGHT_REJECT,DYNAMICS_FAIL,,,0.0,0.0,0.0,-1790476687.350675,-1790476687.350675,-1790476687.350675,0,TIMED_SEED,1.59,1.59,,,True,8.228118419647217,12.535609,5.051652541329142,+1.847704->-1.414526,1.8477036506561964,2.0475819580364045,-1.4145264549022678,2.859674403478916,-0.5168900974835672,1,-0.6283609673497005,-0.6283609673497005,10.478118419647169,10.478118419647169,10.478118419647169,10.478118419647169,10.478118419647169,10.478118419647169,0.71,0.71,0.71,0.0,1.4527150859811937,1.1886004397834344,5.64978997726226,True,0.6792482525485886,4.395238225155988,,2.03,False,,2.45,False
20260927_103759_1243248,u1e2,0,50,SIDE_MINUS,1790476695.4387937,8.088118553161621,1790476695.5787935,False,True,False,False,,False,,,SIDE_DISPATCH|RAW_SEED_ATTEMPT|PRE_TIMING_SEED|TIMED_SEED|SEED_ELIGIBILITY|PRE_LOS|POST_LOS|SOLVER_OK|FINAL_INPUT|JOINT_SEED|PREFLIGHT_REJECT,PREFLIGHT_REJECT,DYNAMICS_FAIL,,,0.0,0.0,0.0,-1790476687.350675,-1790476687.350675,-1790476687.350675,0,TIMED_SEED,2.38,2.38,,,True,8.228118419647217,12.535609,5.051652541329142,+1.847704->-1.545727,1.8477036506561964,0.6280060939789963,-1.545727212437983,2.859674403478916,-0.7392064743459853,1,-0.6280862986758993,-0.6280862986758993,12.098118419647134,12.098118419647134,12.098118419647134,12.098118419647134,,12.098118419647134,1.46,1.46,1.46,0.0,1.2592571060457387,0.6998713461281055,2.8256666433217874,True,0.2609740191799934,4.32628200363922,,2.03,False,,1.99,False
20260927_103759_1243248,u1e2,0,52,SIDE_PLUS,1790476695.716669,8.365994215011597,1790476695.8566692,False,True,False,False,,False,,,SIDE_DISPATCH|RAW_SEED_ATTEMPT|PRE_TIMING_SEED|TIMED_SEED|SEED_ELIGIBILITY|PRE_LOS|POST_LOS|SOLVER_OK|FINAL_INPUT|JOINT_SEED|PREFLIGHT_REJECT,PREFLIGHT_REJECT,DYNAMICS_FAIL,,,0.0,0.0,0.0,-1790476687.350675,-1790476687.350675,-1790476687.350675,0,TIMED_SEED,1.27,1.27,,,True,8.505994081497192,12.535609,4.906940627521829,+1.751286->-1.405742,1.7512863792421691,1.7797069545273378,-1.4057421564179315,2.422646890621033,-0.8976249662336735,1,-0.6268745156338734,-0.6268745156338734,10.48599408149715,10.48599408149715,10.48599408149715,10.48599408149715,10.48599408149715,10.48599408149715,0.6900000000000001,0.6900000000000001,0.6900000000000001,0.0,1.4864275818165529,1.285977444309429,5.554492779885442,True,0.5799237661988716,4.345587064307019,,1.99,False,,2.53,False
20260927_103759_1243248,u1e2,0,53,SIDE_MINUS,1790476695.716669,8.365994215011597,1790476695.8566692,True,True,True,True,33.0,True,8.536334,8.937712,SIDE_DISPATCH|RAW_SEED_ATTEMPT|PRE_TIMING_SEED|TIMED_SEED|SEED_ELIGIBILITY|SOLVER_FAILED|FINAL_INPUT|JOINT_SEED|COMPARATOR_WIN|SELECTED|COMMITTED,,,,D3_LOWER,1.0,0.5,0.4076332739262828,8.505994081497192,8.949323892593384,10.505994081497192,1,TIMED_SEED,1.99,1.99,,,True,8.505994081497192,12.535609,4.906940627521829,+1.751286->-1.692809,1.7512863792421691,0.7629558927742445,-1.692809485318144,2.422646890621033,-1.2544331385262475,1,-0.6266129325470284,-0.6266129325470284,12.045994081497115,12.045994081497115,12.045994081497115,12.045994081497115,,12.045994081497115,1.45,1.45,1.45,0.0,1.2891172967130442,0.7945209731206636,3.2838856773754173,True,0.4743503892206904,4.481266706089473,,1.99,False,,1.99,False
20260927_103759_1243248,u1e2,0,55,SIDE_PLUS,1790476696.0129504,8.662275314331055,1790476696.1529503,False,True,False,False,,False,,,SIDE_DISPATCH|RAW_SEED_ATTEMPT|PRE_TIMING_SEED|TIMED_SEED|SEED_ELIGIBILITY|PRE_LOS|POST_LOS|SOLVER_OK|FINAL_INPUT|JOINT_SEED|HANDOFF_REJECT,HANDOFF_REJECT,MISSED_FROZEN_ACTIVATION,,,0.0,0.0,0.0,-1790476687.350675,-1790476687.350675,-1790476687.350675,0,TIMED_SEED,1.17,1.17,,,True,8.80227518081665,12.535609,4.824569474928642,+1.637001->-1.640294,1.6370008036682682,1.815252939089536,-1.6402944713764354,1.9439854172646505,0.4969380012056026,1,-0.6235365921800577,-0.6235365921800577,10.482275180816616,10.482275180816616,10.482275180816616,10.482275180816616,10.482275180816616,10.482275180816616,0.87,0.87,0.87,0.0,1.340991871140059,1.310244364267485,5.396813385393885,True,1.0982047138795097,4.720116749969376,,1.41,False,,0.86,False
20260927_103759_1243248,u1e2,0,58,SIDE_PLUS,1790476696.140674,8.789999008178711,1790476696.2883213,False,True,False,False,,False,,,SIDE_DISPATCH|RAW_SEED_ATTEMPT|PRE_TIMING_SEED|TIMED_SEED|SEED_ELIGIBILITY|PRE_LOS|POST_LOS|SOLVER_OK|FINAL_INPUT|JOINT_SEED|PREFLIGHT_REJECT,PREFLIGHT_REJECT,DYNAMICS_FAIL,,,0.0,0.0,0.0,-1790476687.350675,-1790476687.350675,-1790476687.350675,0,TIMED_SEED,1.2,1.2,,,True,8.93764615058899,12.535609,4.63877989051027,+1.583607->-1.678802,1.5836067485191505,1.727921801856006,-1.6788021033430844,1.827103369709164,0.5016847883840122,1,-0.6262019833704596,-0.6262019833704596,10.487646150588956,10.487646150588956,10.487646150588956,10.487646150588956,10.487646150588956,10.487646150588956,0.9,0.9,0.9,0.0,1.3537222101379638,1.3906867771231572,5.894629992542621,True,1.004618808179699,4.734900740854785,,1.4,False,,1.54,False
20260927_103759_1243248,u1e2,0,59,SIDE_MINUS,1790476696.140674,8.789999008178711,1790476696.2883213,True,True,True,True,34.0,True,8.969267,9.203437,SIDE_DISPATCH|RAW_SEED_ATTEMPT|PRE_TIMING_SEED|TIMED_SEED|SEED_ELIGIBILITY|SOLVER_OK|FINAL_INPUT|JOINT_SEED|COMPARATOR_WIN|SELECTED|COMMITTED,,,,D3_LOWER,1.0,0.25,0.6109814643302547,10.249323606491089,10.60599398612976,10.93764615058899,0,TIMED_SEED,1.65,1.65,,,True,8.93764615058899,12.535609,4.475288558430032,+1.583607->-1.859101,1.5836067485191505,0.7721417959279467,-1.8591010643247503,1.827103369709164,0.0680606626323833,1,-0.6287639022769438,-0.6287639022769438,11.997646150588924,11.997646150588924,11.997646150588924,11.997646150588924,11.997646150588924,11.997646150588924,1.45,1.45,1.45,0.0,1.296066870524041,0.4952710885907805,1.7254326983980537,True,0.4734231978906178,4.523668971078357,,1.4,False,,1.4,False
20260927_103759_1243248,u1e2,0,61,SIDE_PLUS,1790476696.292932,8.942256927490234,1790476696.4371874,False,True,False,False,,False,,,SIDE_DISPATCH|RAW_SEED_ATTEMPT|PRE_TIMING_SEED|TIMED_SEED|SEED_ELIGIBILITY|PRE_LOS|POST_LOS|SOLVER_OK|FINAL_INPUT|JOINT_SEED|HANDOFF_REJECT,HANDOFF_REJECT,MISSED_FROZEN_ACTIVATION,,,0.0,0.0,0.0,-1790476687.350675,-1790476687.350675,-1790476687.350675,0,TIMED_SEED,1.23,1.23,,,True,9.086512327194214,12.535609,4.746387153710243,+1.524541->-1.727814,1.5245414674243118,1.5560486415167754,-1.727814101922028,1.7321242178657197,0.6174242237008147,1,-0.6278919462871014,-0.6278919462871014,10.486512327194184,10.486512327194184,10.486512327194184,10.486512327194184,10.486512327194184,10.486512327194184,0.93,0.93,0.93,0.0,1.337150082002353,1.3139650443538942,5.110504077213607,True,0.8798787043921095,4.863303804587547,11.796512327194156,1.41,False,11.896512327194154,1.45,False
20260927_103759_1243248,u1e2,0,64,SIDE_PLUS,1790476696.4186783,9.068003177642822,1790476696.5699923,False,True,False,False,,False,,,SIDE_DISPATCH|RAW_SEED_ATTEMPT|PRE_TIMING_SEED|TIMED_SEED|SEED_ELIGIBILITY|PRE_LOS|POST_LOS|SOLVER_OK|FINAL_INPUT|JOINT_SEED|PREFLIGHT_REJECT,PREFLIGHT_REJECT,DYNAMICS_FAIL,,,0.0,0.0,0.0,-1790476687.350675,-1790476687.350675,-1790476687.350675,0,TIMED_SEED,1.26,1.26,,,True,9.219317197799684,12.535609,4.561270927799135,+1.470685->-1.765298,1.4706847841330293,1.4627110002587982,-1.7652977989330727,1.6444341349540574,0.5721797910669458,1,-0.6288969194874606,-0.6288969194874606,10.479317197799656,10.479317197799656,10.479317197799656,10.479317197799656,,10.479317197799656,0.96,0.96,0.96,0.0,1.3569649310154592,1.3655390617721572,5.407545198010518,True,0.805127163405376,4.872766876316615,11.789317197799628,1.4,False,11.939317197799625,1.67,False
20260927_103759_1243248,u1e2,0,65,SIDE_MINUS,1790476696.4186783,9.068003177642822,1790476696.5699923,True,True,True,True,35.0,True,9.236273,9.369059,SIDE_DISPATCH|RAW_SEED_ATTEMPT|PRE_TIMING_SEED|TIMED_SEED|SEED_ELIGIBILITY|SOLVER_OK|FINAL_INPUT|JOINT_SEED|COMPARATOR_WIN|SELECTED|COMMITTED,,,,D3_LOWER,1.0,0.25,2.4594699108593567,10.249323606491089,11.037646055221558,11.219317197799684,0,TIMED_SEED,1.33,1.33,,,False,9.219317197799684,12.184559125647672,2.96524192784799,+1.470685->-2.734162,1.4706847841330293,0.7478214773815657,-2.7341622026694457,1.6444341349540574,-0.4137179054577166,1,-0.6297861594879184,-0.6297861594879184,11.68931719779963,11.68931719779963,11.68931719779963,11.68931719779963,,11.68931719779963,1.21,1.21,1.21,0.0,1.7404515697601226,1.3905826310498544,8.235651415003208,True,0.41660902564713,4.934926437632499,11.789317197799628,1.4,False,11.789317197799628,1.4,False
20260927_103759_1243248,u1e2,0,67,SIDE_PLUS,1790476696.573877,9.223201990127563,1790476696.7218852,False,True,False,False,,False,,,SIDE_DISPATCH|RAW_SEED_ATTEMPT|PRE_TIMING_SEED|TIMED_SEED|SEED_ELIGIBILITY|PRE_LOS|POST_LOS|SOLVER_OK|FINAL_INPUT|JOINT_SEED|PREFLIGHT_REJECT,PREFLIGHT_REJECT,DYNAMICS_FAIL,,,0.0,0.0,0.0,-1790476687.350675,-1790476687.350675,-1790476687.350675,0,TIMED_SEED,1.36,1.36,,,True,9.371210098266602,12.535609,4.66519256485569,+1.411628->-1.805088,1.4116284231388998,1.2974074883148832,-1.805087909430524,1.546546696508828,0.6769444147154057,1,-0.6279191342144512,-0.6279191342144512,10.481210098266578,10.481210098266578,10.481210098266578,10.481210098266578,,10.481210098266578,1.06,1.06,1.06,0.0,1.3410431294765677,1.264700143100722,4.655609694229866,True,0.7073539344622275,4.989691471001469,11.861210098266548,1.45,False,,1.93,False
20260927_103759_1243248,u1e2,0,70,SIDE_PLUS,1790476696.863296,9.51262092590332,1790476697.0074227,False,True,False,False,,False,,,SIDE_DISPATCH|RAW_SEED_ATTEMPT|PRE_TIMING_SEED|TIMED_SEED|SEED_ELIGIBILITY|PRE_LOS|POST_LOS|SOLVER_OK|FINAL_INPUT|JOINT_SEED|PREFLIGHT_REJECT,PREFLIGHT_REJECT,DYNAMICS_FAIL,,,0.0,0.0,0.0,-1790476687.350675,-1790476687.350675,-1790476687.350675,0,TIMED_SEED,1.59,1.59,,,True,9.656747579574583,12.535609,4.595056479831429,+1.294141->-1.870797,1.2941413420032468,1.0801155231127677,-1.8707973856221365,1.3539570864035892,0.7895720456010644,1,-0.6265244191877894,-0.6265244191877894,10.486747579574567,10.486747579574567,,12.326747579574528,,,1.29,1.29,1.29,0.0,1.3364623700191591,1.188197488827807,4.364067054665491,True,0.5850717656521855,5.099387149757408,11.866747579574538,1.45,False,,1.93,False
20260927_103759_1243248,u1e2,0,71,SIDE_MINUS,1790476696.863296,9.51262092590332,1790476697.0074227,True,True,True,True,37.0,True,9.671399,9.941563,SIDE_DISPATCH|RAW_SEED_ATTEMPT|PRE_TIMING_SEED|TIMED_SEED|SEED_ELIGIBILITY|SOLVER_OK|FINAL_INPUT|JOINT_SEED|COMPARATOR_WIN|SELECTED|COMMITTED,,,,D3_LOWER,1.0,0.1538461538461538,5.789463905231932,10.249323606491089,11.47121000289917,11.656747579574583,0,TIMED_SEED,1.32,1.32,11.69674757957454,11.69674757957454,True,9.656747579574583,12.535609,4.595056479831429,+1.294141->-1.944737,1.2941413420032468,0.7332913231800477,-1.9447367101933632,1.3539570864035892,-0.6316380530430566,1,-0.6292237682804944,-0.6292237682804944,11.69674757957454,11.69674757957454,11.69674757957454,11.69674757957454,11.69674757957454,11.69674757957454,1.21,1.21,1.21,0.0,1.1775245176663822,0.8447372629829698,3.3458812195646845,True,0.2477073419229258,4.057845093810661,11.866747579574538,1.45,True,11.866747579574538,1.45,True
20260927_103759_1243248,u1e2,0,73,SIDE_PLUS,1790476697.142484,9.791808843612673,1790476697.2838635,True,True,True,True,38.0,True,9.970604,10.202681,SIDE_DISPATCH|RAW_SEED_ATTEMPT|PRE_TIMING_SEED|TIMED_SEED|SEED_ELIGIBILITY|PRE_LOS|POST_LOS|SOLVER_OK|FINAL_INPUT|JOINT_SEED|COMPARATOR_WIN|SELECTED|COMMITTED,,,,,1.0,0.1875,6.337756520084942,10.249323606491089,11.756747484207152,11.933188438415527,0,TIMED_SEED,1.77,1.77,,,True,9.933188438415527,12.535609,4.55030959645349,+1.176733->-1.939496,1.1767330810600427,0.931229651211863,-1.9394959573426769,1.1833350837191638,0.8707567360018926,1,-0.6276144280644276,-0.6276144280644276,12.323188438415476,12.323188438415476,,12.323188438415476,,,1.46,1.46,1.46,0.0,1.3323309068172895,1.1443357251539072,4.442291248517281,True,0.5082263466089161,5.122432660659447,,1.77,False,,1.77,False
20260927_103759_1243248,u1e2,0,74,SIDE_MINUS,1790476697.142484,9.791808843612673,1790476697.2838635,True,True,False,False,,False,,,SIDE_DISPATCH|RAW_SEED_ATTEMPT|PRE_TIMING_SEED|TIMED_SEED|SEED_ELIGIBILITY|SOLVER_OK|FINAL_INPUT|JOINT_SEED|COMPARATOR_LOSS,,,,OPPONENT_C3_HIGHER,1.0,0.125,7.049498945910405,10.249323606491089,11.756747484207152,11.933188438415527,0,TIMED_SEED,1.31,1.31,11.71318843841549,11.71318843841549,True,9.933188438415527,12.535609,4.55030959645349,+1.176733->-2.006521,1.1767330810600427,0.8040278053988277,-2.006520594278934,1.1833350837191638,-0.7437153498937402,1,-0.6254685134198962,-0.6254685134198962,11.71318843841549,11.71318843841549,11.71318843841549,11.71318843841549,11.71318843841549,11.71318843841549,1.23,1.23,1.23,0.0,1.197233836154696,0.8742312578891951,3.4528523625410545,True,0.3675930153917007,4.108122741586996,,1.77,True,11.883188438415486,1.47,True
20260927_103759_1243248,u1e2,0,76,SIDE_PLUS,1790476697.4236934,10.073018312454224,1790476697.5636933,True,True,False,False,,False,,,SIDE_DISPATCH|RAW_SEED_ATTEMPT|PRE_TIMING_SEED|TIMED_SEED|SEED_ELIGIBILITY|SOLVER_OK|FINAL_INPUT|JOINT_SEED|COMPARATOR_LOSS,,,,OPPONENT_D3_LOWER,1.0,0.1666666666666666,6.908874188018476,10.249323606491089,12.033188343048096,12.21301817893982,0,TIMED_SEED,1.78,1.78,,,True,10.21301817893982,12.535609,4.414254132698585,+1.044220->-1.950802,1.044219765397831,0.9188936630397152,-1.9508016644469064,1.0237232333535045,0.7451912878227737,1,-0.6280895865607434,-0.6280895865607434,12.283018178939775,12.283018178939775,,12.283018178939775,,,1.46,1.46,1.46,0.0,1.3496795370985806,0.9536888633573112,4.288335230980714,True,0.502672124311252,5.002457959343726,,1.49,False,,1.51,False
20260927_103759_1243248,u1e2,0,77,SIDE_MINUS,1790476697.4236934,10.073018312454224,1790476697.5636933,True,True,False,False,,False,,,SIDE_DISPATCH|RAW_SEED_ATTEMPT|PRE_TIMING_SEED|TIMED_SEED|SEED_ELIGIBILITY|SOLVER_OK|FINAL_INPUT|JOINT_SEED|COMPARATOR_LOSS,,,,OPPONENT_D3_LOWER,1.0,0.1666666666666666,6.882844136087272,10.249323606491089,12.033188343048096,12.21301817893982,0,TIMED_SEED,1.27,1.27,11.723018178939787,11.723018178939787,True,10.21301817893982,12.535609,4.414254132698585,+1.044220->-2.074710,1.044219765397831,0.8996048384296716,-2.0747101698369668,1.0237232333535045,-0.9560250371488528,1,-0.624579760504195,-0.624579760504195,11.723018178939787,11.723018178939787,11.723018178939787,11.723018178939787,11.723018178939787,11.723018178939787,1.24,1.24,1.24,0.0,1.4392648311652538,1.1671662567805077,7.678308963734071,True,0.4888044380258836,4.154829582226994,,1.49,True,,1.5,True
20260927_103759_1243248,u1e2,0,79,SIDE_PLUS,1790476697.674817,10.32414197921753,1790476697.814817,False,True,False,False,,False,,,SIDE_DISPATCH|RAW_SEED_ATTEMPT|PRE_TIMING_SEED|TIMED_SEED|SEED_ELIGIBILITY|PRE_LOS|POST_LOS|SOLVER_OK|FINAL_INPUT|JOINT_SEED|PREFLIGHT_REJECT,PREFLIGHT_REJECT,DYNAMICS_FAIL,,,0.0,0.0,0.0,-1790476687.350675,-1790476687.350675,-1790476687.350675,0,TIMED_SEED,1.78,1.78,,,True,10.464141845703123,12.535609,4.502701217412121,+0.916739->-1.777689,0.9167387479004188,0.9098344339003208,-1.777688508191949,0.9141018856716034,0.4622953503153949,1,-0.628892943807182,-0.628892943807182,12.254141845703089,12.254141845703089,,12.254141845703089,,,1.46,1.46,1.46,0.0,1.380972737260738,0.8389727166898635,3.679643036366057,True,0.5036305100974137,4.742477282803855,11.914141845703094,1.45,False,,1.78,False
20260927_103759_1243248,u1e2,0,80,SIDE_MINUS,1790476697.674817,10.32414197921753,1790476697.814817,False,True,False,False,,False,,,SIDE_DISPATCH|RAW_SEED_ATTEMPT|PRE_TIMING_SEED|TIMED_SEED|SEED_ELIGIBILITY|PRE_LOS|POST_LOS|SOLVER_OK|FINAL_INPUT|JOINT_SEED|PREFLIGHT_REJECT,PREFLIGHT_REJECT,DYNAMICS_FAIL,,,0.0,0.0,0.0,-1790476687.350675,-1790476687.350675,-1790476687.350675,0,TIMED_SEED,1.31,1.31,11.774141845703095,11.774141845703095,True,10.464141845703123,12.535609,4.502701217412121,+0.916739->-1.926152,0.9167387479004188,0.9098304439753344,-1.926152221137503,0.9141018856716034,-1.2197908928686898,1,-0.625774325948048,-0.625774325948048,11.774141845703095,11.774141845703095,11.774141845703095,11.774141845703095,11.774141845703095,11.774141845703095,1.29,1.29,1.29,0.0,1.534088774558324,1.3494599079964302,6.087022468818263,True,0.5036305100974137,4.029436071956496,11.914141845703094,1.45,True,,1.47,True
20260927_103759_1243248,u1e2,0,82,SIDE_PLUS,1790476697.9509428,10.6002676486969,1790476698.0909426,False,True,False,False,,False,,,SIDE_DISPATCH|RAW_SEED_ATTEMPT|PRE_TIMING_SEED|TIMED_SEED|SEED_ELIGIBILITY|PRE_LOS|POST_LOS|SOLVER_OK|FINAL_INPUT|JOINT_SEED|PREFLIGHT_REJECT,PREFLIGHT_REJECT,DYNAMICS_FAIL,,,0.0,0.0,0.0,-1790476687.350675,-1790476687.350675,-1790476687.350675,0,TIMED_SEED,1.5,1.5,,,True,10.740267515182495,12.535609,4.621517111965964,+0.722391->-1.621189,0.7223913084334556,0.7223913084334556,-1.6211885902587373,0.6965650344849995,0.1150132560292477,1,-0.6282105226133062,-0.6282105226133062,12.240267515182463,12.240267515182463,,12.240267515182463,,,1.2,1.2,1.2,0.0,1.4455718058862266,0.8939668329261886,3.662757715981321,True,0.5400915683038277,4.566736024812656,11.90026751518247,1.16,False,,1.44,False
20260927_103759_1243248,u1e2,0,83,SIDE_MINUS,1790476697.9509428,10.6002676486969,1790476698.0909426,False,True,False,False,,False,,,SIDE_DISPATCH|RAW_SEED_ATTEMPT|PRE_TIMING_SEED|TIMED_SEED|SEED_ELIGIBILITY|PRE_LOS|POST_LOS|SOLVER_OK|FINAL_INPUT|JOINT_SEED|PREFLIGHT_REJECT,PREFLIGHT_REJECT,DYNAMICS_FAIL,,,0.0,0.0,0.0,-1790476687.350675,-1790476687.350675,-1790476687.350675,0,TIMED_SEED,1.11,1.11,11.850267515182471,11.850267515182471,True,10.740267515182495,12.535609,4.621517111965964,+0.722391->-1.957885,0.7223913084334556,0.7223913084334556,-1.957884787466252,0.6965650344849995,-1.357128875321567,1,-0.6284361480504211,-0.6284361480504211,11.850267515182471,11.850267515182471,11.850267515182471,11.850267515182471,11.850267515182471,11.850267515182471,1.11,1.11,1.11,0.0,1.5000869738745115,1.107990953952956,3.097813294601093,True,0.5400915683038277,4.142257382755103,11.90026751518247,1.16,True,,1.14,True
20260927_103759_1243248,u1e2,0,85,SIDE_PLUS,1790476698.2187166,10.868041515350342,1790476698.3587165,False,True,False,False,,False,,,SIDE_DISPATCH|RAW_SEED_ATTEMPT|PRE_TIMING_SEED|TIMED_SEED|SEED_ELIGIBILITY|PRE_LOS|POST_LOS|SOLVER_OK|FINAL_INPUT|JOINT_SEED|PREFLIGHT_REJECT,PREFLIGHT_REJECT,DYNAMICS_FAIL,,,0.0,0.0,0.0,-1790476687.350675,-1790476687.350675,-1790476687.350675,0,TIMED_SEED,1.11,1.11,,,True,11.008041381835938,12.535609,4.570602989839654,+0.394255->-1.586408,0.394254949935774,0.394254949935774,-1.5864084817003403,0.3675015870947162,-0.2460145055594052,1,-0.6247884379403043,-0.6247884379403043,12.118041381835914,12.118041381835914,12.118041381835914,12.118041381835914,,12.118041381835914,0.93,0.93,0.93,0.0,1.493186159074295,1.0414511420749182,5.843137393385263,True,0.5906667353051365,4.469714185099448,11.908041381835918,0.9,False,,1.23,False
20260927_103759_1243248,u1e2,0,86,SIDE_MINUS,1790476698.2187166,10.868041515350342,1790476698.3587165,False,True,False,False,,False,,,SIDE_DISPATCH|RAW_SEED_ATTEMPT|PRE_TIMING_SEED|TIMED_SEED|SEED_ELIGIBILITY|PRE_LOS|POST_LOS|SOLVER_OK|FINAL_INPUT|JOINT_SEED|PREFLIGHT_REJECT,PREFLIGHT_REJECT,DYNAMICS_FAIL,,,0.0,0.0,0.0,-1790476687.350675,-1790476687.350675,-1790476687.350675,0,TIMED_SEED,0.88,0.88,11.88804138183592,11.88804138183592,True,11.008041381835938,12.535609,4.570602989839654,+0.394255->-2.048947,0.394254949935774,0.394254949935774,-2.048947167021544,0.3675015870947162,-1.4542638330908977,1,-0.6294073647008456,-0.6294073647008456,11.88804138183592,11.88804138183592,11.88804138183592,11.88804138183592,11.88804138183592,11.88804138183592,0.88,0.88,0.88,0.0,1.4295795407565386,0.8786596045221866,3.540835229298108,True,0.5906667353051365,4.293573211712002,11.908041381835918,0.9,False,,0.84,False
20260927_103759_1243248,u1e2,0,88,SIDE_PLUS,1790476698.479532,11.128856897354126,1790476698.619532,False,True,False,False,,False,,,SIDE_DISPATCH|RAW_SEED_ATTEMPT|PRE_TIMING_SEED|TIMED_SEED|SEED_ELIGIBILITY|PRE_LOS|POST_LOS|SOLVER_OK|FINAL_INPUT|JOINT_SEED|PREFLIGHT_REJECT,PREFLIGHT_REJECT,DYNAMICS_FAIL,,,0.0,0.0,0.0,-1790476687.350675,-1790476687.350675,-1790476687.350675,0,TIMED_SEED,0.74,0.74,,,True,11.268856763839722,12.535609,4.599208254596222,-0.074977->-1.615686,-0.0749768220696585,-0.0749768220696585,-1.6156861344158395,-0.0848066015968704,-0.7631805715771345,0,-0.5944173006312905,-0.5944173006312905,12.008856763839706,12.008856763839706,12.008856763839706,12.008856763839706,12.008856763839706,12.008856763839706,0.67,0.67,0.67,0.0,1.515626795137546,1.2230285107293448,6.722636188357767,True,0.6521599519478158,4.375101745280156,11.908856763839708,0.64,False,,0.97,False
20260927_103759_1243248,u1e2,0,89,SIDE_MINUS,1790476698.479532,11.128856897354126,1790476698.619532,False,True,False,False,,False,,,SIDE_DISPATCH|RAW_SEED_ATTEMPT|PRE_TIMING_SEED|TIMED_SEED|SEED_ELIGIBILITY|PRE_LOS|POST_LOS|SOLVER_OK|FINAL_INPUT|JOINT_SEED|PREFLIGHT_REJECT,PREFLIGHT_REJECT,DYNAMICS_FAIL,,,0.0,0.0,0.0,-1790476687.350675,-1790476687.350675,-1790476687.350675,0,TIMED_SEED,0.64,0.64,11.908856763839708,11.908856763839708,True,11.268856763839722,12.535609,4.599208254596222,-0.074977->-2.095862,-0.0749768220696585,-0.0749768220696585,-2.095861675499421,-0.0848066015968704,-1.6333329738088518,0,-0.5944173006312905,-0.5944173006312905,11.908856763839708,11.908856763839708,11.908856763839708,11.908856763839708,11.908856763839708,11.908856763839708,0.64,0.64,0.64,0.0,1.3761666916632758,0.8655253076887623,3.760981208853424,True,0.6521599519478158,4.358771701064973,11.908856763839708,0.64,False,,0.47,False
20260927_103759_1243248,u1e2,0,91,SIDE_PLUS,1790476698.7699206,11.419245481491089,1790476698.9099205,False,True,False,False,,False,,,SIDE_DISPATCH|RAW_SEED_ATTEMPT|PRE_TIMING_SEED|TIMED_SEED|SEED_ELIGIBILITY|PRE_LOS|POST_LOS|SOLVER_OK|FINAL_INPUT|JOINT_SEED|PREFLIGHT_REJECT,PREFLIGHT_REJECT,DYNAMICS_FAIL,,,0.0,0.0,0.0,-1790476687.350675,-1790476687.350675,-1790476687.350675,0,TIMED_SEED,0.37,0.37,11.929245347976677,11.929245347976677,True,11.559245347976685,12.535609,4.5606440831989845,-0.654028->-1.712939,-0.6540279757980996,-0.6540279757980996,-1.712939056318652,-0.6841106983495056,-1.3651922955821376,0,-0.3322183504209885,-0.3322183504209885,11.929245347976677,11.929245347976677,11.929245347976677,11.929245347976677,11.929245347976677,11.929245347976677,0.37,0.37,0.37,0.0,1.528923570668548,1.4000354573331766,6.966570181729471,True,0.7573760955221582,4.319641095469224,11.909245347976675,0.35,False,,0.66,False
20260927_103759_1243248,u1e2,0,92,SIDE_MINUS,1790476698.7699206,11.419245481491089,1790476698.9099205,False,True,False,False,,False,,,SIDE_DISPATCH|RAW_SEED_ATTEMPT|PRE_TIMING_SEED|TIMED_SEED|SEED_ELIGIBILITY|PRE_LOS|POST_LOS|SOLVER_OK|FINAL_INPUT|JOINT_SEED|PREFLIGHT_REJECT,PREFLIGHT_REJECT,DYNAMICS_FAIL,,,0.0,0.0,0.0,-1790476687.350675,-1790476687.350675,-1790476687.350675,0,TIMED_SEED,0.35,0.35,11.909245347976675,11.909245347976675,True,11.559245347976685,12.535609,4.5606440831989845,-0.654028->-2.095765,-0.6540279757980996,-0.6540279757980996,-2.095765433698495,-0.6841106983495056,-1.882795762075861,0,-0.3322183504209885,-0.3322183504209885,11.909245347976675,11.909245347976675,11.909245347976675,11.909245347976675,11.909245347976675,11.909245347976675,0.35,0.35,0.35,0.0,1.3537034358086562,0.9249390312433058,4.073039606395716,True,0.7573760955221582,4.357771470927453,11.909245347976675,0.35,False,11.79924534797668,0.24,False
20260927_103759_1243248,u1e2,0,94,SIDE_PLUS,1790476699.048902,11.698226928710938,1790476699.188902,False,True,False,False,,False,,,SIDE_DISPATCH|RAW_SEED_ATTEMPT|PRE_TIMING_SEED|TIMED_SEED|SEED_ELIGIBILITY|PRE_LOS|POST_LOS|SOLVER_OK|FINAL_INPUT|JOINT_SEED|PREFLIGHT_REJECT,PREFLIGHT_REJECT,DYNAMICS_FAIL,,,0.0,0.0,0.0,-1790476687.350675,-1790476687.350675,-1790476687.350675,0,TIMED_SEED,0.07,0.07,11.908226795196532,11.908226795196532,True,11.838226795196531,12.535609,4.511264158005543,-1.189977->-1.847631,-1.1899768955470016,-1.1899768955470016,-1.8476309517034628,-1.2350349119283954,-1.806526505007808,0,-0.0814329631374622,-0.0814329631374622,11.908226795196532,11.908226795196532,11.908226795196532,11.908226795196532,11.908226795196532,11.908226795196532,0.07,0.07,0.07,0.0,1.5207777317446958,1.4608986673341668,6.838677611129087,True,0.9148801423099956,4.321082985770587,11.908226795196532,0.07,False,,0.11,False
20260927_103759_1243248,u1e2,0,95,SIDE_MINUS,1790476699.048902,11.698226928710938,1790476699.188902,True,True,False,False,,False,,,SIDE_DISPATCH|RAW_SEED_ATTEMPT|PRE_TIMING_SEED|TIMED_SEED|SEED_ELIGIBILITY|PRE_LOS|POST_LOS|SOLVER_OK|FINAL_INPUT|JOINT_SEED|COMPARATOR_LOSS,,,,OPPONENT_D3_LOWER,1.0,0.6666666666666666,0.0714030849090955,11.838226795196531,12.049324750900269,13.838226795196531,0,TIMED_SEED,0.07,0.07,11.908226795196532,11.908226795196532,True,11.838226795196531,12.535609,4.511264158005543,-1.189977->-2.057929,-1.1899768955470016,-1.1899768955470016,-2.057928923540123,-1.2350349119283954,-2.0446240597672403,0,-0.0814329631374622,-0.0814329631374622,11.908226795196532,11.908226795196532,11.908226795196532,11.908226795196532,11.908226795196532,11.908226795196532,0.07,0.07,0.07,0.0,1.3416209460486828,0.9677087392151904,4.295984281612142,True,0.9148801423099956,4.339120706857844,11.908226795196532,0.07,False,11.908226795196532,0.07,False
20260927_103759_1243248,u1e3,0,136,SIDE_PLUS,1790476710.14392,22.7932448387146,1790476710.2839198,False,True,False,False,,False,,,SIDE_DISPATCH|RAW_SEED_ATTEMPT|PRE_TIMING_SEED|TIMED_SEED|SEED_ELIGIBILITY|PRE_LOS|POST_LOS|SOLVER_OK|FINAL_INPUT|JOINT_SEED|HANDOFF_REJECT,HANDOFF_REJECT,MISSED_FROZEN_ACTIVATION,,,0.0,0.0,0.0,-1790476687.350675,-1790476687.350675,-1790476687.350675,0,TIMED_SEED,1.26,1.26,,,True,22.933244705200195,26.872067,4.294401169753305,+1.280922->-2.013202,1.2809215274560948,1.4554270997131635,-2.013202469750646,1.5674559927857372,-0.0696608637581208,1,-0.6239456079727675,-0.6239456079727675,25.00324470520052,25.00324470520052,26.453244705200746,26.453244705200746,,26.453244705200746,1.08,1.08,1.08,0.0,1.3256915463959682,0.9466700479515624,4.409848191458781,True,0.9908703268069734,4.641534085896521,,1.45,False,,1.43,False
20260927_103759_1243248,u1e3,0,139,SIDE_PLUS,1790476710.280585,22.9299099445343,1790476710.4291785,False,True,False,False,,False,,,SIDE_DISPATCH|RAW_SEED_ATTEMPT|PRE_TIMING_SEED|TIMED_SEED|SEED_ELIGIBILITY|PRE_LOS|POST_LOS|SOLVER_OK|FINAL_INPUT|JOINT_SEED|HANDOFF_REJECT,HANDOFF_REJECT,MISSED_FROZEN_ACTIVATION,,,0.0,0.0,0.0,-1790476687.350675,-1790476687.350675,-1790476687.350675,0,TIMED_SEED,1.25,1.25,,,True,23.078503370285038,26.872067,4.162852472983205,+1.302162->-2.006171,1.3021618267075914,1.4735455936354822,-2.00617094903424,1.5560725213518278,-0.0866334175575617,1,-0.6277421485290423,-0.6277421485290423,25.008503370285336,25.008503370285336,26.458503370285563,26.458503370285563,,26.458503370285563,1.07,1.07,1.07,0.0,1.3562700742093772,1.0242826264123606,4.884436816284266,True,0.955808958911334,4.663327840960512,,1.45,False,,1.42,False
20260927_103759_1243248,u1e3,0,142,SIDE_PLUS,1790476710.4063191,23.055644035339355,1790476710.5615084,False,True,False,False,,False,,,SIDE_DISPATCH|RAW_SEED_ATTEMPT|PRE_TIMING_SEED|TIMED_SEED|SEED_ELIGIBILITY|PRE_LOS|POST_LOS|SOLVER_OK|FINAL_INPUT|JOINT_SEED|HANDOFF_REJECT,HANDOFF_REJECT,MISSED_FROZEN_ACTIVATION,,,0.0,0.0,0.0,-1790476687.350675,-1790476687.350675,-1790476687.350675,0,TIMED_SEED,1.28,1.28,,,True,23.210833311080933,26.872067,4.253487005571318,+1.312886->-1.989719,1.3128858511503014,1.45969002785374,-1.989719001136564,1.5390577375698475,-0.0259486144396173,1,-0.6293913644105672,-0.6293913644105672,25.01083331108121,25.01083331108121,26.490833311081445,26.490833311081445,,26.490833311081445,1.07,1.07,1.07,0.0,1.352584048600444,0.9930223221901872,4.610392305264439,True,0.9033445638622166,4.734160298369347,26.1908333110814,1.43,False,26.1808333110814,1.4,False
20260927_103759_1243248,u1e3,0,145,SIDE_PLUS,1790476710.5141847,23.163509607315063,1790476710.6735094,False,True,False,False,,False,,,SIDE_DISPATCH|RAW_SEED_ATTEMPT|PRE_TIMING_SEED|TIMED_SEED|SEED_ELIGIBILITY|SOLVER_FAILED|FINAL_INPUT|JOINT_SEED|HANDOFF_REJECT,HANDOFF_REJECT,MISSED_FROZEN_ACTIVATION,,,0.0,0.0,0.0,-1790476687.350675,-1790476687.350675,-1790476687.350675,1,TIMED_SEED,1.28,1.28,,,True,23.32283425331116,26.872067,4.152001095681461,+1.323354->-1.973448,1.323354332115407,1.4575261283436112,-1.973448379128136,1.5180491790634565,-0.0091811800553802,1,-0.6281158276652032,-0.6281158276652032,25.00283425331142,25.00283425331142,26.50283425331165,25.00283425331142,,26.50283425331165,1.05,1.05,1.05,0.0,1.3745190960092988,1.0572965745391358,4.978793668918758,True,0.8719732547722325,4.762160240512428,26.19283425331161,1.42,False,,1.28,False
20260927_103759_1243248,u1e3,0,148,SIDE_PLUS,1790476710.6280866,23.277411460876465,1790476710.7918167,False,True,False,False,,False,,,SIDE_DISPATCH|RAW_SEED_ATTEMPT|PRE_TIMING_SEED|TIMED_SEED|SEED_ELIGIBILITY|PRE_LOS|POST_LOS|SOLVER_OK|FINAL_INPUT|JOINT_SEED|HANDOFF_REJECT,HANDOFF_REJECT,MISSED_FROZEN_ACTIVATION,,,0.0,0.0,0.0,-1790476687.350675,-1790476687.350675,-1790476687.350675,0,TIMED_SEED,1.29,1.29,,,True,23.4411416053772,26.872067,4.043079793100628,+1.328623->-1.973933,1.3286228548147323,1.447791285856407,-1.973932982666301,1.4933985802001295,-0.0104049861788857,1,-0.6282210052921412,-0.6282210052921412,25.011141605377443,25.011141605377443,26.51114160537768,25.011141605377443,,26.51114160537768,1.06,1.06,1.06,0.0,1.3999396530695205,1.1325681957652944,5.411455287224026,True,0.8371937288690432,4.768880973276385,26.191141605377627,1.44,False,26.171141605377624,1.42,False
20260927_103759_1243248,u1e3,0,151,SIDE_PLUS,1790476710.747843,23.397167921066284,1790476710.9161046,True,True,True,True,85.0,True,23.602081,23.836,SIDE_DISPATCH|RAW_SEED_ATTEMPT|PRE_TIMING_SEED|TIMED_SEED|SEED_ELIGIBILITY|PRE_LOS|POST_LOS|SOLVER_OK|FINAL_INPUT|JOINT_SEED|COMPARATOR_WIN|SELECTED|COMMITTED,,,,,0.0,0.0,0.0,-1790476687.350675,-1790476687.350675,25.56542944908142,0,TIMED_SEED,1.38,1.38,,,True,23.56542944908142,26.872067,4.344612875084675,+1.329284->-1.960982,1.3292839872026931,1.3535803969432176,-1.960981773797161,1.4510785111730036,0.2834087956399978,1,-0.6263274070244049,-0.6263274070244049,25.00542944908165,25.00542944908165,,26.57542944908189,,,1.08,1.08,1.08,0.0,1.3518692079542751,0.9937521322829828,4.38965633045345,True,0.7796940007747359,4.974733883825372,26.205429449081837,1.4,False,26.205429449081837,1.4,False
20260927_103759_1243248,u1e3,0,157,SIDE_PLUS,1790476711.0358183,23.68514323234558,1790476711.1935833,True,True,True,True,86.0,True,23.881467,24.073542,SIDE_DISPATCH|RAW_SEED_ATTEMPT|PRE_TIMING_SEED|TIMED_SEED|SEED_ELIGIBILITY|SOLVER_FAILED|FINAL_INPUT|JOINT_SEED|COMPARATOR_WIN|SELECTED|COMMITTED,,,,C3_HIGHER,1.0,0.4,1.938892455603166,24.749324083328247,25.66542935371399,25.842908143997192,1,TIMED_SEED,1.43,1.43,,,True,23.842908143997192,26.872067,4.278171500023745,+1.310689->-1.944253,1.3106885993121464,1.2311260785338194,-1.9442528162645651,1.3752375242075296,0.4186241844794389,1,-0.6265551609022323,-0.6265551609022323,25.002908143997374,25.002908143997374,,26.63290814399763,,,1.13,1.13,1.13,0.0,1.376817909956898,1.053522906745118,4.5974289404191095,True,0.7040250925543774,5.129227689755648,,1.43,False,,1.43,False
20260927_103759_1243248,u1e3,0,158,SIDE_MINUS,1790476711.0358183,23.68514323234558,1790476711.1935833,True,True,False,False,,False,,,SIDE_DISPATCH|RAW_SEED_ATTEMPT|PRE_TIMING_SEED|TIMED_SEED|SEED_ELIGIBILITY|SOLVER_OK|FINAL_INPUT|JOINT_SEED|COMPARATOR_LOSS,,,,OPPONENT_C3_HIGHER,1.0,0.1,4.380087872038549,24.749324083328247,25.66542935371399,25.842908143997192,0,TIMED_SEED,1.39,1.39,26.052908143997534,26.052908143997534,True,23.842908143997192,26.872067,4.278171500023745,+1.310689->-2.077858,1.3106885993121464,0.3787992985153937,-2.0778575389482525,1.3752375242075296,-0.5708212459243244,1,-0.6278088574107707,-0.6278088574107707,26.052908143997534,26.052908143997534,26.052908143997534,26.052908143997534,26.052908143997534,26.052908143997534,1.05,1.05,1.05,0.0,1.4145983153295945,1.1799734754427935,4.614932830298189,True,0.2383638976546018,4.282720747400066,,1.43,True,26.28290814399757,1.45,True
20260927_103759_1243248,u1e3,0,160,SIDE_PLUS,1790476711.2879477,23.937272548675537,1790476711.4439464,True,True,True,True,87.0,True,24.107875,24.370073,SIDE_DISPATCH|RAW_SEED_ATTEMPT|PRE_TIMING_SEED|TIMED_SEED|SEED_ELIGIBILITY|SOLVER_OK|FINAL_INPUT|JOINT_SEED|COMPARATOR_WIN|SELECTED|COMMITTED,,,,D3_LOWER,1.0,0.1666666666666666,5.052282557651882,24.749324083328247,25.94290804862976,26.093271255493164,0,TIMED_SEED,1.29,1.29,,,True,24.093271255493164,26.872067,2.8426813239783524,+1.277991->-2.935546,1.2779911238924546,1.200153250443835,-2.9355463711197327,1.2900344303794309,-0.7710146027692065,1,-0.6271740766685192,-0.6271740766685192,26.283271255493503,26.283271255493503,26.283271255493503,26.283271255493503,26.283271255493503,26.283271255493503,1.27,1.27,1.27,0.0,1.9999309074201008,2.147451380580551,15.264097716833104,True,0.4039794956558901,3.808258091506662,,1.34,False,,1.34,False
20260927_103759_1243248,u1e3,0,161,SIDE_MINUS,1790476711.2879477,23.937272548675537,1790476711.4439464,True,True,False,False,,False,,,SIDE_DISPATCH|RAW_SEED_ATTEMPT|PRE_TIMING_SEED|TIMED_SEED|SEED_ELIGIBILITY|SOLVER_OK|FINAL_INPUT|JOINT_SEED|COMPARATOR_LOSS,,,,OPPONENT_D3_LOWER,1.0,0.1666666666666666,5.082209287318367,24.749324083328247,25.94290804862976,26.093271255493164,0,TIMED_SEED,1.24,1.24,25.93327125549345,25.93327125549345,True,24.093271255493164,26.872067,3.2880405827815906,+1.277991->-2.477084,1.2779911238924546,0.3138083141226035,-2.4770836275622465,1.2900344303794309,-0.5844168467888564,1,-0.6283237066328168,-0.6283237066328168,25.93327125549345,25.93327125549345,25.93327125549345,25.93327125549345,25.93327125549345,25.93327125549345,0.93,0.93,0.93,0.0,2.02755121232384,2.550418531002396,16.727171093829057,True,0.3468156427825073,4.154630891503384,,1.34,True,,1.37,True
20260927_103759_1243248,u1e3,0,163,SIDE_PLUS,1790476711.5622532,24.21157813072205,1790476711.7136788,True,True,True,True,88.0,True,24.401934,24.635601,SIDE_DISPATCH|RAW_SEED_ATTEMPT|PRE_TIMING_SEED|TIMED_SEED|SEED_ELIGIBILITY|SOLVER_OK|FINAL_INPUT|JOINT_SEED|COMPARATOR_WIN|SELECTED|COMMITTED,,,,D3_LOWER,1.0,0.1333333333333333,6.393513130139759,24.749324083328247,26.19327116012573,26.36300373077393,0,TIMED_SEED,1.58,1.58,,,True,24.36300373077393,26.872067,4.418665736777378,+1.239996->-1.898943,1.2399955119354922,1.0667545372540523,-1.898943317113745,1.211884084641231,0.7141474309935939,1,-0.6290872897863029,-0.6290872897863029,26.68300373077429,26.68300373077429,,,,,1.27,1.27,1.27,0.0,1.3700323804410606,0.9752305737524272,4.379589418223258,True,0.6765614351699543,5.459755437951549,,1.4,False,,1.4,False
20260927_103759_1243248,u1e3,0,164,SIDE_MINUS,1790476711.5622532,24.21157813072205,1790476711.7136788,True,True,False,False,,False,,,SIDE_DISPATCH|RAW_SEED_ATTEMPT|PRE_TIMING_SEED|TIMED_SEED|SEED_ELIGIBILITY|SOLVER_OK|FINAL_INPUT|JOINT_SEED|COMPARATOR_LOSS,,,,OPPONENT_D3_LOWER,1.0,0.1333333333333333,6.428649506948064,24.749324083328247,26.19327116012573,26.36300373077393,0,TIMED_SEED,1.22,1.22,26.1130037307742,26.1130037307742,True,24.36300373077393,26.872067,4.418665736777378,+1.239996->-2.181731,1.2399955119354922,0.8592101360184737,-2.1817308613116206,1.211884084641231,-0.9151571760133598,1,-0.6272648877336369,-0.6272648877336369,26.1130037307742,26.1130037307742,26.1130037307742,26.1130037307742,26.1130037307742,26.1130037307742,1.11,1.11,1.11,0.0,1.5197384995040604,1.3200692636530826,5.613603020979298,True,0.511939417776553,4.027123861981772,,1.4,True,,1.41,True
20260927_103759_1243248,u1e3,0,166,SIDE_PLUS,1790476711.8470829,24.49640774726868,1790476711.9944184,True,True,False,False,,False,,,SIDE_DISPATCH|RAW_SEED_ATTEMPT|PRE_TIMING_SEED|TIMED_SEED|SEED_ELIGIBILITY|SOLVER_OK|FINAL_INPUT|JOINT_SEED|COMPARATOR_WIN,,,,,1.0,0.1111111111111111,7.052649096350624,24.749324083328247,26.46300363540649,26.64374327659607,0,TIMED_SEED,1.61,1.61,,,True,24.64374327659607,26.872067,4.497508349868771,+1.167154->-1.883218,1.1671537542204669,1.0003623634105538,-1.883218139675665,1.1284944254535114,0.8264399848135502,1,-0.6280232202890941,-0.6280232202890941,26.69374327659639,26.69374327659639,,,,,1.27,1.27,1.27,0.0,1.3650623036461154,0.9651448522047502,4.0719461579916265,True,0.6601333664190272,5.549335823497736,,1.42,False,,1.43,False
20260927_103759_1243248,u1e3,0,167,SIDE_MINUS,1790476711.8470829,24.49640774726868,1790476711.9944184,True,True,True,True,89.0,True,24.67139,24.871848,SIDE_DISPATCH|RAW_SEED_ATTEMPT|PRE_TIMING_SEED|TIMED_SEED|SEED_ELIGIBILITY|SOLVER_OK|FINAL_INPUT|JOINT_SEED|COMPARATOR_WIN|SELECTED|COMMITTED,,,,D3_LOWER,1.0,0.1111111111111111,7.036108137042995,24.749324083328247,26.46300363540649,26.64374327659607,0,TIMED_SEED,1.25,1.25,26.19374327659631,26.19374327659631,True,24.64374327659607,26.872067,4.497508349868771,+1.167154->-2.168805,1.1671537542204669,0.9575391794035631,-2.168805416784671,1.1284944254535114,-0.8869500961384656,1,-0.6268603359172814,-0.6268603359172814,26.19374327659631,26.19374327659631,26.19374327659631,26.19374327659631,26.19374327659631,26.19374327659631,1.19,1.19,1.19,0.0,1.4606870656290374,1.1072171023405497,3.798458272013496,True,0.600412168523401,4.044956712945946,,1.42,True,,1.42,True
20260927_103759_1243248,u1e3,0,169,SIDE_PLUS,1790476712.099781,24.74910593032837,1790476712.2438836,True,True,False,False,,False,,,SIDE_DISPATCH|RAW_SEED_ATTEMPT|PRE_TIMING_SEED|TIMED_SEED|SEED_ELIGIBILITY|SOLVER_OK|FINAL_INPUT|JOINT_SEED|COMPARATOR_LOSS,,,,OPPONENT_D3_LOWER,1.0,0.0588235294117647,7.079143999137853,24.893208503723145,26.64932322502136,26.893208503723145,0,TIMED_SEED,1.6,1.6,,,True,24.893208503723145,26.872067,4.493278325421456,+1.049345->-2.362976,1.04934456184588,0.978102295250486,-2.362975960270965,1.0222331606792867,0.63493679670534,1,-0.6266249787129948,-0.6266249787129948,26.553208503723404,26.553208503723404,26.553208503723404,26.553208503723404,,26.553208503723404,1.27,1.27,1.27,0.0,1.137947267287652,1.0665644957589258,4.395446806499667,True,0.6524504356468683,5.236567944583584,,1.42,False,,1.44,False
20260927_103759_1243248,u1e3,0,170,SIDE_MINUS,1790476712.099781,24.74910593032837,1790476712.2438836,True,True,True,True,90.0,True,24.904939,25.168165,SIDE_DISPATCH|RAW_SEED_ATTEMPT|PRE_TIMING_SEED|TIMED_SEED|SEED_ELIGIBILITY|SOLVER_OK|FINAL_INPUT|JOINT_SEED|COMPARATOR_WIN|SELECTED|COMMITTED,,,,D3_LOWER,1.0,0.0588235294117647,6.978962343038578,24.893208503723145,26.64932322502136,26.893208503723145,0,TIMED_SEED,1.39,1.39,,,True,24.893208503723145,26.872067,4.493278325421456,+1.049345->-1.627022,1.04934456184588,0.9769530578342608,-1.6270216511453108,1.0222331606792867,-0.6699109334066919,1,-0.6261908245469631,-0.6261908245469631,26.34320850372337,26.34320850372337,26.34320850372337,26.34320850372337,26.34320850372337,26.34320850372337,1.27,1.27,1.27,0.0,1.1159576833595062,0.912190842588788,2.8033706833447507,True,0.6141772123995874,4.538058130663455,,1.42,False,,1.42,False
20260927_103759_1243248,u1e3,0,172,SIDE_PLUS,1790476712.3899865,25.039311170578003,1790476712.530952,True,True,False,False,,False,,,SIDE_DISPATCH|RAW_SEED_ATTEMPT|PRE_TIMING_SEED|TIMED_SEED|SEED_ELIGIBILITY|SOLVER_FAILED|FINAL_INPUT|JOINT_SEED|COMPARATOR_WIN,,,,,0.0,0.0,0.0,-1790476687.350675,-1790476687.350675,27.18027687072754,1,TIMED_SEED,1.28,1.28,,,True,25.18027687072754,26.872067,3.011826435071531,+0.834932->-2.911146,0.8349321560204008,0.8349321560204008,-2.911146047781344,0.815518458197045,0.0412359382370678,1,-0.6257891138412084,-0.6257891138412084,26.46027687072774,26.46027687072774,26.46027687072774,26.46027687072774,,26.46027687072774,1.1,1.1,1.1,0.0,1.784574090211062,2.379729339601701,15.030672146482535,True,0.653956093832629,4.738700593843926,26.2002768707277,1.02,False,,1.28,False
20260927_103759_1243248,u1e3,0,173,SIDE_MINUS,1790476712.3899865,25.039311170578003,1790476712.530952,True,True,True,True,91.0,True,25.202846,25.43562,SIDE_DISPATCH|RAW_SEED_ATTEMPT|PRE_TIMING_SEED|TIMED_SEED|SEED_ELIGIBILITY|SOLVER_FAILED|FINAL_INPUT|JOINT_SEED|COMPARATOR_WIN|SELECTED|COMMITTED,,,,,0.0,0.0,0.0,-1790476687.350675,-1790476687.350675,27.18027687072754,1,TIMED_SEED,1.02,1.02,26.2002768707277,26.2002768707277,True,25.18027687072754,26.872067,3.011826435071531,+0.834932->-2.172377,0.8349321560204008,0.8349321560204008,-2.172376763257416,0.815518458197045,-1.1879469396241311,1,-0.6283288707984914,-0.6283288707984914,26.2002768707277,26.2002768707277,26.2002768707277,26.2002768707277,26.2002768707277,26.2002768707277,1.02,1.02,1.02,0.0,1.7212570829659202,2.076855120916982,10.540405275081756,True,0.653956093832629,3.95526769203277,26.2002768707277,1.02,False,26.2002768707277,1.02,False
20260927_103759_1243248,u1e3,0,175,SIDE_PLUS,1790476712.6706996,25.320024490356445,1790476712.8106997,True,True,False,False,,False,,,SIDE_DISPATCH|RAW_SEED_ATTEMPT|PRE_TIMING_SEED|TIMED_SEED|SEED_ELIGIBILITY|SOLVER_FAILED|FINAL_INPUT|JOINT_SEED|COMPARATOR_WIN,,,,,0.0,0.0,0.0,-1790476687.350675,-1790476687.350675,27.46002435684204,1,TIMED_SEED,0.95,0.95,,,True,25.46002435684204,26.872067,4.540368855110243,+0.423252->-2.212100,0.4232521291764546,0.4232521291764546,-2.21209964616195,0.4315003183962998,-0.2369788887947343,1,-0.6248002922868041,-0.6248002922868041,26.41002435684219,26.41002435684219,26.41002435684219,26.41002435684219,,26.41002435684219,0.8200000000000001,0.8200000000000001,0.8200000000000001,0.0,1.2582825713224,2.2118719620035825,14.893592958326744,True,0.6634434914469474,5.003943083475859,,0.85,False,,0.95,False
20260927_103759_1243248,u1e3,0,176,SIDE_MINUS,1790476712.6706996,25.320024490356445,1790476712.8106997,True,True,True,True,92.0,True,25.482386,25.737337,SIDE_DISPATCH|RAW_SEED_ATTEMPT|PRE_TIMING_SEED|TIMED_SEED|SEED_ELIGIBILITY|SOLVER_FAILED|FINAL_INPUT|JOINT_SEED|COMPARATOR_WIN|SELECTED|COMMITTED,,,,,0.0,0.0,0.0,-1790476687.350675,-1790476687.350675,27.46002435684204,1,TIMED_SEED,0.85,0.85,,,True,25.46002435684204,26.872067,4.540368855110243,+0.423252->-1.711382,0.4232521291764546,0.4232521291764546,-1.711381856348586,0.4315003183962998,-0.9169272763159916,1,-0.6265838812838295,-0.6265838812838295,26.31002435684217,26.31002435684217,26.31002435684217,26.31002435684217,26.31002435684217,26.31002435684217,0.8200000000000001,0.8200000000000001,0.8200000000000001,0.0,1.3057449241234946,1.9138175789357428,9.25328443245801,True,0.6634434914469474,4.5691888040515165,,0.85,False,,0.85,False
20260927_103759_1243248,u1e3,0,178,SIDE_PLUS,1790476712.949238,25.598562955856323,1790476713.089238,True,True,False,False,,False,,,SIDE_DISPATCH|RAW_SEED_ATTEMPT|PRE_TIMING_SEED|TIMED_SEED|SEED_ELIGIBILITY|SOLVER_FAILED|FINAL_INPUT|JOINT_SEED|COMPARATOR_WIN,,,,,0.0,0.0,0.0,-1790476687.350675,-1790476687.350675,27.73856282234192,1,TIMED_SEED,0.6,0.6,,,True,25.73856282234192,26.872067,4.544355445714845,-0.193259->-1.616935,-0.1932593337604736,-0.1932593337604736,-1.6169346927021488,-0.2203565205298748,-0.9268469961815368,0,-0.544394111910789,-0.544394111910789,26.338562822342013,26.338562822342013,26.338562822342013,26.338562822342013,26.338562822342013,26.338562822342013,0.54,0.54,0.54,0.0,1.5301193719550703,1.731379564038556,7.287869396253013,True,0.681540815608392,4.887262788185736,26.278562822342003,0.54,False,,0.6,False
20260927_103759_1243248,u1e3,0,179,SIDE_MINUS,1790476712.949238,25.598562955856323,1790476713.089238,True,True,True,True,93.0,True,25.769028,26.003561,SIDE_DISPATCH|RAW_SEED_ATTEMPT|PRE_TIMING_SEED|TIMED_SEED|SEED_ELIGIBILITY|SOLVER_FAILED|FINAL_INPUT|JOINT_SEED|COMPARATOR_WIN|SELECTED|COMMITTED,,,,,0.0,0.0,0.0,-1790476687.350675,-1790476687.350675,27.73856282234192,1,TIMED_SEED,0.54,0.54,26.278562822342003,26.278562822342003,True,25.73856282234192,26.872067,4.544355445714845,-0.193259->-2.065185,-0.1932593337604736,-0.1932593337604736,-2.065184611122813,-0.2203565205298748,-1.6473687232724885,0,-0.544394111910789,-0.544394111910789,26.278562822342003,26.278562822342003,26.278562822342003,26.278562822342003,26.278562822342003,26.278562822342003,0.54,0.54,0.54,0.0,1.303436295584916,0.9249272165448312,4.1838099708438765,True,0.681540815608392,4.1690415759924,26.278562822342003,0.54,False,26.278562822342003,0.54,False
20260927_103759_1243248,u1e3,0,181,SIDE_MINUS,1790476713.2408755,25.89020037651062,1790476713.380875,False,True,False,False,,False,,,SIDE_DISPATCH|RAW_SEED_ATTEMPT|PRE_TIMING_SEED|TIMED_SEED|SEED_ELIGIBILITY|PRE_LOS|POST_LOS|SOLVER_OK|FINAL_INPUT|JOINT_SEED|PREFLIGHT_REJECT,PREFLIGHT_REJECT,DYNAMICS_FAIL,,,0.0,0.0,0.0,-1790476687.350675,-1790476687.350675,-1790476687.350675,0,TIMED_SEED,0.25,0.25,26.28020024299625,26.28020024299625,True,26.030200242996216,26.872067,4.507177816720916,-0.851529->-2.052528,-0.8515294268171718,-0.8515294268171718,-2.052527632034133,-0.9071609339820228,-1.9501800787137349,0,-0.2547345429069369,-0.2547345429069369,26.28020024299625,26.28020024299625,26.28020024299625,26.28020024299625,26.28020024299625,26.28020024299625,0.25,0.25,0.25,0.0,1.3118036482697597,0.9622700327954148,4.328035854650772,True,0.7842068033848308,4.170890730207245,26.28020024299625,0.25,False,26.24020024299625,0.21,False
20260927_103759_1243248,u1e3,0,182,SIDE_PLUS,1790476713.2408755,25.89020037651062,1790476713.380875,False,True,False,False,,False,,,SIDE_DISPATCH|RAW_SEED_ATTEMPT|PRE_TIMING_SEED|TIMED_SEED|SEED_ELIGIBILITY|PRE_LOS|POST_LOS|SOLVER_OK|FINAL_INPUT|JOINT_SEED|PREFLIGHT_REJECT,PREFLIGHT_REJECT,DYNAMICS_FAIL,,,0.0,0.0,0.0,-1790476687.350675,-1790476687.350675,-1790476687.350675,0,TIMED_SEED,0.25,0.25,26.28020024299625,26.28020024299625,True,26.030200242996216,26.872067,4.507177816720916,-0.851529->-1.739261,-0.8515294268171718,-0.8515294268171718,-1.7392609657223923,-0.9071609339820228,-1.5668089471344049,0,-0.2547345429069369,-0.2547345429069369,26.28020024299625,26.28020024299625,26.28020024299625,26.28020024299625,26.28020024299625,26.28020024299625,0.25,0.25,0.25,0.0,1.5340792024974976,1.5759014402126954,6.626967295229882,True,0.7842068033848308,4.547487122605208,26.28020024299625,0.25,False,,0.44,False
20260927_103759_1243248,u1e4,0,426,SIDE_PLUS,1790476742.6198618,55.2691867351532,1790476742.7638452,True,False,False,False,,False,,,SIDE_DISPATCH|RAW_SEED_ATTEMPT|PRE_TIMING_SEED|TIMED_SEED|SEED_ELIGIBILITY|SOLVER_OK|FINAL_INPUT|COMPARATOR_LOSS,,,,,0.0,0.0,0.0,-1790476687.350675,-1790476687.350675,57.41317009925842,0,TIMED_SEED,0.67,0.67,58.10317009925789,58.10317009925789,True,55.41317009925842,58.79606554187057,3.3828954426121425,-0.239557->-1.158969,-0.2395571795613434,0.1043670753829565,-1.1589687432556044,0.0,0.0,2,-0.3568466768851931,-0.3568466768851931,58.10317009925789,58.10317009925789,58.10317009925789,58.10317009925789,58.10317009925789,58.10317009925789,0.4,0.4,0.4,0.0,1.1829108772641357,1.4721926180902032,4.729840244542856,True,0.8001407340573552,-0.0078722959627341,,0.64,False,58.45317009925782,0.62,False
20260927_103759_1243248,u1e4,0,427,SIDE_MINUS,1790476742.6198618,55.2691867351532,1790476742.7638452,True,False,False,False,,False,,,SIDE_DISPATCH|RAW_SEED_ATTEMPT|PRE_TIMING_SEED|TIMED_SEED|SEED_ELIGIBILITY|SOLVER_OK|FINAL_INPUT|COMPARATOR_LOSS,,,,,0.0,0.0,0.0,-1790476687.350675,-1790476687.350675,57.41317009925842,0,TIMED_SEED,0.0,0.0,57.70317009925797,57.70317009925797,True,55.41317009925842,58.79606554187057,3.3828954426121425,-0.239557->-1.158969,-0.2395571795613434,-0.7449396642675468,-1.1589687724004174,0.0,0.0,0,0.2941043450957681,0.2941043450957681,57.70317009925797,57.70317009925797,57.70317009925797,57.70317009925797,57.70317009925797,57.70317009925797,0.0,0.0,0.0,0.0,1.2193889198460046,1.8169654670313111,8.02284527164311,True,0.8001407340573552,0.4295721163106659,,0.64,True,57.70317009925797,0.0,False
20260927_103759_1243248,u1e4,0,429,SIDE_PLUS,1790476742.656819,55.30614423751831,1790476742.799063,True,False,False,False,,False,,,SIDE_DISPATCH|RAW_SEED_ATTEMPT|PRE_TIMING_SEED|TIMED_SEED|SEED_ELIGIBILITY|SOLVER_OK|FINAL_INPUT|COMPARATOR_LOSS,,,,,0.0,0.0,0.0,-1790476687.350675,-1790476687.350675,57.44838786125183,0,TIMED_SEED,0.6,0.6,58.388387861251246,58.388387861251246,True,55.44838786125183,59.082308000000005,3.691066270196115,-0.236456->-1.081124,-0.2364561035146447,0.4027589240476054,-1.0811238176629097,0.0,0.0,2,-0.3113502871211832,-0.3113502871211832,57.70838786125138,57.70838786125138,58.388387861251246,58.388387861251246,58.388387861251246,58.388387861251246,0.6,0.6,0.6,0.0,1.2809384849725058,1.279713315532986,4.905462867155841,True,0.8187413097814473,-0.2313502871211831,,0.53,False,,0.32,False
20260927_103759_1243248,u1e4,0,430,SIDE_MINUS,1790476742.656819,55.30614423751831,1790476742.799063,True,False,False,False,,False,,,SIDE_DISPATCH|RAW_SEED_ATTEMPT|PRE_TIMING_SEED|TIMED_SEED|SEED_ELIGIBILITY|SOLVER_OK|FINAL_INPUT|COMPARATOR_LOSS,,,,,0.0,0.0,0.0,-1790476687.350675,-1790476687.350675,57.44838786125183,0,TIMED_SEED,0.0,0.0,57.70838786125138,57.70838786125138,True,55.44838786125183,58.80050066420042,3.352112802948588,-0.236456->-1.159432,-0.2364561035146447,-0.762690463779607,-1.1594324080902116,0.0,0.0,0,0.3056650169032422,0.3056650169032422,57.70838786125138,57.70838786125138,57.70838786125138,57.70838786125138,57.70838786125138,57.70838786125138,0.0,0.0,0.0,0.0,1.2272806251625108,1.8848542593156203,8.367006823899578,True,0.8187413097814473,0.4406013714057097,,0.53,True,57.70838786125138,0.0,False
20260927_103759_1243248,u1e4,0,432,SIDE_PLUS,1790476742.8463871,55.49571204185486,1790476742.986421,True,False,False,False,,False,,,SIDE_DISPATCH|RAW_SEED_ATTEMPT|PRE_TIMING_SEED|TIMED_SEED|SEED_ELIGIBILITY|SOLVER_OK|FINAL_INPUT|COMPARATOR_LOSS,,,,,0.0,0.0,0.0,-1790476687.350675,-1790476687.350675,57.635746240615845,0,TIMED_SEED,0.68,0.68,58.12574624061535,58.12574624061535,True,55.635746240615845,58.82445892963044,3.1887126890145967,-0.206738->-1.153750,-0.2067382964669882,0.1320523096195359,-1.1537500394234692,0.0,0.0,2,-0.3565169800104214,-0.3565169800104214,58.12574624061535,58.12574624061535,58.12574624061535,58.12574624061535,58.12574624061535,58.12574624061535,0.42,0.42,0.42,0.0,1.1875424869939244,1.533935432828884,4.611150804697527,True,0.912632770493778,-0.0157067846563441,,0.56,False,,0.59,False
20260927_103759_1243248,u1e4,0,438,SIDE_PLUS,1790476743.396295,56.04561996459961,1790476743.536295,True,False,True,True,200.0,True,56.202072,56.435827,SIDE_DISPATCH|RAW_SEED_ATTEMPT|PRE_TIMING_SEED|TIMED_SEED|SEED_ELIGIBILITY|SOLVER_OK|FINAL_INPUT|COMPARATOR_WIN|SELECTED|COMMITTED,,,,,1.0,0.0,1.4041050986822674,57.54932355880737,57.99295020103455,58.185619831085205,0,TIMED_SEED,1.01,1.01,58.2356198310848,58.2356198310848,True,56.185619831085205,59.082308000000005,4.494535581126059,-0.063747->-1.130739,-0.0637470793192399,0.004213022387003,-1.1307393071154537,0.0,0.0,2,-0.3590268859576354,-0.3590268859576354,58.2356198310848,58.2356198310848,58.2356198310848,58.2356198310848,58.2356198310848,58.2356198310848,0.53,0.53,0.53,0.0,1.128648076974996,1.558657229898652,7.967250573344978,True,1.1126392844863358,-0.1810298915328056,58.11561983108482,0.61,False,58.11561983108482,0.61,False
20260927_103759_1243248,u1e4,0,442,SIDE_PLUS,1790476743.6589,56.30822491645813,1790476743.7989,True,False,True,True,201.0,True,56.476023,56.703475,SIDE_DISPATCH|RAW_SEED_ATTEMPT|PRE_TIMING_SEED|TIMED_SEED|SEED_ELIGIBILITY|SOLVER_OK|FINAL_INPUT|COMPARATOR_WIN|SELECTED|COMMITTED,,,,,1.0,0.2857142857142857,1.6699837544823823,57.54932355880737,58.24932312965393,58.448224782943726,0,TIMED_SEED,0.88,0.88,58.28822478294336,58.28822478294336,True,56.448224782943726,59.082308000000005,4.643739726173092,+0.088432->-1.071584,0.0884318530445499,0.1404286307767306,-1.0715843601210333,0.0,0.0,1,-0.3586065445799579,-0.3586065445799579,58.28822478294336,58.28822478294336,58.28822478294336,58.28822478294336,58.28822478294336,58.28822478294336,0.58,0.58,0.58,0.0,1.1144431546738591,1.3069222218217484,8.381992677193507,True,1.1519308720867891,-0.1280386485415411,58.28822478294336,0.62,False,58.28822478294336,0.62,False
20260927_103759_1243248,u1e4,0,444,SIDE_PLUS,1790476743.919865,56.56918954849243,1790476744.0598643,True,False,False,False,,False,,,SIDE_DISPATCH|RAW_SEED_ATTEMPT|PRE_TIMING_SEED|TIMED_SEED|SEED_ELIGIBILITY|PRE_LOS|POST_LOS|SOLVER_OK|FINAL_INPUT|COMPARATOR_LOSS,,,,OPPONENT_D3_LOWER,1.0,0.3333333333333333,1.784618661648884,57.54932355880737,58.44932317733765,58.70918941497803,0,TIMED_SEED,0.98,0.98,,,True,56.70918941497803,59.082308000000005,4.674829010248568,+0.283585->-0.657869,0.2835851744973773,0.3621774258239997,-0.6578688001981553,0.4514292307030254,-0.5430685601748397,1,-0.3579039907900558,-0.3579039907900558,58.66918941497764,58.66918941497764,58.66918941497764,58.66918941497764,,58.66918941497764,0.78,0.78,0.78,0.0,1.2424753031092226,1.5096359780913209,7.640328445225029,True,1.2263660333204731,-0.2017481980764148,58.11918941497775,0.63,False,,0.6900000000000001,False
20260927_103759_1243248,u1e4,0,447,SIDE_PLUS,1790476744.2163208,56.86564564704895,1790476744.3563206,True,False,True,True,203.0,True,57.035377,57.303431,SIDE_DISPATCH|RAW_SEED_ATTEMPT|PRE_TIMING_SEED|TIMED_SEED|SEED_ELIGIBILITY|PRE_LOS|POST_LOS|SOLVER_OK|FINAL_INPUT|COMPARATOR_WIN|SELECTED|COMMITTED,,,,C3_HIGHER,1.0,0.3333333333333333,1.785198633345618,57.54932355880737,58.44932317733765,59.00564551353455,0,TIMED_SEED,1.18,1.18,,,True,57.00564551353455,59.082308000000005,4.746346479817432,+0.469619->-0.517099,0.4696194506709399,0.3062785955032437,-0.51709887757372,0.5588665864892148,-0.5284659572029289,1,-0.358611413925791,-0.358611413925791,58.7656455135342,58.7656455135342,58.7656455135342,58.7656455135342,,58.7656455135342,0.78,0.78,0.78,0.0,1.3421777114974036,1.4392438108887486,5.547085564686477,True,1.4092433215530071,-0.1514866093714182,,0.94,False,,0.94,False
20260927_103759_1243248,u1e4,0,448,SIDE_MINUS,1790476744.2163208,56.86564564704895,1790476744.3563206,False,False,False,False,,False,,,SIDE_DISPATCH|RAW_SEED_ATTEMPT|PRE_TIMING_SEED|TIMED_SEED|SEED_ELIGIBILITY|PRE_LOS|POST_LOS|SOLVER_OK|FINAL_INPUT|PREFLIGHT_REJECT,PREFLIGHT_REJECT,DYNAMICS_FAIL,,,0.0,0.0,0.0,-1790476687.350675,-1790476687.350675,-1790476687.350675,0,TIMED_SEED,0.53,0.53,57.99564551353435,57.99564551353435,True,57.00564551353455,59.082308000000005,4.746346479817432,+0.469619->-1.777383,0.4696194506709399,0.0923324093163053,-1.7773833318507215,0.5588665864892148,-2.1625536129427507,1,-0.3587526621043694,-0.3587526621043694,57.99564551353435,57.99564551353435,57.99564551353435,57.99564551353435,57.99564551353435,57.99564551353435,0.29,0.29,0.29,0.0,1.6371453225570785,2.333811208258229,6.0883384922828325,True,1.4092433215530071,-0.156956039742507,,0.94,True,57.70564551353441,0.28,False
20260927_103759_1243248,u1e4,0,450,SIDE_PLUS,1790476744.5038886,57.15321350097656,1790476744.6438885,True,False,False,False,,False,,,SIDE_DISPATCH|RAW_SEED_ATTEMPT|PRE_TIMING_SEED|TIMED_SEED|SEED_ELIGIBILITY|PRE_LOS|POST_LOS|SOLVER_OK|FINAL_INPUT|COMPARATOR_LOSS,,,,OPPONENT_C3_HIGHER,1.0,0.2307692307692307,2.991347519476708,57.54932355880737,58.84932279586792,59.29321336746216,0,TIMED_SEED,1.06,1.06,,,True,57.29321336746216,59.082308000000005,4.851682709140383,+0.510862->-0.535424,0.5108623596917687,0.4108824961201285,-0.5354236520714568,0.527701590862323,-0.5145958899045568,1,-0.3590043167381457,-0.3590043167381457,57.70321336746208,57.70321336746208,,58.79321336746186,,,0.76,0.76,0.76,0.0,1.371458133080507,1.3266573604885166,4.676656329107363,True,1.6667850227375458,-0.0227205819165381,58.39321336746194,0.71,False,,0.97,False
20260927_103759_1243248,u1e4,0,451,SIDE_MINUS,1790476744.5038886,57.15321350097656,1790476744.6438885,False,False,False,False,,False,,,SIDE_DISPATCH|RAW_SEED_ATTEMPT|PRE_TIMING_SEED|TIMED_SEED|SEED_ELIGIBILITY|PRE_LOS|POST_LOS|SOLVER_OK|FINAL_INPUT|PREFLIGHT_REJECT,PREFLIGHT_REJECT,DYNAMICS_FAIL,,,0.0,0.0,0.0,-1790476687.350675,-1790476687.350675,-1790476687.350675,0,TIMED_SEED,0.59,0.59,58.25321336746197,58.25321336746197,True,57.29321336746216,59.082308000000005,4.851682709140383,+0.510862->-1.645660,0.5108623596917687,0.3613882428347081,-1.6456599060191148,0.527701590862323,-1.896883059215611,1,-0.3557223672355328,-0.3557223672355328,58.25321336746197,58.25321336746197,58.25321336746197,58.25321336746197,58.25321336746197,58.25321336746197,0.55,0.55,0.55,0.0,1.7884912856973123,2.354212415382527,9.120368390099763,True,1.6667850227375458,-0.0036055255770174,58.39321336746194,0.71,True,57.72321336746207,0.22,False
20260927_103759_1243248,u1e4,0,453,SIDE_PLUS,1790476744.7971463,57.446471214294434,1790476744.9371462,False,False,False,False,,False,,,SIDE_DISPATCH|RAW_SEED_ATTEMPT|PRE_TIMING_SEED|TIMED_SEED|SEED_ELIGIBILITY|PRE_LOS|POST_LOS|SOLVER_OK|FINAL_INPUT|PREFLIGHT_REJECT,PREFLIGHT_REJECT,DYNAMICS_FAIL,,,0.0,0.0,0.0,-1790476687.350675,-1790476687.350675,-1790476687.350675,0,TIMED_SEED,1.03,1.03,,,True,57.58647108078003,59.082308000000005,4.954456389735295,+0.449842->-0.582073,0.449842467112716,0.3861973503946083,-0.5820733710625897,0.4409211565120835,-0.4561128011263071,1,-0.3572775111409998,-0.3572775111409998,58.716471080779804,58.716471080779804,58.716471080779804,58.716471080779804,,58.716471080779804,0.78,0.78,0.78,0.0,1.3907088160492505,1.405097090083633,3.277298083895209,True,1.9350799965507768,0.073878525717114,58.42647108077986,0.74,False,57.94647108077996,0.25,False
20260927_103759_1243248,u1e4,0,454,SIDE_MINUS,1790476744.7971463,57.446471214294434,1790476744.9371462,False,False,False,False,,False,,,SIDE_DISPATCH|RAW_SEED_ATTEMPT|PRE_TIMING_SEED|TIMED_SEED|SEED_ELIGIBILITY|PRE_LOS|POST_LOS|SOLVER_OK|FINAL_INPUT|PREFLIGHT_REJECT,PREFLIGHT_REJECT,DYNAMICS_FAIL,,,0.0,0.0,0.0,-1790476687.350675,-1790476687.350675,-1790476687.350675,0,TIMED_SEED,0.6900000000000001,0.6900000000000001,58.37647108077987,58.37647108077987,True,57.58647108078003,59.082308000000005,4.954456389735295,+0.449842->-1.404491,0.449842467112716,0.3849504233984478,-1.4044909658396405,0.4409211565120835,-1.48451848329569,1,-0.354710137745429,-0.354710137745429,58.37647108077987,58.37647108077987,58.37647108077987,58.37647108077987,58.37647108077987,58.37647108077987,0.67,0.67,0.67,0.0,1.5498232820976243,1.6843837266961474,2.508342637056431,True,1.9350799965507768,0.0572196250382519,58.42647108077986,0.74,True,,0.44,False
20260927_103759_1243248,u1e4,0,456,SIDE_PLUS,1790476745.086697,57.736021995544434,1790476745.226697,False,False,False,False,,False,,,SIDE_DISPATCH|RAW_SEED_ATTEMPT|PRE_TIMING_SEED|TIMED_SEED|SEED_ELIGIBILITY|PRE_LOS|POST_LOS|SOLVER_OK|FINAL_INPUT|PREFLIGHT_REJECT,PREFLIGHT_REJECT,DYNAMICS_FAIL,,,0.0,0.0,0.0,-1790476687.350675,-1790476687.350675,-1790476687.350675,0,TIMED_SEED,0.65,0.65,,,True,57.87602186203003,59.082308000000005,5.020603201140673,+0.244581->-0.715711,0.2445812718747612,0.2445812718747612,-0.7157108815434569,0.2402893344460087,-0.6138784363587523,1,-0.3595090802638514,-0.3595090802638514,58.5260218620299,58.5260218620299,58.5260218620299,58.5260218620299,58.5260218620299,58.5260218620299,0.61,0.61,0.61,0.0,1.4276256146768798,1.3840952431022828,5.57685894522435,True,2.198576342461966,0.0746495482295364,58.43602186202992,0.56,False,58.37602186202993,0.5,False
20260927_103759_1243248,u1e4,0,457,SIDE_MINUS,1790476745.086697,57.736021995544434,1790476745.226697,False,False,False,False,,False,,,SIDE_DISPATCH|RAW_SEED_ATTEMPT|PRE_TIMING_SEED|TIMED_SEED|SEED_ELIGIBILITY|PRE_LOS|POST_LOS|SOLVER_OK|FINAL_INPUT|PREFLIGHT_REJECT,PREFLIGHT_REJECT,DYNAMICS_FAIL,,,0.0,0.0,0.0,-1790476687.350675,-1790476687.350675,-1790476687.350675,0,TIMED_SEED,0.55,0.55,58.42602186202992,58.42602186202992,True,57.87602186203003,59.082308000000005,5.020603201140673,+0.244581->-1.282496,0.2445812718747612,0.2445812718747612,-1.282495918184537,0.2402893344460087,-1.2784107606358617,1,-0.357468568049319,-0.357468568049319,58.42602186202992,58.42602186202992,58.42602186202992,58.42602186202992,58.42602186202992,58.42602186202992,0.55,0.55,0.55,0.0,1.380722056853258,1.3840952431022828,2.671522939992518,True,2.198576342461966,0.0736165067779556,58.43602186202992,0.56,False,58.15602186202997,0.28,False
20260927_103759_1243248,u1e4,0,459,SIDE_PLUS,1790476745.3364165,57.98574137687683,1790476745.4764163,False,False,False,False,,False,,,SIDE_DISPATCH|RAW_SEED_ATTEMPT|PRE_TIMING_SEED|TIMED_SEED|SEED_ELIGIBILITY|PRE_LOS|POST_LOS|SOLVER_OK|FINAL_INPUT|PREFLIGHT_REJECT,PREFLIGHT_REJECT,DYNAMICS_FAIL,,,0.0,0.0,0.0,-1790476687.350675,-1790476687.350675,-1790476687.350675,0,TIMED_SEED,0.33,0.33,58.45574124336236,58.45574124336236,True,58.12574124336243,59.082308000000005,4.762161742176918,-0.032163->-0.844582,-0.0321626351205664,-0.0321626351205664,-0.8445824564267965,-0.034893480475857,-0.8040803812964534,0,-0.3328298501753198,-0.3328298501753198,58.45574124336236,58.45574124336236,58.45574124336236,58.45574124336236,58.45574124336236,58.45574124336236,0.33,0.33,0.33,0.0,1.4894766436178108,1.0876545306742855,6.6049581031104925,True,2.4268478663815856,0.0765544790676154,58.435741243362365,0.31,False,,0.44,False
20260927_103759_1243248,u1e4,0,460,SIDE_MINUS,1790476745.3364165,57.98574137687683,1790476745.4764163,False,False,False,False,,False,,,SIDE_DISPATCH|RAW_SEED_ATTEMPT|PRE_TIMING_SEED|TIMED_SEED|SEED_ELIGIBILITY|PRE_LOS|POST_LOS|SOLVER_OK|FINAL_INPUT|PREFLIGHT_REJECT,PREFLIGHT_REJECT,DYNAMICS_FAIL,,,0.0,0.0,0.0,-1790476687.350675,-1790476687.350675,-1790476687.350675,0,TIMED_SEED,0.31,0.31,58.435741243362365,58.435741243362365,True,58.12574124336243,59.082308000000005,4.762161742176918,-0.032163->-1.253688,-0.0321626351205664,-0.0321626351205664,-1.2536875225164812,-0.034893480475857,-1.252479774835871,0,-0.3328298501753198,-0.3328298501753198,58.435741243362365,58.435741243362365,58.435741243362365,58.435741243362365,58.435741243362365,58.435741243362365,0.31,0.31,0.31,0.0,1.350101969346268,0.9929584038736284,3.327248504741429,True,2.4268478663815856,0.0765544790676154,58.435741243362365,0.31,False,58.33574124336239,0.21,False
20260927_103759_1243248,u1e4,0,462,SIDE_PLUS,1790476745.3484282,57.99775314331055,1790476745.488428,False,False,False,False,,False,,,SIDE_DISPATCH|RAW_SEED_ATTEMPT|PRE_TIMING_SEED|TIMED_SEED|SEED_ELIGIBILITY|PRE_LOS|POST_LOS|SOLVER_OK|FINAL_INPUT|PREFLIGHT_REJECT,PREFLIGHT_REJECT,DYNAMICS_FAIL,,,0.0,0.0,0.0,-1790476687.350675,-1790476687.350675,-1790476687.350675,0,TIMED_SEED,0.31,0.31,58.44775300979608,58.44775300979608,True,58.13775300979614,59.082308000000005,4.748734460112651,-0.045375->-0.852086,-0.0453751254529606,-0.0453751254529606,-0.8520859132285251,-0.0496042016185359,-0.8145076292138896,0,-0.3216575868212701,-0.3216575868212701,58.44775300979608,58.44775300979608,58.44775300979608,58.44775300979608,58.44775300979608,58.44775300979608,0.31,0.31,0.31,0.0,1.4923201905056054,1.103792613511585,6.653612194425015,True,2.437921302187924,0.0780110934285182,58.43775300979608,0.3,False,,0.44,False
20260927_103759_1243248,u1e4,0,463,SIDE_MINUS,1790476745.3484282,57.99775314331055,1790476745.488428,False,False,False,False,,False,,,SIDE_DISPATCH|RAW_SEED_ATTEMPT|PRE_TIMING_SEED|TIMED_SEED|SEED_ELIGIBILITY|PRE_LOS|POST_LOS|SOLVER_OK|FINAL_INPUT|PREFLIGHT_REJECT,PREFLIGHT_REJECT,DYNAMICS_FAIL,,,0.0,0.0,0.0,-1790476687.350675,-1790476687.350675,-1790476687.350675,0,TIMED_SEED,0.3,0.3,58.43775300979608,58.43775300979608,True,58.13775300979614,59.082308000000005,4.748734460112651,-0.045375->-1.254817,-0.0453751254529606,-0.0453751254529606,-1.254817010037064,-0.0496042016185359,-1.2550603929404962,0,-0.3216575868212701,-0.3216575868212701,58.43775300979608,58.43775300979608,58.43775300979608,58.43775300979608,58.43775300979608,58.43775300979608,0.3,0.3,0.3,0.0,1.349639497778926,0.974951630362916,3.3633583461313603,True,2.437921302187924,0.0780110934285182,58.43775300979608,0.3,False,58.3477530097961,0.21,False
20260927_103759_1243248,u1e4,0,465,SIDE_PLUS,1790476745.3605666,58.009891510009766,1790476745.5005665,False,False,False,False,,False,,,SIDE_DISPATCH|RAW_SEED_ATTEMPT|PRE_TIMING_SEED|TIMED_SEED|SEED_ELIGIBILITY|PRE_LOS|POST_LOS|SOLVER_OK|FINAL_INPUT|PREFLIGHT_REJECT,PREFLIGHT_REJECT,DYNAMICS_FAIL,,,0.0,0.0,0.0,-1790476687.350675,-1790476687.350675,-1790476687.350675,0,TIMED_SEED,0.3,0.3,58.4498913764953,58.4498913764953,True,58.14989137649536,59.082308000000005,4.735081681935428,-0.060349->-0.859727,-0.0603491887808288,-0.0603491887808288,-0.8597268119481187,-0.0645678718058272,-0.8250932310411164,0,-0.3090032010301307,-0.3090032010301307,58.4498913764953,58.4498913764953,58.4498913764953,58.4498913764953,58.4498913764953,58.4498913764953,0.3,0.3,0.3,0.0,1.495183034631917,1.1200424946787952,6.702808879760727,True,2.443407244062354,0.0798634208821467,58.4398913764953,0.29,False,,0.43,False
20260927_103759_1243248,u1e4,0,466,SIDE_MINUS,1790476745.3605666,58.009891510009766,1790476745.5005665,False,False,False,False,,False,,,SIDE_DISPATCH|RAW_SEED_ATTEMPT|PRE_TIMING_SEED|TIMED_SEED|SEED_ELIGIBILITY|PRE_LOS|POST_LOS|SOLVER_OK|FINAL_INPUT|PREFLIGHT_REJECT,PREFLIGHT_REJECT,DYNAMICS_FAIL,,,0.0,0.0,0.0,-1790476687.350675,-1790476687.350675,-1790476687.350675,0,TIMED_SEED,0.28,0.28,58.429891376495306,58.429891376495306,True,58.14989137649536,59.082308000000005,4.735081681935428,-0.060349->-1.256091,-0.0603491887808288,-0.0603491887808288,-1.256091084401836,-0.0645678718058272,-1.2578551198997328,0,-0.3090032010301307,-0.3090032010301307,58.429891376495306,58.429891376495306,58.429891376495306,58.429891376495306,58.429891376495306,58.429891376495306,0.28,0.28,0.28,0.0,1.3492593019452457,0.9568430433580704,3.400323928294827,True,2.4441333081524297,0.0798634208821467,58.4398913764953,0.29,False,58.34989137649532,0.2,False
20260927_103759_1243248,u1e4,0,468,SIDE_PLUS,1790476745.375106,58.02443099021912,1790476745.515106,False,False,False,False,,False,,,SIDE_DISPATCH|RAW_SEED_ATTEMPT|PRE_TIMING_SEED|TIMED_SEED|SEED_ELIGIBILITY|PRE_LOS|POST_LOS|SOLVER_OK|FINAL_INPUT|PREFLIGHT_REJECT,PREFLIGHT_REJECT,DYNAMICS_FAIL,,,0.0,0.0,0.0,-1790476687.350675,-1790476687.350675,-1790476687.350675,0,TIMED_SEED,0.28,0.28,58.444430856704656,58.444430856704656,True,58.16443085670471,59.082308000000005,5.028997381844291,-0.078411->-0.904152,-0.0784114642181737,-0.0784114642181737,-0.9041523672188654,-0.0826139980124122,-0.87322112240552,0,-0.2937322546794166,-0.2937322546794166,58.444430856704656,58.444430856704656,58.444430856704656,58.444430856704656,58.444430856704656,58.444430856704656,0.28,0.28,0.28,0.0,1.458907447680332,1.047269079049062,6.036470942526558,True,2.4436925940914342,0.0825947291992864,58.43443085670466,0.27,False,,0.47,False
20260927_103759_1243248,u1e4,0,469,SIDE_MINUS,1790476745.375106,58.02443099021912,1790476745.515106,False,False,False,False,,False,,,SIDE_DISPATCH|RAW_SEED_ATTEMPT|PRE_TIMING_SEED|TIMED_SEED|SEED_ELIGIBILITY|PRE_LOS|POST_LOS|SOLVER_OK|FINAL_INPUT|PREFLIGHT_REJECT,PREFLIGHT_REJECT,DYNAMICS_FAIL,,,0.0,0.0,0.0,-1790476687.350675,-1790476687.350675,-1790476687.350675,0,TIMED_SEED,0.27,0.27,58.43443085670466,58.43443085670466,True,58.16443085670471,59.082308000000005,5.028997381844291,-0.078411->-1.233529,-0.0784114642181737,-0.0784114642181737,-1.233529132196621,-0.0826139980124122,-1.2309534006121907,0,-0.2937322546794166,-0.2937322546794166,58.43443085670466,58.43443085670466,58.43443085670466,58.43443085670466,58.43443085670466,58.43443085670466,0.27,0.27,0.27,0.0,1.3060211440341214,0.9352712269391582,2.8755121456100974,True,2.444091869544799,0.0825947291992864,58.43443085670466,0.27,False,58.37443085670467,0.21,False
20260927_103759_1243248,u1e4,0,471,SIDE_PLUS,1790476745.3900936,58.0394184589386,1790476745.4900937,False,False,False,False,,False,,,SIDE_DISPATCH|RAW_SEED_ATTEMPT|PRE_TIMING_SEED|TIMED_SEED|SEED_ELIGIBILITY|PRE_LOS|POST_LOS|SOLVER_OK|FINAL_INPUT|PREFLIGHT_REJECT,PREFLIGHT_REJECT,DYNAMICS_FAIL,,,0.0,0.0,0.0,-1790476687.350675,-1790476687.350675,-1790476687.350675,0,TIMED_SEED,0.41,0.41,,,True,58.13941836357117,59.082308000000005,5.135644876905947,+0.007110->-0.767319,0.0071103962734983,0.0071103962734983,-0.7673187652915584,0.0034457922641645,-0.7083093207830983,1,-0.3565245000022696,-0.3565245000022696,58.549418363571085,58.549418363571085,58.549418363571085,58.549418363571085,58.549418363571085,58.549418363571085,0.35,0.35,0.35,0.0,1.4221700792344274,0.7411400617568195,2.71049122530668,True,2.367844461735789,0.0275808530170419,,0.38,False,,0.49,False
20260927_103759_1243248,u1e4,0,472,SIDE_MINUS,1790476745.3900936,58.0394184589386,1790476745.4900937,False,False,False,False,,False,,,SIDE_DISPATCH|RAW_SEED_ATTEMPT|PRE_TIMING_SEED|TIMED_SEED|SEED_ELIGIBILITY|PRE_LOS|POST_LOS|SOLVER_OK|FINAL_INPUT|PREFLIGHT_REJECT,PREFLIGHT_REJECT,DYNAMICS_FAIL,,,0.0,0.0,0.0,-1790476687.350675,-1790476687.350675,-1790476687.350675,0,TIMED_SEED,0.37,0.37,,,True,58.13941836357117,59.082308000000005,5.135644876905947,+0.007110->-1.103181,0.0071103962734983,0.0071103962734983,-1.1031806328515237,0.0034457922641645,-1.0758128275709962,1,-0.3565238272757681,-0.3565238272757681,58.50941836357109,58.50941836357109,58.50941836357109,58.50941836357109,58.50941836357109,58.50941836357109,0.35,0.35,0.35,0.0,1.4306642694462344,0.7903878198294771,2.999130163657654,True,2.367844461735789,0.0275808530170419,,0.38,False,58.38941836357112,0.25,False
20260927_103759_1243248,u1e4,0,474,SIDE_PLUS,1790476745.5230243,58.17234921455383,1790476745.6630242,False,False,False,False,,False,,,SIDE_DISPATCH|RAW_SEED_ATTEMPT|PRE_TIMING_SEED|TIMED_SEED|SEED_ELIGIBILITY|PRE_LOS|POST_LOS|SOLVER_OK|FINAL_INPUT|PREFLIGHT_REJECT,PREFLIGHT_REJECT,DYNAMICS_FAIL,,,0.0,0.0,0.0,-1790476687.350675,-1790476687.350675,-1790476687.350675,0,TIMED_SEED,0.21,0.21,,,True,58.31234908103943,59.082308000000005,4.954510421180704,-0.185469->-0.844814,-0.1854687236876089,-0.1854687236876089,-0.8448140913715868,-0.1897990645414881,-0.8125447952579277,0,-0.1999351715129595,-0.1999351715129595,58.52234908103939,58.52234908103939,58.52234908103939,58.52234908103939,58.52234908103939,58.52234908103939,0.17,0.17,0.17,0.0,1.4573980070929573,0.8472801806209247,3.633829451001855,True,2.4124687317993,0.0743742974688008,,0.21,False,,0.47,False
20260927_103759_1243248,u1e4,0,475,SIDE_MINUS,1790476745.5230243,58.17234921455383,1790476745.6630242,False,False,False,False,,False,,,SIDE_DISPATCH|RAW_SEED_ATTEMPT|PRE_TIMING_SEED|TIMED_SEED|SEED_ELIGIBILITY|PRE_LOS|POST_LOS|SOLVER_OK|FINAL_INPUT|PREFLIGHT_REJECT,PREFLIGHT_REJECT,DYNAMICS_FAIL,,,0.0,0.0,0.0,-1790476687.350675,-1790476687.350675,-1790476687.350675,0,TIMED_SEED,0.2,0.2,,,True,58.31234908103943,59.082308000000005,4.954510421180704,-0.185469->-1.072094,-0.1854687236876089,-0.1854687236876089,-1.0720940465724418,-0.1897990645414881,-1.0523637712970095,0,-0.1999351715129595,-0.1999351715129595,58.51234908103939,58.51234908103939,58.51234908103939,58.51234908103939,58.51234908103939,58.51234908103939,0.17,0.17,0.17,0.0,1.4188729302258871,0.7824175892057266,2.969808162370486,True,2.4207081292477763,0.0743742974688008,,0.21,False,58.4823490810394,0.17,False
20260927_103759_1243248,u1e4,0,477,SIDE_PLUS,1790476745.5363476,58.18567252159119,1790476745.6763475,False,False,False,False,,False,,,SIDE_DISPATCH|RAW_SEED_ATTEMPT|PRE_TIMING_SEED|TIMED_SEED|SEED_ELIGIBILITY|PRE_LOS|POST_LOS|SOLVER_OK|FINAL_INPUT|PREFLIGHT_REJECT,PREFLIGHT_REJECT,DYNAMICS_FAIL,,,0.0,0.0,0.0,-1790476687.350675,-1790476687.350675,-1790476687.350675,0,TIMED_SEED,0.2,0.2,,,True,58.32567238807678,59.082308000000005,4.940386573731349,-0.201022->-0.852555,-0.20102171130804,-0.20102171130804,-0.8525550113724271,-0.2047741956532082,-0.8224244294375562,0,-0.1864570093419623,-0.1864570093419623,58.52567238807674,58.52567238807674,58.52567238807674,58.52567238807674,58.52567238807674,58.52567238807674,0.16,0.16,0.16,0.0,1.4600927352167077,0.8562009337755522,3.724940779945737,True,2.4135197883968207,0.0809917352315451,,0.19,False,,0.46,False
20260927_103759_1243248,u1e4,0,478,SIDE_MINUS,1790476745.5363476,58.18567252159119,1790476745.6763475,False,False,False,False,,False,,,SIDE_DISPATCH|RAW_SEED_ATTEMPT|PRE_TIMING_SEED|TIMED_SEED|SEED_ELIGIBILITY|PRE_LOS|POST_LOS|SOLVER_OK|FINAL_INPUT|PREFLIGHT_REJECT,PREFLIGHT_REJECT,DYNAMICS_FAIL,,,0.0,0.0,0.0,-1790476687.350675,-1790476687.350675,-1790476687.350675,0,TIMED_SEED,0.19,0.19,,,True,58.32567238807678,59.082308000000005,4.940386573731349,-0.201022->-1.074375,-0.20102171130804,-0.20102171130804,-1.0743746081759449,-0.2047741956532082,-1.056138907669598,0,-0.1864570093419623,-0.1864570093419623,58.51567238807674,58.51567238807674,58.51567238807674,58.51567238807674,58.51567238807674,58.51567238807674,0.16,0.16,0.16,0.0,1.4177924285860668,0.7840210795120528,3.0041858666063965,True,2.42046762108918,0.0809917352315451,,0.19,False,,0.17,False
20260927_103759_1243248,u1e4,0,480,SIDE_PLUS,1790476745.5486884,58.19801330566406,1790476745.6886885,False,False,False,False,,False,,,SIDE_DISPATCH|RAW_SEED_ATTEMPT|PRE_TIMING_SEED|TIMED_SEED|SEED_ELIGIBILITY|PRE_LOS|POST_LOS|SOLVER_OK|FINAL_INPUT|PREFLIGHT_REJECT,PREFLIGHT_REJECT,DYNAMICS_FAIL,,,0.0,0.0,0.0,-1790476687.350675,-1790476687.350675,-1790476687.350675,0,TIMED_SEED,0.18,0.18,,,True,58.33801317214966,59.082308000000005,4.927272028732647,-0.215353->-0.859370,-0.2153525327885196,-0.2153525327885196,-0.8593704659392536,-0.2186572532259538,-0.8311443181329498,0,-0.1740192580722943,-0.1740192580722943,58.51801317214962,58.51801317214962,58.51801317214962,58.51801317214962,58.51801317214962,58.51801317214962,0.15,0.15,0.15,0.0,1.4625859428280874,0.8645470489538823,3.809971564497512,True,2.4143836417833784,0.0874360480283236,,0.18,False,,0.45,False
20260927_103759_1243248,u1e4,0,481,SIDE_MINUS,1790476745.5486884,58.19801330566406,1790476745.6886885,False,False,False,False,,False,,,SIDE_DISPATCH|RAW_SEED_ATTEMPT|PRE_TIMING_SEED|TIMED_SEED|SEED_ELIGIBILITY|PRE_LOS|POST_LOS|SOLVER_OK|FINAL_INPUT|PREFLIGHT_REJECT,PREFLIGHT_REJECT,DYNAMICS_FAIL,,,0.0,0.0,0.0,-1790476687.350675,-1790476687.350675,-1790476687.350675,0,TIMED_SEED,0.18,0.18,,,True,58.33801317214966,59.082308000000005,4.927272028732647,-0.215353->-1.075622,-0.2153525327885196,-0.2153525327885196,-1.075622069689491,-0.2186572532259538,-1.0586817468333525,0,-0.1740192580722943,-0.1740192580722943,58.51801317214962,58.51801317214962,58.51801317214962,58.51801317214962,58.51801317214962,58.51801317214962,0.15,0.15,0.15,0.0,1.416785067512334,0.7856532146433574,3.0364118861069693,True,2.4202707105161485,0.0874360480283236,,0.18,False,,0.16,False
20260927_103759_1243248,u1e4,0,483,SIDE_PLUS,1790476745.563732,58.21305704116821,1790476745.703732,False,False,False,False,,False,,,SIDE_DISPATCH|RAW_SEED_ATTEMPT|PRE_TIMING_SEED|TIMED_SEED|SEED_ELIGIBILITY|PRE_LOS|POST_LOS|SOLVER_OK|FINAL_INPUT|PREFLIGHT_REJECT,PREFLIGHT_REJECT,DYNAMICS_FAIL,,,0.0,0.0,0.0,-1790476687.350675,-1790476687.350675,-1790476687.350675,0,TIMED_SEED,0.17,0.17,,,True,58.35305690765381,59.082308000000005,4.911240628117492,-0.232072->-0.864086,-0.2320724085006485,-0.2320724085006485,-0.8640864023875375,-0.2355967763851594,-0.8373282907834672,0,-0.1594924518163957,-0.1594924518163957,58.523056907653775,58.523056907653775,58.523056907653775,58.523056907653775,58.523056907653775,58.523056907653775,0.13,0.13,0.13,0.0,1.4656215614120258,0.8748265763723883,3.9143464025036554,True,2.415299708221788,0.0956832853278832,,0.17,False,,0.43,False
20260927_103759_1243248,u1e4,0,484,SIDE_MINUS,1790476745.563732,58.21305704116821,1790476745.703732,False,False,False,False,,False,,,SIDE_DISPATCH|RAW_SEED_ATTEMPT|PRE_TIMING_SEED|TIMED_SEED|SEED_ELIGIBILITY|PRE_LOS|POST_LOS|SOLVER_OK|FINAL_INPUT|PREFLIGHT_REJECT,PREFLIGHT_REJECT,DYNAMICS_FAIL,,,0.0,0.0,0.0,-1790476687.350675,-1790476687.350675,-1790476687.350675,0,TIMED_SEED,0.16,0.16,,,True,58.35305690765381,59.082308000000005,4.911240628117492,-0.232072->-1.068440,-0.2320724085006485,-0.2320724085006485,-1.0684399927917665,-0.2355967763851594,-1.0515450733497715,0,-0.1594924518163957,-0.1594924518163957,58.51305690765378,58.51305690765378,58.51305690765378,58.51305690765378,58.51305690765378,58.51305690765378,0.13,0.13,0.13,0.0,1.415552357156516,0.7878352977644698,3.0762034380494163,True,2.420068171128751,0.0956832853278832,,0.17,False,,0.15,False
20260927_103759_1243248,u1e4,0,486,SIDE_PLUS,1790476745.583941,58.23326587677002,1790476745.7239408,False,False,False,False,,False,,,SIDE_DISPATCH|RAW_SEED_ATTEMPT|PRE_TIMING_SEED|TIMED_SEED|SEED_ELIGIBILITY|PRE_LOS|POST_LOS|SOLVER_OK|FINAL_INPUT|PREFLIGHT_REJECT,PREFLIGHT_REJECT,DYNAMICS_FAIL,,,0.0,0.0,0.0,-1790476687.350675,-1790476687.350675,-1790476687.350675,0,TIMED_SEED,0.15,0.15,,,True,58.373265743255615,59.082308000000005,4.889623408814926,-0.254272->-0.873501,-0.2542716594272062,-0.2542716594272062,-0.8735006589201302,-0.2583787302532674,-0.8493150395504507,0,-0.1401767397397841,-0.1401767397397841,58.52326574325559,58.52326574325559,58.52326574325559,58.52326574325559,58.52326574325559,58.52326574325559,0.11,0.11,0.11,0.0,1.469693071003343,0.8888121574239367,4.055603568004955,True,2.416326749830243,0.1074039009896201,,0.14,False,,0.41,False
20260927_103759_1243248,u1e4,0,487,SIDE_MINUS,1790476745.583941,58.23326587677002,1790476745.7239408,False,False,False,False,,False,,,SIDE_DISPATCH|RAW_SEED_ATTEMPT|PRE_TIMING_SEED|TIMED_SEED|SEED_ELIGIBILITY|PRE_LOS|POST_LOS|SOLVER_OK|FINAL_INPUT|PREFLIGHT_REJECT,PREFLIGHT_REJECT,DYNAMICS_FAIL,,,0.0,0.0,0.0,-1790476687.350675,-1790476687.350675,-1790476687.350675,0,TIMED_SEED,0.14,0.14,,,True,58.373265743255615,59.082308000000005,4.889623408814926,-0.254272->-1.066605,-0.2542716594272062,-0.2542716594272062,-1.0666052184275177,-0.2583787302532674,-1.0511137616510178,0,-0.1401767397397841,-0.1401767397397841,58.51326574325559,58.51326574325559,58.51326574325559,58.51326574325559,58.51326574325559,58.51326574325559,0.11,0.11,0.11,0.0,1.4138957477669407,0.7911006788498945,3.1305516209089808,True,2.4198332476523907,0.1074039009896201,,0.14,False,,0.13,False
20260927_103759_1243248,u1e4,0,489,SIDE_PLUS,1790476745.595563,58.2448878288269,1790476745.7355628,False,False,False,False,,False,,,SIDE_DISPATCH|RAW_SEED_ATTEMPT|PRE_TIMING_SEED|TIMED_SEED|SEED_ELIGIBILITY|PRE_LOS|POST_LOS|SOLVER_OK|FINAL_INPUT|PREFLIGHT_REJECT,PREFLIGHT_REJECT,DYNAMICS_FAIL,,,0.0,0.0,0.0,-1790476687.350675,-1790476687.350675,-1790476687.350675,0,TIMED_SEED,0.13,0.13,,,True,58.3848876953125,59.082308000000005,4.877146788836301,-0.265947->-0.879603,-0.2659466966841999,-0.2659466966841999,-0.8796028760325101,-0.2714936796129817,-0.8570044530772188,0,-0.1300330347503024,-0.1300330347503024,58.51488769531248,58.51488769531248,58.51488769531248,58.51488769531248,58.51488769531248,58.51488769531248,0.1,0.1,0.1,0.0,1.4720312766267314,0.8969441636001443,4.137292020377549,True,2.416820725845124,0.1144604357209208,,0.13,False,,0.4,False
20260927_103759_1243248,u1e4,0,490,SIDE_MINUS,1790476745.595563,58.2448878288269,1790476745.7355628,False,False,False,False,,False,,,SIDE_DISPATCH|RAW_SEED_ATTEMPT|PRE_TIMING_SEED|TIMED_SEED|SEED_ELIGIBILITY|PRE_LOS|POST_LOS|SOLVER_OK|FINAL_INPUT|PREFLIGHT_REJECT,PREFLIGHT_REJECT,DYNAMICS_FAIL,,,0.0,0.0,0.0,-1790476687.350675,-1790476687.350675,-1790476687.350675,0,TIMED_SEED,0.13,0.13,,,True,58.3848876953125,59.082308000000005,4.877146788836301,-0.265947->-1.067281,-0.2659466966841999,-0.2659466966841999,-1.067280772307546,-0.2714936796129817,-1.0528652696521987,0,-0.1300330347503024,-0.1300330347503024,58.51488769531248,58.51488769531248,58.51488769531248,58.51488769531248,58.51488769531248,58.51488769531248,0.1,0.1,0.1,0.0,1.4129464325764196,0.7931520395385135,3.162280698540481,True,2.419725439271346,0.1144604357209208,,0.13,False,,0.12,False
20260927_103759_1243248,u1e4,0,492,SIDE_PLUS,1790476745.612573,58.261897802352905,1790476745.7525728,False,False,False,False,,False,,,SIDE_DISPATCH|RAW_SEED_ATTEMPT|PRE_TIMING_SEED|TIMED_SEED|SEED_ELIGIBILITY|PRE_LOS|POST_LOS|SOLVER_OK|FINAL_INPUT|PREFLIGHT_REJECT,PREFLIGHT_REJECT,DYNAMICS_FAIL,,,0.0,0.0,0.0,-1790476687.350675,-1790476687.350675,-1790476687.350675,0,TIMED_SEED,0.12,0.12,,,True,58.4018976688385,59.082308000000005,4.8588239999205385,-0.283088->-0.890703,-0.283088204357869,-0.283088204357869,-0.8907031938517591,-0.2907053430619954,-0.8709138953844735,0,-0.1151393466351016,-0.1151393466351016,58.52189766883848,58.52189766883848,58.52189766883848,58.52189766883848,58.52189766883848,58.52189766883848,0.09,0.09,0.09,0.0,1.4754492038667653,0.908959783156989,4.257337438692373,True,2.417434138978357,0.1251823315478941,,0.12,False,,0.39,False
20260927_103759_1243248,u1e4,0,493,SIDE_MINUS,1790476745.612573,58.261897802352905,1790476745.7525728,False,False,False,False,,False,,,SIDE_DISPATCH|RAW_SEED_ATTEMPT|PRE_TIMING_SEED|TIMED_SEED|SEED_ELIGIBILITY|PRE_LOS|POST_LOS|SOLVER_OK|FINAL_INPUT|PREFLIGHT_REJECT,PREFLIGHT_REJECT,DYNAMICS_FAIL,,,0.0,0.0,0.0,-1790476687.350675,-1790476687.350675,-1790476687.350675,0,TIMED_SEED,0.12,0.12,,,True,58.4018976688385,59.082308000000005,4.8588239999205385,-0.283088->-1.073431,-0.283088204357869,-0.283088204357869,-1.0734310944289267,-0.2907053430619954,-1.0614780210764183,0,-0.1151393466351016,-0.1151393466351016,58.52189766883848,58.52189766883848,58.52189766883848,58.52189766883848,58.52189766883848,58.52189766883848,0.09,0.09,0.09,0.0,1.4115664464603974,0.7963819155805394,3.209356651989922,True,2.419600646558407,0.1251823315478941,,0.12,False,,0.11,False
20260927_103759_1243248,u1e4,0,495,SIDE_PLUS,1790476745.757702,58.40702700614929,1790476745.897702,True,False,False,False,,False,,,SIDE_DISPATCH|RAW_SEED_ATTEMPT|PRE_TIMING_SEED|TIMED_SEED|SEED_ELIGIBILITY|SOLVER_OK|FINAL_INPUT|COMPARATOR_LOSS,,,,OPPONENT_SIDE_PREFERENCE_HOLD,1.0,1.0,0.001998953772954,58.54702687263489,58.84932279586792,60.54702687263489,0,TIMED_SEED,0.0,0.0,,,True,58.54702687263489,59.082308000000005,4.906149790866265,-0.451756->-1.005806,-0.4517559203180508,-0.4517559203180508,-1.0058058161855283,0.0,0.0,0,0.034520084220428,0.034520084220428,58.54702687263489,58.54702687263489,58.54702687263489,58.54702687263489,58.54702687263489,58.54702687263489,0.0,0.0,0.0,0.0,1.1093559435980702,0.9589884099110638,3.7875613154581695,True,2.419050103161646,0.2324709789858418,,0.0,False,,0.0,False
20260927_103759_1243248,u1e4,0,496,SIDE_MINUS,1790476745.757702,58.40702700614929,1790476745.897702,True,False,False,False,,False,,,SIDE_DISPATCH|RAW_SEED_ATTEMPT|PRE_TIMING_SEED|TIMED_SEED|SEED_ELIGIBILITY|SOLVER_OK|FINAL_INPUT|COMPARATOR_LOSS,,,,OPPONENT_SIDE_PREFERENCE_HOLD,1.0,1.0,0.0019989537587132,58.54702687263489,58.84932279586792,60.54702687263489,0,TIMED_SEED,0.0,0.0,,,True,58.54702687263489,59.082308000000005,4.906149790866265,-0.451756->-0.999901,-0.4517559203180508,-0.4517559203180508,-0.999900667128659,0.0,0.0,0,0.034520084220428,0.034520084220428,58.54702687263489,58.54702687263489,58.54702687263489,58.54702687263489,58.54702687263489,58.54702687263489,0.0,0.0,0.0,0.0,1.019659944201629,0.8986356705336531,3.184227983560272,True,2.4191071734516187,0.2324709789858418,,0.0,False,,0.0,False
20260927_103759_1243248,u1e5,0,514,SIDE_PLUS,1790476748.9801598,61.6294846534729,1790476749.1201596,False,True,False,False,,False,,,SIDE_DISPATCH|RAW_SEED_ATTEMPT|PRE_TIMING_SEED|TIMED_SEED|SEED_ELIGIBILITY|PRE_LOS|POST_LOS|SOLVER_OK|FINAL_INPUT|JOINT_SEED|HANDOFF_REJECT,HANDOFF_REJECT,MISSED_FROZEN_ACTIVATION,,,0.0,0.0,0.0,-1790476687.350675,-1790476687.350675,-1790476687.350675,0,TIMED_SEED,0.98,0.98,,,True,61.769484519958496,65.56862,4.468052380273196,+1.512299->-1.767510,1.512298508123308,1.747303412333219,-1.7675102492840626,1.8452652698250824,0.2027294323649106,1,-0.5097842765408883,-0.5097842765408883,63.7694845199581,63.7694845199581,63.7694845199581,63.7694845199581,,63.7694845199581,0.73,0.73,0.73,0.0,1.3577863830084944,1.2834825462758197,4.744369635210969,True,1.1459543375602437,1.048043036915586,,1.29,False,,1.26,False
20260927_103759_1243248,u1e5,0,517,SIDE_PLUS,1790476749.133487,61.782811880111694,1790476749.2836983,False,True,False,False,,False,,,SIDE_DISPATCH|RAW_SEED_ATTEMPT|PRE_TIMING_SEED|TIMED_SEED|SEED_ELIGIBILITY|PRE_LOS|POST_LOS|SOLVER_OK|FINAL_INPUT|JOINT_SEED|HANDOFF_REJECT,HANDOFF_REJECT,MISSED_FROZEN_ACTIVATION,,,0.0,0.0,0.0,-1790476687.350675,-1790476687.350675,-1790476687.350675,0,TIMED_SEED,0.98,0.98,,,True,61.93302321434021,65.56862,4.267926175015416,+1.454427->-1.795609,1.4544268377837657,1.689236997941178,-1.7956092932303194,1.7497104555804963,0.1450664106940523,1,-0.4983891349275144,-0.4983891349275144,63.77302321433984,63.77302321433984,63.77302321433984,63.77302321433984,,63.77302321433984,0.74,0.74,0.74,0.0,1.3851868134223873,1.3247247612324888,5.231387391841905,True,1.095034655814889,1.0922428564219195,,1.29,False,,1.27,False
20260927_103759_1243248,u1e5,0,520,SIDE_PLUS,1790476749.2707305,61.9200553894043,1790476749.428591,True,True,False,False,,False,,,SIDE_DISPATCH|RAW_SEED_ATTEMPT|PRE_TIMING_SEED|TIMED_SEED|SEED_ELIGIBILITY|PRE_LOS|POST_LOS|SOLVER_OK|FINAL_INPUT|JOINT_SEED|COMPARATOR_LOSS,,,,OPPONENT_D3_LOWER,1.0,1.0,0.1061290225037629,63.44932317733765,63.57291460037232,64.07791590690613,0,TIMED_SEED,1.02,1.02,,,True,62.07791590690613,65.56862,4.407743849945288,+1.401882->-1.831501,1.401881822924449,1.5791510814600704,-1.8315008392729852,1.663205490114141,0.2443094183121572,1,-0.5070448417535032,-0.5070448417535032,63.77791590690579,63.77791590690579,63.77791590690579,63.77791590690579,,63.77791590690579,0.75,0.75,0.75,0.0,1.365490857919328,1.2242322784244617,4.817388062624588,True,0.9760929006971046,1.1620898763646488,64.87791590690557,1.28,False,64.80791590690558,1.22,False
20260927_103759_1243248,u1e5,0,523,SIDE_PLUS,1790476749.543918,62.19324278831482,1790476749.6969483,True,True,True,True,222.0,True,62.369112,62.602785,SIDE_DISPATCH|RAW_SEED_ATTEMPT|PRE_TIMING_SEED|TIMED_SEED|SEED_ELIGIBILITY|PRE_LOS|POST_LOS|SOLVER_OK|FINAL_INPUT|JOINT_SEED|COMPARATOR_WIN|SELECTED|COMMITTED,,,,D3_LOWER,1.0,0.5,0.6930985374778982,63.44932317733765,63.97291421890259,64.34627318382263,0,TIMED_SEED,1.11,1.11,,,True,62.34627318382263,65.56862,4.402867295280872,+1.321549->-1.868504,1.3215491347999189,1.3737101576768456,-1.8685040208225256,1.50258874168268,0.3562380697055789,1,-0.5084431839930204,-0.5084431839930204,63.77627318382235,63.77627318382235,63.77627318382235,63.77627318382235,,63.77627318382235,0.81,0.81,0.81,0.0,1.3642953322320064,1.1190750165097951,4.223082609818784,True,0.8242532164685872,1.2898300396851834,64.92627318382212,1.22,False,64.92627318382212,1.22,False
20260927_103759_1243248,u1e5,0,525,SIDE_MINUS,1790476749.811334,62.46065902709961,1790476749.9600277,True,True,False,False,,False,,,SIDE_DISPATCH|RAW_SEED_ATTEMPT|PRE_TIMING_SEED|TIMED_SEED|SEED_ELIGIBILITY|SOLVER_OK|FINAL_INPUT|JOINT_SEED|COMPARATOR_LOSS,,,,OPPONENT_D3_LOWER,1.0,0.3,2.7730876454663704,63.44932317733765,64.37291383743286,64.60935235023499,0,TIMED_SEED,1.15,1.15,64.66935235023458,64.66935235023458,True,62.609352350234985,65.56862,4.307919862562671,+1.245852->-1.919578,1.245852247650061,0.3505886585368636,-1.9195783454442448,1.3426412937076513,-0.6060173471320341,1,-0.5082059778428637,-0.5082059778428637,64.66935235023458,64.66935235023458,64.66935235023458,64.66935235023458,64.66935235023458,64.66935235023458,0.9,0.9,0.9,0.0,1.3451578995528597,1.0708820232558038,4.795478864800828,True,0.2776410249966284,1.695595384351301,64.94935235023452,1.2,True,64.95935235023452,1.24,True
20260927_103759_1243248,u1e5,0,526,SIDE_PLUS,1790476749.811334,62.46065902709961,1790476749.9600277,True,True,True,True,223.0,True,62.635292,62.875878,SIDE_DISPATCH|RAW_SEED_ATTEMPT|PRE_TIMING_SEED|TIMED_SEED|SEED_ELIGIBILITY|PRE_LOS|POST_LOS|SOLVER_OK|FINAL_INPUT|JOINT_SEED|COMPARATOR_WIN|SELECTED|COMMITTED,,,,D3_LOWER,1.0,0.3,2.6284974030812887,63.44932317733765,64.37291383743286,64.60935235023499,0,TIMED_SEED,1.18,1.18,,,True,62.609352350234985,65.56862,4.307919862562671,+1.245852->-1.897639,1.245852247650061,1.1912255284356348,-1.897639229210692,1.3426412937076513,0.5058198131226332,1,-0.5059914212449067,-0.5059914212449067,63.76935235023476,63.76935235023476,63.76935235023476,63.76935235023476,,63.76935235023476,0.88,0.88,0.88,0.0,1.362232861548152,1.0749884265479597,4.03465877795335,True,0.7308165652013581,1.409089625943982,64.94935235023452,1.2,False,64.94935235023452,1.2,False
20260927_103759_1243248,u1e5,0,528,SIDE_MINUS,1790476750.0924213,62.74174618721008,1790476750.2385955,True,True,False,False,,False,,,SIDE_DISPATCH|RAW_SEED_ATTEMPT|PRE_TIMING_SEED|TIMED_SEED|SEED_ELIGIBILITY|SOLVER_OK|FINAL_INPUT|JOINT_SEED|COMPARATOR_LOSS,,,,OPPONENT_D3_LOWER,1.0,0.2307692307692307,4.210292160269827,63.44932317733765,64.70935225486755,64.88792061805725,0,TIMED_SEED,1.06,1.06,64.6779206180569,64.6779206180569,True,62.88792061805725,65.56862,4.319774926042749,+1.173393->-1.945116,1.1733925621554604,0.5345307316960629,-1.945116185760836,1.202746369084652,-0.913897243459885,1,-0.5068964310276693,-0.5068964310276693,64.6779206180569,64.6779206180569,64.6779206180569,64.6779206180569,64.6779206180569,64.6779206180569,0.9,0.9,0.9,0.0,1.4194229786384938,1.1380283826493895,5.1630406783663805,True,0.3982199305972297,1.6904577691678606,64.96792061805684,1.21,True,64.96792061805684,1.23,True
20260927_103759_1243248,u1e5,0,529,SIDE_PLUS,1790476750.0924213,62.74174618721008,1790476750.2385955,True,True,True,True,224.0,True,62.915964,63.168641,SIDE_DISPATCH|RAW_SEED_ATTEMPT|PRE_TIMING_SEED|TIMED_SEED|SEED_ELIGIBILITY|PRE_LOS|POST_LOS|SOLVER_OK|FINAL_INPUT|JOINT_SEED|COMPARATOR_WIN|SELECTED|COMMITTED,,,,D3_LOWER,1.0,0.2307692307692307,4.154867788696108,63.44932317733765,64.70935225486755,64.88792061805725,0,TIMED_SEED,1.3,1.3,,,True,62.88792061805725,65.56862,4.319774926042749,+1.173393->-1.874139,1.1733925621554604,1.005482921531998,-1.874139260186994,1.202746369084652,0.525665369559652,1,-0.5044892861232533,-0.5044892861232533,63.777920618057074,63.777920618057074,,65.33792061805676,,,1.0,1.0,1.0,0.0,1.3680729802863243,0.997148666255015,3.745173945126632,True,0.658067108638918,1.5934071613377585,64.96792061805684,1.21,False,64.96792061805684,1.21,False
20260927_103759_1243248,u1e5,0,531,SIDE_MINUS,1790476750.3756592,63.02498412132263,1790476750.5182111,True,True,False,False,,False,,,SIDE_DISPATCH|RAW_SEED_ATTEMPT|PRE_TIMING_SEED|TIMED_SEED|SEED_ELIGIBILITY|SOLVER_OK|FINAL_INPUT|JOINT_SEED|COMPARATOR_LOSS,,,,OPPONENT_D3_LOWER,1.0,0.25,4.627329908777856,63.44932317733765,64.98792052268982,65.16753602027893,0,TIMED_SEED,1.03,1.03,64.72753602027862,64.72753602027862,True,63.16753602027893,65.56862,4.361235807728388,+1.092402->-1.914065,1.092402029884018,0.684651180745942,-1.9140654814449556,1.0648315454817334,-1.1509064476639628,1,-0.5075272217145463,-0.5075272217145463,64.72753602027862,64.72753602027862,64.72753602027862,64.72753602027862,64.72753602027862,64.72753602027862,0.95,0.95,0.95,0.0,1.4615581687876635,1.1203982670516923,4.973458623911584,True,0.4891289680150679,1.7079075189829702,64.93753602027857,1.19,True,64.94753602027858,1.2,True
20260927_103759_1243248,u1e5,0,532,SIDE_PLUS,1790476750.3756592,63.02498412132263,1790476750.5182111,True,True,False,False,,False,,,SIDE_DISPATCH|RAW_SEED_ATTEMPT|PRE_TIMING_SEED|TIMED_SEED|SEED_ELIGIBILITY|PRE_LOS|POST_LOS|SOLVER_OK|FINAL_INPUT|JOINT_SEED|COMPARATOR_LOSS,,,,OPPONENT_D3_LOWER,1.0,0.25,4.608182652229317,63.44932317733765,64.98792052268982,65.16753602027893,0,TIMED_SEED,1.46,1.46,,,True,63.16753602027893,65.56862,4.361235807728388,+1.092402->-1.799803,1.092402029884018,0.8678710503659881,-1.799802514043946,1.0648315454817334,0.5133503524901274,1,-0.509679544241752,-0.509679544241752,63.77753602027881,63.77753602027881,,65.33753602027849,,,1.16,1.16,1.16,0.0,1.3992088826870706,0.986475554903847,4.082399370838712,True,0.6122195158369226,1.7079075189829702,64.93753602027857,1.19,False,64.93753602027857,1.19,False
20260927_103759_1243248,u1e5,0,534,SIDE_MINUS,1790476750.66322,63.31254482269287,1790476750.8032198,True,True,False,False,,False,,,SIDE_DISPATCH|RAW_SEED_ATTEMPT|PRE_TIMING_SEED|TIMED_SEED|SEED_ELIGIBILITY|SOLVER_OK|FINAL_INPUT|JOINT_SEED|COMPARATOR_LOSS,,,,OPPONENT_D3_LOWER,1.0,0.2,4.667227620068565,63.45254468917847,65.0493233203888,65.45254468917847,0,TIMED_SEED,1.08,1.08,64.8125446891782,64.8125446891782,True,63.45254468917847,65.56862,4.392306403920433,+0.973919->-1.923462,0.9739192182067948,0.7523652907163166,-1.9234615216868611,0.928538731388928,-1.1266791708516846,1,-0.5091058376638088,-0.5091058376638088,64.8125446891782,64.8125446891782,64.8125446891782,64.8125446891782,64.8125446891782,64.8125446891782,1.04,1.04,1.04,0.0,1.4035703063524487,1.0226086459241084,3.731702769610211,True,0.5649875066353189,1.7661949063143625,64.94254468917816,1.2,True,64.95254468917817,1.21,True
20260927_103759_1243248,u1e5,0,535,SIDE_PLUS,1790476750.66322,63.31254482269287,1790476750.8032198,True,True,False,False,,False,,,SIDE_DISPATCH|RAW_SEED_ATTEMPT|PRE_TIMING_SEED|TIMED_SEED|SEED_ELIGIBILITY|PRE_LOS|POST_LOS|SOLVER_OK|FINAL_INPUT|JOINT_SEED|COMPARATOR_LOSS,,,,OPPONENT_C3_HIGHER,1.0,0.1333333333333333,4.812112120342999,63.45254468917847,65.0493233203888,65.45254468917847,0,TIMED_SEED,1.52,1.52,,,True,63.45254468917847,65.56862,4.392306403920433,+0.973919->-1.803944,0.9739192182067948,0.7845158070367231,-1.8039435682850264,0.928538731388928,0.579875493390021,1,-0.5079001638717393,-0.5079001638717393,65.33254468917809,65.33254468917809,,65.33254468917809,,,1.2,1.2,1.2,0.0,1.4015766338684272,1.0413893751266692,4.490714024118714,True,0.5856879482559456,1.7661949063143625,64.94254468917816,1.2,False,,1.25,False
20260927_103759_1243248,u1e5,0,540,SIDE_MINUS,1790476750.9677677,63.61709237098694,1790476751.107767,False,True,False,False,,False,,,SIDE_DISPATCH|RAW_SEED_ATTEMPT|PRE_TIMING_SEED|TIMED_SEED|SEED_ELIGIBILITY|PRE_LOS|POST_LOS|SOLVER_OK|FINAL_INPUT|JOINT_SEED|PREFLIGHT_REJECT,PREFLIGHT_REJECT,DYNAMICS_FAIL,,,0.0,0.0,0.0,-1790476687.350675,-1790476687.350675,-1790476687.350675,0,TIMED_SEED,1.14,1.14,64.89709223747231,64.89709223747231,True,63.75709223747253,65.56862,4.3899836600037085,+0.773292->-1.927232,0.7732922460305505,0.7630822864719765,-1.92723161095194,0.7567925604197038,-1.042069983804072,1,-0.5093436482650867,-0.5093436482650867,64.89709223747231,64.89709223747231,64.89709223747231,64.89709223747231,64.89709223747231,64.89709223747231,1.12,1.12,1.12,0.0,1.3321740176862364,0.9477466241741932,3.8924324582515273,True,0.5798414053753573,1.8865718930142008,64.9470922374723,1.19,True,,1.13,False
20260927_103759_1243248,u1e5,0,541,SIDE_PLUS,1790476750.9677677,63.61709237098694,1790476751.107767,False,True,False,False,,False,,,SIDE_DISPATCH|RAW_SEED_ATTEMPT|PRE_TIMING_SEED|TIMED_SEED|SEED_ELIGIBILITY|PRE_LOS|POST_LOS|SOLVER_OK|FINAL_INPUT|JOINT_SEED|PREFLIGHT_REJECT,PREFLIGHT_REJECT,DYNAMICS_FAIL,,,0.0,0.0,0.0,-1790476687.350675,-1790476687.350675,-1790476687.350675,0,TIMED_SEED,1.5,1.5,,,True,63.75709223747253,65.56862,4.3899836600037085,+0.773292->-1.825518,0.7732922460305505,0.7630848217096191,-1.825517857735572,0.7567925604197038,0.5229567538496542,1,-0.5092294508664883,-0.5092294508664883,65.25709223747224,65.25709223747224,65.25709223747224,65.25709223747224,,65.25709223747224,1.2,1.2,1.2,0.0,1.4115606534372591,1.132544146046566,5.916082956601073,True,0.5798414053753573,1.8865718930142008,64.9470922374723,1.19,False,,1.2,False
20260927_103759_1243248,u1e5,0,543,SIDE_MINUS,1790476751.2157283,63.86505317687988,1790476751.355728,False,True,False,False,,False,,,SIDE_DISPATCH|RAW_SEED_ATTEMPT|PRE_TIMING_SEED|TIMED_SEED|SEED_ELIGIBILITY|PRE_LOS|POST_LOS|SOLVER_OK|FINAL_INPUT|JOINT_SEED|PREFLIGHT_REJECT,PREFLIGHT_REJECT,DYNAMICS_FAIL,,,0.0,0.0,0.0,-1790476687.350675,-1790476687.350675,-1790476687.350675,0,TIMED_SEED,0.92,0.92,64.92505304336595,64.92505304336595,True,64.00505304336548,65.56862,4.321783858087246,+0.518863->-2.022576,0.5188627621409325,0.5188627621409325,-2.0225758475345788,0.4894656551720759,-1.178073963703775,1,-0.5060732643101663,-0.5060732643101663,64.92505304336595,64.92505304336595,64.92505304336595,64.92505304336595,64.92505304336595,64.92505304336595,0.92,0.92,0.92,0.0,1.3296801290735971,0.9487062791877738,4.268978479369472,True,0.6056322561600205,2.03017937854276,64.94505304336596,0.94,False,,0.84,False
20260927_103759_1243248,u1e5,0,544,SIDE_PLUS,1790476751.2157283,63.86505317687988,1790476751.355728,False,True,False,False,,False,,,SIDE_DISPATCH|RAW_SEED_ATTEMPT|PRE_TIMING_SEED|TIMED_SEED|SEED_ELIGIBILITY|PRE_LOS|POST_LOS|SOLVER_OK|FINAL_INPUT|JOINT_SEED|PREFLIGHT_REJECT,PREFLIGHT_REJECT,DYNAMICS_FAIL,,,0.0,0.0,0.0,-1790476687.350675,-1790476687.350675,-1790476687.350675,0,TIMED_SEED,1.18,1.18,,,True,64.00505304336548,65.56862,4.321783858087246,+0.518863->-1.772276,0.5188627621409325,0.5188627621409325,-1.7722757990080578,0.4894656551720759,0.1760967055644442,1,-0.5074393189798135,-0.5074393189798135,65.18505304336608,65.18505304336608,65.18505304336608,65.18505304336608,,65.18505304336608,0.97,0.97,0.97,0.0,1.4587106723526633,1.3003495069980828,6.815768585972503,True,0.6056322561600205,2.03017937854276,64.94505304336596,0.94,False,,1.23,False
20260927_103759_1243248,u1e5,0,546,SIDE_MINUS,1790476751.4918952,64.14122009277344,1790476751.631895,False,True,False,False,,False,,,SIDE_DISPATCH|RAW_SEED_ATTEMPT|PRE_TIMING_SEED|TIMED_SEED|SEED_ELIGIBILITY|PRE_LOS|POST_LOS|SOLVER_OK|FINAL_INPUT|JOINT_SEED|PREFLIGHT_REJECT,PREFLIGHT_REJECT,DYNAMICS_FAIL,,,0.0,0.0,0.0,-1790476687.350675,-1790476687.350675,-1790476687.350675,0,TIMED_SEED,0.65,0.65,64.93121995925937,64.93121995925937,True,64.28121995925903,65.56862,4.307295848099439,+0.094065->-2.119492,0.0940654193191909,0.0940654193191909,-2.1194915502982035,0.0682948649876094,-1.396780609487878,1,-0.5085117594497461,-0.5085117594497461,64.93121995925937,64.93121995925937,64.93121995925937,64.93121995925937,64.93121995925937,64.93121995925937,0.65,0.65,0.65,0.0,1.3445830348989127,0.9677378106729252,4.512221574258401,True,0.6928645002769991,2.063610918070844,64.95121995925938,0.67,False,,0.42,False
20260927_103759_1243248,u1e5,0,547,SIDE_PLUS,1790476751.4918952,64.14122009277344,1790476751.631895,False,True,False,False,,False,,,SIDE_DISPATCH|RAW_SEED_ATTEMPT|PRE_TIMING_SEED|TIMED_SEED|SEED_ELIGIBILITY|PRE_LOS|POST_LOS|SOLVER_OK|FINAL_INPUT|JOINT_SEED|PREFLIGHT_REJECT,PREFLIGHT_REJECT,DYNAMICS_FAIL,,,0.0,0.0,0.0,-1790476687.350675,-1790476687.350675,-1790476687.350675,0,TIMED_SEED,0.77,0.77,,,True,64.28121995925903,65.56862,4.307295848099439,+0.094065->-1.758182,0.0940654193191909,0.0940654193191909,-1.7581824742566134,0.0682948649876094,-0.3892503293523608,1,-0.5084364069328953,-0.5084364069328953,65.05121995925943,65.05121995925943,65.05121995925943,65.05121995925943,65.05121995925943,65.05121995925943,0.6900000000000001,0.6900000000000001,0.6900000000000001,0.0,1.5020206331288968,1.4455801367784211,7.156052040926021,True,0.6928645002769991,2.230984868737422,64.95121995925938,0.67,False,,0.99,False
20260927_103759_1243248,u1e5,0,549,SIDE_MINUS,1790476751.767213,64.41653823852539,1790476751.9072132,False,True,False,False,,False,,,SIDE_DISPATCH|RAW_SEED_ATTEMPT|PRE_TIMING_SEED|TIMED_SEED|SEED_ELIGIBILITY|PRE_LOS|POST_LOS|SOLVER_OK|FINAL_INPUT|JOINT_SEED|PREFLIGHT_REJECT,PREFLIGHT_REJECT,DYNAMICS_FAIL,,,0.0,0.0,0.0,-1790476687.350675,-1790476687.350675,-1790476687.350675,0,TIMED_SEED,0.37,0.37,64.92653810501118,64.92653810501118,True,64.55653810501099,65.56862,2.8377727796802423,-0.451591->-2.630574,-0.4515912290102852,-0.4515912290102852,-2.630573719784531,-0.4841238944948707,-2.311702552921649,0,-0.318788006947609,-0.318788006947609,64.92653810501118,64.92653810501118,64.92653810501118,64.92653810501118,64.92653810501118,64.92653810501118,0.37,0.37,0.37,0.0,2.30160140872473,2.5850854468233937,15.161237269118145,True,0.8418398849634638,1.4595433536432467,64.94653810501119,0.39,False,64.81653810501112,0.26,False
20260927_103759_1243248,u1e5,0,550,SIDE_PLUS,1790476751.767213,64.41653823852539,1790476751.9072132,False,True,False,False,,False,,,SIDE_DISPATCH|RAW_SEED_ATTEMPT|PRE_TIMING_SEED|TIMED_SEED|SEED_ELIGIBILITY|PRE_LOS|POST_LOS|SOLVER_OK|FINAL_INPUT|JOINT_SEED|PREFLIGHT_REJECT,PREFLIGHT_REJECT,DYNAMICS_FAIL,,,0.0,0.0,0.0,-1790476687.350675,-1790476687.350675,-1790476687.350675,0,TIMED_SEED,0.44,0.44,,,True,64.55653810501099,65.56862,2.8377727796802423,-0.451591->-1.890820,-0.4515912290102852,-0.4515912290102852,-1.8908202751074488,-0.4841238944948707,-0.9821863263413928,0,-0.318788006947609,-0.318788006947609,64.99653810501121,64.99653810501121,64.99653810501121,64.99653810501121,64.99653810501121,64.99653810501121,0.42,0.42,0.42,0.0,2.1995960329859554,2.384402412409605,13.779860074756346,True,0.8418398849634638,2.4618052111613267,64.94653810501119,0.39,False,,0.72,False
20260927_103759_1243248,u1e5,0,552,SIDE_MINUS,1790476752.028324,64.67764902114868,1790476752.168324,True,True,False,False,,False,,,SIDE_DISPATCH|RAW_SEED_ATTEMPT|PRE_TIMING_SEED|TIMED_SEED|SEED_ELIGIBILITY|PRE_LOS|POST_LOS|SOLVER_OK|FINAL_INPUT|JOINT_SEED|COMPARATOR_LOSS,,,,OPPONENT_D3_LOWER,1.0,0.6666666666666666,0.1573922992930576,64.81764888763428,65.04932475090027,66.81764888763428,0,TIMED_SEED,0.13,0.13,64.94764888763434,64.94764888763434,True,64.81764888763428,65.56862,4.159404445325316,-1.038297->-2.164428,-1.0382971628401807,-1.0382971628401807,-2.1644284189203167,-1.0702082484235391,-1.9838407376127736,0,-0.1014191762830542,-0.1014191762830542,64.94764888763434,64.94764888763434,64.94764888763434,64.94764888763434,64.94764888763434,64.94764888763434,0.13,0.13,0.13,0.0,1.44354376499493,1.082347900595896,5.186806265691509,True,1.0299513151279749,2.098337264112672,64.94764888763434,0.13,False,64.94764888763434,0.13,False
20260927_103759_1243248,u1e5,0,553,SIDE_PLUS,1790476752.028324,64.67764902114868,1790476752.168324,False,True,False,False,,False,,,SIDE_DISPATCH|RAW_SEED_ATTEMPT|PRE_TIMING_SEED|TIMED_SEED|SEED_ELIGIBILITY|PRE_LOS|POST_LOS|SOLVER_OK|FINAL_INPUT|JOINT_SEED|PREFLIGHT_REJECT,PREFLIGHT_REJECT,DYNAMICS_FAIL,,,0.0,0.0,0.0,-1790476687.350675,-1790476687.350675,-1790476687.350675,0,TIMED_SEED,0.13,0.13,64.94764888763434,64.94764888763434,True,64.81764888763428,65.56862,4.159404445325316,-1.038297->-1.896299,-1.0382971628401807,-1.0382971628401807,-1.896298799055142,-1.0702082484235391,-1.62906972039536,0,-0.1014191762830542,-0.1014191762830542,64.94764888763434,64.94764888763434,64.94764888763434,64.94764888763434,64.94764888763434,64.94764888763434,0.13,0.13,0.13,0.0,1.579468131144305,1.5352639695471335,7.072598070540891,True,1.0299513151279749,2.4477010616653008,64.94764888763434,0.13,False,,0.2,False
20260927_103759_1243248,u2e1,1,368,SIDE_MINUS,1790476758.3186274,70.96795225143433,1790476758.4586272,True,False,True,True,253.0,True,71.136024,71.436718,SIDE_DISPATCH|RAW_SEED_ATTEMPT|PRE_TIMING_SEED|TIMED_SEED|SEED_ELIGIBILITY|SOLVER_OK|FINAL_INPUT|COMPARATOR_WIN|SELECTED|COMMITTED,,,,,0.0,0.0,0.0,-1790476687.350675,-1790476687.350675,73.10795211791992,0,TIMED_SEED,1.6,1.26,,,True,71.10795211791992,74.535173,4.612712079486481,-1.171621->+0.478362,-1.1716210302322625,0.0852637832588454,0.478362498260277,0.0,0.0,1,-0.2585394622294321,-0.2585394622294321,74.09795211792145,74.09795211792145,74.09795211792145,74.09795211792145,,74.10795211792146,0.53,0.53,0.53,0.0,1.1043454854686268,1.0063356910340098,4.368981034835944,True,0.6492526244501802,0.4490318136479131,,1.21,False,,1.21,False
20260927_103759_1243248,u2e1,1,369,SIDE_PLUS,1790476758.3186274,70.96795225143433,1790476758.4586272,True,False,False,False,,False,,,SIDE_DISPATCH|RAW_SEED_ATTEMPT|PRE_TIMING_SEED|TIMED_SEED|SEED_ELIGIBILITY|SOLVER_OK|FINAL_INPUT|COMPARATOR_WIN,,,,,0.0,0.0,0.0,-1790476687.350675,-1790476687.350675,73.10795211791992,0,TIMED_SEED,1.29,0.09,73.4079521179211,,True,71.10795211791992,74.535173,4.612712079486481,-1.171621->-0.203726,-1.1716210302322625,-1.5920877655489192,-0.2037264365511817,0.0,0.0,0,-0.1571372552746219,-0.1571372552746219,73.4079521179211,73.4079521179211,73.4079521179211,73.4079521179211,73.4079521179211,,0.53,0.0,0.0,0.0,1.1138126797031305,1.3548389289062868,5.230695170475228,True,0.2079501812920283,0.0732004224271216,,1.21,False,,1.33,False
20260927_103759_1243248,u2e1,1,374,SIDE_MINUS,1790476758.645551,71.29487586021423,1790476758.7855508,True,False,False,False,,False,,,SIDE_DISPATCH|RAW_SEED_ATTEMPT|PRE_TIMING_SEED|TIMED_SEED|SEED_ELIGIBILITY|SOLVER_OK|FINAL_INPUT|COMPARATOR_LOSS,,,,,0.0,0.0,0.0,-1790476687.350675,-1790476687.350675,73.43487572669983,0,TIMED_SEED,0.87,0.0,73.40487572670084,,True,71.43487572669983,74.535173,3.535518659734169,-1.123696->-0.287555,-1.1236955008010938,-0.7518009385787484,-0.2875546232553098,0.0,0.0,0,0.0721272938932739,0.0721272938932739,73.40487572670084,73.40487572670084,73.40487572670084,73.40487572670084,73.40487572670084,74.1048757267012,0.54,0.0,0.0,0.0,1.45694624334713,0.8212380155460894,4.298732428462789,True,0.3997577025949018,0.1521272938932739,,0.94,True,,0.91,True
20260927_103759_1243248,u2e1,1,389,SIDE_MINUS,1790476759.4784572,72.12778210639954,1790476759.618457,True,False,True,True,257.0,True,72.276188,72.536313,SIDE_DISPATCH|RAW_SEED_ATTEMPT|PRE_TIMING_SEED|TIMED_SEED|SEED_ELIGIBILITY|PRE_LOS|POST_LOS|SOLVER_OK|FINAL_INPUT|COMPARATOR_WIN|SELECTED|COMMITTED,,,,,0.6666666666666666,0.0,0.2196871909006168,73.84932327270508,74.08520817756653,74.26778197288513,0,TIMED_SEED,0.87,0.59,73.84778197288594,,True,72.26778197288513,74.535173,3.732368428206187,-1.062359->+0.729163,-1.062359344960769,-0.1958993060356849,0.729163482813311,-0.8053274525625111,0.6844681526252956,1,-0.2595657648001746,-0.2595657648001746,73.84778197288594,73.84778197288594,73.84778197288594,73.84778197288594,73.84778197288594,74.10778197288607,0.53,0.44,0.44,0.0,1.354640766021798,1.938261184403682,11.95915508802883,True,0.7821222227704743,0.2723563873072209,,1.0,True,,1.0,True
20260927_103759_1243248,u2e1,1,393,SIDE_PLUS,1790476759.7481563,72.39748120307922,1790476759.8881562,True,False,True,True,258.0,True,72.570106,73.96807,SIDE_DISPATCH|RAW_SEED_ATTEMPT|PRE_TIMING_SEED|TIMED_SEED|SEED_ELIGIBILITY|PRE_LOS|POST_LOS|SOLVER_OK|FINAL_INPUT|COMPARATOR_WIN|SELECTED|COMMITTED,,,,,0.8333333333333333,0.1666666666666666,0.1398268295783692,73.84932327270508,74.3677818775177,74.53748106956482,0,TIMED_SEED,0.87,0.58,,,True,72.53748106956482,74.535173,3.4863972201521154,-1.092596->+0.782226,-1.092595665023245,-0.531028382332535,0.7822257081373232,-0.8712632973119461,0.6612276106962995,1,-0.2598817411161342,-0.2598817411161342,73.40748106956526,73.40748106956526,73.99748106956557,73.99748106956557,73.99748106956557,74.10748106956562,0.53,0.52,0.52,0.0,1.399576968929145,2.4469386337837737,15.317555216897832,True,0.8614400189646092,0.3988334253182011,,0.87,False,,0.87,False
20260927_103759_1243248,u3e1,2,138,SIDE_MINUS,1790476720.475147,33.12447190284729,1790476720.6333294,False,True,False,False,,False,,,SIDE_DISPATCH|RAW_SEED_ATTEMPT|PRE_TIMING_SEED|TIMED_SEED|SEED_ELIGIBILITY|PRE_LOS|POST_LOS|SOLVER_OK|FINAL_INPUT|JOINT_SEED|HANDOFF_REJECT,HANDOFF_REJECT,MISSED_FROZEN_ACTIVATION,,,0.0,0.0,0.0,-1790476687.350675,-1790476687.350675,-1790476687.350675,0,TIMED_SEED,1.06,1.06,36.3326542854303,36.3326542854303,True,33.28265428543091,37.002212,4.366021794618145,-1.051245->+1.930954,-1.0512450372962825,-0.6205473874578685,1.9309543884929108,-1.3103414254074337,0.6927730190353227,1,-0.5087369428855829,-0.5087369428855829,36.3326542854303,36.3326542854303,36.3326542854303,36.3326542854303,36.3326542854303,36.3326542854303,0.85,0.85,0.85,0.0,1.3935348026372976,0.9985562398989845,4.697690986930591,True,0.70713737193918,3.328879439404835,36.112654285430345,1.19,False,35.89265428543039,1.02,False
20260927_103759_1243248,u3e1,2,141,SIDE_MINUS,1790476720.7585616,33.40788650512695,1790476720.9382002,True,True,False,False,,False,,,SIDE_DISPATCH|RAW_SEED_ATTEMPT|PRE_TIMING_SEED|TIMED_SEED|SEED_ELIGIBILITY|PRE_LOS|POST_LOS|SOLVER_OK|FINAL_INPUT|JOINT_SEED|COMPARATOR_LOSS,,,,,0.0,0.0,0.0,-1790476687.350675,-1790476687.350675,35.58752512931824,0,TIMED_SEED,1.22,1.22,,,True,33.58752512931824,37.002212,4.662413700625101,-1.091516->+1.830645,-1.0915156871993623,-0.6343086218690667,1.8306445576126635,-1.2443392626535297,0.2366486322995241,1,-0.5082024748134184,-0.5082024748134184,36.47752512931766,36.47752512931766,36.47752512931766,36.47752512931766,36.47752512931766,36.47752512931766,0.92,0.92,0.92,0.0,1.3547509549352827,0.9130162801229612,4.042953243749863,True,0.6801832088813264,3.765634540049766,36.11752512931773,1.19,False,35.88752512931778,1.01,False
20260927_103759_1243248,u3e1,2,142,SIDE_PLUS,1790476720.7585616,33.40788650512695,1790476720.9382002,True,True,True,True,120.0,True,33.602143,33.835331,SIDE_DISPATCH|RAW_SEED_ATTEMPT|RAW_SEED_ATTEMPT|RAW_SEED_ATTEMPT|RAW_SEED_ATTEMPT|PRE_TIMING_SEED|TIMED_SEED|SEED_ELIGIBILITY|SOLVER_OK|FINAL_INPUT|JOINT_SEED|COMPARATOR_WIN|SELECTED|COMMITTED,,,,,0.0,0.0,0.0,-1790476687.350675,-1790476687.350675,35.58752512931824,0,TIMED_SEED,1.26,1.26,,,True,33.58752512931824,37.002212,22.395587838136045,-1.091516->+0.220605,-1.0915156871993623,-0.8467447068394708,0.2206050591325317,-1.2443392626535297,-1.0099042476346198,1,-0.5093364950878387,-0.5093364950878387,,,,,,,0.92,0.92,0.92,0.0,0.918719999999992,2.6957274800572075,19.822328538217977,True,0.6978207541436916,3.765634540049766,36.11752512931773,1.19,False,36.11752512931773,1.19,False
20260927_103759_1243248,u3e1,2,144,SIDE_MINUS,1790476721.0141644,33.66348934173584,1790476721.1921237,True,True,True,True,121.0,True,33.871051,34.102271,SIDE_DISPATCH|RAW_SEED_ATTEMPT|PRE_TIMING_SEED|TIMED_SEED|SEED_ELIGIBILITY|PRE_LOS|POST_LOS|SOLVER_OK|FINAL_INPUT|JOINT_SEED|COMPARATOR_WIN|SELECTED|COMMITTED,,,,C3_HIGHER,1.0,0.5555555555555556,1.0360934164166542,34.849323987960815,35.687525033950806,35.84144854545593,0,TIMED_SEED,1.26,1.26,,,True,33.84144854545593,37.002212,4.682456030612365,-1.122507->+1.742349,-1.122506562845259,-0.6487095789569948,1.7423492032345165,-1.2214919268993965,0.1053791342403571,1,-0.5095418652825104,-0.5095418652825104,36.5214485454554,36.5214485454554,36.5214485454554,36.5214485454554,,36.5214485454554,0.93,0.93,0.93,0.0,1.377590307902457,0.9251766787114658,4.08233919803782,True,0.6875338287678678,4.125155269176815,36.39144854545543,1.12,False,36.39144854545543,1.12,False
20260927_103759_1243248,u3e1,2,145,SIDE_PLUS,1790476721.0141644,33.66348934173584,1790476721.1921237,False,True,False,False,,False,,,SIDE_DISPATCH|RAW_SEED_ATTEMPT|PRE_TIMING_SEED|TIMED_SEED|SEED_ELIGIBILITY|PRE_LOS|POST_LOS|SOLVER_OK|FINAL_INPUT|JOINT_SEED|PREFLIGHT_REJECT,PREFLIGHT_REJECT,static map t=1.16667 occupancy=1 pos=-1.43182  2.39834  1.49974,,,0.0,0.0,0.0,-1790476687.350675,-1790476687.350675,-1790476687.350675,0,TIMED_SEED,0.85,0.85,35.61144854545558,35.61144854545558,True,33.84144854545593,37.002212,4.682456030612365,-1.122507->+2.103720,-1.122506562845259,0.6131484655215922,2.1037204493863797,-1.2214919268993965,1.2729482026427454,1,-0.5083263636367386,-0.5083263636367386,35.61144854545558,35.61144854545558,35.61144854545558,35.61144854545558,35.61144854545558,35.61144854545558,0.13,0.13,0.13,0.0,1.5954924122859482,1.603362203998871,6.559397324996595,True,0.1928020462982403,2.917324414062477,36.39144854545543,1.12,True,35.67144854545557,0.86,False
20260927_103759_1243248,u3e1,2,147,SIDE_MINUS,1790476721.3048646,33.95418953895569,1790476721.477752,True,True,True,True,122.0,True,34.135511,34.636492,SIDE_DISPATCH|RAW_SEED_ATTEMPT|PRE_TIMING_SEED|TIMED_SEED|SEED_ELIGIBILITY|PRE_LOS|POST_LOS|SOLVER_OK|FINAL_INPUT|JOINT_SEED|COMPARATOR_WIN|SELECTED|COMMITTED,,,,C3_HIGHER,1.0,0.6363636363636364,1.4231867192600478,34.849323987960815,35.9414484500885,36.12707686424256,0,TIMED_SEED,1.35,1.35,,,True,34.127076864242554,37.002212,4.773127563079817,-1.136233->+1.678787,-1.13623305082672,-0.6132691665700405,1.6787874013129658,-1.163616159076461,-0.1501062270589221,1,-0.5079555930266257,-0.5079555930266257,36.57707686424207,36.57707686424207,36.57707686424207,36.57707686424207,,36.57707686424207,0.92,0.92,0.92,0.0,1.3772437074466384,0.9086958269184158,3.857591445820652,True,0.6569341896805103,4.363655902983137,36.337076864242114,0.87,False,36.337076864242114,0.87,False
20260927_103759_1243248,u3e1,2,148,SIDE_PLUS,1790476721.3048646,33.95418953895569,1790476721.477752,True,True,False,False,,False,,,SIDE_DISPATCH|RAW_SEED_ATTEMPT|PRE_TIMING_SEED|TIMED_SEED|SEED_ELIGIBILITY|PRE_LOS|POST_LOS|SOLVER_OK|FINAL_INPUT|JOINT_SEED|COMPARATOR_WIN,,,,D3_LOWER,1.0,0.1818181818181818,3.475126866161565,34.849323987960815,35.9414484500885,36.12707686424256,0,TIMED_SEED,0.86,0.86,35.777076864242225,35.777076864242225,True,34.127076864242554,37.002212,4.773127563079817,-1.136233->+2.143894,-1.13623305082672,0.2840710920126178,2.1438941679085124,-1.163616159076461,1.3668709786420423,1,-0.504863204160822,-0.504863204160822,35.777076864242225,35.777076864242225,35.777076864242225,35.777076864242225,35.777076864242225,35.777076864242225,0.29,0.29,0.29,0.0,1.5451917109374096,1.387017739304672,4.741914633295025,True,0.3366421906377485,2.913375719528818,36.337076864242114,0.87,False,35.76707686424223,0.86,False
20260927_103759_1243248,u3e1,2,150,SIDE_MINUS,1790476721.8433244,34.49264931678772,1790476722.0101378,True,True,True,True,123.0,True,34.677241,34.935525,SIDE_DISPATCH|RAW_SEED_ATTEMPT|PRE_TIMING_SEED|TIMED_SEED|SEED_ELIGIBILITY|SOLVER_OK|FINAL_INPUT|JOINT_SEED|COMPARATOR_WIN|SELECTED|COMMITTED,,,,D3_LOWER,1.0,0.4285714285714285,3.469581063049469,34.849323987960815,36.22707676887512,36.659462690353394,0,TIMED_SEED,1.19,1.19,,,True,34.659462690353394,37.002212,5.069144168586595,-1.125120->+1.503550,-1.1251201430763138,-0.8617770529054167,1.5035499800646637,-1.0051514061339326,0.0281302768296216,1,-0.5094056395468991,-0.5094056395468991,36.639462690353,36.639462690353,36.639462690353,36.639462690353,,36.639462690353,0.93,0.93,0.93,0.0,1.3821156000425534,0.8596688268288988,5.450994614153433,True,0.7146630066927808,4.470398269930305,36.359462690353055,0.98,False,36.359462690353055,0.98,False
20260927_103759_1243248,u3e1,2,151,SIDE_PLUS,1790476721.8433244,34.49264931678772,1790476722.0101378,True,True,False,False,,False,,,SIDE_DISPATCH|RAW_SEED_ATTEMPT|PRE_TIMING_SEED|TIMED_SEED|SEED_ELIGIBILITY|PRE_LOS|POST_LOS|SOLVER_OK|FINAL_INPUT|JOINT_SEED|COMPARATOR_LOSS,,,,OPPONENT_C3_HIGHER,1.0,0.3571428571428571,3.277265400165829,34.849323987960815,36.22707676887512,36.659462690353394,0,TIMED_SEED,0.8,0.8,36.1194626903531,36.1194626903531,True,34.659462690353394,37.002212,5.069144168586595,-1.125120->+2.317333,-1.1251201430763138,-0.5902411131270423,2.3173327623421534,-1.0051514061339326,1.7131490999803165,1,-0.5072911463640436,-0.5072911463640436,36.1194626903531,36.1194626903531,36.1194626903531,36.1194626903531,36.1194626903531,36.1194626903531,0.64,0.64,0.64,0.0,1.9313440122767085,2.128151384414056,10.268388189872374,True,0.6301880912400608,3.037647498375944,36.359462690353055,0.98,True,36.09946269035311,0.81,False
20260927_103759_1243248,u3e1,2,153,SIDE_MINUS,1790476722.122595,34.77191996574402,1790476722.2845068,True,True,False,False,,False,,,SIDE_DISPATCH|RAW_SEED_ATTEMPT|PRE_TIMING_SEED|TIMED_SEED|SEED_ELIGIBILITY|SOLVER_OK|FINAL_INPUT|JOINT_SEED|COMPARATOR_LOSS,,,,OPPONENT_D3_LOWER,1.0,0.375,3.898902449712117,34.93383169174194,36.5493233203888,36.93383169174194,0,TIMED_SEED,1.29,1.29,,,True,34.93383169174194,37.002212,5.194120646756735,-1.127750->+1.386783,-1.127750346089067,-0.839998805644865,1.3867831642803754,-1.0082402211657744,-0.1115491757476542,1,-0.5067457981693488,-0.5067457981693488,36.71383169174159,36.71383169174159,,36.71383169174159,,,0.92,0.92,0.92,0.0,1.4384010418918616,1.1123899954219705,5.66163602940801,True,0.773692913347473,4.54722769478925,36.32383169174167,0.92,False,36.35383169174166,0.97,False
20260927_103759_1243248,u3e1,2,154,SIDE_PLUS,1790476722.122595,34.77191996574402,1790476722.2845068,True,True,True,True,124.0,True,34.971546,35.203324,SIDE_DISPATCH|RAW_SEED_ATTEMPT|PRE_TIMING_SEED|TIMED_SEED|SEED_ELIGIBILITY|PRE_LOS|POST_LOS|SOLVER_OK|FINAL_INPUT|JOINT_SEED|COMPARATOR_WIN|SELECTED|COMMITTED,,,,D3_LOWER,1.0,0.375,3.6667737030830088,34.93383169174194,36.5493233203888,36.93383169174194,0,TIMED_SEED,0.84,0.84,36.183831691741695,36.183831691741695,True,34.93383169174194,37.002212,5.194120646756735,-1.127750->+2.044887,-1.127750346089067,-0.6719502746808217,2.0448868974731846,-1.0082402211657744,1.2794270367440406,1,-0.5037812161199638,-0.5037812161199638,36.183831691741695,36.183831691741695,36.183831691741695,36.183831691741695,36.183831691741695,36.183831691741695,0.7000000000000001,0.7000000000000001,0.7000000000000001,0.0,1.7670361841964886,2.332287843085408,9.378538625850275,True,0.6649878601517356,3.318606818523188,36.32383169174167,0.92,True,36.32383169174167,0.92,True
20260927_103759_1243248,u3e1,2,156,SIDE_MINUS,1790476722.4120874,35.06141233444214,1790476722.5692832,True,True,False,False,,False,,,SIDE_DISPATCH|RAW_SEED_ATTEMPT|PRE_TIMING_SEED|TIMED_SEED|SEED_ELIGIBILITY|SOLVER_OK|FINAL_INPUT|JOINT_SEED|COMPARATOR_LOSS,,,,OPPONENT_D3_LOWER,1.0,0.2307692307692307,3.995877515167082,35.218608140945435,36.5493233203888,37.21860814094544,0,TIMED_SEED,1.31,1.31,,,True,35.218608140945435,37.002212,5.141354845316034,-1.042006->+1.181779,-1.0420058456200882,-0.8279745986737426,1.1817794861787387,-0.9515117934755184,-0.1623340695739479,1,-0.5059686157615986,-0.5059686157615986,36.77860814094512,36.77860814094512,,36.77860814094512,,,0.93,0.93,0.93,0.0,1.4430301687245215,0.9725026360122304,3.851871047653245,True,0.8155680740295583,4.547203964678878,36.3786081409452,0.98,False,,1.04,False
20260927_103759_1243248,u3e1,2,157,SIDE_PLUS,1790476722.4120874,35.06141233444214,1790476722.5692832,True,True,True,True,125.0,True,35.236046,35.435914,SIDE_DISPATCH|RAW_SEED_ATTEMPT|PRE_TIMING_SEED|TIMED_SEED|SEED_ELIGIBILITY|PRE_LOS|POST_LOS|SOLVER_OK|FINAL_INPUT|JOINT_SEED|COMPARATOR_WIN|SELECTED|COMMITTED,,,,,1.0,0.2307692307692307,3.7486083429373407,35.218608140945435,36.5493233203888,37.21860814094544,0,TIMED_SEED,1.0,1.0,36.3986081409452,36.3986081409452,True,35.218608140945435,37.002212,5.141354845316034,-1.042006->+1.807197,-1.0420058456200882,-0.8162158541262957,1.8071967719142812,-0.9515117934755184,1.118175079879132,1,-0.5077452636204535,-0.5077452636204535,36.3986081409452,36.3986081409452,36.3986081409452,36.3986081409452,36.3986081409452,36.3986081409452,0.92,0.92,0.92,0.0,1.6297702506234018,1.4342566722726786,3.356435473006768,True,0.7673433405658858,3.3966255433084225,36.3786081409452,0.98,False,36.3786081409452,0.98,False
20260927_103759_1243248,u3e1,2,159,SIDE_MINUS,1790476722.664488,35.31381297111511,1790476722.8186138,False,True,False,False,,False,,,SIDE_DISPATCH|RAW_SEED_ATTEMPT|PRE_TIMING_SEED|TIMED_SEED|SEED_ELIGIBILITY|PRE_LOS|POST_LOS|SOLVER_OK|FINAL_INPUT|JOINT_SEED|PREFLIGHT_REJECT,PREFLIGHT_REJECT,DYNAMICS_FAIL,,,0.0,0.0,0.0,-1790476687.350675,-1790476687.350675,-1790476687.350675,0,TIMED_SEED,1.24,1.24,,,True,35.46793866157532,37.002212,5.211765822360506,-0.827195->+0.965135,-0.8271945641682383,-0.8126322940138355,0.965135465366713,-0.801206736754412,-0.0793506672280052,1,-0.5095142309964156,-0.5095142309964156,36.85793866157504,36.85793866157504,,,,,0.93,0.93,0.93,0.0,1.548662349037268,1.5630599943867325,9.522568481412318,True,0.7654660629531702,4.441480416952262,36.36793866157514,0.9,False,,0.55,False
20260927_103759_1243248,u3e1,2,160,SIDE_PLUS,1790476722.664488,35.31381297111511,1790476722.8186138,False,True,False,False,,False,,,SIDE_DISPATCH|RAW_SEED_ATTEMPT|PRE_TIMING_SEED|TIMED_SEED|SEED_ELIGIBILITY|PRE_LOS|POST_LOS|SOLVER_OK|FINAL_INPUT|JOINT_SEED|PREFLIGHT_REJECT,PREFLIGHT_REJECT,DYNAMICS_FAIL,,,0.0,0.0,0.0,-1790476687.350675,-1790476687.350675,-1790476687.350675,0,TIMED_SEED,0.93,0.93,36.39793866157513,36.39793866157513,True,35.46793866157532,37.002212,5.211765822360506,-0.827195->+1.604174,-0.8271945641682383,-0.8126307057425559,1.604173622959485,-0.801206736754412,1.108567264209395,1,-0.5091131407578159,-0.5091131407578159,36.39793866157513,36.39793866157513,36.39793866157513,36.39793866157513,36.39793866157513,36.39793866157513,0.92,0.92,0.92,0.0,1.4888309247157197,1.567805539407971,5.645310292769936,True,0.7129105479237265,3.377063739945002,36.36793866157514,0.9,False,,1.14,False
20260927_103759_1243248,u3e1,2,162,SIDE_MINUS,1790476722.9422064,35.59153127670288,1790476723.0931845,False,True,False,False,,False,,,SIDE_DISPATCH|RAW_SEED_ATTEMPT|PRE_TIMING_SEED|TIMED_SEED|SEED_ELIGIBILITY|PRE_LOS|POST_LOS|SOLVER_OK|FINAL_INPUT|JOINT_SEED|PREFLIGHT_REJECT,PREFLIGHT_REJECT,DYNAMICS_FAIL,,,0.0,0.0,0.0,-1790476687.350675,-1790476687.350675,-1790476687.350675,0,TIMED_SEED,0.79,0.79,,,True,35.74250936508179,37.002212,4.949234983857744,-0.405721->+1.096151,-0.4057212828247142,-0.4057212828247142,1.096151004426741,-0.381896740262567,0.4570024893359928,1,-0.5097644061998747,-0.5097644061998747,36.53250936508163,36.53250936508163,36.53250936508163,36.53250936508163,,36.53250936508163,0.66,0.66,0.66,0.0,1.5935504185077214,1.717881820709776,9.97393385437051,True,0.6728890724984333,4.100052808800578,36.38250936508166,0.64,False,,0.63,False
20260927_103759_1243248,u3e1,2,163,SIDE_PLUS,1790476722.9422064,35.59153127670288,1790476723.0931845,False,True,False,False,,False,,,SIDE_DISPATCH|RAW_SEED_ATTEMPT|PRE_TIMING_SEED|TIMED_SEED|SEED_ELIGIBILITY|PRE_LOS|POST_LOS|SOLVER_OK|FINAL_INPUT|JOINT_SEED|PREFLIGHT_REJECT,PREFLIGHT_REJECT,DYNAMICS_FAIL,,,0.0,0.0,0.0,-1790476687.350675,-1790476687.350675,-1790476687.350675,0,TIMED_SEED,0.67,0.67,36.41250936508165,36.41250936508165,True,35.74250936508179,37.002212,4.949234983857744,-0.405721->+1.605278,-0.4057212828247142,-0.4057212828247142,1.605278357787387,-0.381896740262567,1.200411543239654,1,-0.5060404679004324,-0.5060404679004324,36.41250936508165,36.41250936508165,36.41250936508165,36.41250936508165,36.41250936508165,36.41250936508165,0.66,0.66,0.66,0.0,1.3441501383678855,1.717881820709776,5.360185884797216,True,0.6809173350814561,3.524715691319085,36.38250936508166,0.64,False,,0.66,False
20260927_103759_1243248,u3e1,2,165,SIDE_MINUS,1790476723.232949,35.88227391242981,1790476723.3814788,False,True,False,False,,False,,,SIDE_DISPATCH|RAW_SEED_ATTEMPT|PRE_TIMING_SEED|TIMED_SEED|SEED_ELIGIBILITY|PRE_LOS|POST_LOS|SOLVER_OK|FINAL_INPUT|JOINT_SEED|PREFLIGHT_REJECT,PREFLIGHT_REJECT,DYNAMICS_FAIL,,,0.0,0.0,0.0,-1790476687.350675,-1790476687.350675,-1790476687.350675,0,TIMED_SEED,0.38,0.38,36.410803680419846,36.410803680419846,True,36.03080368041992,37.002212,5.666538018487335,+0.174421->+1.245047,0.174420967472376,0.174420967472376,1.2450470559169875,0.1988601074967354,0.9328082979254478,0,-0.4178568720179079,-0.4178568720179079,36.410803680419846,36.410803680419846,36.410803680419846,36.410803680419846,36.410803680419846,36.410803680419846,0.38,0.38,0.38,0.0,1.408427214796948,2.1548347998296355,13.389729392882156,True,0.664508392829648,3.840288673229698,36.38080368041985,0.35,False,,0.59,False
20260927_103759_1243248,u3e1,2,166,SIDE_PLUS,1790476723.232949,35.88227391242981,1790476723.3814788,False,True,False,False,,False,,,SIDE_DISPATCH|RAW_SEED_ATTEMPT|PRE_TIMING_SEED|TIMED_SEED|SEED_ELIGIBILITY|PRE_LOS|POST_LOS|SOLVER_OK|FINAL_INPUT|JOINT_SEED|PREFLIGHT_REJECT,PREFLIGHT_REJECT,DYNAMICS_FAIL,,,0.0,0.0,0.0,-1790476687.350675,-1790476687.350675,-1790476687.350675,0,TIMED_SEED,0.36,0.36,36.39080368041985,36.39080368041985,True,36.03080368041992,37.002212,5.666538018487335,+0.174421->+1.668727,0.174420967472376,0.174420967472376,1.6687268389314105,0.1988601074967354,1.4498899926293656,0,-0.4178568720179079,-0.4178568720179079,36.39080368041985,36.39080368041985,36.39080368041985,36.39080368041985,36.39080368041985,36.39080368041985,0.36,0.36,0.36,0.0,1.460317175770666,1.083042895764111,7.938808938492808,True,0.666074104858148,3.5249498733724423,36.38080368041985,0.35,False,,0.3,False
20260927_103759_1243248,u3e1,2,168,SIDE_MINUS,1790476723.4969814,36.14630627632141,1790476723.643473,False,True,False,False,,False,,,SIDE_DISPATCH|RAW_SEED_ATTEMPT|PRE_TIMING_SEED|TIMED_SEED|SEED_ELIGIBILITY|PRE_LOS|POST_LOS|SOLVER_OK|FINAL_INPUT|JOINT_SEED|PREFLIGHT_REJECT,PREFLIGHT_REJECT,DYNAMICS_FAIL,,,0.0,0.0,0.0,-1790476687.350675,-1790476687.350675,-1790476687.350675,0,TIMED_SEED,0.09,0.09,36.38279756546019,36.38279756546019,True,36.292797565460205,37.002212,5.547061922803188,+0.691122->+1.442477,0.6911223153294175,0.6911223153294175,1.4424774081136895,0.7317453781685093,1.3949462673573487,0,-0.1212613928093388,-0.1212613928093388,36.38279756546019,36.38279756546019,36.38279756546019,36.38279756546019,36.38279756546019,36.38279756546019,0.09,0.09,0.09,0.0,1.598167960992781,2.4928485734644856,14.052665908260249,True,0.6764098106484093,3.488536453348839,36.38279756546019,0.09,False,,0.41,False
20260927_103759_1243248,u3e1,2,169,SIDE_PLUS,1790476723.4969814,36.14630627632141,1790476723.643473,True,True,True,True,129.0,True,36.307855,36.570138,SIDE_DISPATCH|RAW_SEED_ATTEMPT|PRE_TIMING_SEED|TIMED_SEED|SEED_ELIGIBILITY|PRE_LOS|POST_LOS|SOLVER_OK|FINAL_INPUT|JOINT_SEED|COMPARATOR_WIN|SELECTED|COMMITTED,,,,D3_LOWER,1.0,0.6666666666666666,0.0700956160664046,36.292797565460205,36.54932475090027,38.292797565460205,0,TIMED_SEED,0.09,0.09,36.38279756546019,36.38279756546019,True,36.292797565460205,37.002212,5.547061922803188,+0.691122->+1.684481,0.6911223153294175,0.6911223153294175,1.68448140178632,0.7317453781685093,1.659356671022956,0,-0.1212613928093388,-0.1212613928093388,36.38279756546019,36.38279756546019,36.38279756546019,36.38279756546019,36.38279756546019,36.38279756546019,0.09,0.09,0.09,0.0,1.614820079852513,1.4557019230711337,8.303504298365434,True,0.6764098106484093,3.36925426078938,36.38279756546019,0.09,False,36.38279756546019,0.09,False
20260927_103759_1243248,u3e2,2,330,SIDE_MINUS,1790476755.1824946,67.83181953430176,1790476755.3224945,True,True,True,True,245.0,True,68.006077,68.335453,SIDE_DISPATCH|RAW_SEED_ATTEMPT|PRE_TIMING_SEED|TIMED_SEED|SEED_ELIGIBILITY|SOLVER_FAILED|FINAL_INPUT|JOINT_SEED|COMPARATOR_WIN|SELECTED|COMMITTED,,,,,0.0,0.0,0.0,-1790476687.350675,-1790476687.350675,69.97181940078735,1,TIMED_SEED,1.26,1.26,,,True,67.97181940078735,72.036267,4.342091989790997,-1.568136->+0.246382,-1.568136098764102,-2.1634539996683784,0.2463821386391749,0.0,0.0,1,-0.5069542911814453,-0.5069542911814453,70.24181940078851,70.24181940078851,,70.24181940078851,,,0.96,0.96,0.96,0.0,1.0997120137024972,0.9971374799868898,4.538432022383797,True,0.878578451539505,1.4522538982824502,,1.26,False,,1.26,False
20260927_103759_1243248,u3e2,2,331,SIDE_PLUS,1790476755.1824946,67.83181953430176,1790476755.3224945,True,False,False,False,,False,,,SIDE_DISPATCH|RAW_SEED_ATTEMPT|PRE_TIMING_SEED|TIMED_SEED|SEED_ELIGIBILITY|SOLVER_OK|FINAL_INPUT|COMPARATOR_WIN,,,,,0.0,0.0,0.0,-1790476687.350675,-1790476687.350675,69.97181940078735,0,TIMED_SEED,2.06,2.06,,,True,67.97181940078735,72.036267,4.342091989790997,-1.568136->+0.255043,-1.568136098764102,-0.6093138113845877,0.2550430202702698,0.0,0.0,1,-0.5087367509955825,-0.5087367509955825,70.24181940078851,,,,,,1.2,1.2,1.2,0.0,1.18901755867097,1.2676698239934727,5.871829818088578,True,0.1937405003663452,0.1041275674096769,,1.26,False,,1.33,False
20260927_103759_1243248,u3e2,2,342,SIDE_MINUS,1790476755.5557144,68.2050392627716,1790476755.6957142,True,True,True,True,246.0,True,68.368693,68.535254,SIDE_DISPATCH|RAW_SEED_ATTEMPT|PRE_TIMING_SEED|TIMED_SEED|SEED_ELIGIBILITY|SOLVER_FAILED|FINAL_INPUT|JOINT_SEED|COMPARATOR_WIN|SELECTED|COMMITTED,,,,,0.0,0.0,0.0,-1790476687.350675,-1790476687.350675,70.3450391292572,1,TIMED_SEED,1.23,1.23,,,True,68.3450391292572,72.036267,3.968872261321148,-1.620761->+0.498906,-1.6207609608402158,-2.183592140686295,0.4989056245961599,-2.454682950747241,-0.3977897251234919,1,-0.5066557795996098,-0.5066557795996098,70.24503912925817,70.24503912925817,,70.24503912925817,,,0.93,0.93,0.93,0.0,1.332783582438572,1.0346068234078931,4.792568033152913,True,0.9730730055485032,1.4500726214508606,,1.23,False,,1.23,False
20260927_103759_1243248,u3e2,2,348,SIDE_MINUS,1790476755.7555754,68.4049003124237,1790476755.8955753,True,True,True,True,247.0,True,68.569152,68.802698,SIDE_DISPATCH|RAW_SEED_ATTEMPT|PRE_TIMING_SEED|TIMED_SEED|SEED_ELIGIBILITY|PRE_LOS|POST_LOS|SOLVER_OK|FINAL_INPUT|JOINT_SEED|COMPARATOR_WIN|SELECTED|COMMITTED,,,,,0.0,0.0,0.0,-1790476687.350675,-1790476687.350675,70.5449001789093,0,TIMED_SEED,1.19,1.19,,,True,68.5449001789093,72.036267,3.769011211669048,-1.672206->+0.663329,-1.672206163024479,-2.196176652454672,0.6633293076744103,-2.442380348841759,-0.2553574470924711,1,-0.508634130232458,-0.508634130232458,70.24490017891017,70.24490017891017,70.24490017891017,70.24490017891017,,70.24490017891017,0.89,0.89,0.89,0.0,1.501996908559742,1.1586960363680798,5.509277584836368,True,1.028458911826179,1.4493655826370089,,1.39,False,,1.39,False
20260927_103759_1243248,u3e2,2,351,SIDE_MINUS,1790476756.009614,68.65893888473511,1790476756.149614,True,True,True,True,248.0,True,68.835511,69.20245,SIDE_DISPATCH|RAW_SEED_ATTEMPT|PRE_TIMING_SEED|TIMED_SEED|SEED_ELIGIBILITY|SOLVER_FAILED|FINAL_INPUT|JOINT_SEED|COMPARATOR_WIN|SELECTED|COMMITTED,,,,C3_HIGHER,1.0,1.0,0.0,70.44932341575623,70.64490008354187,70.7989387512207,1,TIMED_SEED,0.93,0.93,,,True,68.7989387512207,72.036267,4.359458009007742,-1.758648->-0.121369,-1.7586479512033797,-2.1502441016249247,-0.1213688798214058,-2.4068392829192,-0.9315806044547452,0,-0.4515203153617374,-0.4515203153617374,70.23893875122144,70.23893875122144,70.23893875122144,70.23893875122144,70.23893875122144,70.23893875122144,0.63,0.63,0.63,0.0,1.4165358199013758,1.0090967313683532,4.576584458775185,True,1.1867674494686271,1.3387493797522136,,0.93,False,,0.93,False
20260927_103759_1243248,u3e2,2,352,SIDE_PLUS,1790476756.009614,68.65893888473511,1790476756.149614,True,True,False,False,,False,,,SIDE_DISPATCH|RAW_SEED_ATTEMPT|PRE_TIMING_SEED|TIMED_SEED|SEED_ELIGIBILITY|SOLVER_FAILED|FINAL_INPUT|JOINT_SEED|COMPARATOR_WIN,,,,,1.0,0.0,0.3291526638486322,70.44932341575623,70.64490008354187,70.7989387512207,1,TIMED_SEED,1.74,1.74,,,True,68.7989387512207,72.036267,4.359458009007742,-1.758648->+0.549648,-1.7586479512033797,-0.9923260357216244,0.5496483342031331,-2.4068392829192,-0.1497439538601769,1,-0.5096599014873172,-0.5096599014873172,70.23893875122144,70.59893875122162,,,,,1.18,1.18,1.18,0.0,1.469396403037759,1.4067361587046086,3.8684301138560944,True,0.2100499477318081,0.9289359240824192,,0.93,False,,1.74,False
20260927_103759_1243248,u3e2,2,357,SIDE_MINUS,1790476756.4231205,69.07244515419006,1790476756.56977,False,True,False,False,,False,,,SIDE_DISPATCH|RAW_SEED_ATTEMPT|PRE_TIMING_SEED|TIMED_SEED|SEED_ELIGIBILITY|PRE_LOS|POST_LOS|SOLVER_OK|FINAL_INPUT|JOINT_SEED|PREFLIGHT_REJECT,PREFLIGHT_REJECT,DYNAMICS_FAIL,,,0.0,0.0,0.0,-1790476687.350675,-1790476687.350675,-1790476687.350675,0,TIMED_SEED,0.97,0.97,,,True,69.21909475326538,72.036267,4.370907169022221,-1.875707->-0.347591,-1.875707208311008,-1.9181410642301384,-0.3475908481367142,-2.312303279114584,-0.6605105990280683,0,-0.3103336681351046,-0.3103336681351046,70.2390947532659,70.2390947532659,70.2390947532659,70.2390947532659,,70.2390947532659,0.67,0.67,0.67,0.0,1.4903231918022426,0.8906041098467886,4.290592516405861,True,0.7131997506731933,1.337596181430632,,1.55,False,,1.2,False
20260927_103759_1243248,u3e2,2,358,SIDE_PLUS,1790476756.4231205,69.07244515419006,1790476756.56977,True,True,True,True,249.0,True,69.235355,70.114705,SIDE_DISPATCH|RAW_SEED_ATTEMPT|PRE_TIMING_SEED|TIMED_SEED|SEED_ELIGIBILITY|SOLVER_FAILED|FINAL_INPUT|JOINT_SEED|COMPARATOR_WIN|SELECTED|COMMITTED,,,,,1.0,0.0,0.8016133131655019,70.44932341575623,70.89893865585327,71.21909475326538,1,TIMED_SEED,1.55,1.55,,,True,69.21909475326538,72.036267,4.370907169022221,-1.875707->+0.925378,-1.875707208311008,-1.3589051695740888,0.925378035336784,-2.312303279114584,0.6749197743228392,1,-0.5098438483799421,-0.5098438483799421,70.2390947532659,70.69909475326614,,,,,1.19,1.19,1.19,0.0,1.8037621054051192,1.899200408613262,9.642362390144754,True,0.1576791506413725,1.080923549045714,,1.55,False,,1.55,False
20260927_103759_1243248,u3e2,2,360,SIDE_MINUS,1790476756.5923102,69.24163508415222,1790476756.7364376,False,True,False,False,,False,,,SIDE_DISPATCH|RAW_SEED_ATTEMPT|PRE_TIMING_SEED|TIMED_SEED|SEED_ELIGIBILITY|PRE_LOS|POST_LOS|SOLVER_OK|FINAL_INPUT|JOINT_SEED|HANDOFF_REJECT,HANDOFF_REJECT,MISSED_FROZEN_ACTIVATION,,,0.0,0.0,0.0,-1790476687.350675,-1790476687.350675,-1790476687.350675,0,TIMED_SEED,1.1,1.1,,,True,69.38576245307922,72.036267,4.7568542142866725,-1.908241->-0.538700,-1.9082408967932287,-1.7780539543878682,-0.5387003561348098,-2.232323114944351,-0.7562426288545027,0,-0.1740451956129713,-0.2575530858062944,70.23576245307966,70.23576245307966,70.23576245307966,70.23576245307966,,70.23576245307966,0.8,0.8,0.8,0.0,1.4824200767579194,0.964572565612184,3.644764855200527,True,0.5719362709174638,1.255840421576897,,1.42,False,,0.86,False
20260927_103759_1243248,u3e2,2,366,SIDE_MINUS,1790476756.815899,69.46522355079651,1790476756.9727652,False,True,False,False,,False,,,SIDE_DISPATCH|RAW_SEED_ATTEMPT|PRE_TIMING_SEED|TIMED_SEED|SEED_ELIGIBILITY|PRE_LOS|POST_LOS|SOLVER_OK|FINAL_INPUT|JOINT_SEED|HANDOFF_REJECT,HANDOFF_REJECT,MISSED_FROZEN_ACTIVATION,,,0.0,0.0,0.0,-1790476687.350675,-1790476687.350675,-1790476687.350675,0,TIMED_SEED,1.36,1.36,,,True,69.62209010124207,72.036267,4.566631421521837,-1.900059->-0.643794,-1.9000587346533344,-1.6085326088755991,-0.6437941155900684,-2.103754941774273,-0.9535723514982384,0,-0.1348311849013763,-0.2585017997088694,70.24209010124238,70.24209010124238,,,,,1.06,1.06,1.06,0.0,1.550352407884786,1.7988147967363983,10.229683546096693,True,0.753550246742335,1.1880462124877942,,1.26,False,71.39209010124297,0.74,False
20260927_103759_1243248,u3e2,2,369,SIDE_MINUS,1790476756.947714,69.5970389842987,1790476757.1109698,False,True,False,False,,False,,,SIDE_DISPATCH|RAW_SEED_ATTEMPT|PRE_TIMING_SEED|TIMED_SEED|SEED_ELIGIBILITY|PRE_LOS|POST_LOS|SOLVER_OK|FINAL_INPUT|JOINT_SEED|HANDOFF_REJECT,HANDOFF_REJECT,MISSED_FROZEN_ACTIVATION,,,0.0,0.0,0.0,-1790476687.350675,-1790476687.350675,-1790476687.350675,0,TIMED_SEED,1.49,1.49,,,True,69.76029467582703,72.036267,4.822958012314869,-1.841215->-0.691470,-1.8412154577391608,-1.4871420335418288,-0.6914704325031117,-1.9755101214091573,-1.0067792533443205,0,-0.1181388583808142,-0.2598928617672233,70.24029467582727,70.24029467582727,,,,,1.19,1.19,1.19,0.0,1.5496948804453388,1.8977128600893172,11.816785267432572,True,0.8322684655200661,1.1343014411612249,71.39029467582786,1.2,False,71.32029467582782,0.72,False
20260927_103759_1243248,u3e2,2,372,SIDE_MINUS,1790476757.0574253,69.70675015449524,1790476757.2253168,False,True,False,False,,False,,,SIDE_DISPATCH|RAW_SEED_ATTEMPT|PRE_TIMING_SEED|TIMED_SEED|SEED_ELIGIBILITY|PRE_LOS|POST_LOS|SOLVER_OK|FINAL_INPUT|JOINT_SEED|HANDOFF_REJECT,HANDOFF_REJECT,MISSED_FROZEN_ACTIVATION,,,0.0,0.0,0.0,-1790476687.350675,-1790476687.350675,-1790476687.350675,0,TIMED_SEED,1.54,1.54,,,True,69.87464165687561,72.036267,4.668908596484902,-1.765965->-0.655959,-1.7659650960618962,-1.4242478898575723,-0.6559592676364079,-1.8578081467223144,-1.02209994095202,0,-0.1429864575602822,-0.2592270428722834,70.2446416568758,,,,,,1.2,1.2,1.2,0.0,1.5925006672509774,2.119761743058852,13.775259031200228,True,0.714715217085538,1.1092945162590264,71.35464165687637,1.17,False,71.28464165687633,0.87,False
20260927_103759_1243248,u3e2,2,375,SIDE_MINUS,1790476757.1672275,69.81655263900757,1790476757.339307,False,True,False,False,,False,,,SIDE_DISPATCH|RAW_SEED_ATTEMPT|PRE_TIMING_SEED|TIMED_SEED|SEED_ELIGIBILITY|SOLVER_FAILED|FINAL_INPUT|JOINT_SEED|HANDOFF_REJECT,HANDOFF_REJECT,MISSED_FROZEN_ACTIVATION,,,0.0,0.0,0.0,-1790476687.350675,-1790476687.350675,-1790476687.350675,1,TIMED_SEED,1.55,1.55,,,True,69.98863196372986,72.036267,4.491736322299158,-1.663491->-0.619159,-1.6634910786080448,-1.3829808167586348,-0.6191586363334217,-1.7059681661777162,-0.9759152792838436,0,-0.1610375071310513,-0.2598165088906761,70.23863196372999,,,,,,1.2,1.2,1.2,0.0,1.6352246133241046,2.5019598840255184,15.4112595565067,True,0.5817307276850769,1.0927245650301254,71.33863196373055,1.15,False,,1.55,False
20260927_103759_1243248,u3e2,2,378,SIDE_MINUS,1790476757.2908633,69.94018816947937,1790476757.4670131,False,True,False,False,,False,,,SIDE_DISPATCH|RAW_SEED_ATTEMPT|PRE_TIMING_SEED|TIMED_SEED|SEED_ELIGIBILITY|PRE_LOS|POST_LOS|SOLVER_OK|FINAL_INPUT|JOINT_SEED|PREFLIGHT_REJECT,PREFLIGHT_REJECT,DYNAMICS_FAIL,,,0.0,0.0,0.0,-1790476687.350675,-1790476687.350675,-1790476687.350675,0,TIMED_SEED,1.56,1.56,,,True,70.11633801460266,72.036267,4.577731990207856,-1.517452->-0.498190,-1.5174523986356652,-1.3616250316425014,-0.4981895432395776,-1.509283232040959,-0.8415938589252594,0,-0.2238026724330516,-0.2569079147811565,70.23633801460272,,,,,,1.2,1.2,1.2,0.0,1.6582764647439605,2.672801662672696,14.859210359349778,True,0.3961384023125072,1.083457535783099,71.3563380146033,1.17,False,,0.48,False
20260927_103759_1243248,u3e2,2,379,SIDE_PLUS,1790476757.2908633,69.94018816947937,1790476757.4670131,False,False,False,False,,False,,,SIDE_DISPATCH|RAW_SEED_ATTEMPT|PRE_TIMING_SEED|TIMED_SEED|SEED_ELIGIBILITY|PRE_LOS|POST_LOS|SOLVER_OK|FINAL_INPUT|JOINT_SEED|PREFLIGHT_REJECT,PREFLIGHT_REJECT,DYNAMICS_FAIL,,,0.0,0.0,0.0,-1790476687.350675,-1790476687.350675,-1790476687.350675,0,TIMED_SEED,1.54,1.54,,,True,70.11633801460266,72.036267,4.577731990207856,-1.517452->+0.981139,-1.5174523986356652,-1.360024829173013,0.9811391719949624,-1.509283232040959,0.739367333623086,1,-0.5053355380677915,-0.5053355380677915,70.23633801460272,70.73633801460298,,,,,1.18,1.18,1.18,0.0,1.7022103524685666,1.2059408402313985,8.225889053842122,True,0.155907671557367,1.0814723266946835,71.3563380146033,1.17,False,,1.18,False
20260927_103759_1243248,u3e2,2,381,SIDE_MINUS,1790476757.553428,70.20275282859802,1790476757.7237473,False,True,False,False,,False,,,SIDE_DISPATCH|RAW_SEED_ATTEMPT|PRE_TIMING_SEED|TIMED_SEED|SEED_ELIGIBILITY|PRE_LOS|POST_LOS|SOLVER_OK|FINAL_INPUT|JOINT_SEED|PREFLIGHT_REJECT,PREFLIGHT_REJECT,DYNAMICS_FAIL,,,0.0,0.0,0.0,-1790476687.350675,-1790476687.350675,-1790476687.350675,0,TIMED_SEED,1.36,1.36,,,True,70.37307214736938,72.036267,4.378899526177092,-1.154526->-0.188379,-1.154525554439959,-1.154525554439959,-0.1883786970323923,-1.0335845577255671,-0.4429458235420886,0,-0.3931537731045961,-0.3931537731045961,70.37307214736938,70.70307214736955,,,,,1.06,1.06,1.06,0.0,1.8813328360800472,3.1844776797836305,16.77683048343872,True,0.2726940990368349,1.0939658059422923,71.3830721473699,1.0,False,,0.6,False
20260927_103759_1243248,u3e2,2,382,SIDE_PLUS,1790476757.553428,70.20275282859802,1790476757.7237473,False,True,False,False,,False,,,SIDE_DISPATCH|RAW_SEED_ATTEMPT|PRE_TIMING_SEED|TIMED_SEED|SEED_ELIGIBILITY|PRE_LOS|POST_LOS|SOLVER_OK|FINAL_INPUT|JOINT_SEED|PREFLIGHT_REJECT,PREFLIGHT_REJECT,DYNAMICS_FAIL,,,0.0,0.0,0.0,-1790476687.350675,-1790476687.350675,-1790476687.350675,0,TIMED_SEED,1.33,1.33,,,True,70.37307214736938,72.036267,4.378899526177092,-1.154526->+1.188090,-1.154525554439959,-1.154525554439959,1.188089910485748,-1.0335845577255671,0.9944194254241396,1,-0.5092895152023835,-0.5092895152023835,70.37307214736938,70.68307214736954,71.71307214737007,71.71307214737007,,71.71307214737007,1.06,1.06,1.06,0.0,1.8999689746803623,1.466491991381331,9.496208426489927,True,0.2404282936866023,1.0939658059422923,71.3830721473699,1.0,False,,0.7000000000000001,False
20260927_103759_1243248,u3e2,2,384,SIDE_MINUS,1790476757.8480382,70.49736309051514,1790476758.01343,True,True,False,False,,False,,,SIDE_DISPATCH|RAW_SEED_ATTEMPT|PRE_TIMING_SEED|TIMED_SEED|SEED_ELIGIBILITY|SOLVER_FAILED|FINAL_INPUT|JOINT_SEED|COMPARATOR_LOSS,,,,OPPONENT_C3_HIGHER,1.0,0.0,3.770643544562152,70.6627550125122,71.54932403564453,72.6627550125122,1,TIMED_SEED,1.07,1.07,,,True,70.6627550125122,72.036267,4.053891197234544,-0.658545->+0.391702,-0.6585448146835848,-0.6585448146835848,0.3917022049054441,-0.640809358886085,-0.259119720412353,1,-0.509436574835481,-0.509436574835481,70.6627550125122,70.67275501251221,,,,,0.77,0.77,0.77,0.0,1.958851676467042,3.442488615729624,16.641337497205647,True,0.209929812759037,1.236601497860492,71.39275501251258,0.72,False,,1.07,False
20260927_103759_1243248,u3e2,2,385,SIDE_PLUS,1790476757.8480382,70.49736309051514,1790476758.01343,True,True,True,True,252.0,True,70.674754,70.907617,SIDE_DISPATCH|RAW_SEED_ATTEMPT|PRE_TIMING_SEED|TIMED_SEED|SEED_ELIGIBILITY|SOLVER_OK|FINAL_INPUT|JOINT_SEED|COMPARATOR_WIN|SELECTED|COMMITTED,,,,,1.0,0.125,2.5848820051405434,70.6627550125122,71.54932403564453,72.6627550125122,0,TIMED_SEED,0.8300000000000001,0.8300000000000001,,,True,70.6627550125122,72.036267,4.053891197234544,-0.658545->+1.402962,-0.6585448146835848,-0.6585448146835848,1.4029616683577344,-0.640809358886085,0.9780677757383354,1,-0.505766457161259,-0.505766457161259,70.6627550125122,70.67275501251221,71.50275501251264,71.50275501251264,71.50275501251264,71.50275501251264,0.77,0.77,0.77,0.0,1.958851676467042,1.5166930468127588,7.320836720405691,True,0.2038499141259814,1.236601497860492,71.39275501251258,0.72,False,71.39275501251258,0.72,False
20260927_103759_1243248,u3e2,2,387,SIDE_MINUS,1790476758.1124463,70.76177144050598,1790476758.273953,True,True,False,False,,False,,,SIDE_DISPATCH|RAW_SEED_ATTEMPT|PRE_TIMING_SEED|TIMED_SEED|SEED_ELIGIBILITY|SOLVER_FAILED|FINAL_INPUT|JOINT_SEED|COMPARATOR_LOSS,,,,OPPONENT_C3_HIGHER,1.0,0.0,1.856672273655246,70.92327785491943,71.54932427406311,72.92327785491943,1,TIMED_SEED,0.8200000000000001,0.8200000000000001,,,True,70.92327785491943,72.036267,3.697762007608056,-0.152498->+0.795899,-0.1524979824417233,-0.1524979824417233,0.7958993572678219,-0.1450028616005144,0.2449635810444983,1,-0.508797323689288,-0.508797323689288,,,,,,,0.52,0.52,0.52,0.0,1.8664670628081037,3.6133761281260393,17.376874768548277,True,0.2034436696915406,1.4486047974768317,71.41327785491968,0.49,False,,0.8200000000000001,False
20260927_103759_1243248,u3e2,2,388,SIDE_PLUS,1790476758.1124463,70.76177144050598,1790476758.273953,True,True,True,True,253.0,True,70.936273,71.47753,SIDE_DISPATCH|RAW_SEED_ATTEMPT|PRE_TIMING_SEED|TIMED_SEED|SEED_ELIGIBILITY|SOLVER_FAILED|FINAL_INPUT|JOINT_SEED|COMPARATOR_WIN|SELECTED|COMMITTED,,,,,1.0,0.1666666666666666,1.629718831149782,70.92327785491943,71.54932427406311,72.92327785491943,1,TIMED_SEED,0.49,0.49,71.41327785491968,71.41327785491968,True,70.92327785491943,72.036267,3.697762007608056,-0.152498->+1.667343,-0.1524979824417233,-0.1524979824417233,1.667342961558132,-0.1450028616005144,1.270113364060395,1,-0.5095445329929619,-0.5095445329929619,71.41327785491968,71.41327785491968,71.41327785491968,71.41327785491968,71.41327785491968,71.41327785491968,0.49,0.49,0.49,0.0,1.8664670628081037,1.3159294432795217,7.769288964071502,True,0.2034436696915406,1.4486047974768317,71.41327785491968,0.49,False,71.41327785491968,0.49,False
20260927_103759_1243248,u3e2,2,393,SIDE_MINUS,1790476758.6824734,71.33179831504822,1790476758.835421,True,True,False,False,,False,,,SIDE_DISPATCH|RAW_SEED_ATTEMPT|PRE_TIMING_SEED|TIMED_SEED|SEED_ELIGIBILITY|PRE_LOS|POST_LOS|SOLVER_OK|FINAL_INPUT|JOINT_SEED|COMPARATOR_LOSS,,,,K2_BASELINE_UNAVAILABLE,0.0,0.0,0.0,71.48474597930908,71.54932475090027,73.48474597930908,0,TIMED_SEED,0.0,0.0,,,True,71.48474597930908,72.036267,3.3459438650613778,+0.886725->+1.587291,0.886725411705599,0.886725411705599,1.587291378193732,0.2464125736550992,0.5101103259810553,0,0.070032144200647,0.070032144200647,71.48474597930908,71.48474597930908,71.48474597930908,71.48474597930908,71.48474597930908,71.48474597930908,0.0,0.0,0.0,0.0,1.3901101009267145,1.925727624330696,6.585526913486024,True,0.7016963524683395,1.880556850278476,,0.0,False,,0.0,False
20260927_103759_1243248,u3e2,2,394,SIDE_PLUS,1790476758.6824734,71.33179831504822,1790476758.835421,True,True,False,False,,False,,,SIDE_DISPATCH|RAW_SEED_ATTEMPT|PRE_TIMING_SEED|TIMED_SEED|SEED_ELIGIBILITY|SOLVER_OK|FINAL_INPUT|JOINT_SEED|COMPARATOR_LOSS,,,,K2_BASELINE_UNAVAILABLE,0.0,0.0,0.0,71.48474597930908,71.54932475090027,73.48474597930908,0,TIMED_SEED,0.0,0.0,,,True,71.48474597930908,72.036267,3.136293883218407,+0.886725->+1.674421,0.886725411705599,0.886725411705599,1.674420953625758,0.2464125736550992,0.6544920671586945,0,0.070032144200647,0.070032144200647,71.48474597930908,71.48474597930908,71.48474597930908,71.48474597930908,71.48474597930908,71.48474597930908,0.0,0.0,0.0,0.0,1.28003093292566,1.0137578573821378,3.5278436988549613,True,0.7016963524683395,1.880556850278476,,0.0,False,,0.0,False
20260927_103759_1243248,u3e3,2,387,SIDE_MINUS,1790476758.1124463,70.76177144050598,1790476758.273953,True,True,False,False,,False,,,SIDE_DISPATCH|RAW_SEED_ATTEMPT|PRE_TIMING_SEED|TIMED_SEED|SEED_ELIGIBILITY|SOLVER_FAILED|FINAL_INPUT|JOINT_SEED|COMPARATOR_LOSS,,,,OPPONENT_C3_HIGHER,1.0,0.0,1.856672273655246,70.92327785491943,71.54932427406311,72.92327785491943,1,TIMED_SEED,2.28,2.0,,,True,70.92327785491943,74.62103986252748,3.697762007608056,-1.787746->+1.545403,-1.7877462165579208,-1.6994373015558533,1.5454032947996856,-2.3653664593131203,0.4048175736106726,1,-0.3580176468690765,-0.508797323689288,73.24327785492062,73.24327785492062,73.24327785492062,73.24327785492062,,,0.7000000000000001,0.42,0.42,0.0,1.8664670628081037,3.6133761281260393,17.376874768548277,True,0.2034436696915406,1.4486047974768317,,1.93,False,,2.28,False
20260927_103759_1243248,u3e3,2,388,SIDE_PLUS,1790476758.1124463,70.76177144050598,1790476758.273953,True,True,True,True,253.0,True,70.936273,71.47753,SIDE_DISPATCH|RAW_SEED_ATTEMPT|PRE_TIMING_SEED|TIMED_SEED|SEED_ELIGIBILITY|SOLVER_FAILED|FINAL_INPUT|JOINT_SEED|COMPARATOR_WIN|SELECTED|COMMITTED,,,,,1.0,0.1666666666666666,1.629718831149782,70.92327785491943,71.54932427406311,72.92327785491943,1,TIMED_SEED,1.93,1.93,,,True,70.92327785491943,74.62103986252748,3.697762007608056,-1.787746->+1.545404,-1.7877462165579208,-0.4007979889986869,1.5454039546952478,-2.3653664593131203,0.4048185499197819,1,-0.356343990562157,-0.5095445329929619,74.44327785492123,74.44327785492123,,,,,0.86,0.86,0.86,0.0,1.8664670628081037,1.3159294432795217,7.769288964071502,True,0.2034436696915406,1.4486047974768317,,1.93,False,,1.93,False
20260927_103759_1243248,u3e3,2,393,SIDE_MINUS,1790476758.6824734,71.33179831504822,1790476758.835421,True,True,False,False,,False,,,SIDE_DISPATCH|RAW_SEED_ATTEMPT|PRE_TIMING_SEED|TIMED_SEED|SEED_ELIGIBILITY|PRE_LOS|POST_LOS|SOLVER_OK|FINAL_INPUT|JOINT_SEED|COMPARATOR_LOSS,,,,K2_BASELINE_UNAVAILABLE,0.0,0.0,0.0,71.48474597930908,71.54932475090027,73.48474597930908,0,TIMED_SEED,0.97,0.76,,,True,71.48474597930908,74.70227899999999,3.3459438650613778,-1.364708->+2.032660,-1.3647077490437989,-1.4524009085931917,2.032659720985716,-1.5074584971436185,-0.2024911619783126,1,-0.3582467147097899,-0.3582467147097899,73.24474597930998,73.24474597930998,73.24474597930998,73.24474597930998,,74.37474597931056,0.7000000000000001,0.49,0.49,0.0,1.3901101009267145,1.925727624330696,6.585526913486024,True,0.7016963524683395,1.880556850278476,,1.08,False,,1.07,False
20260927_103759_1243248,u3e3,2,394,SIDE_PLUS,1790476758.6824734,71.33179831504822,1790476758.835421,True,True,False,False,,False,,,SIDE_DISPATCH|RAW_SEED_ATTEMPT|PRE_TIMING_SEED|TIMED_SEED|SEED_ELIGIBILITY|SOLVER_OK|FINAL_INPUT|JOINT_SEED|COMPARATOR_LOSS,,,,K2_BASELINE_UNAVAILABLE,0.0,0.0,0.0,71.48474597930908,71.54932475090027,73.48474597930908,0,TIMED_SEED,1.26,1.26,,,True,71.48474597930908,74.62103986252748,3.136293883218407,-1.364708->+2.090714,-1.3647077490437989,-0.4300961773490978,2.090714293995635,-1.5074584971436185,-0.146681241287716,1,-0.3594508258565285,-0.3594508258565285,74.28474597931051,74.28474597931051,74.28474597931051,74.28474597931051,,74.28474597931051,0.86,0.86,0.86,0.0,1.28003093292566,1.0137578573821378,3.5278436988549613,True,0.6285554817507241,1.880556850278476,,1.08,False,,1.06,False
20260927_103759_1243248,u3e3,2,396,SIDE_MINUS,1790476758.940019,71.58934378623962,1790476759.0890307,True,True,False,False,,False,,,SIDE_DISPATCH|RAW_SEED_ATTEMPT|PRE_TIMING_SEED|TIMED_SEED|SEED_ELIGIBILITY|PRE_LOS|POST_LOS|SOLVER_OK|FINAL_INPUT|JOINT_SEED|COMPARATOR_LOSS,,,,OPPONENT_D3_LOWER,1.0,0.3333333333333333,0.832269610262744,73.04932355880737,73.58474588394165,73.73835563659668,0,TIMED_SEED,0.94,0.74,,,True,71.73835563659668,74.70227899999999,3.022470608661422,-1.232422->+2.103462,-1.2324224649967992,-1.3815571110851583,2.103462420566998,-1.3103225824917402,-0.0524204497155166,1,-0.3576248616844547,-0.3576248616844547,73.23835563659745,73.23835563659745,73.23835563659745,73.23835563659745,,74.34835563659801,0.7000000000000001,0.5,0.5,0.0,1.4425859188082275,2.1940376646140938,8.329137936029296,True,0.825589291995265,2.0169972403548337,,1.07,False,,1.06,False
20260927_103759_1243248,u3e3,2,397,SIDE_PLUS,1790476758.940019,71.58934378623962,1790476759.0890307,True,True,True,True,255.0,True,71.770117,72.004863,SIDE_DISPATCH|RAW_SEED_ATTEMPT|PRE_TIMING_SEED|TIMED_SEED|SEED_ELIGIBILITY|SOLVER_OK|FINAL_INPUT|JOINT_SEED|COMPARATOR_WIN|SELECTED|COMMITTED,,,,D3_LOWER,1.0,0.3333333333333333,0.8288369447368282,73.04932355880737,73.58474588394165,73.73835563659668,0,TIMED_SEED,1.58,1.58,,,True,71.73835563659668,74.70227899999999,3.022470608661422,-1.232422->+2.103615,-1.2324224649967992,0.0180166638681543,2.1036148579730387,-1.3103225824917402,-0.0517947895512171,1,-0.3580783788226214,-0.3580783788226214,74.28835563659798,74.28835563659798,74.28835563659798,74.28835563659798,,74.28835563659798,0.87,0.87,0.87,0.0,1.386116690034388,1.9020677533455828,8.5544917004965,True,0.4670304491968624,2.0169972403548337,,1.07,False,,1.07,False
20260927_103759_1243248,u3e3,2,399,SIDE_MINUS,1790476759.2276292,71.87695407867432,1790476759.3725982,True,True,True,True,256.0,True,72.036059,72.276188,SIDE_DISPATCH|RAW_SEED_ATTEMPT|PRE_TIMING_SEED|TIMED_SEED|SEED_ELIGIBILITY|PRE_LOS|POST_LOS|SOLVER_OK|FINAL_INPUT|JOINT_SEED|COMPARATOR_WIN|SELECTED|COMMITTED,,,,C3_HIGHER,1.0,0.375,1.488214042621098,73.04932355880737,73.83835554122925,74.02192306518555,0,TIMED_SEED,0.95,0.74,,,True,72.02192306518555,74.70227899999999,2.722573878629748,-1.114354->+2.126122,-1.1143541583721337,-1.307160202998619,2.126121812367317,-1.1233592688647438,-0.0570605676960101,1,-0.359595435647821,-0.359595435647821,73.24192306518617,73.24192306518617,73.24192306518617,73.24192306518617,,74.35192306518674,0.71,0.5,0.5,0.0,1.4833277394907236,2.5698095065691104,10.911248515642283,True,0.7703565283911984,2.1242460785387243,,1.07,False,,1.07,False
20260927_103759_1243248,u3e3,2,400,SIDE_PLUS,1790476759.2276292,71.87695407867432,1790476759.3725982,True,True,False,False,,False,,,SIDE_DISPATCH|RAW_SEED_ATTEMPT|PRE_TIMING_SEED|TIMED_SEED|SEED_ELIGIBILITY|SOLVER_FAILED|FINAL_INPUT|JOINT_SEED|COMPARATOR_WIN,,,,,1.0,0.0,2.682309095093602,73.04932355880737,73.83835554122925,74.02192306518555,1,TIMED_SEED,1.47,1.47,,,True,72.02192306518555,74.70227899999999,2.722573878629748,-1.114354->+2.126185,-1.1143541583721337,0.0397221015739697,2.126184640894204,-1.1233592688647438,-0.0567861113075067,1,-0.3593014275186609,-0.3593014275186609,74.2719230651867,74.2719230651867,74.2719230651867,74.2719230651867,,74.2719230651867,0.87,0.87,0.87,0.0,1.5042153946775232,2.484115562805268,12.169492342539916,True,0.5033340571410174,2.1242460785387243,,1.07,False,,1.47,False
20260927_103759_1243248,u3e3,2,402,SIDE_MINUS,1790476759.5045128,72.15383768081665,1790476759.6473165,True,True,True,True,257.0,True,72.305451,72.536313,SIDE_DISPATCH|RAW_SEED_ATTEMPT|PRE_TIMING_SEED|TIMED_SEED|SEED_ELIGIBILITY|PRE_LOS|POST_LOS|SOLVER_OK|FINAL_INPUT|JOINT_SEED|COMPARATOR_WIN|SELECTED|COMMITTED,,,,D3_LOWER,0.9090909090909092,0.1818181818181818,2.812941605487897,73.04932355880737,74.12192296981812,74.29664134979248,0,TIMED_SEED,0.93,0.73,,,True,72.29664134979248,74.70227899999999,2.469770495621631,-1.019423->+2.057035,-1.0194230879928363,-1.1627126581160734,2.057034685727724,-0.9766352454099456,0.0781930435991611,1,-0.3555729078471772,-0.3555729078471772,73.24664134979297,73.24664134979297,73.24664134979297,73.24664134979297,,74.33664134979352,0.7000000000000001,0.5,0.5,0.0,1.5830848929802206,3.0170210275965443,14.438753564766069,True,0.7128285834567216,2.191056021114931,,1.05,False,,1.05,False
20260927_103759_1243248,u3e3,2,403,SIDE_PLUS,1790476759.5045128,72.15383768081665,1790476759.6473165,True,True,False,False,,False,,,SIDE_DISPATCH|RAW_SEED_ATTEMPT|PRE_TIMING_SEED|TIMED_SEED|SEED_ELIGIBILITY|SOLVER_FAILED|FINAL_INPUT|JOINT_SEED|COMPARATOR_LOSS,,,,OPPONENT_C3_HIGHER,0.9090909090909092,0.0,2.59929856417376,73.04932355880737,74.12192296981812,74.29664134979248,1,TIMED_SEED,1.29,1.29,,,True,72.29664134979248,74.70227899999999,2.469770495621631,-1.019423->+2.057439,-1.0194230879928363,-0.0088600043716084,2.0574393192969485,-0.9766352454099456,0.079759643740222,1,-0.3564546261683635,-0.3564546261683635,74.20664134979346,74.20664134979346,74.20664134979346,74.20664134979346,,74.20664134979346,0.86,0.86,0.86,0.0,1.65493501420668,3.125424340904495,16.992772654862552,True,0.5468677876745852,2.191056021114931,,1.05,False,,1.29,False
20260927_103759_1243248,u3e3,2,405,SIDE_MINUS,1790476759.7614694,72.41079425811768,1790476759.901579,True,True,True,True,258.0,True,72.570106,72.803205,SIDE_DISPATCH|RAW_SEED_ATTEMPT|PRE_TIMING_SEED|TIMED_SEED|SEED_ELIGIBILITY|PRE_LOS|POST_LOS|SOLVER_OK|FINAL_INPUT|JOINT_SEED|COMPARATOR_WIN|SELECTED|COMMITTED,,,,D3_LOWER,0.8571428571428571,0.1428571428571428,3.0550598099735846,73.04932355880737,74.39664125442505,74.55090355873108,0,TIMED_SEED,0.94,0.74,,,True,72.55090355873108,74.70227899999999,2.2626117024519825,-0.937195->+1.997725,-0.9371951863718978,-0.989004846113308,1.997724775554396,-0.8677928144363568,0.1217118638943665,1,-0.3597969875181838,-0.3597969875181838,73.24090355873143,73.24090355873143,73.24090355873143,73.24090355873143,,74.350903558732,0.7000000000000001,0.5,0.5,0.0,1.6814983547317732,3.569653264803566,19.033072126559837,True,0.6865987426154974,2.2346283590526386,,1.04,False,,1.04,False
20260927_103759_1243248,u3e3,2,406,SIDE_PLUS,1790476759.7614694,72.41079425811768,1790476759.901579,True,True,False,False,,False,,,SIDE_DISPATCH|RAW_SEED_ATTEMPT|PRE_TIMING_SEED|TIMED_SEED|SEED_ELIGIBILITY|SOLVER_OK|FINAL_INPUT|JOINT_SEED|COMPARATOR_WIN,,,,D3_LOWER,0.8571428571428571,0.1428571428571428,3.069293271509552,73.04932355880737,74.39664125442505,74.55090355873108,0,TIMED_SEED,0.93,0.93,73.99090355873182,73.99090355873182,True,72.55090355873108,74.70227899999999,2.49452940195331,-0.937195->+1.820645,-0.9371951863718978,-0.2654158041327608,1.8206445179359776,-0.8677928144363568,0.089769089320944,1,-0.3576663372435375,-0.3576663372435375,73.99090355873182,73.99090355873182,73.99090355873182,73.99090355873182,73.99090355873182,73.99090355873182,0.75,0.75,0.75,0.0,1.5822134972980866,3.0890271514155048,15.611769083922251,True,0.6153224353342974,2.2346283590526386,,1.04,True,,1.04,True
20260927_103759_1243248,u3e3,2,408,SIDE_MINUS,1790476760.035645,72.68496990203857,1790476760.1756449,True,True,False,False,,False,,,SIDE_DISPATCH|RAW_SEED_ATTEMPT|PRE_TIMING_SEED|TIMED_SEED|SEED_ELIGIBILITY|SOLVER_FAILED|FINAL_INPUT|JOINT_SEED|COMPARATOR_LOSS,,,,,0.0,0.0,0.0,-1790476687.350675,-1790476687.350675,74.82496976852417,1,TIMED_SEED,1.13,1.13,,,True,72.82496976852417,74.70227899999999,3.5082421972984053,-0.832772->+1.751726,-0.8327718985395507,-0.6521097918236067,1.751725501228269,-0.7630408470910924,-0.7596833901067181,1,-0.3583144118914796,-0.3583144118914796,73.24496976852438,73.24496976852438,,,,,0.8300000000000001,0.8300000000000001,0.8300000000000001,0.0,1.4664698261377522,1.57397355839154,7.71277475140454,True,0.6855856383780302,2.2830540974886846,73.99496976852477,0.81,False,,1.13,False
20260927_103759_1243248,u3e3,2,409,SIDE_PLUS,1790476760.035645,72.68496990203857,1790476760.1756449,True,True,True,True,259.0,True,72.835517,73.107612,SIDE_DISPATCH|RAW_SEED_ATTEMPT|PRE_TIMING_SEED|TIMED_SEED|SEED_ELIGIBILITY|SOLVER_FAILED|FINAL_INPUT|JOINT_SEED|COMPARATOR_WIN|SELECTED|COMMITTED,,,,,0.0,0.0,0.0,-1790476687.350675,-1790476687.350675,74.82496976852417,1,TIMED_SEED,0.81,0.81,73.99496976852477,73.99496976852477,True,72.82496976852417,74.70227899999999,3.5082421972984053,-0.832772->+2.173513,-0.8327718985395507,-0.5309430951164924,2.173512947898548,-0.7630408470910924,0.9328806492253868,1,-0.3597950144880062,-0.3597950144880062,73.99496976852477,73.99496976852477,73.99496976852477,73.99496976852477,73.99496976852477,73.99496976852477,0.75,0.75,0.75,0.0,1.535582324232324,1.6647843641757951,7.924912252783482,True,0.6855856383780302,2.2830540974886846,73.99496976852477,0.81,False,73.99496976852477,0.81,False
20260927_103759_1243248,u3e3,2,411,SIDE_MINUS,1790476760.3152127,72.96453762054443,1790476760.4552126,True,True,False,False,,False,,,SIDE_DISPATCH|RAW_SEED_ATTEMPT|PRE_TIMING_SEED|TIMED_SEED|SEED_ELIGIBILITY|SOLVER_FAILED|FINAL_INPUT|JOINT_SEED|COMPARATOR_LOSS,,,,,0.0,0.0,0.0,-1790476687.350675,-1790476687.350675,75.10453748703003,1,TIMED_SEED,1.22,1.22,,,True,73.10453748703003,74.70227899999999,3.4517959623231,-0.663785->+1.719946,-0.6637851917212881,-0.5379229637941594,1.719945878000917,-0.6286732076724565,-0.8230088198192184,1,-0.3572816811440492,-0.3572816811440492,74.54453748703077,74.54453748703077,,,,,0.86,0.86,0.86,0.0,1.5067095695669228,2.396574539677468,18.65242192955843,True,0.7178298015367768,2.352352135389526,74.07453748703053,0.89,False,,1.22,False
20260927_103759_1243248,u3e3,2,412,SIDE_PLUS,1790476760.3152127,72.96453762054443,1790476760.4552126,True,True,True,True,260.0,True,73.135845,73.96807,SIDE_DISPATCH|RAW_SEED_ATTEMPT|PRE_TIMING_SEED|TIMED_SEED|SEED_ELIGIBILITY|SOLVER_FAILED|FINAL_INPUT|JOINT_SEED|COMPARATOR_WIN|SELECTED|COMMITTED,,,,,0.0,0.0,0.0,-1790476687.350675,-1790476687.350675,75.10453748703003,1,TIMED_SEED,0.89,0.89,74.07453748703053,74.07453748703053,True,73.10453748703003,74.70227899999999,3.4517959623231,-0.663785->+2.128727,-0.6637851917212881,-0.5325389039143593,2.1287266647587217,-0.6286732076724565,0.8604982722211316,1,-0.3545048105530894,-0.3545048105530894,74.07453748703053,74.07453748703053,74.07453748703053,74.07453748703053,74.07453748703053,74.07453748703053,0.8300000000000001,0.8300000000000001,0.8300000000000001,0.0,1.3032173329861203,1.5740289964584595,9.277570722790417,True,0.7178298015367768,2.352352135389526,74.07453748703053,0.89,False,74.07453748703053,0.89,False
20260927_103759_1243248,u3e3,2,453,SIDE_MINUS,1790476761.0068853,73.65621018409729,1790476761.1468852,False,True,False,False,,False,,,SIDE_DISPATCH|RAW_SEED_ATTEMPT|PRE_TIMING_SEED|TIMED_SEED|SEED_ELIGIBILITY|SOLVER_FAILED|FINAL_INPUT|JOINT_SEED|CERTIFICATE_REJECT,CERTIFICATE_REJECT,,,,0.0,0.0,0.0,-1790476687.350675,-1790476687.350675,-1790476687.350675,1,TIMED_SEED,0.29,0.29,74.08621005058303,74.08621005058303,True,73.79621005058289,74.70227899999999,3.216852389007353,+0.368189->+1.896846,0.3681887115348035,0.3681887115348035,1.8968464790359076,0.421579398943004,0.8672014384478255,0,-0.2051232057693632,-0.2051232057693632,74.08621005058303,74.08621005058303,74.08621005058303,74.08621005058303,74.08621005058303,74.08621005058303,0.29,0.29,0.29,0.0,1.5342142752206442,2.4870417232482827,12.38980277586967,True,1.0167328552875077,2.5640969945727776,74.07621005058303,0.28,False,74.08621005058303,0.29,False
20260927_103759_1243248,u3e3,2,454,SIDE_PLUS,1790476761.0068853,73.65621018409729,1790476761.1468852,False,True,False,False,,False,,,SIDE_DISPATCH|RAW_SEED_ATTEMPT|PRE_TIMING_SEED|TIMED_SEED|SEED_ELIGIBILITY|SOLVER_FAILED|FINAL_INPUT|JOINT_SEED|CERTIFICATE_REJECT,CERTIFICATE_REJECT,,,,0.0,0.0,0.0,-1790476687.350675,-1790476687.350675,-1790476687.350675,1,TIMED_SEED,0.28,0.28,74.07621005058303,74.07621005058303,True,73.79621005058289,74.70227899999999,2.760123398770244,+0.368189->+2.071564,0.3681887115348035,0.3681887115348035,2.071564020993096,0.421579398943004,1.4058599069795903,0,-0.2051232057693632,-0.2051232057693632,74.07621005058303,74.07621005058303,74.07621005058303,74.07621005058303,74.07621005058303,74.07621005058303,0.28,0.28,0.28,0.0,1.3794040390199702,1.4116515191516283,8.714326734600418,True,1.0167328552875077,2.5640969945727776,74.07621005058303,0.28,False,74.07621005058303,0.28,False
20260927_103759_1243248,u3e3,2,468,SIDE_MINUS,1790476761.1523488,73.80167365074158,1790476761.2923486,False,True,False,False,,False,,,SIDE_DISPATCH|RAW_SEED_ATTEMPT|PRE_TIMING_SEED|TIMED_SEED|SEED_ELIGIBILITY|SOLVER_FAILED|FINAL_INPUT|JOINT_SEED|CERTIFICATE_REJECT,CERTIFICATE_REJECT,,,,0.0,0.0,0.0,-1790476687.350675,-1790476687.350675,-1790476687.350675,1,TIMED_SEED,0.14,0.14,74.08167351722724,74.08167351722724,True,73.94167351722717,74.70227899999999,3.341569789504212,+0.727426->+1.967229,0.7274257599767698,0.7274257599767698,1.9672290722907655,0.7605194283573469,1.3061295861798006,0,-0.082335287750039,-0.082335287750039,74.08167351722724,74.08167351722724,74.08167351722724,74.08167351722724,74.08167351722724,74.08167351722724,0.14,0.14,0.14,0.0,1.5332926687641095,2.3205384348543743,10.662520105295489,True,1.136280710453402,2.6083302245045896,74.08167351722724,0.14,False,74.08167351722724,0.14,False
20260927_103759_1243248,u3e3,2,469,SIDE_PLUS,1790476761.1523488,73.80167365074158,1790476761.2923486,False,True,False,False,,False,,,SIDE_DISPATCH|RAW_SEED_ATTEMPT|PRE_TIMING_SEED|TIMED_SEED|SEED_ELIGIBILITY|SOLVER_FAILED|FINAL_INPUT|JOINT_SEED|CERTIFICATE_REJECT,CERTIFICATE_REJECT,,,,0.0,0.0,0.0,-1790476687.350675,-1790476687.350675,-1790476687.350675,1,TIMED_SEED,0.14,0.14,74.08167351722724,74.08167351722724,True,73.94167351722717,74.70227899999999,3.341569789504212,+0.727426->+2.251917,0.7274257599767698,0.7274257599767698,2.251916672802403,0.7605194283573469,1.757800913648946,0,-0.082335287750039,-0.082335287750039,74.08167351722724,74.08167351722724,74.08167351722724,74.08167351722724,74.08167351722724,74.08167351722724,0.14,0.14,0.14,0.0,1.4188126057681123,1.3494968756691643,5.449089692353661,True,1.136280710453402,2.6083302245045896,74.08167351722724,0.14,False,74.08167351722724,0.14,False
20260927_103759_1243248,u3e3,2,471,SIDE_MINUS,1790476761.177471,73.82679581642151,1790476761.3174708,True,True,False,False,,False,,,SIDE_DISPATCH|RAW_SEED_ATTEMPT|PRE_TIMING_SEED|TIMED_SEED|SEED_ELIGIBILITY|SOLVER_FAILED|FINAL_INPUT|JOINT_SEED|COMPARATOR_LOSS,,,,,0.0,0.0,0.0,-1790476687.350675,-1790476687.350675,75.9667956829071,1,TIMED_SEED,0.11,0.11,74.07679568290716,74.07679568290716,True,73.9667956829071,74.70227899999999,3.309517530957376,+0.788937->+1.972055,0.7889370364294537,0.7889370364294537,1.9720546190864872,0.8218049420416266,1.363790670628655,0,-0.063260545559968,-0.063260545559968,74.07679568290716,74.07679568290716,74.07679568290716,74.07679568290716,74.07679568290716,74.07679568290716,0.11,0.11,0.11,0.0,1.5433514171916791,2.345356866496488,10.80837929525422,True,1.1584169161704958,2.6159298035656886,74.07679568290716,0.11,False,74.07679568290716,0.11,False
20260927_103759_1243248,u3e3,2,472,SIDE_PLUS,1790476761.177471,73.82679581642151,1790476761.3174708,True,True,True,True,261.0,True,74.0037,74.202682,SIDE_DISPATCH|RAW_SEED_ATTEMPT|PRE_TIMING_SEED|TIMED_SEED|SEED_ELIGIBILITY|SOLVER_FAILED|FINAL_INPUT|JOINT_SEED|COMPARATOR_WIN|SELECTED|COMMITTED,,,,,0.0,0.0,0.0,-1790476687.350675,-1790476687.350675,75.9667956829071,1,TIMED_SEED,0.11,0.11,74.07679568290716,74.07679568290716,True,73.9667956829071,74.70227899999999,3.309517530957376,+0.788937->+2.249694,0.7889370364294537,0.7889370364294537,2.2496940877944165,0.8218049420416266,1.785605878292541,0,-0.063260545559968,-0.063260545559968,74.07679568290716,74.07679568290716,74.07679568290716,74.07679568290716,74.07679568290716,74.07679568290716,0.11,0.11,0.11,0.0,1.4278521342838415,1.384771470104566,5.6516367181863325,True,1.1584169161704958,2.6159298035656886,74.07679568290716,0.11,False,74.07679568290716,0.11,False
